=== training C4_seed0 for 400000 steps ===
    port 5400
--------------------------------------------------------------
[threshold consistency]
  success distance      = 0.030 m
  force at success      = 5.00 N
  comfort / danger      = 6.0 N / 10.0 N
  >>> OK: the success point lies inside the safe band.
--------------------------------------------------------------
Waiting for connections on port: 5401...
Connected successfully
Using cpu device
---------------------------------
| rollout/           |          |
|    ep_len_mean     | 200      |
|    ep_rew_mean     | -881     |
| time/              |          |
|    fps             | 80       |
|    iterations      | 1        |
|    time_elapsed    | 25       |
|    total_timesteps | 2048     |
---------------------------------
-----------------------------------------
| rollout/                |             |
|    ep_len_mean          | 200         |
|    ep_rew_mean          | -959        |
| time/                   |             |
|    fps                  | 78          |
|    iterations           | 2           |
|    time_elapsed         | 52          |
|    total_timesteps      | 4096        |
| train/                  |             |
|    approx_kl            | 0.014697142 |
|    clip_fraction        | 0.133       |
|    clip_range           | 0.2         |
|    entropy_loss         | -9.92       |
|    explained_variance   | -0.521      |
|    learning_rate        | 0.0003      |
|    loss                 | -0.0309     |
|    n_updates            | 10          |
|    policy_gradient_loss | -0.0241     |
|    std                  | 0.996       |
|    value_loss           | 0.369       |
-----------------------------------------
-----------------------------------------
| rollout/                |             |
|    ep_len_mean          | 200         |
|    ep_rew_mean          | -995        |
| time/                   |             |
|    fps                  | 76          |
|    iterations           | 3           |
|    time_elapsed         | 79          |
|    total_timesteps      | 6144        |
| train/                  |             |
|    approx_kl            | 0.014444016 |
|    clip_fraction        | 0.154       |
|    clip_range           | 0.2         |
|    entropy_loss         | -9.91       |
|    explained_variance   | 0.017       |
|    learning_rate        | 0.0003      |
|    loss                 | -0.000742   |
|    n_updates            | 20          |
|    policy_gradient_loss | -0.0267     |
|    std                  | 0.997       |
|    value_loss           | 0.04        |
-----------------------------------------
-----------------------------------------
| rollout/                |             |
|    ep_len_mean          | 200         |
|    ep_rew_mean          | -947        |
| time/                   |             |
|    fps                  | 76          |
|    iterations           | 4           |
|    time_elapsed         | 107         |
|    total_timesteps      | 8192        |
| train/                  |             |
|    approx_kl            | 0.014534801 |
|    clip_fraction        | 0.155       |
|    clip_range           | 0.2         |
|    entropy_loss         | -9.9        |
|    explained_variance   | 0.404       |
|    learning_rate        | 0.0003      |
|    loss                 | -0.00638    |
|    n_updates            | 30          |
|    policy_gradient_loss | -0.0251     |
|    std                  | 0.994       |
|    value_loss           | 0.0323      |
-----------------------------------------
-----------------------------------------
| rollout/                |             |
|    ep_len_mean          | 200         |
|    ep_rew_mean          | -894        |
| time/                   |             |
|    fps                  | 76          |
|    iterations           | 5           |
|    time_elapsed         | 134         |
|    total_timesteps      | 10240       |
| train/                  |             |
|    approx_kl            | 0.013120552 |
|    clip_fraction        | 0.151       |
|    clip_range           | 0.2         |
|    entropy_loss         | -9.91       |
|    explained_variance   | 0.416       |
|    learning_rate        | 0.0003      |
|    loss                 | -0.0279     |
|    n_updates            | 40          |
|    policy_gradient_loss | -0.0277     |
|    std                  | 0.999       |
|    value_loss           | 0.0245      |
-----------------------------------------
-----------------------------------------
| rollout/                |             |
|    ep_len_mean          | 200         |
|    ep_rew_mean          | -839        |
| time/                   |             |
|    fps                  | 76          |
|    iterations           | 6           |
|    time_elapsed         | 161         |
|    total_timesteps      | 12288       |
| train/                  |             |
|    approx_kl            | 0.014235385 |
|    clip_fraction        | 0.155       |
|    clip_range           | 0.2         |
|    entropy_loss         | -9.91       |
|    explained_variance   | 0.169       |
|    learning_rate        | 0.0003      |
|    loss                 | -0.00452    |
|    n_updates            | 50          |
|    policy_gradient_loss | -0.0279     |
|    std                  | 0.996       |
|    value_loss           | 0.0168      |
-----------------------------------------
-----------------------------------------
| rollout/                |             |
|    ep_len_mean          | 200         |
|    ep_rew_mean          | -785        |
| time/                   |             |
|    fps                  | 76          |
|    iterations           | 7           |
|    time_elapsed         | 188         |
|    total_timesteps      | 14336       |
| train/                  |             |
|    approx_kl            | 0.016635463 |
|    clip_fraction        | 0.179       |
|    clip_range           | 0.2         |
|    entropy_loss         | -9.86       |
|    explained_variance   | 0.261       |
|    learning_rate        | 0.0003      |
|    loss                 | -0.0544     |
|    n_updates            | 60          |
|    policy_gradient_loss | -0.0311     |
|    std                  | 0.987       |
|    value_loss           | 0.0143      |
-----------------------------------------
-----------------------------------------
| rollout/                |             |
|    ep_len_mean          | 200         |
|    ep_rew_mean          | -746        |
| time/                   |             |
|    fps                  | 76          |
|    iterations           | 8           |
|    time_elapsed         | 215         |
|    total_timesteps      | 16384       |
| train/                  |             |
|    approx_kl            | 0.014767433 |
|    clip_fraction        | 0.177       |
|    clip_range           | 0.2         |
|    entropy_loss         | -9.85       |
|    explained_variance   | -0.664      |
|    learning_rate        | 0.0003      |
|    loss                 | -0.0189     |
|    n_updates            | 70          |
|    policy_gradient_loss | -0.0317     |
|    std                  | 0.989       |
|    value_loss           | 0.00951     |
-----------------------------------------
-----------------------------------------
| rollout/                |             |
|    ep_len_mean          | 200         |
|    ep_rew_mean          | -701        |
| time/                   |             |
|    fps                  | 76          |
|    iterations           | 9           |
|    time_elapsed         | 242         |
|    total_timesteps      | 18432       |
| train/                  |             |
|    approx_kl            | 0.013719587 |
|    clip_fraction        | 0.154       |
|    clip_range           | 0.2         |
|    entropy_loss         | -9.85       |
|    explained_variance   | -0.668      |
|    learning_rate        | 0.0003      |
|    loss                 | -0.0354     |
|    n_updates            | 80          |
|    policy_gradient_loss | -0.0293     |
|    std                  | 0.988       |
|    value_loss           | 0.00801     |
-----------------------------------------
-----------------------------------------
| rollout/                |             |
|    ep_len_mean          | 200         |
|    ep_rew_mean          | -660        |
| time/                   |             |
|    fps                  | 75          |
|    iterations           | 10          |
|    time_elapsed         | 270         |
|    total_timesteps      | 20480       |
| train/                  |             |
|    approx_kl            | 0.017323976 |
|    clip_fraction        | 0.215       |
|    clip_range           | 0.2         |
|    entropy_loss         | -9.85       |
|    explained_variance   | -0.0333     |
|    learning_rate        | 0.0003      |
|    loss                 | -0.0303     |
|    n_updates            | 90          |
|    policy_gradient_loss | -0.0352     |
|    std                  | 0.989       |
|    value_loss           | 0.00638     |
-----------------------------------------
-----------------------------------------
| rollout/                |             |
|    ep_len_mean          | 200         |
|    ep_rew_mean          | -600        |
| time/                   |             |
|    fps                  | 75          |
|    iterations           | 11          |
|    time_elapsed         | 298         |
|    total_timesteps      | 22528       |
| train/                  |             |
|    approx_kl            | 0.014465133 |
|    clip_fraction        | 0.161       |
|    clip_range           | 0.2         |
|    entropy_loss         | -9.85       |
|    explained_variance   | 0.363       |
|    learning_rate        | 0.0003      |
|    loss                 | -0.0376     |
|    n_updates            | 100         |
|    policy_gradient_loss | -0.0277     |
|    std                  | 0.989       |
|    value_loss           | 0.00717     |
-----------------------------------------
-----------------------------------------
| rollout/                |             |
|    ep_len_mean          | 200         |
|    ep_rew_mean          | -544        |
| time/                   |             |
|    fps                  | 75          |
|    iterations           | 12          |
|    time_elapsed         | 327         |
|    total_timesteps      | 24576       |
| train/                  |             |
|    approx_kl            | 0.017574705 |
|    clip_fraction        | 0.201       |
|    clip_range           | 0.2         |
|    entropy_loss         | -9.86       |
|    explained_variance   | 0.337       |
|    learning_rate        | 0.0003      |
|    loss                 | -0.0451     |
|    n_updates            | 110         |
|    policy_gradient_loss | -0.0332     |
|    std                  | 0.99        |
|    value_loss           | 0.00466     |
-----------------------------------------
----------------------------------------
| rollout/                |            |
|    ep_len_mean          | 200        |
|    ep_rew_mean          | -461       |
| time/                   |            |
|    fps                  | 74         |
|    iterations           | 13         |
|    time_elapsed         | 355        |
|    total_timesteps      | 26624      |
| train/                  |            |
|    approx_kl            | 0.01605684 |
|    clip_fraction        | 0.167      |
|    clip_range           | 0.2        |
|    entropy_loss         | -9.85      |
|    explained_variance   | 0.246      |
|    learning_rate        | 0.0003     |
|    loss                 | -0.0425    |
|    n_updates            | 120        |
|    policy_gradient_loss | -0.0301    |
|    std                  | 0.989      |
|    value_loss           | 0.00387    |
----------------------------------------
-----------------------------------------
| rollout/                |             |
|    ep_len_mean          | 200         |
|    ep_rew_mean          | -408        |
| time/                   |             |
|    fps                  | 74          |
|    iterations           | 14          |
|    time_elapsed         | 384         |
|    total_timesteps      | 28672       |
| train/                  |             |
|    approx_kl            | 0.017275322 |
|    clip_fraction        | 0.206       |
|    clip_range           | 0.2         |
|    entropy_loss         | -9.82       |
|    explained_variance   | 0.29        |
|    learning_rate        | 0.0003      |
|    loss                 | -0.0213     |
|    n_updates            | 130         |
|    policy_gradient_loss | -0.036      |
|    std                  | 0.983       |
|    value_loss           | 0.00391     |
-----------------------------------------
------------------------------------------
| rollout/                |              |
|    ep_len_mean          | 200          |
|    ep_rew_mean          | -369         |
| time/                   |              |
|    fps                  | 74           |
|    iterations           | 15           |
|    time_elapsed         | 412          |
|    total_timesteps      | 30720        |
| train/                  |              |
|    approx_kl            | 0.0141933365 |
|    clip_fraction        | 0.169        |
|    clip_range           | 0.2          |
|    entropy_loss         | -9.8         |
|    explained_variance   | -0.0788      |
|    learning_rate        | 0.0003       |
|    loss                 | -0.0414      |
|    n_updates            | 140          |
|    policy_gradient_loss | -0.0294      |
|    std                  | 0.98         |
|    value_loss           | 0.00229      |
------------------------------------------
-----------------------------------------
| rollout/                |             |
|    ep_len_mean          | 200         |
|    ep_rew_mean          | -337        |
| time/                   |             |
|    fps                  | 74          |
|    iterations           | 16          |
|    time_elapsed         | 442         |
|    total_timesteps      | 32768       |
| train/                  |             |
|    approx_kl            | 0.017754216 |
|    clip_fraction        | 0.187       |
|    clip_range           | 0.2         |
|    entropy_loss         | -9.75       |
|    explained_variance   | 0.403       |
|    learning_rate        | 0.0003      |
|    loss                 | -0.00483    |
|    n_updates            | 150         |
|    policy_gradient_loss | -0.0305     |
|    std                  | 0.971       |
|    value_loss           | 0.00201     |
-----------------------------------------
-----------------------------------------
| rollout/                |             |
|    ep_len_mean          | 200         |
|    ep_rew_mean          | -308        |
| time/                   |             |
|    fps                  | 73          |
|    iterations           | 17          |
|    time_elapsed         | 470         |
|    total_timesteps      | 34816       |
| train/                  |             |
|    approx_kl            | 0.016595092 |
|    clip_fraction        | 0.187       |
|    clip_range           | 0.2         |
|    entropy_loss         | -9.7        |
|    explained_variance   | 0.385       |
|    learning_rate        | 0.0003      |
|    loss                 | -0.0613     |
|    n_updates            | 160         |
|    policy_gradient_loss | -0.0314     |
|    std                  | 0.965       |
|    value_loss           | 0.00247     |
-----------------------------------------
-----------------------------------------
| rollout/                |             |
|    ep_len_mean          | 200         |
|    ep_rew_mean          | -288        |
| time/                   |             |
|    fps                  | 73          |
|    iterations           | 18          |
|    time_elapsed         | 500         |
|    total_timesteps      | 36864       |
| train/                  |             |
|    approx_kl            | 0.015394743 |
|    clip_fraction        | 0.17        |
|    clip_range           | 0.2         |
|    entropy_loss         | -9.67       |
|    explained_variance   | 0.4         |
|    learning_rate        | 0.0003      |
|    loss                 | -0.0455     |
|    n_updates            | 170         |
|    policy_gradient_loss | -0.03       |
|    std                  | 0.962       |
|    value_loss           | 0.00118     |
-----------------------------------------
-----------------------------------------
| rollout/                |             |
|    ep_len_mean          | 200         |
|    ep_rew_mean          | -271        |
| time/                   |             |
|    fps                  | 73          |
|    iterations           | 19          |
|    time_elapsed         | 529         |
|    total_timesteps      | 38912       |
| train/                  |             |
|    approx_kl            | 0.014213986 |
|    clip_fraction        | 0.164       |
|    clip_range           | 0.2         |
|    entropy_loss         | -9.65       |
|    explained_variance   | 0.763       |
|    learning_rate        | 0.0003      |
|    loss                 | -0.0324     |
|    n_updates            | 180         |
|    policy_gradient_loss | -0.0302     |
|    std                  | 0.961       |
|    value_loss           | 0.00204     |
-----------------------------------------
-----------------------------------------
| rollout/                |             |
|    ep_len_mean          | 200         |
|    ep_rew_mean          | -250        |
| time/                   |             |
|    fps                  | 73          |
|    iterations           | 20          |
|    time_elapsed         | 559         |
|    total_timesteps      | 40960       |
| train/                  |             |
|    approx_kl            | 0.013406319 |
|    clip_fraction        | 0.158       |
|    clip_range           | 0.2         |
|    entropy_loss         | -9.63       |
|    explained_variance   | 0.774       |
|    learning_rate        | 0.0003      |
|    loss                 | -0.0518     |
|    n_updates            | 190         |
|    policy_gradient_loss | -0.0277     |
|    std                  | 0.958       |
|    value_loss           | 0.00218     |
-----------------------------------------
-----------------------------------------
| rollout/                |             |
|    ep_len_mean          | 200         |
|    ep_rew_mean          | -233        |
| time/                   |             |
|    fps                  | 73          |
|    iterations           | 21          |
|    time_elapsed         | 588         |
|    total_timesteps      | 43008       |
| train/                  |             |
|    approx_kl            | 0.016930375 |
|    clip_fraction        | 0.208       |
|    clip_range           | 0.2         |
|    entropy_loss         | -9.62       |
|    explained_variance   | 0.7         |
|    learning_rate        | 0.0003      |
|    loss                 | -0.0356     |
|    n_updates            | 200         |
|    policy_gradient_loss | -0.0308     |
|    std                  | 0.955       |
|    value_loss           | 0.00125     |
-----------------------------------------
-----------------------------------------
| rollout/                |             |
|    ep_len_mean          | 200         |
|    ep_rew_mean          | -222        |
| time/                   |             |
|    fps                  | 72          |
|    iterations           | 22          |
|    time_elapsed         | 617         |
|    total_timesteps      | 45056       |
| train/                  |             |
|    approx_kl            | 0.015713878 |
|    clip_fraction        | 0.181       |
|    clip_range           | 0.2         |
|    entropy_loss         | -9.63       |
|    explained_variance   | 0.688       |
|    learning_rate        | 0.0003      |
|    loss                 | -0.0448     |
|    n_updates            | 210         |
|    policy_gradient_loss | -0.0289     |
|    std                  | 0.96        |
|    value_loss           | 0.0015      |
-----------------------------------------
-----------------------------------------
| rollout/                |             |
|    ep_len_mean          | 200         |
|    ep_rew_mean          | -210        |
| time/                   |             |
|    fps                  | 72          |
|    iterations           | 23          |
|    time_elapsed         | 646         |
|    total_timesteps      | 47104       |
| train/                  |             |
|    approx_kl            | 0.015727535 |
|    clip_fraction        | 0.17        |
|    clip_range           | 0.2         |
|    entropy_loss         | -9.63       |
|    explained_variance   | 0.637       |
|    learning_rate        | 0.0003      |
|    loss                 | -0.0134     |
|    n_updates            | 220         |
|    policy_gradient_loss | -0.028      |
|    std                  | 0.956       |
|    value_loss           | 0.00192     |
-----------------------------------------
-----------------------------------------
| rollout/                |             |
|    ep_len_mean          | 200         |
|    ep_rew_mean          | -202        |
| time/                   |             |
|    fps                  | 72          |
|    iterations           | 24          |
|    time_elapsed         | 676         |
|    total_timesteps      | 49152       |
| train/                  |             |
|    approx_kl            | 0.016361782 |
|    clip_fraction        | 0.19        |
|    clip_range           | 0.2         |
|    entropy_loss         | -9.59       |
|    explained_variance   | 0.791       |
|    learning_rate        | 0.0003      |
|    loss                 | -0.0543     |
|    n_updates            | 230         |
|    policy_gradient_loss | -0.0309     |
|    std                  | 0.95        |
|    value_loss           | 0.00155     |
-----------------------------------------
-----------------------------------------
| rollout/                |             |
|    ep_len_mean          | 200         |
|    ep_rew_mean          | -195        |
| time/                   |             |
|    fps                  | 72          |
|    iterations           | 25          |
|    time_elapsed         | 705         |
|    total_timesteps      | 51200       |
| train/                  |             |
|    approx_kl            | 0.016938416 |
|    clip_fraction        | 0.194       |
|    clip_range           | 0.2         |
|    entropy_loss         | -9.54       |
|    explained_variance   | 0.778       |
|    learning_rate        | 0.0003      |
|    loss                 | -0.0273     |
|    n_updates            | 240         |
|    policy_gradient_loss | -0.0254     |
|    std                  | 0.945       |
|    value_loss           | 0.00151     |
-----------------------------------------
----------------------------------------
| rollout/                |            |
|    ep_len_mean          | 200        |
|    ep_rew_mean          | -187       |
| time/                   |            |
|    fps                  | 72         |
|    iterations           | 26         |
|    time_elapsed         | 734        |
|    total_timesteps      | 53248      |
| train/                  |            |
|    approx_kl            | 0.01609513 |
|    clip_fraction        | 0.184      |
|    clip_range           | 0.2        |
|    entropy_loss         | -9.5       |
|    explained_variance   | 0.745      |
|    learning_rate        | 0.0003     |
|    loss                 | -0.0559    |
|    n_updates            | 250        |
|    policy_gradient_loss | -0.0244    |
|    std                  | 0.938      |
|    value_loss           | 0.00137    |
----------------------------------------
-----------------------------------------
| rollout/                |             |
|    ep_len_mean          | 199         |
|    ep_rew_mean          | -180        |
| time/                   |             |
|    fps                  | 72          |
|    iterations           | 27          |
|    time_elapsed         | 763         |
|    total_timesteps      | 55296       |
| train/                  |             |
|    approx_kl            | 0.015957627 |
|    clip_fraction        | 0.186       |
|    clip_range           | 0.2         |
|    entropy_loss         | -9.45       |
|    explained_variance   | 0.0638      |
|    learning_rate        | 0.0003      |
|    loss                 | -0.0491     |
|    n_updates            | 260         |
|    policy_gradient_loss | -0.0281     |
|    std                  | 0.932       |
|    value_loss           | 0.00134     |
-----------------------------------------
-----------------------------------------
| rollout/                |             |
|    ep_len_mean          | 199         |
|    ep_rew_mean          | -173        |
| time/                   |             |
|    fps                  | 72          |
|    iterations           | 28          |
|    time_elapsed         | 793         |
|    total_timesteps      | 57344       |
| train/                  |             |
|    approx_kl            | 0.016305333 |
|    clip_fraction        | 0.188       |
|    clip_range           | 0.2         |
|    entropy_loss         | -9.41       |
|    explained_variance   | 0.587       |
|    learning_rate        | 0.0003      |
|    loss                 | -0.0259     |
|    n_updates            | 270         |
|    policy_gradient_loss | -0.0218     |
|    std                  | 0.926       |
|    value_loss           | 0.00246     |
-----------------------------------------
-----------------------------------------
| rollout/                |             |
|    ep_len_mean          | 198         |
|    ep_rew_mean          | -168        |
| time/                   |             |
|    fps                  | 72          |
|    iterations           | 29          |
|    time_elapsed         | 822         |
|    total_timesteps      | 59392       |
| train/                  |             |
|    approx_kl            | 0.016926354 |
|    clip_fraction        | 0.18        |
|    clip_range           | 0.2         |
|    entropy_loss         | -9.36       |
|    explained_variance   | 0.693       |
|    learning_rate        | 0.0003      |
|    loss                 | -0.0386     |
|    n_updates            | 280         |
|    policy_gradient_loss | -0.028      |
|    std                  | 0.918       |
|    value_loss           | 0.00277     |
-----------------------------------------
----------------------------------------
| rollout/                |            |
|    ep_len_mean          | 198        |
|    ep_rew_mean          | -163       |
| time/                   |            |
|    fps                  | 72         |
|    iterations           | 30         |
|    time_elapsed         | 851        |
|    total_timesteps      | 61440      |
| train/                  |            |
|    approx_kl            | 0.01426578 |
|    clip_fraction        | 0.183      |
|    clip_range           | 0.2        |
|    entropy_loss         | -9.31      |
|    explained_variance   | 0.556      |
|    learning_rate        | 0.0003     |
|    loss                 | -0.0154    |
|    n_updates            | 290        |
|    policy_gradient_loss | -0.0236    |
|    std                  | 0.914      |
|    value_loss           | 0.0034     |
----------------------------------------
-----------------------------------------
| rollout/                |             |
|    ep_len_mean          | 196         |
|    ep_rew_mean          | -155        |
| time/                   |             |
|    fps                  | 72          |
|    iterations           | 31          |
|    time_elapsed         | 881         |
|    total_timesteps      | 63488       |
| train/                  |             |
|    approx_kl            | 0.018410457 |
|    clip_fraction        | 0.187       |
|    clip_range           | 0.2         |
|    entropy_loss         | -9.29       |
|    explained_variance   | 0.516       |
|    learning_rate        | 0.0003      |
|    loss                 | -0.0272     |
|    n_updates            | 300         |
|    policy_gradient_loss | -0.0229     |
|    std                  | 0.912       |
|    value_loss           | 0.00671     |
-----------------------------------------
-----------------------------------------
| rollout/                |             |
|    ep_len_mean          | 193         |
|    ep_rew_mean          | -145        |
| time/                   |             |
|    fps                  | 71          |
|    iterations           | 32          |
|    time_elapsed         | 910         |
|    total_timesteps      | 65536       |
| train/                  |             |
|    approx_kl            | 0.016217388 |
|    clip_fraction        | 0.201       |
|    clip_range           | 0.2         |
|    entropy_loss         | -9.27       |
|    explained_variance   | 0.387       |
|    learning_rate        | 0.0003      |
|    loss                 | -0.0454     |
|    n_updates            | 310         |
|    policy_gradient_loss | -0.0262     |
|    std                  | 0.907       |
|    value_loss           | 0.00693     |
-----------------------------------------
-----------------------------------------
| rollout/                |             |
|    ep_len_mean          | 191         |
|    ep_rew_mean          | -140        |
| time/                   |             |
|    fps                  | 71          |
|    iterations           | 33          |
|    time_elapsed         | 940         |
|    total_timesteps      | 67584       |
| train/                  |             |
|    approx_kl            | 0.013843887 |
|    clip_fraction        | 0.145       |
|    clip_range           | 0.2         |
|    entropy_loss         | -9.21       |
|    explained_variance   | 0.359       |
|    learning_rate        | 0.0003      |
|    loss                 | -0.0223     |
|    n_updates            | 320         |
|    policy_gradient_loss | -0.0201     |
|    std                  | 0.899       |
|    value_loss           | 0.00983     |
-----------------------------------------
-----------------------------------------
| rollout/                |             |
|    ep_len_mean          | 186         |
|    ep_rew_mean          | -131        |
| time/                   |             |
|    fps                  | 71          |
|    iterations           | 34          |
|    time_elapsed         | 970         |
|    total_timesteps      | 69632       |
| train/                  |             |
|    approx_kl            | 0.014435066 |
|    clip_fraction        | 0.184       |
|    clip_range           | 0.2         |
|    entropy_loss         | -9.16       |
|    explained_variance   | 0.573       |
|    learning_rate        | 0.0003      |
|    loss                 | -0.0107     |
|    n_updates            | 330         |
|    policy_gradient_loss | -0.0216     |
|    std                  | 0.894       |
|    value_loss           | 0.00399     |
-----------------------------------------
-----------------------------------------
| rollout/                |             |
|    ep_len_mean          | 184         |
|    ep_rew_mean          | -129        |
| time/                   |             |
|    fps                  | 71          |
|    iterations           | 35          |
|    time_elapsed         | 999         |
|    total_timesteps      | 71680       |
| train/                  |             |
|    approx_kl            | 0.018094476 |
|    clip_fraction        | 0.209       |
|    clip_range           | 0.2         |
|    entropy_loss         | -9.11       |
|    explained_variance   | 0.696       |
|    learning_rate        | 0.0003      |
|    loss                 | -0.0257     |
|    n_updates            | 340         |
|    policy_gradient_loss | -0.027      |
|    std                  | 0.887       |
|    value_loss           | 0.00575     |
-----------------------------------------
-----------------------------------------
| rollout/                |             |
|    ep_len_mean          | 178         |
|    ep_rew_mean          | -119        |
| time/                   |             |
|    fps                  | 71          |
|    iterations           | 36          |
|    time_elapsed         | 1029        |
|    total_timesteps      | 73728       |
| train/                  |             |
|    approx_kl            | 0.017064799 |
|    clip_fraction        | 0.215       |
|    clip_range           | 0.2         |
|    entropy_loss         | -9.09       |
|    explained_variance   | 0.768       |
|    learning_rate        | 0.0003      |
|    loss                 | -0.043      |
|    n_updates            | 350         |
|    policy_gradient_loss | -0.0268     |
|    std                  | 0.888       |
|    value_loss           | 0.00461     |
-----------------------------------------
-----------------------------------------
| rollout/                |             |
|    ep_len_mean          | 175         |
|    ep_rew_mean          | -114        |
| time/                   |             |
|    fps                  | 71          |
|    iterations           | 37          |
|    time_elapsed         | 1059        |
|    total_timesteps      | 75776       |
| train/                  |             |
|    approx_kl            | 0.015758745 |
|    clip_fraction        | 0.175       |
|    clip_range           | 0.2         |
|    entropy_loss         | -9.06       |
|    explained_variance   | 0.64        |
|    learning_rate        | 0.0003      |
|    loss                 | -0.0267     |
|    n_updates            | 360         |
|    policy_gradient_loss | -0.0231     |
|    std                  | 0.88        |
|    value_loss           | 0.012       |
-----------------------------------------
-----------------------------------------
| rollout/                |             |
|    ep_len_mean          | 170         |
|    ep_rew_mean          | -107        |
| time/                   |             |
|    fps                  | 71          |
|    iterations           | 38          |
|    time_elapsed         | 1089        |
|    total_timesteps      | 77824       |
| train/                  |             |
|    approx_kl            | 0.019489313 |
|    clip_fraction        | 0.213       |
|    clip_range           | 0.2         |
|    entropy_loss         | -9          |
|    explained_variance   | 0.634       |
|    learning_rate        | 0.0003      |
|    loss                 | -0.00134    |
|    n_updates            | 370         |
|    policy_gradient_loss | -0.0287     |
|    std                  | 0.873       |
|    value_loss           | 0.00828     |
-----------------------------------------
-----------------------------------------
| rollout/                |             |
|    ep_len_mean          | 159         |
|    ep_rew_mean          | -95.9       |
| time/                   |             |
|    fps                  | 71          |
|    iterations           | 39          |
|    time_elapsed         | 1119        |
|    total_timesteps      | 79872       |
| train/                  |             |
|    approx_kl            | 0.016240062 |
|    clip_fraction        | 0.186       |
|    clip_range           | 0.2         |
|    entropy_loss         | -8.97       |
|    explained_variance   | 0.606       |
|    learning_rate        | 0.0003      |
|    loss                 | -0.0183     |
|    n_updates            | 380         |
|    policy_gradient_loss | -0.0235     |
|    std                  | 0.871       |
|    value_loss           | 0.00885     |
-----------------------------------------
-----------------------------------------
| rollout/                |             |
|    ep_len_mean          | 159         |
|    ep_rew_mean          | -97.7       |
| time/                   |             |
|    fps                  | 71          |
|    iterations           | 40          |
|    time_elapsed         | 1149        |
|    total_timesteps      | 81920       |
| train/                  |             |
|    approx_kl            | 0.016143978 |
|    clip_fraction        | 0.19        |
|    clip_range           | 0.2         |
|    entropy_loss         | -8.97       |
|    explained_variance   | 0.709       |
|    learning_rate        | 0.0003      |
|    loss                 | 0.0324      |
|    n_updates            | 390         |
|    policy_gradient_loss | -0.0237     |
|    std                  | 0.871       |
|    value_loss           | 0.0144      |
-----------------------------------------
-----------------------------------------
| rollout/                |             |
|    ep_len_mean          | 155         |
|    ep_rew_mean          | -92.6       |
| time/                   |             |
|    fps                  | 71          |
|    iterations           | 41          |
|    time_elapsed         | 1179        |
|    total_timesteps      | 83968       |
| train/                  |             |
|    approx_kl            | 0.017472597 |
|    clip_fraction        | 0.193       |
|    clip_range           | 0.2         |
|    entropy_loss         | -8.96       |
|    explained_variance   | 0.723       |
|    learning_rate        | 0.0003      |
|    loss                 | -0.0597     |
|    n_updates            | 400         |
|    policy_gradient_loss | -0.0244     |
|    std                  | 0.87        |
|    value_loss           | 0.0108      |
-----------------------------------------
-----------------------------------------
| rollout/                |             |
|    ep_len_mean          | 151         |
|    ep_rew_mean          | -86         |
| time/                   |             |
|    fps                  | 71          |
|    iterations           | 42          |
|    time_elapsed         | 1209        |
|    total_timesteps      | 86016       |
| train/                  |             |
|    approx_kl            | 0.014474632 |
|    clip_fraction        | 0.163       |
|    clip_range           | 0.2         |
|    entropy_loss         | -8.95       |
|    explained_variance   | 0.783       |
|    learning_rate        | 0.0003      |
|    loss                 | -0.0387     |
|    n_updates            | 410         |
|    policy_gradient_loss | -0.0217     |
|    std                  | 0.868       |
|    value_loss           | 0.00844     |
-----------------------------------------
-----------------------------------------
| rollout/                |             |
|    ep_len_mean          | 147         |
|    ep_rew_mean          | -85         |
| time/                   |             |
|    fps                  | 71          |
|    iterations           | 43          |
|    time_elapsed         | 1239        |
|    total_timesteps      | 88064       |
| train/                  |             |
|    approx_kl            | 0.015031222 |
|    clip_fraction        | 0.181       |
|    clip_range           | 0.2         |
|    entropy_loss         | -8.91       |
|    explained_variance   | 0.481       |
|    learning_rate        | 0.0003      |
|    loss                 | -0.0178     |
|    n_updates            | 420         |
|    policy_gradient_loss | -0.023      |
|    std                  | 0.863       |
|    value_loss           | 0.0107      |
-----------------------------------------
-----------------------------------------
| rollout/                |             |
|    ep_len_mean          | 146         |
|    ep_rew_mean          | -79.6       |
| time/                   |             |
|    fps                  | 70          |
|    iterations           | 44          |
|    time_elapsed         | 1269        |
|    total_timesteps      | 90112       |
| train/                  |             |
|    approx_kl            | 0.016530719 |
|    clip_fraction        | 0.224       |
|    clip_range           | 0.2         |
|    entropy_loss         | -8.85       |
|    explained_variance   | 0.767       |
|    learning_rate        | 0.0003      |
|    loss                 | -0.0426     |
|    n_updates            | 430         |
|    policy_gradient_loss | -0.0271     |
|    std                  | 0.853       |
|    value_loss           | 0.0117      |
-----------------------------------------
----------------------------------------
| rollout/                |            |
|    ep_len_mean          | 140        |
|    ep_rew_mean          | -76        |
| time/                   |            |
|    fps                  | 70         |
|    iterations           | 45         |
|    time_elapsed         | 1299       |
|    total_timesteps      | 92160      |
| train/                  |            |
|    approx_kl            | 0.01570889 |
|    clip_fraction        | 0.21       |
|    clip_range           | 0.2        |
|    entropy_loss         | -8.8       |
|    explained_variance   | 0.733      |
|    learning_rate        | 0.0003     |
|    loss                 | -0.0134    |
|    n_updates            | 440        |
|    policy_gradient_loss | -0.0265    |
|    std                  | 0.85       |
|    value_loss           | 0.00507    |
----------------------------------------
-----------------------------------------
| rollout/                |             |
|    ep_len_mean          | 142         |
|    ep_rew_mean          | -74.1       |
| time/                   |             |
|    fps                  | 70          |
|    iterations           | 46          |
|    time_elapsed         | 1329        |
|    total_timesteps      | 94208       |
| train/                  |             |
|    approx_kl            | 0.014155453 |
|    clip_fraction        | 0.158       |
|    clip_range           | 0.2         |
|    entropy_loss         | -8.79       |
|    explained_variance   | 0.678       |
|    learning_rate        | 0.0003      |
|    loss                 | -0.0524     |
|    n_updates            | 450         |
|    policy_gradient_loss | -0.0248     |
|    std                  | 0.851       |
|    value_loss           | 0.01        |
-----------------------------------------
-----------------------------------------
| rollout/                |             |
|    ep_len_mean          | 136         |
|    ep_rew_mean          | -67.2       |
| time/                   |             |
|    fps                  | 70          |
|    iterations           | 47          |
|    time_elapsed         | 1359        |
|    total_timesteps      | 96256       |
| train/                  |             |
|    approx_kl            | 0.015792472 |
|    clip_fraction        | 0.2         |
|    clip_range           | 0.2         |
|    entropy_loss         | -8.79       |
|    explained_variance   | 0.667       |
|    learning_rate        | 0.0003      |
|    loss                 | -0.0657     |
|    n_updates            | 460         |
|    policy_gradient_loss | -0.0279     |
|    std                  | 0.849       |
|    value_loss           | 0.0079      |
-----------------------------------------
-----------------------------------------
| rollout/                |             |
|    ep_len_mean          | 133         |
|    ep_rew_mean          | -67.2       |
| time/                   |             |
|    fps                  | 70          |
|    iterations           | 48          |
|    time_elapsed         | 1390        |
|    total_timesteps      | 98304       |
| train/                  |             |
|    approx_kl            | 0.015842974 |
|    clip_fraction        | 0.196       |
|    clip_range           | 0.2         |
|    entropy_loss         | -8.76       |
|    explained_variance   | 0.802       |
|    learning_rate        | 0.0003      |
|    loss                 | -0.00244    |
|    n_updates            | 470         |
|    policy_gradient_loss | -0.0264     |
|    std                  | 0.844       |
|    value_loss           | 0.0115      |
-----------------------------------------
-----------------------------------------
| rollout/                |             |
|    ep_len_mean          | 137         |
|    ep_rew_mean          | -68.6       |
| time/                   |             |
|    fps                  | 70          |
|    iterations           | 49          |
|    time_elapsed         | 1420        |
|    total_timesteps      | 100352      |
| train/                  |             |
|    approx_kl            | 0.014582977 |
|    clip_fraction        | 0.19        |
|    clip_range           | 0.2         |
|    entropy_loss         | -8.72       |
|    explained_variance   | 0.717       |
|    learning_rate        | 0.0003      |
|    loss                 | -0.0186     |
|    n_updates            | 480         |
|    policy_gradient_loss | -0.0244     |
|    std                  | 0.84        |
|    value_loss           | 0.0124      |
-----------------------------------------
-----------------------------------------
| rollout/                |             |
|    ep_len_mean          | 128         |
|    ep_rew_mean          | -60.3       |
| time/                   |             |
|    fps                  | 70          |
|    iterations           | 50          |
|    time_elapsed         | 1450        |
|    total_timesteps      | 102400      |
| train/                  |             |
|    approx_kl            | 0.015275466 |
|    clip_fraction        | 0.185       |
|    clip_range           | 0.2         |
|    entropy_loss         | -8.7        |
|    explained_variance   | 0.568       |
|    learning_rate        | 0.0003      |
|    loss                 | -0.0131     |
|    n_updates            | 490         |
|    policy_gradient_loss | -0.0254     |
|    std                  | 0.838       |
|    value_loss           | 0.00791     |
-----------------------------------------
------------------------------------------
| rollout/                |              |
|    ep_len_mean          | 126          |
|    ep_rew_mean          | -58.9        |
| time/                   |              |
|    fps                  | 70           |
|    iterations           | 51           |
|    time_elapsed         | 1480         |
|    total_timesteps      | 104448       |
| train/                  |              |
|    approx_kl            | 0.0148355905 |
|    clip_fraction        | 0.187        |
|    clip_range           | 0.2          |
|    entropy_loss         | -8.67        |
|    explained_variance   | 0.658        |
|    learning_rate        | 0.0003       |
|    loss                 | -0.00845     |
|    n_updates            | 500          |
|    policy_gradient_loss | -0.0239      |
|    std                  | 0.833        |
|    value_loss           | 0.0099       |
------------------------------------------
-----------------------------------------
| rollout/                |             |
|    ep_len_mean          | 128         |
|    ep_rew_mean          | -59.2       |
| time/                   |             |
|    fps                  | 70          |
|    iterations           | 52          |
|    time_elapsed         | 1510        |
|    total_timesteps      | 106496      |
| train/                  |             |
|    approx_kl            | 0.014805202 |
|    clip_fraction        | 0.187       |
|    clip_range           | 0.2         |
|    entropy_loss         | -8.61       |
|    explained_variance   | 0.577       |
|    learning_rate        | 0.0003      |
|    loss                 | -0.0558     |
|    n_updates            | 510         |
|    policy_gradient_loss | -0.0261     |
|    std                  | 0.826       |
|    value_loss           | 0.00996     |
-----------------------------------------
-----------------------------------------
| rollout/                |             |
|    ep_len_mean          | 123         |
|    ep_rew_mean          | -53.5       |
| time/                   |             |
|    fps                  | 70          |
|    iterations           | 53          |
|    time_elapsed         | 1541        |
|    total_timesteps      | 108544      |
| train/                  |             |
|    approx_kl            | 0.020774815 |
|    clip_fraction        | 0.211       |
|    clip_range           | 0.2         |
|    entropy_loss         | -8.56       |
|    explained_variance   | 0.376       |
|    learning_rate        | 0.0003      |
|    loss                 | -0.0277     |
|    n_updates            | 520         |
|    policy_gradient_loss | -0.0241     |
|    std                  | 0.819       |
|    value_loss           | 0.00845     |
-----------------------------------------
-----------------------------------------
| rollout/                |             |
|    ep_len_mean          | 126         |
|    ep_rew_mean          | -52.1       |
| time/                   |             |
|    fps                  | 70          |
|    iterations           | 54          |
|    time_elapsed         | 1571        |
|    total_timesteps      | 110592      |
| train/                  |             |
|    approx_kl            | 0.016629752 |
|    clip_fraction        | 0.208       |
|    clip_range           | 0.2         |
|    entropy_loss         | -8.49       |
|    explained_variance   | 0.537       |
|    learning_rate        | 0.0003      |
|    loss                 | -0.0532     |
|    n_updates            | 530         |
|    policy_gradient_loss | -0.0297     |
|    std                  | 0.811       |
|    value_loss           | 0.00865     |
-----------------------------------------
----------------------------------------
| rollout/                |            |
|    ep_len_mean          | 114        |
|    ep_rew_mean          | -44.3      |
| time/                   |            |
|    fps                  | 70         |
|    iterations           | 55         |
|    time_elapsed         | 1602       |
|    total_timesteps      | 112640     |
| train/                  |            |
|    approx_kl            | 0.01758904 |
|    clip_fraction        | 0.206      |
|    clip_range           | 0.2        |
|    entropy_loss         | -8.4       |
|    explained_variance   | 0.499      |
|    learning_rate        | 0.0003     |
|    loss                 | -0.0486    |
|    n_updates            | 540        |
|    policy_gradient_loss | -0.0311    |
|    std                  | 0.799      |
|    value_loss           | 0.00692    |
----------------------------------------
-----------------------------------------
| rollout/                |             |
|    ep_len_mean          | 121         |
|    ep_rew_mean          | -46.2       |
| time/                   |             |
|    fps                  | 70          |
|    iterations           | 56          |
|    time_elapsed         | 1632        |
|    total_timesteps      | 114688      |
| train/                  |             |
|    approx_kl            | 0.015841013 |
|    clip_fraction        | 0.189       |
|    clip_range           | 0.2         |
|    entropy_loss         | -8.32       |
|    explained_variance   | 0.465       |
|    learning_rate        | 0.0003      |
|    loss                 | 0.00275     |
|    n_updates            | 550         |
|    policy_gradient_loss | -0.0255     |
|    std                  | 0.792       |
|    value_loss           | 0.011       |
-----------------------------------------
-----------------------------------------
| rollout/                |             |
|    ep_len_mean          | 117         |
|    ep_rew_mean          | -43.4       |
| time/                   |             |
|    fps                  | 70          |
|    iterations           | 57          |
|    time_elapsed         | 1663        |
|    total_timesteps      | 116736      |
| train/                  |             |
|    approx_kl            | 0.015461788 |
|    clip_fraction        | 0.194       |
|    clip_range           | 0.2         |
|    entropy_loss         | -8.26       |
|    explained_variance   | 0.492       |
|    learning_rate        | 0.0003      |
|    loss                 | -0.0543     |
|    n_updates            | 560         |
|    policy_gradient_loss | -0.0245     |
|    std                  | 0.786       |
|    value_loss           | 0.00558     |
-----------------------------------------
------------------------------------------
| rollout/                |              |
|    ep_len_mean          | 114          |
|    ep_rew_mean          | -42.1        |
| time/                   |              |
|    fps                  | 70           |
|    iterations           | 58           |
|    time_elapsed         | 1693         |
|    total_timesteps      | 118784       |
| train/                  |              |
|    approx_kl            | 0.0147187635 |
|    clip_fraction        | 0.178        |
|    clip_range           | 0.2          |
|    entropy_loss         | -8.2         |
|    explained_variance   | 0.515        |
|    learning_rate        | 0.0003       |
|    loss                 | -0.035       |
|    n_updates            | 570          |
|    policy_gradient_loss | -0.0249      |
|    std                  | 0.779        |
|    value_loss           | 0.00925      |
------------------------------------------
-----------------------------------------
| rollout/                |             |
|    ep_len_mean          | 121         |
|    ep_rew_mean          | -42.5       |
| time/                   |             |
|    fps                  | 70          |
|    iterations           | 59          |
|    time_elapsed         | 1723        |
|    total_timesteps      | 120832      |
| train/                  |             |
|    approx_kl            | 0.015745543 |
|    clip_fraction        | 0.201       |
|    clip_range           | 0.2         |
|    entropy_loss         | -8.16       |
|    explained_variance   | 0.548       |
|    learning_rate        | 0.0003      |
|    loss                 | -0.037      |
|    n_updates            | 580         |
|    policy_gradient_loss | -0.0251     |
|    std                  | 0.776       |
|    value_loss           | 0.00706     |
-----------------------------------------
------------------------------------------
| rollout/                |              |
|    ep_len_mean          | 118          |
|    ep_rew_mean          | -41.1        |
| time/                   |              |
|    fps                  | 70           |
|    iterations           | 60           |
|    time_elapsed         | 1753         |
|    total_timesteps      | 122880       |
| train/                  |              |
|    approx_kl            | 0.0135171525 |
|    clip_fraction        | 0.161        |
|    clip_range           | 0.2          |
|    entropy_loss         | -8.15        |
|    explained_variance   | 0.588        |
|    learning_rate        | 0.0003       |
|    loss                 | -0.0137      |
|    n_updates            | 590          |
|    policy_gradient_loss | -0.0211      |
|    std                  | 0.776        |
|    value_loss           | 0.00342      |
------------------------------------------
-----------------------------------------
| rollout/                |             |
|    ep_len_mean          | 114         |
|    ep_rew_mean          | -39.6       |
| time/                   |             |
|    fps                  | 70          |
|    iterations           | 61          |
|    time_elapsed         | 1784        |
|    total_timesteps      | 124928      |
| train/                  |             |
|    approx_kl            | 0.017776595 |
|    clip_fraction        | 0.208       |
|    clip_range           | 0.2         |
|    entropy_loss         | -8.13       |
|    explained_variance   | 0.402       |
|    learning_rate        | 0.0003      |
|    loss                 | -0.0358     |
|    n_updates            | 600         |
|    policy_gradient_loss | -0.0275     |
|    std                  | 0.772       |
|    value_loss           | 0.00807     |
-----------------------------------------
----------------------------------------
| rollout/                |            |
|    ep_len_mean          | 112        |
|    ep_rew_mean          | -38.4      |
| time/                   |            |
|    fps                  | 69         |
|    iterations           | 62         |
|    time_elapsed         | 1814       |
|    total_timesteps      | 126976     |
| train/                  |            |
|    approx_kl            | 0.01796608 |
|    clip_fraction        | 0.206      |
|    clip_range           | 0.2        |
|    entropy_loss         | -8.07      |
|    explained_variance   | 0.539      |
|    learning_rate        | 0.0003     |
|    loss                 | -0.0374    |
|    n_updates            | 610        |
|    policy_gradient_loss | -0.027     |
|    std                  | 0.764      |
|    value_loss           | 0.00722    |
----------------------------------------
-----------------------------------------
| rollout/                |             |
|    ep_len_mean          | 112         |
|    ep_rew_mean          | -38.3       |
| time/                   |             |
|    fps                  | 69          |
|    iterations           | 63          |
|    time_elapsed         | 1845        |
|    total_timesteps      | 129024      |
| train/                  |             |
|    approx_kl            | 0.018842444 |
|    clip_fraction        | 0.217       |
|    clip_range           | 0.2         |
|    entropy_loss         | -7.98       |
|    explained_variance   | 0.539       |
|    learning_rate        | 0.0003      |
|    loss                 | -0.0425     |
|    n_updates            | 620         |
|    policy_gradient_loss | -0.0264     |
|    std                  | 0.754       |
|    value_loss           | 0.00724     |
-----------------------------------------
-----------------------------------------
| rollout/                |             |
|    ep_len_mean          | 102         |
|    ep_rew_mean          | -34         |
| time/                   |             |
|    fps                  | 69          |
|    iterations           | 64          |
|    time_elapsed         | 1875        |
|    total_timesteps      | 131072      |
| train/                  |             |
|    approx_kl            | 0.015254318 |
|    clip_fraction        | 0.158       |
|    clip_range           | 0.2         |
|    entropy_loss         | -7.92       |
|    explained_variance   | 0.345       |
|    learning_rate        | 0.0003      |
|    loss                 | -0.00946    |
|    n_updates            | 630         |
|    policy_gradient_loss | -0.0226     |
|    std                  | 0.749       |
|    value_loss           | 0.00678     |
-----------------------------------------
-----------------------------------------
| rollout/                |             |
|    ep_len_mean          | 98.5        |
|    ep_rew_mean          | -31.5       |
| time/                   |             |
|    fps                  | 69          |
|    iterations           | 65          |
|    time_elapsed         | 1906        |
|    total_timesteps      | 133120      |
| train/                  |             |
|    approx_kl            | 0.015938517 |
|    clip_fraction        | 0.2         |
|    clip_range           | 0.2         |
|    entropy_loss         | -7.86       |
|    explained_variance   | 0.495       |
|    learning_rate        | 0.0003      |
|    loss                 | -0.0554     |
|    n_updates            | 640         |
|    policy_gradient_loss | -0.0243     |
|    std                  | 0.743       |
|    value_loss           | 0.00577     |
-----------------------------------------
-----------------------------------------
| rollout/                |             |
|    ep_len_mean          | 99.1        |
|    ep_rew_mean          | -30         |
| time/                   |             |
|    fps                  | 69          |
|    iterations           | 66          |
|    time_elapsed         | 1937        |
|    total_timesteps      | 135168      |
| train/                  |             |
|    approx_kl            | 0.015066853 |
|    clip_fraction        | 0.184       |
|    clip_range           | 0.2         |
|    entropy_loss         | -7.82       |
|    explained_variance   | 0.509       |
|    learning_rate        | 0.0003      |
|    loss                 | -0.0419     |
|    n_updates            | 650         |
|    policy_gradient_loss | -0.0249     |
|    std                  | 0.739       |
|    value_loss           | 0.00653     |
-----------------------------------------
-----------------------------------------
| rollout/                |             |
|    ep_len_mean          | 103         |
|    ep_rew_mean          | -30.8       |
| time/                   |             |
|    fps                  | 69          |
|    iterations           | 67          |
|    time_elapsed         | 1967        |
|    total_timesteps      | 137216      |
| train/                  |             |
|    approx_kl            | 0.016546108 |
|    clip_fraction        | 0.208       |
|    clip_range           | 0.2         |
|    entropy_loss         | -7.78       |
|    explained_variance   | 0.528       |
|    learning_rate        | 0.0003      |
|    loss                 | -0.0241     |
|    n_updates            | 660         |
|    policy_gradient_loss | -0.0274     |
|    std                  | 0.736       |
|    value_loss           | 0.00569     |
-----------------------------------------
-----------------------------------------
| rollout/                |             |
|    ep_len_mean          | 101         |
|    ep_rew_mean          | -30.4       |
| time/                   |             |
|    fps                  | 69          |
|    iterations           | 68          |
|    time_elapsed         | 1998        |
|    total_timesteps      | 139264      |
| train/                  |             |
|    approx_kl            | 0.014244479 |
|    clip_fraction        | 0.171       |
|    clip_range           | 0.2         |
|    entropy_loss         | -7.75       |
|    explained_variance   | 0.518       |
|    learning_rate        | 0.0003      |
|    loss                 | -0.0276     |
|    n_updates            | 670         |
|    policy_gradient_loss | -0.0232     |
|    std                  | 0.732       |
|    value_loss           | 0.00448     |
-----------------------------------------
-----------------------------------------
| rollout/                |             |
|    ep_len_mean          | 98.3        |
|    ep_rew_mean          | -28.7       |
| time/                   |             |
|    fps                  | 69          |
|    iterations           | 69          |
|    time_elapsed         | 2029        |
|    total_timesteps      | 141312      |
| train/                  |             |
|    approx_kl            | 0.018832225 |
|    clip_fraction        | 0.217       |
|    clip_range           | 0.2         |
|    entropy_loss         | -7.67       |
|    explained_variance   | 0.522       |
|    learning_rate        | 0.0003      |
|    loss                 | -0.0548     |
|    n_updates            | 680         |
|    policy_gradient_loss | -0.0276     |
|    std                  | 0.722       |
|    value_loss           | 0.00637     |
-----------------------------------------
-----------------------------------------
| rollout/                |             |
|    ep_len_mean          | 92.7        |
|    ep_rew_mean          | -26.8       |
| time/                   |             |
|    fps                  | 69          |
|    iterations           | 70          |
|    time_elapsed         | 2060        |
|    total_timesteps      | 143360      |
| train/                  |             |
|    approx_kl            | 0.014394522 |
|    clip_fraction        | 0.189       |
|    clip_range           | 0.2         |
|    entropy_loss         | -7.61       |
|    explained_variance   | 0.332       |
|    learning_rate        | 0.0003      |
|    loss                 | -0.0352     |
|    n_updates            | 690         |
|    policy_gradient_loss | -0.0296     |
|    std                  | 0.718       |
|    value_loss           | 0.00764     |
-----------------------------------------
-----------------------------------------
| rollout/                |             |
|    ep_len_mean          | 86.1        |
|    ep_rew_mean          | -23.4       |
| time/                   |             |
|    fps                  | 69          |
|    iterations           | 71          |
|    time_elapsed         | 2091        |
|    total_timesteps      | 145408      |
| train/                  |             |
|    approx_kl            | 0.017341156 |
|    clip_fraction        | 0.191       |
|    clip_range           | 0.2         |
|    entropy_loss         | -7.54       |
|    explained_variance   | 0.461       |
|    learning_rate        | 0.0003      |
|    loss                 | -0.0117     |
|    n_updates            | 700         |
|    policy_gradient_loss | -0.0252     |
|    std                  | 0.709       |
|    value_loss           | 0.0073      |
-----------------------------------------
-----------------------------------------
| rollout/                |             |
|    ep_len_mean          | 85.5        |
|    ep_rew_mean          | -21.7       |
| time/                   |             |
|    fps                  | 69          |
|    iterations           | 72          |
|    time_elapsed         | 2121        |
|    total_timesteps      | 147456      |
| train/                  |             |
|    approx_kl            | 0.016051805 |
|    clip_fraction        | 0.178       |
|    clip_range           | 0.2         |
|    entropy_loss         | -7.46       |
|    explained_variance   | 0.361       |
|    learning_rate        | 0.0003      |
|    loss                 | -0.0516     |
|    n_updates            | 710         |
|    policy_gradient_loss | -0.0231     |
|    std                  | 0.702       |
|    value_loss           | 0.00555     |
-----------------------------------------
-----------------------------------------
| rollout/                |             |
|    ep_len_mean          | 87.5        |
|    ep_rew_mean          | -21.3       |
| time/                   |             |
|    fps                  | 69          |
|    iterations           | 73          |
|    time_elapsed         | 2152        |
|    total_timesteps      | 149504      |
| train/                  |             |
|    approx_kl            | 0.015335649 |
|    clip_fraction        | 0.169       |
|    clip_range           | 0.2         |
|    entropy_loss         | -7.4        |
|    explained_variance   | 0.441       |
|    learning_rate        | 0.0003      |
|    loss                 | -0.0198     |
|    n_updates            | 720         |
|    policy_gradient_loss | -0.0227     |
|    std                  | 0.696       |
|    value_loss           | 0.00458     |
-----------------------------------------
-----------------------------------------
| rollout/                |             |
|    ep_len_mean          | 87.6        |
|    ep_rew_mean          | -20.8       |
| time/                   |             |
|    fps                  | 69          |
|    iterations           | 74          |
|    time_elapsed         | 2183        |
|    total_timesteps      | 151552      |
| train/                  |             |
|    approx_kl            | 0.013424499 |
|    clip_fraction        | 0.174       |
|    clip_range           | 0.2         |
|    entropy_loss         | -7.36       |
|    explained_variance   | 0.556       |
|    learning_rate        | 0.0003      |
|    loss                 | -0.0601     |
|    n_updates            | 730         |
|    policy_gradient_loss | -0.024      |
|    std                  | 0.693       |
|    value_loss           | 0.00365     |
-----------------------------------------
-----------------------------------------
| rollout/                |             |
|    ep_len_mean          | 87          |
|    ep_rew_mean          | -19.2       |
| time/                   |             |
|    fps                  | 69          |
|    iterations           | 75          |
|    time_elapsed         | 2214        |
|    total_timesteps      | 153600      |
| train/                  |             |
|    approx_kl            | 0.015974745 |
|    clip_fraction        | 0.193       |
|    clip_range           | 0.2         |
|    entropy_loss         | -7.33       |
|    explained_variance   | 0.439       |
|    learning_rate        | 0.0003      |
|    loss                 | -0.0346     |
|    n_updates            | 740         |
|    policy_gradient_loss | -0.0272     |
|    std                  | 0.692       |
|    value_loss           | 0.00447     |
-----------------------------------------
-----------------------------------------
| rollout/                |             |
|    ep_len_mean          | 81.5        |
|    ep_rew_mean          | -17.1       |
| time/                   |             |
|    fps                  | 69          |
|    iterations           | 76          |
|    time_elapsed         | 2245        |
|    total_timesteps      | 155648      |
| train/                  |             |
|    approx_kl            | 0.017341338 |
|    clip_fraction        | 0.196       |
|    clip_range           | 0.2         |
|    entropy_loss         | -7.31       |
|    explained_variance   | 0.432       |
|    learning_rate        | 0.0003      |
|    loss                 | -0.0488     |
|    n_updates            | 750         |
|    policy_gradient_loss | -0.0259     |
|    std                  | 0.689       |
|    value_loss           | 0.00404     |
-----------------------------------------
-----------------------------------------
| rollout/                |             |
|    ep_len_mean          | 76.5        |
|    ep_rew_mean          | -15.7       |
| time/                   |             |
|    fps                  | 69          |
|    iterations           | 77          |
|    time_elapsed         | 2276        |
|    total_timesteps      | 157696      |
| train/                  |             |
|    approx_kl            | 0.013644195 |
|    clip_fraction        | 0.185       |
|    clip_range           | 0.2         |
|    entropy_loss         | -7.28       |
|    explained_variance   | 0.504       |
|    learning_rate        | 0.0003      |
|    loss                 | 0.0038      |
|    n_updates            | 760         |
|    policy_gradient_loss | -0.0247     |
|    std                  | 0.685       |
|    value_loss           | 0.00356     |
-----------------------------------------
-----------------------------------------
| rollout/                |             |
|    ep_len_mean          | 67.7        |
|    ep_rew_mean          | -12.6       |
| time/                   |             |
|    fps                  | 69          |
|    iterations           | 78          |
|    time_elapsed         | 2308        |
|    total_timesteps      | 159744      |
| train/                  |             |
|    approx_kl            | 0.013718194 |
|    clip_fraction        | 0.182       |
|    clip_range           | 0.2         |
|    entropy_loss         | -7.24       |
|    explained_variance   | 0.465       |
|    learning_rate        | 0.0003      |
|    loss                 | -0.0265     |
|    n_updates            | 770         |
|    policy_gradient_loss | -0.0222     |
|    std                  | 0.682       |
|    value_loss           | 0.00277     |
-----------------------------------------
-----------------------------------------
| rollout/                |             |
|    ep_len_mean          | 62.9        |
|    ep_rew_mean          | -11.6       |
| time/                   |             |
|    fps                  | 69          |
|    iterations           | 79          |
|    time_elapsed         | 2339        |
|    total_timesteps      | 161792      |
| train/                  |             |
|    approx_kl            | 0.016729653 |
|    clip_fraction        | 0.201       |
|    clip_range           | 0.2         |
|    entropy_loss         | -7.19       |
|    explained_variance   | 0.406       |
|    learning_rate        | 0.0003      |
|    loss                 | -0.0336     |
|    n_updates            | 780         |
|    policy_gradient_loss | -0.0284     |
|    std                  | 0.676       |
|    value_loss           | 0.00352     |
-----------------------------------------
-----------------------------------------
| rollout/                |             |
|    ep_len_mean          | 62.3        |
|    ep_rew_mean          | -11.3       |
| time/                   |             |
|    fps                  | 69          |
|    iterations           | 80          |
|    time_elapsed         | 2371        |
|    total_timesteps      | 163840      |
| train/                  |             |
|    approx_kl            | 0.015730793 |
|    clip_fraction        | 0.201       |
|    clip_range           | 0.2         |
|    entropy_loss         | -7.14       |
|    explained_variance   | 0.386       |
|    learning_rate        | 0.0003      |
|    loss                 | -0.0174     |
|    n_updates            | 790         |
|    policy_gradient_loss | -0.0251     |
|    std                  | 0.671       |
|    value_loss           | 0.00421     |
-----------------------------------------
-----------------------------------------
| rollout/                |             |
|    ep_len_mean          | 62.6        |
|    ep_rew_mean          | -11.1       |
| time/                   |             |
|    fps                  | 69          |
|    iterations           | 81          |
|    time_elapsed         | 2402        |
|    total_timesteps      | 165888      |
| train/                  |             |
|    approx_kl            | 0.017523775 |
|    clip_fraction        | 0.22        |
|    clip_range           | 0.2         |
|    entropy_loss         | -7.08       |
|    explained_variance   | 0.457       |
|    learning_rate        | 0.0003      |
|    loss                 | -0.0456     |
|    n_updates            | 800         |
|    policy_gradient_loss | -0.028      |
|    std                  | 0.665       |
|    value_loss           | 0.00346     |
-----------------------------------------
-----------------------------------------
| rollout/                |             |
|    ep_len_mean          | 62.4        |
|    ep_rew_mean          | -10.1       |
| time/                   |             |
|    fps                  | 68          |
|    iterations           | 82          |
|    time_elapsed         | 2434        |
|    total_timesteps      | 167936      |
| train/                  |             |
|    approx_kl            | 0.015522062 |
|    clip_fraction        | 0.193       |
|    clip_range           | 0.2         |
|    entropy_loss         | -7.05       |
|    explained_variance   | 0.488       |
|    learning_rate        | 0.0003      |
|    loss                 | -0.0516     |
|    n_updates            | 810         |
|    policy_gradient_loss | -0.0214     |
|    std                  | 0.664       |
|    value_loss           | 0.00314     |
-----------------------------------------
-----------------------------------------
| rollout/                |             |
|    ep_len_mean          | 61.9        |
|    ep_rew_mean          | -9.71       |
| time/                   |             |
|    fps                  | 68          |
|    iterations           | 83          |
|    time_elapsed         | 2465        |
|    total_timesteps      | 169984      |
| train/                  |             |
|    approx_kl            | 0.017330792 |
|    clip_fraction        | 0.206       |
|    clip_range           | 0.2         |
|    entropy_loss         | -6.99       |
|    explained_variance   | 0.275       |
|    learning_rate        | 0.0003      |
|    loss                 | -0.0451     |
|    n_updates            | 820         |
|    policy_gradient_loss | -0.0263     |
|    std                  | 0.657       |
|    value_loss           | 0.0031      |
-----------------------------------------
------------------------------------------
| rollout/                |              |
|    ep_len_mean          | 55.6         |
|    ep_rew_mean          | -7.45        |
| time/                   |              |
|    fps                  | 68           |
|    iterations           | 84           |
|    time_elapsed         | 2497         |
|    total_timesteps      | 172032       |
| train/                  |              |
|    approx_kl            | 0.0142801665 |
|    clip_fraction        | 0.186        |
|    clip_range           | 0.2          |
|    entropy_loss         | -6.93        |
|    explained_variance   | 0.354        |
|    learning_rate        | 0.0003       |
|    loss                 | -0.00436     |
|    n_updates            | 830          |
|    policy_gradient_loss | -0.0231      |
|    std                  | 0.653        |
|    value_loss           | 0.00342      |
------------------------------------------
-----------------------------------------
| rollout/                |             |
|    ep_len_mean          | 45.7        |
|    ep_rew_mean          | -4.5        |
| time/                   |             |
|    fps                  | 68          |
|    iterations           | 85          |
|    time_elapsed         | 2530        |
|    total_timesteps      | 174080      |
| train/                  |             |
|    approx_kl            | 0.014090392 |
|    clip_fraction        | 0.186       |
|    clip_range           | 0.2         |
|    entropy_loss         | -6.88       |
|    explained_variance   | 0.378       |
|    learning_rate        | 0.0003      |
|    loss                 | -0.0419     |
|    n_updates            | 840         |
|    policy_gradient_loss | -0.0223     |
|    std                  | 0.647       |
|    value_loss           | 0.00383     |
-----------------------------------------
-----------------------------------------
| rollout/                |             |
|    ep_len_mean          | 47.1        |
|    ep_rew_mean          | -5.35       |
| time/                   |             |
|    fps                  | 68          |
|    iterations           | 86          |
|    time_elapsed         | 2562        |
|    total_timesteps      | 176128      |
| train/                  |             |
|    approx_kl            | 0.016789528 |
|    clip_fraction        | 0.216       |
|    clip_range           | 0.2         |
|    entropy_loss         | -6.82       |
|    explained_variance   | 0.235       |
|    learning_rate        | 0.0003      |
|    loss                 | -0.0408     |
|    n_updates            | 850         |
|    policy_gradient_loss | -0.0299     |
|    std                  | 0.642       |
|    value_loss           | 0.0041      |
-----------------------------------------
-----------------------------------------
| rollout/                |             |
|    ep_len_mean          | 50.4        |
|    ep_rew_mean          | -6.54       |
| time/                   |             |
|    fps                  | 68          |
|    iterations           | 87          |
|    time_elapsed         | 2594        |
|    total_timesteps      | 178176      |
| train/                  |             |
|    approx_kl            | 0.015878716 |
|    clip_fraction        | 0.195       |
|    clip_range           | 0.2         |
|    entropy_loss         | -6.77       |
|    explained_variance   | 0.522       |
|    learning_rate        | 0.0003      |
|    loss                 | -0.0278     |
|    n_updates            | 860         |
|    policy_gradient_loss | -0.0224     |
|    std                  | 0.637       |
|    value_loss           | 0.00319     |
-----------------------------------------
----------------------------------------
| rollout/                |            |
|    ep_len_mean          | 54.2       |
|    ep_rew_mean          | -7.35      |
| time/                   |            |
|    fps                  | 68         |
|    iterations           | 88         |
|    time_elapsed         | 2625       |
|    total_timesteps      | 180224     |
| train/                  |            |
|    approx_kl            | 0.01556741 |
|    clip_fraction        | 0.206      |
|    clip_range           | 0.2        |
|    entropy_loss         | -6.74      |
|    explained_variance   | 0.41       |
|    learning_rate        | 0.0003     |
|    loss                 | -0.0235    |
|    n_updates            | 870        |
|    policy_gradient_loss | -0.0275    |
|    std                  | 0.638      |
|    value_loss           | 0.00281    |
----------------------------------------
-----------------------------------------
| rollout/                |             |
|    ep_len_mean          | 55.6        |
|    ep_rew_mean          | -7.8        |
| time/                   |             |
|    fps                  | 68          |
|    iterations           | 89          |
|    time_elapsed         | 2657        |
|    total_timesteps      | 182272      |
| train/                  |             |
|    approx_kl            | 0.017561793 |
|    clip_fraction        | 0.206       |
|    clip_range           | 0.2         |
|    entropy_loss         | -6.72       |
|    explained_variance   | 0.541       |
|    learning_rate        | 0.0003      |
|    loss                 | -0.0382     |
|    n_updates            | 880         |
|    policy_gradient_loss | -0.0252     |
|    std                  | 0.633       |
|    value_loss           | 0.00277     |
-----------------------------------------
-----------------------------------------
| rollout/                |             |
|    ep_len_mean          | 50.8        |
|    ep_rew_mean          | -6.27       |
| time/                   |             |
|    fps                  | 68          |
|    iterations           | 90          |
|    time_elapsed         | 2689        |
|    total_timesteps      | 184320      |
| train/                  |             |
|    approx_kl            | 0.017553829 |
|    clip_fraction        | 0.199       |
|    clip_range           | 0.2         |
|    entropy_loss         | -6.63       |
|    explained_variance   | 0.552       |
|    learning_rate        | 0.0003      |
|    loss                 | -0.053      |
|    n_updates            | 890         |
|    policy_gradient_loss | -0.0247     |
|    std                  | 0.625       |
|    value_loss           | 0.00392     |
-----------------------------------------
-----------------------------------------
| rollout/                |             |
|    ep_len_mean          | 47.2        |
|    ep_rew_mean          | -5.36       |
| time/                   |             |
|    fps                  | 68          |
|    iterations           | 91          |
|    time_elapsed         | 2721        |
|    total_timesteps      | 186368      |
| train/                  |             |
|    approx_kl            | 0.018021412 |
|    clip_fraction        | 0.224       |
|    clip_range           | 0.2         |
|    entropy_loss         | -6.57       |
|    explained_variance   | 0.61        |
|    learning_rate        | 0.0003      |
|    loss                 | -0.0367     |
|    n_updates            | 900         |
|    policy_gradient_loss | -0.0266     |
|    std                  | 0.622       |
|    value_loss           | 0.00412     |
-----------------------------------------
-----------------------------------------
| rollout/                |             |
|    ep_len_mean          | 45          |
|    ep_rew_mean          | -4.32       |
| time/                   |             |
|    fps                  | 68          |
|    iterations           | 92          |
|    time_elapsed         | 2754        |
|    total_timesteps      | 188416      |
| train/                  |             |
|    approx_kl            | 0.017692175 |
|    clip_fraction        | 0.217       |
|    clip_range           | 0.2         |
|    entropy_loss         | -6.52       |
|    explained_variance   | 0.573       |
|    learning_rate        | 0.0003      |
|    loss                 | -0.0483     |
|    n_updates            | 910         |
|    policy_gradient_loss | -0.0281     |
|    std                  | 0.616       |
|    value_loss           | 0.00446     |
-----------------------------------------
-----------------------------------------
| rollout/                |             |
|    ep_len_mean          | 47.3        |
|    ep_rew_mean          | -4.95       |
| time/                   |             |
|    fps                  | 68          |
|    iterations           | 93          |
|    time_elapsed         | 2786        |
|    total_timesteps      | 190464      |
| train/                  |             |
|    approx_kl            | 0.019668687 |
|    clip_fraction        | 0.222       |
|    clip_range           | 0.2         |
|    entropy_loss         | -6.46       |
|    explained_variance   | 0.384       |
|    learning_rate        | 0.0003      |
|    loss                 | -0.0324     |
|    n_updates            | 920         |
|    policy_gradient_loss | -0.0279     |
|    std                  | 0.612       |
|    value_loss           | 0.0036      |
-----------------------------------------
-----------------------------------------
| rollout/                |             |
|    ep_len_mean          | 50.2        |
|    ep_rew_mean          | -6.02       |
| time/                   |             |
|    fps                  | 68          |
|    iterations           | 94          |
|    time_elapsed         | 2818        |
|    total_timesteps      | 192512      |
| train/                  |             |
|    approx_kl            | 0.017210582 |
|    clip_fraction        | 0.22        |
|    clip_range           | 0.2         |
|    entropy_loss         | -6.4        |
|    explained_variance   | 0.244       |
|    learning_rate        | 0.0003      |
|    loss                 | -0.0401     |
|    n_updates            | 930         |
|    policy_gradient_loss | -0.0283     |
|    std                  | 0.607       |
|    value_loss           | 0.00336     |
-----------------------------------------
-----------------------------------------
| rollout/                |             |
|    ep_len_mean          | 56          |
|    ep_rew_mean          | -7.64       |
| time/                   |             |
|    fps                  | 68          |
|    iterations           | 95          |
|    time_elapsed         | 2849        |
|    total_timesteps      | 194560      |
| train/                  |             |
|    approx_kl            | 0.017368954 |
|    clip_fraction        | 0.227       |
|    clip_range           | 0.2         |
|    entropy_loss         | -6.38       |
|    explained_variance   | 0.555       |
|    learning_rate        | 0.0003      |
|    loss                 | -0.0289     |
|    n_updates            | 940         |
|    policy_gradient_loss | -0.0267     |
|    std                  | 0.606       |
|    value_loss           | 0.00319     |
-----------------------------------------
-----------------------------------------
| rollout/                |             |
|    ep_len_mean          | 53.4        |
|    ep_rew_mean          | -6.1        |
| time/                   |             |
|    fps                  | 68          |
|    iterations           | 96          |
|    time_elapsed         | 2881        |
|    total_timesteps      | 196608      |
| train/                  |             |
|    approx_kl            | 0.020231973 |
|    clip_fraction        | 0.222       |
|    clip_range           | 0.2         |
|    entropy_loss         | -6.34       |
|    explained_variance   | 0.338       |
|    learning_rate        | 0.0003      |
|    loss                 | -0.0425     |
|    n_updates            | 950         |
|    policy_gradient_loss | -0.0285     |
|    std                  | 0.603       |
|    value_loss           | 0.00242     |
-----------------------------------------
----------------------------------------
| rollout/                |            |
|    ep_len_mean          | 40.4       |
|    ep_rew_mean          | -1.7       |
| time/                   |            |
|    fps                  | 68         |
|    iterations           | 97         |
|    time_elapsed         | 2914       |
|    total_timesteps      | 198656     |
| train/                  |            |
|    approx_kl            | 0.01836098 |
|    clip_fraction        | 0.223      |
|    clip_range           | 0.2        |
|    entropy_loss         | -6.29      |
|    explained_variance   | 0.321      |
|    learning_rate        | 0.0003     |
|    loss                 | -0.039     |
|    n_updates            | 960        |
|    policy_gradient_loss | -0.0258    |
|    std                  | 0.596      |
|    value_loss           | 0.0029     |
----------------------------------------
-----------------------------------------
| rollout/                |             |
|    ep_len_mean          | 44.6        |
|    ep_rew_mean          | -2.96       |
| time/                   |             |
|    fps                  | 68          |
|    iterations           | 98          |
|    time_elapsed         | 2945        |
|    total_timesteps      | 200704      |
| train/                  |             |
|    approx_kl            | 0.014801539 |
|    clip_fraction        | 0.198       |
|    clip_range           | 0.2         |
|    entropy_loss         | -6.23       |
|    explained_variance   | 0.224       |
|    learning_rate        | 0.0003      |
|    loss                 | -0.0352     |
|    n_updates            | 970         |
|    policy_gradient_loss | -0.0209     |
|    std                  | 0.593       |
|    value_loss           | 0.00305     |
-----------------------------------------
-----------------------------------------
| rollout/                |             |
|    ep_len_mean          | 50.6        |
|    ep_rew_mean          | -4.86       |
| time/                   |             |
|    fps                  | 68          |
|    iterations           | 99          |
|    time_elapsed         | 2977        |
|    total_timesteps      | 202752      |
| train/                  |             |
|    approx_kl            | 0.017583784 |
|    clip_fraction        | 0.201       |
|    clip_range           | 0.2         |
|    entropy_loss         | -6.15       |
|    explained_variance   | 0.258       |
|    learning_rate        | 0.0003      |
|    loss                 | -0.0482     |
|    n_updates            | 980         |
|    policy_gradient_loss | -0.024      |
|    std                  | 0.584       |
|    value_loss           | 0.00273     |
-----------------------------------------
-----------------------------------------
| rollout/                |             |
|    ep_len_mean          | 61.4        |
|    ep_rew_mean          | -8.3        |
| time/                   |             |
|    fps                  | 68          |
|    iterations           | 100         |
|    time_elapsed         | 3008        |
|    total_timesteps      | 204800      |
| train/                  |             |
|    approx_kl            | 0.017161721 |
|    clip_fraction        | 0.202       |
|    clip_range           | 0.2         |
|    entropy_loss         | -6.07       |
|    explained_variance   | 0.59        |
|    learning_rate        | 0.0003      |
|    loss                 | -0.0299     |
|    n_updates            | 990         |
|    policy_gradient_loss | -0.0252     |
|    std                  | 0.579       |
|    value_loss           | 0.00226     |
-----------------------------------------
-----------------------------------------
| rollout/                |             |
|    ep_len_mean          | 57.2        |
|    ep_rew_mean          | -6.52       |
| time/                   |             |
|    fps                  | 68          |
|    iterations           | 101         |
|    time_elapsed         | 3040        |
|    total_timesteps      | 206848      |
| train/                  |             |
|    approx_kl            | 0.019923482 |
|    clip_fraction        | 0.24        |
|    clip_range           | 0.2         |
|    entropy_loss         | -6.01       |
|    explained_variance   | 0.522       |
|    learning_rate        | 0.0003      |
|    loss                 | 0.000403    |
|    n_updates            | 1000        |
|    policy_gradient_loss | -0.0253     |
|    std                  | 0.574       |
|    value_loss           | 0.00273     |
-----------------------------------------
-----------------------------------------
| rollout/                |             |
|    ep_len_mean          | 49.3        |
|    ep_rew_mean          | -3.26       |
| time/                   |             |
|    fps                  | 67          |
|    iterations           | 102         |
|    time_elapsed         | 3072        |
|    total_timesteps      | 208896      |
| train/                  |             |
|    approx_kl            | 0.015904717 |
|    clip_fraction        | 0.221       |
|    clip_range           | 0.2         |
|    entropy_loss         | -5.97       |
|    explained_variance   | 0.512       |
|    learning_rate        | 0.0003      |
|    loss                 | -0.0144     |
|    n_updates            | 1010        |
|    policy_gradient_loss | -0.0242     |
|    std                  | 0.572       |
|    value_loss           | 0.00311     |
-----------------------------------------
-----------------------------------------
| rollout/                |             |
|    ep_len_mean          | 35.3        |
|    ep_rew_mean          | 0.354       |
| time/                   |             |
|    fps                  | 67          |
|    iterations           | 103         |
|    time_elapsed         | 3106        |
|    total_timesteps      | 210944      |
| train/                  |             |
|    approx_kl            | 0.016071666 |
|    clip_fraction        | 0.218       |
|    clip_range           | 0.2         |
|    entropy_loss         | -5.94       |
|    explained_variance   | 0.455       |
|    learning_rate        | 0.0003      |
|    loss                 | -0.036      |
|    n_updates            | 1020        |
|    policy_gradient_loss | -0.0247     |
|    std                  | 0.57        |
|    value_loss           | 0.00233     |
-----------------------------------------
-----------------------------------------
| rollout/                |             |
|    ep_len_mean          | 37.1        |
|    ep_rew_mean          | -0.472      |
| time/                   |             |
|    fps                  | 67          |
|    iterations           | 104         |
|    time_elapsed         | 3139        |
|    total_timesteps      | 212992      |
| train/                  |             |
|    approx_kl            | 0.019762084 |
|    clip_fraction        | 0.23        |
|    clip_range           | 0.2         |
|    entropy_loss         | -5.91       |
|    explained_variance   | 0.0982      |
|    learning_rate        | 0.0003      |
|    loss                 | -0.0366     |
|    n_updates            | 1030        |
|    policy_gradient_loss | -0.0252     |
|    std                  | 0.567       |
|    value_loss           | 0.00277     |
-----------------------------------------
-----------------------------------------
| rollout/                |             |
|    ep_len_mean          | 40.5        |
|    ep_rew_mean          | -1.32       |
| time/                   |             |
|    fps                  | 67          |
|    iterations           | 105         |
|    time_elapsed         | 3171        |
|    total_timesteps      | 215040      |
| train/                  |             |
|    approx_kl            | 0.019595236 |
|    clip_fraction        | 0.236       |
|    clip_range           | 0.2         |
|    entropy_loss         | -5.88       |
|    explained_variance   | 0.35        |
|    learning_rate        | 0.0003      |
|    loss                 | -0.0215     |
|    n_updates            | 1040        |
|    policy_gradient_loss | -0.0265     |
|    std                  | 0.564       |
|    value_loss           | 0.00213     |
-----------------------------------------
-----------------------------------------
| rollout/                |             |
|    ep_len_mean          | 38.2        |
|    ep_rew_mean          | -0.769      |
| time/                   |             |
|    fps                  | 67          |
|    iterations           | 106         |
|    time_elapsed         | 3204        |
|    total_timesteps      | 217088      |
| train/                  |             |
|    approx_kl            | 0.017595768 |
|    clip_fraction        | 0.226       |
|    clip_range           | 0.2         |
|    entropy_loss         | -5.84       |
|    explained_variance   | 0.277       |
|    learning_rate        | 0.0003      |
|    loss                 | -0.0367     |
|    n_updates            | 1050        |
|    policy_gradient_loss | -0.0249     |
|    std                  | 0.561       |
|    value_loss           | 0.00229     |
-----------------------------------------
-----------------------------------------
| rollout/                |             |
|    ep_len_mean          | 32.8        |
|    ep_rew_mean          | 1.19        |
| time/                   |             |
|    fps                  | 67          |
|    iterations           | 107         |
|    time_elapsed         | 3237        |
|    total_timesteps      | 219136      |
| train/                  |             |
|    approx_kl            | 0.016640082 |
|    clip_fraction        | 0.21        |
|    clip_range           | 0.2         |
|    entropy_loss         | -5.81       |
|    explained_variance   | 0.619       |
|    learning_rate        | 0.0003      |
|    loss                 | -0.0347     |
|    n_updates            | 1060        |
|    policy_gradient_loss | -0.0243     |
|    std                  | 0.56        |
|    value_loss           | 0.0025      |
-----------------------------------------
----------------------------------------
| rollout/                |            |
|    ep_len_mean          | 33         |
|    ep_rew_mean          | 1.18       |
| time/                   |            |
|    fps                  | 67         |
|    iterations           | 108        |
|    time_elapsed         | 3271       |
|    total_timesteps      | 221184     |
| train/                  |            |
|    approx_kl            | 0.01642723 |
|    clip_fraction        | 0.212      |
|    clip_range           | 0.2        |
|    entropy_loss         | -5.79      |
|    explained_variance   | 0.715      |
|    learning_rate        | 0.0003     |
|    loss                 | -0.0373    |
|    n_updates            | 1070       |
|    policy_gradient_loss | -0.0251    |
|    std                  | 0.556      |
|    value_loss           | 0.00212    |
----------------------------------------
-----------------------------------------
| rollout/                |             |
|    ep_len_mean          | 32.6        |
|    ep_rew_mean          | 1.08        |
| time/                   |             |
|    fps                  | 67          |
|    iterations           | 109         |
|    time_elapsed         | 3304        |
|    total_timesteps      | 223232      |
| train/                  |             |
|    approx_kl            | 0.022311948 |
|    clip_fraction        | 0.269       |
|    clip_range           | 0.2         |
|    entropy_loss         | -5.75       |
|    explained_variance   | 0.367       |
|    learning_rate        | 0.0003      |
|    loss                 | -0.0525     |
|    n_updates            | 1080        |
|    policy_gradient_loss | -0.0295     |
|    std                  | 0.555       |
|    value_loss           | 0.00237     |
-----------------------------------------
-----------------------------------------
| rollout/                |             |
|    ep_len_mean          | 28          |
|    ep_rew_mean          | 2.57        |
| time/                   |             |
|    fps                  | 67          |
|    iterations           | 110         |
|    time_elapsed         | 3338        |
|    total_timesteps      | 225280      |
| train/                  |             |
|    approx_kl            | 0.021364879 |
|    clip_fraction        | 0.247       |
|    clip_range           | 0.2         |
|    entropy_loss         | -5.73       |
|    explained_variance   | 0.663       |
|    learning_rate        | 0.0003      |
|    loss                 | -0.0319     |
|    n_updates            | 1090        |
|    policy_gradient_loss | -0.0281     |
|    std                  | 0.554       |
|    value_loss           | 0.00271     |
-----------------------------------------
-----------------------------------------
| rollout/                |             |
|    ep_len_mean          | 29.4        |
|    ep_rew_mean          | 1.97        |
| time/                   |             |
|    fps                  | 67          |
|    iterations           | 111         |
|    time_elapsed         | 3372        |
|    total_timesteps      | 227328      |
| train/                  |             |
|    approx_kl            | 0.020501982 |
|    clip_fraction        | 0.23        |
|    clip_range           | 0.2         |
|    entropy_loss         | -5.71       |
|    explained_variance   | 0.104       |
|    learning_rate        | 0.0003      |
|    loss                 | -0.0453     |
|    n_updates            | 1100        |
|    policy_gradient_loss | -0.0257     |
|    std                  | 0.551       |
|    value_loss           | 0.0024      |
-----------------------------------------
-----------------------------------------
| rollout/                |             |
|    ep_len_mean          | 29.1        |
|    ep_rew_mean          | 2.17        |
| time/                   |             |
|    fps                  | 67          |
|    iterations           | 112         |
|    time_elapsed         | 3406        |
|    total_timesteps      | 229376      |
| train/                  |             |
|    approx_kl            | 0.020213706 |
|    clip_fraction        | 0.222       |
|    clip_range           | 0.2         |
|    entropy_loss         | -5.68       |
|    explained_variance   | 0.245       |
|    learning_rate        | 0.0003      |
|    loss                 | -0.0199     |
|    n_updates            | 1110        |
|    policy_gradient_loss | -0.0179     |
|    std                  | 0.55        |
|    value_loss           | 0.00178     |
-----------------------------------------
-----------------------------------------
| rollout/                |             |
|    ep_len_mean          | 31.6        |
|    ep_rew_mean          | 1.49        |
| time/                   |             |
|    fps                  | 67          |
|    iterations           | 113         |
|    time_elapsed         | 3439        |
|    total_timesteps      | 231424      |
| train/                  |             |
|    approx_kl            | 0.022665609 |
|    clip_fraction        | 0.266       |
|    clip_range           | 0.2         |
|    entropy_loss         | -5.62       |
|    explained_variance   | 0.426       |
|    learning_rate        | 0.0003      |
|    loss                 | -0.0546     |
|    n_updates            | 1120        |
|    policy_gradient_loss | -0.0295     |
|    std                  | 0.543       |
|    value_loss           | 0.00259     |
-----------------------------------------
----------------------------------------
| rollout/                |            |
|    ep_len_mean          | 32.3       |
|    ep_rew_mean          | 1.67       |
| time/                   |            |
|    fps                  | 67         |
|    iterations           | 114        |
|    time_elapsed         | 3473       |
|    total_timesteps      | 233472     |
| train/                  |            |
|    approx_kl            | 0.01747798 |
|    clip_fraction        | 0.223      |
|    clip_range           | 0.2        |
|    entropy_loss         | -5.58      |
|    explained_variance   | 0.304      |
|    learning_rate        | 0.0003     |
|    loss                 | 0.0279     |
|    n_updates            | 1130       |
|    policy_gradient_loss | -0.0238    |
|    std                  | 0.542      |
|    value_loss           | 0.00247    |
----------------------------------------
-----------------------------------------
| rollout/                |             |
|    ep_len_mean          | 30.9        |
|    ep_rew_mean          | 2.33        |
| time/                   |             |
|    fps                  | 67          |
|    iterations           | 115         |
|    time_elapsed         | 3506        |
|    total_timesteps      | 235520      |
| train/                  |             |
|    approx_kl            | 0.019218037 |
|    clip_fraction        | 0.216       |
|    clip_range           | 0.2         |
|    entropy_loss         | -5.55       |
|    explained_variance   | 0.409       |
|    learning_rate        | 0.0003      |
|    loss                 | -0.0209     |
|    n_updates            | 1140        |
|    policy_gradient_loss | -0.0227     |
|    std                  | 0.54        |
|    value_loss           | 0.0018      |
-----------------------------------------
-----------------------------------------
| rollout/                |             |
|    ep_len_mean          | 32          |
|    ep_rew_mean          | 1.88        |
| time/                   |             |
|    fps                  | 67          |
|    iterations           | 116         |
|    time_elapsed         | 3540        |
|    total_timesteps      | 237568      |
| train/                  |             |
|    approx_kl            | 0.022476174 |
|    clip_fraction        | 0.237       |
|    clip_range           | 0.2         |
|    entropy_loss         | -5.49       |
|    explained_variance   | 0.52        |
|    learning_rate        | 0.0003      |
|    loss                 | 0.00507     |
|    n_updates            | 1150        |
|    policy_gradient_loss | -0.0222     |
|    std                  | 0.533       |
|    value_loss           | 0.00175     |
-----------------------------------------
-----------------------------------------
| rollout/                |             |
|    ep_len_mean          | 33.6        |
|    ep_rew_mean          | 1.21        |
| time/                   |             |
|    fps                  | 67          |
|    iterations           | 117         |
|    time_elapsed         | 3573        |
|    total_timesteps      | 239616      |
| train/                  |             |
|    approx_kl            | 0.016699497 |
|    clip_fraction        | 0.222       |
|    clip_range           | 0.2         |
|    entropy_loss         | -5.43       |
|    explained_variance   | 0.69        |
|    learning_rate        | 0.0003      |
|    loss                 | -0.0609     |
|    n_updates            | 1160        |
|    policy_gradient_loss | -0.0229     |
|    std                  | 0.529       |
|    value_loss           | 0.002       |
-----------------------------------------
-----------------------------------------
| rollout/                |             |
|    ep_len_mean          | 34.6        |
|    ep_rew_mean          | 0.905       |
| time/                   |             |
|    fps                  | 66          |
|    iterations           | 118         |
|    time_elapsed         | 3607        |
|    total_timesteps      | 241664      |
| train/                  |             |
|    approx_kl            | 0.019567814 |
|    clip_fraction        | 0.251       |
|    clip_range           | 0.2         |
|    entropy_loss         | -5.36       |
|    explained_variance   | 0.615       |
|    learning_rate        | 0.0003      |
|    loss                 | -0.0398     |
|    n_updates            | 1170        |
|    policy_gradient_loss | -0.0255     |
|    std                  | 0.523       |
|    value_loss           | 0.00199     |
-----------------------------------------
-----------------------------------------
| rollout/                |             |
|    ep_len_mean          | 30.4        |
|    ep_rew_mean          | 2.22        |
| time/                   |             |
|    fps                  | 66          |
|    iterations           | 119         |
|    time_elapsed         | 3641        |
|    total_timesteps      | 243712      |
| train/                  |             |
|    approx_kl            | 0.017586429 |
|    clip_fraction        | 0.23        |
|    clip_range           | 0.2         |
|    entropy_loss         | -5.31       |
|    explained_variance   | 0.743       |
|    learning_rate        | 0.0003      |
|    loss                 | -0.0355     |
|    n_updates            | 1180        |
|    policy_gradient_loss | -0.0266     |
|    std                  | 0.521       |
|    value_loss           | 0.00205     |
-----------------------------------------
-----------------------------------------
| rollout/                |             |
|    ep_len_mean          | 28.6        |
|    ep_rew_mean          | 2.95        |
| time/                   |             |
|    fps                  | 66          |
|    iterations           | 120         |
|    time_elapsed         | 3675        |
|    total_timesteps      | 245760      |
| train/                  |             |
|    approx_kl            | 0.021204336 |
|    clip_fraction        | 0.231       |
|    clip_range           | 0.2         |
|    entropy_loss         | -5.25       |
|    explained_variance   | 0.326       |
|    learning_rate        | 0.0003      |
|    loss                 | -0.05       |
|    n_updates            | 1190        |
|    policy_gradient_loss | -0.0255     |
|    std                  | 0.515       |
|    value_loss           | 0.00192     |
-----------------------------------------
-----------------------------------------
| rollout/                |             |
|    ep_len_mean          | 26.1        |
|    ep_rew_mean          | 3.53        |
| time/                   |             |
|    fps                  | 66          |
|    iterations           | 121         |
|    time_elapsed         | 3709        |
|    total_timesteps      | 247808      |
| train/                  |             |
|    approx_kl            | 0.015370177 |
|    clip_fraction        | 0.204       |
|    clip_range           | 0.2         |
|    entropy_loss         | -5.2        |
|    explained_variance   | 0.56        |
|    learning_rate        | 0.0003      |
|    loss                 | -0.0204     |
|    n_updates            | 1200        |
|    policy_gradient_loss | -0.0169     |
|    std                  | 0.512       |
|    value_loss           | 0.00202     |
-----------------------------------------
-----------------------------------------
| rollout/                |             |
|    ep_len_mean          | 28.5        |
|    ep_rew_mean          | 3.09        |
| time/                   |             |
|    fps                  | 66          |
|    iterations           | 122         |
|    time_elapsed         | 3742        |
|    total_timesteps      | 249856      |
| train/                  |             |
|    approx_kl            | 0.017123207 |
|    clip_fraction        | 0.216       |
|    clip_range           | 0.2         |
|    entropy_loss         | -5.15       |
|    explained_variance   | 0.626       |
|    learning_rate        | 0.0003      |
|    loss                 | -0.00933    |
|    n_updates            | 1210        |
|    policy_gradient_loss | -0.0209     |
|    std                  | 0.509       |
|    value_loss           | 0.00175     |
-----------------------------------------
-----------------------------------------
| rollout/                |             |
|    ep_len_mean          | 25.6        |
|    ep_rew_mean          | 3.97        |
| time/                   |             |
|    fps                  | 66          |
|    iterations           | 123         |
|    time_elapsed         | 3777        |
|    total_timesteps      | 251904      |
| train/                  |             |
|    approx_kl            | 0.021436619 |
|    clip_fraction        | 0.258       |
|    clip_range           | 0.2         |
|    entropy_loss         | -5.09       |
|    explained_variance   | 0.653       |
|    learning_rate        | 0.0003      |
|    loss                 | -0.0205     |
|    n_updates            | 1220        |
|    policy_gradient_loss | -0.0262     |
|    std                  | 0.504       |
|    value_loss           | 0.00209     |
-----------------------------------------
-----------------------------------------
| rollout/                |             |
|    ep_len_mean          | 27.1        |
|    ep_rew_mean          | 3.47        |
| time/                   |             |
|    fps                  | 66          |
|    iterations           | 124         |
|    time_elapsed         | 3811        |
|    total_timesteps      | 253952      |
| train/                  |             |
|    approx_kl            | 0.018258668 |
|    clip_fraction        | 0.219       |
|    clip_range           | 0.2         |
|    entropy_loss         | -5.03       |
|    explained_variance   | 0.347       |
|    learning_rate        | 0.0003      |
|    loss                 | -0.043      |
|    n_updates            | 1230        |
|    policy_gradient_loss | -0.019      |
|    std                  | 0.499       |
|    value_loss           | 0.00184     |
-----------------------------------------
-----------------------------------------
| rollout/                |             |
|    ep_len_mean          | 22.2        |
|    ep_rew_mean          | 5.03        |
| time/                   |             |
|    fps                  | 66          |
|    iterations           | 125         |
|    time_elapsed         | 3846        |
|    total_timesteps      | 256000      |
| train/                  |             |
|    approx_kl            | 0.019853372 |
|    clip_fraction        | 0.241       |
|    clip_range           | 0.2         |
|    entropy_loss         | -4.97       |
|    explained_variance   | 0.63        |
|    learning_rate        | 0.0003      |
|    loss                 | -0.0489     |
|    n_updates            | 1240        |
|    policy_gradient_loss | -0.0263     |
|    std                  | 0.497       |
|    value_loss           | 0.00188     |
-----------------------------------------
----------------------------------------
| rollout/                |            |
|    ep_len_mean          | 25.9       |
|    ep_rew_mean          | 4.06       |
| time/                   |            |
|    fps                  | 66         |
|    iterations           | 126        |
|    time_elapsed         | 3880       |
|    total_timesteps      | 258048     |
| train/                  |            |
|    approx_kl            | 0.02351486 |
|    clip_fraction        | 0.267      |
|    clip_range           | 0.2        |
|    entropy_loss         | -4.93      |
|    explained_variance   | 0.334      |
|    learning_rate        | 0.0003     |
|    loss                 | -0.0571    |
|    n_updates            | 1250       |
|    policy_gradient_loss | -0.0241    |
|    std                  | 0.495      |
|    value_loss           | 0.00142    |
----------------------------------------
-----------------------------------------
| rollout/                |             |
|    ep_len_mean          | 27.2        |
|    ep_rew_mean          | 4.09        |
| time/                   |             |
|    fps                  | 66          |
|    iterations           | 127         |
|    time_elapsed         | 3915        |
|    total_timesteps      | 260096      |
| train/                  |             |
|    approx_kl            | 0.019068755 |
|    clip_fraction        | 0.245       |
|    clip_range           | 0.2         |
|    entropy_loss         | -4.9        |
|    explained_variance   | 0.572       |
|    learning_rate        | 0.0003      |
|    loss                 | 0.0196      |
|    n_updates            | 1260        |
|    policy_gradient_loss | -0.024      |
|    std                  | 0.492       |
|    value_loss           | 0.00149     |
-----------------------------------------
----------------------------------------
| rollout/                |            |
|    ep_len_mean          | 20.1       |
|    ep_rew_mean          | 5.71       |
| time/                   |            |
|    fps                  | 66         |
|    iterations           | 128        |
|    time_elapsed         | 3951       |
|    total_timesteps      | 262144     |
| train/                  |            |
|    approx_kl            | 0.01643994 |
|    clip_fraction        | 0.214      |
|    clip_range           | 0.2        |
|    entropy_loss         | -4.82      |
|    explained_variance   | 0.501      |
|    learning_rate        | 0.0003     |
|    loss                 | -0.036     |
|    n_updates            | 1270       |
|    policy_gradient_loss | -0.0178    |
|    std                  | 0.485      |
|    value_loss           | 0.00132    |
----------------------------------------
-----------------------------------------
| rollout/                |             |
|    ep_len_mean          | 19.6        |
|    ep_rew_mean          | 5.78        |
| time/                   |             |
|    fps                  | 66          |
|    iterations           | 129         |
|    time_elapsed         | 3987        |
|    total_timesteps      | 264192      |
| train/                  |             |
|    approx_kl            | 0.019362919 |
|    clip_fraction        | 0.214       |
|    clip_range           | 0.2         |
|    entropy_loss         | -4.76       |
|    explained_variance   | 0.115       |
|    learning_rate        | 0.0003      |
|    loss                 | -0.0511     |
|    n_updates            | 1280        |
|    policy_gradient_loss | -0.0197     |
|    std                  | 0.482       |
|    value_loss           | 0.00131     |
-----------------------------------------
----------------------------------------
| rollout/                |            |
|    ep_len_mean          | 27.8       |
|    ep_rew_mean          | 3.37       |
| time/                   |            |
|    fps                  | 66         |
|    iterations           | 130        |
|    time_elapsed         | 4020       |
|    total_timesteps      | 266240     |
| train/                  |            |
|    approx_kl            | 0.02607451 |
|    clip_fraction        | 0.279      |
|    clip_range           | 0.2        |
|    entropy_loss         | -4.7       |
|    explained_variance   | 0.132      |
|    learning_rate        | 0.0003     |
|    loss                 | -0.0318    |
|    n_updates            | 1290       |
|    policy_gradient_loss | -0.0296    |
|    std                  | 0.477      |
|    value_loss           | 0.00128    |
----------------------------------------
-----------------------------------------
| rollout/                |             |
|    ep_len_mean          | 28.9        |
|    ep_rew_mean          | 3.74        |
| time/                   |             |
|    fps                  | 66          |
|    iterations           | 131         |
|    time_elapsed         | 4054        |
|    total_timesteps      | 268288      |
| train/                  |             |
|    approx_kl            | 0.021169294 |
|    clip_fraction        | 0.244       |
|    clip_range           | 0.2         |
|    entropy_loss         | -4.64       |
|    explained_variance   | 0.566       |
|    learning_rate        | 0.0003      |
|    loss                 | -0.0314     |
|    n_updates            | 1300        |
|    policy_gradient_loss | -0.0234     |
|    std                  | 0.475       |
|    value_loss           | 0.00149     |
-----------------------------------------
-----------------------------------------
| rollout/                |             |
|    ep_len_mean          | 23.2        |
|    ep_rew_mean          | 4.85        |
| time/                   |             |
|    fps                  | 66          |
|    iterations           | 132         |
|    time_elapsed         | 4089        |
|    total_timesteps      | 270336      |
| train/                  |             |
|    approx_kl            | 0.017321527 |
|    clip_fraction        | 0.232       |
|    clip_range           | 0.2         |
|    entropy_loss         | -4.58       |
|    explained_variance   | 0.659       |
|    learning_rate        | 0.0003      |
|    loss                 | 0.0102      |
|    n_updates            | 1310        |
|    policy_gradient_loss | -0.0183     |
|    std                  | 0.469       |
|    value_loss           | 0.00106     |
-----------------------------------------
-----------------------------------------
| rollout/                |             |
|    ep_len_mean          | 22.9        |
|    ep_rew_mean          | 5.02        |
| time/                   |             |
|    fps                  | 66          |
|    iterations           | 133         |
|    time_elapsed         | 4124        |
|    total_timesteps      | 272384      |
| train/                  |             |
|    approx_kl            | 0.022266781 |
|    clip_fraction        | 0.251       |
|    clip_range           | 0.2         |
|    entropy_loss         | -4.52       |
|    explained_variance   | 0.276       |
|    learning_rate        | 0.0003      |
|    loss                 | -0.0296     |
|    n_updates            | 1320        |
|    policy_gradient_loss | -0.0219     |
|    std                  | 0.466       |
|    value_loss           | 0.00152     |
-----------------------------------------
----------------------------------------
| rollout/                |            |
|    ep_len_mean          | 24.1       |
|    ep_rew_mean          | 4.88       |
| time/                   |            |
|    fps                  | 65         |
|    iterations           | 134        |
|    time_elapsed         | 4159       |
|    total_timesteps      | 274432     |
| train/                  |            |
|    approx_kl            | 0.02163649 |
|    clip_fraction        | 0.262      |
|    clip_range           | 0.2        |
|    entropy_loss         | -4.46      |
|    explained_variance   | 0.602      |
|    learning_rate        | 0.0003     |
|    loss                 | -0.041     |
|    n_updates            | 1330       |
|    policy_gradient_loss | -0.0211    |
|    std                  | 0.462      |
|    value_loss           | 0.00141    |
----------------------------------------
-----------------------------------------
| rollout/                |             |
|    ep_len_mean          | 20          |
|    ep_rew_mean          | 6.06        |
| time/                   |             |
|    fps                  | 65          |
|    iterations           | 135         |
|    time_elapsed         | 4195        |
|    total_timesteps      | 276480      |
| train/                  |             |
|    approx_kl            | 0.020913515 |
|    clip_fraction        | 0.283       |
|    clip_range           | 0.2         |
|    entropy_loss         | -4.38       |
|    explained_variance   | 0.629       |
|    learning_rate        | 0.0003      |
|    loss                 | -0.0335     |
|    n_updates            | 1340        |
|    policy_gradient_loss | -0.0229     |
|    std                  | 0.457       |
|    value_loss           | 0.00135     |
-----------------------------------------
-----------------------------------------
| rollout/                |             |
|    ep_len_mean          | 20.5        |
|    ep_rew_mean          | 5.82        |
| time/                   |             |
|    fps                  | 65          |
|    iterations           | 136         |
|    time_elapsed         | 4230        |
|    total_timesteps      | 278528      |
| train/                  |             |
|    approx_kl            | 0.021116829 |
|    clip_fraction        | 0.26        |
|    clip_range           | 0.2         |
|    entropy_loss         | -4.35       |
|    explained_variance   | 0.663       |
|    learning_rate        | 0.0003      |
|    loss                 | -0.00995    |
|    n_updates            | 1350        |
|    policy_gradient_loss | -0.0206     |
|    std                  | 0.456       |
|    value_loss           | 0.00116     |
-----------------------------------------
-----------------------------------------
| rollout/                |             |
|    ep_len_mean          | 21.2        |
|    ep_rew_mean          | 5.59        |
| time/                   |             |
|    fps                  | 65          |
|    iterations           | 137         |
|    time_elapsed         | 4266        |
|    total_timesteps      | 280576      |
| train/                  |             |
|    approx_kl            | 0.026649285 |
|    clip_fraction        | 0.271       |
|    clip_range           | 0.2         |
|    entropy_loss         | -4.33       |
|    explained_variance   | 0.656       |
|    learning_rate        | 0.0003      |
|    loss                 | 0.00147     |
|    n_updates            | 1360        |
|    policy_gradient_loss | -0.0241     |
|    std                  | 0.455       |
|    value_loss           | 0.00136     |
-----------------------------------------
-----------------------------------------
| rollout/                |             |
|    ep_len_mean          | 18.1        |
|    ep_rew_mean          | 6.49        |
| time/                   |             |
|    fps                  | 65          |
|    iterations           | 138         |
|    time_elapsed         | 4302        |
|    total_timesteps      | 282624      |
| train/                  |             |
|    approx_kl            | 0.018019516 |
|    clip_fraction        | 0.227       |
|    clip_range           | 0.2         |
|    entropy_loss         | -4.28       |
|    explained_variance   | 0.517       |
|    learning_rate        | 0.0003      |
|    loss                 | -0.0265     |
|    n_updates            | 1370        |
|    policy_gradient_loss | -0.0217     |
|    std                  | 0.451       |
|    value_loss           | 0.00137     |
-----------------------------------------
-----------------------------------------
| rollout/                |             |
|    ep_len_mean          | 21.2        |
|    ep_rew_mean          | 5.82        |
| time/                   |             |
|    fps                  | 65          |
|    iterations           | 139         |
|    time_elapsed         | 4337        |
|    total_timesteps      | 284672      |
| train/                  |             |
|    approx_kl            | 0.020816932 |
|    clip_fraction        | 0.264       |
|    clip_range           | 0.2         |
|    entropy_loss         | -4.23       |
|    explained_variance   | 0.315       |
|    learning_rate        | 0.0003      |
|    loss                 | -0.0272     |
|    n_updates            | 1380        |
|    policy_gradient_loss | -0.0225     |
|    std                  | 0.448       |
|    value_loss           | 0.00112     |
-----------------------------------------
-----------------------------------------
| rollout/                |             |
|    ep_len_mean          | 22.2        |
|    ep_rew_mean          | 5.54        |
| time/                   |             |
|    fps                  | 65          |
|    iterations           | 140         |
|    time_elapsed         | 4372        |
|    total_timesteps      | 286720      |
| train/                  |             |
|    approx_kl            | 0.015758721 |
|    clip_fraction        | 0.241       |
|    clip_range           | 0.2         |
|    entropy_loss         | -4.19       |
|    explained_variance   | 0.413       |
|    learning_rate        | 0.0003      |
|    loss                 | -0.0299     |
|    n_updates            | 1390        |
|    policy_gradient_loss | -0.0133     |
|    std                  | 0.445       |
|    value_loss           | 0.000798    |
-----------------------------------------
-----------------------------------------
| rollout/                |             |
|    ep_len_mean          | 18.4        |
|    ep_rew_mean          | 6.49        |
| time/                   |             |
|    fps                  | 65          |
|    iterations           | 141         |
|    time_elapsed         | 4408        |
|    total_timesteps      | 288768      |
| train/                  |             |
|    approx_kl            | 0.016837057 |
|    clip_fraction        | 0.238       |
|    clip_range           | 0.2         |
|    entropy_loss         | -4.15       |
|    explained_variance   | 0.716       |
|    learning_rate        | 0.0003      |
|    loss                 | -0.0537     |
|    n_updates            | 1400        |
|    policy_gradient_loss | -0.0137     |
|    std                  | 0.443       |
|    value_loss           | 0.000806    |
-----------------------------------------
-----------------------------------------
| rollout/                |             |
|    ep_len_mean          | 20.5        |
|    ep_rew_mean          | 5.66        |
| time/                   |             |
|    fps                  | 65          |
|    iterations           | 142         |
|    time_elapsed         | 4443        |
|    total_timesteps      | 290816      |
| train/                  |             |
|    approx_kl            | 0.021048374 |
|    clip_fraction        | 0.261       |
|    clip_range           | 0.2         |
|    entropy_loss         | -4.14       |
|    explained_variance   | 0.659       |
|    learning_rate        | 0.0003      |
|    loss                 | 0.0148      |
|    n_updates            | 1410        |
|    policy_gradient_loss | -0.0179     |
|    std                  | 0.443       |
|    value_loss           | 0.000976    |
-----------------------------------------
-----------------------------------------
| rollout/                |             |
|    ep_len_mean          | 16.5        |
|    ep_rew_mean          | 7.04        |
| time/                   |             |
|    fps                  | 65          |
|    iterations           | 143         |
|    time_elapsed         | 4480        |
|    total_timesteps      | 292864      |
| train/                  |             |
|    approx_kl            | 0.017566686 |
|    clip_fraction        | 0.25        |
|    clip_range           | 0.2         |
|    entropy_loss         | -4.15       |
|    explained_variance   | 0.728       |
|    learning_rate        | 0.0003      |
|    loss                 | -0.0396     |
|    n_updates            | 1420        |
|    policy_gradient_loss | -0.0182     |
|    std                  | 0.444       |
|    value_loss           | 0.00129     |
-----------------------------------------
-----------------------------------------
| rollout/                |             |
|    ep_len_mean          | 16.7        |
|    ep_rew_mean          | 6.97        |
| time/                   |             |
|    fps                  | 65          |
|    iterations           | 144         |
|    time_elapsed         | 4517        |
|    total_timesteps      | 294912      |
| train/                  |             |
|    approx_kl            | 0.020476718 |
|    clip_fraction        | 0.255       |
|    clip_range           | 0.2         |
|    entropy_loss         | -4.13       |
|    explained_variance   | 0.516       |
|    learning_rate        | 0.0003      |
|    loss                 | -0.026      |
|    n_updates            | 1430        |
|    policy_gradient_loss | -0.018      |
|    std                  | 0.442       |
|    value_loss           | 0.000841    |
-----------------------------------------
-----------------------------------------
| rollout/                |             |
|    ep_len_mean          | 18.1        |
|    ep_rew_mean          | 6.41        |
| time/                   |             |
|    fps                  | 65          |
|    iterations           | 145         |
|    time_elapsed         | 4553        |
|    total_timesteps      | 296960      |
| train/                  |             |
|    approx_kl            | 0.024391077 |
|    clip_fraction        | 0.262       |
|    clip_range           | 0.2         |
|    entropy_loss         | -4.1        |
|    explained_variance   | 0.502       |
|    learning_rate        | 0.0003      |
|    loss                 | -0.0427     |
|    n_updates            | 1440        |
|    policy_gradient_loss | -0.0188     |
|    std                  | 0.44        |
|    value_loss           | 0.000745    |
-----------------------------------------
-----------------------------------------
| rollout/                |             |
|    ep_len_mean          | 18.4        |
|    ep_rew_mean          | 6.45        |
| time/                   |             |
|    fps                  | 65          |
|    iterations           | 146         |
|    time_elapsed         | 4590        |
|    total_timesteps      | 299008      |
| train/                  |             |
|    approx_kl            | 0.022256408 |
|    clip_fraction        | 0.248       |
|    clip_range           | 0.2         |
|    entropy_loss         | -4.07       |
|    explained_variance   | 0.418       |
|    learning_rate        | 0.0003      |
|    loss                 | -0.0575     |
|    n_updates            | 1450        |
|    policy_gradient_loss | -0.0246     |
|    std                  | 0.439       |
|    value_loss           | 0.00104     |
-----------------------------------------
----------------------------------------
| rollout/                |            |
|    ep_len_mean          | 17.5       |
|    ep_rew_mean          | 7.03       |
| time/                   |            |
|    fps                  | 65         |
|    iterations           | 147        |
|    time_elapsed         | 4627       |
|    total_timesteps      | 301056     |
| train/                  |            |
|    approx_kl            | 0.02343689 |
|    clip_fraction        | 0.254      |
|    clip_range           | 0.2        |
|    entropy_loss         | -4.03      |
|    explained_variance   | 0.384      |
|    learning_rate        | 0.0003     |
|    loss                 | -0.0192    |
|    n_updates            | 1460       |
|    policy_gradient_loss | -0.0222    |
|    std                  | 0.435      |
|    value_loss           | 0.00119    |
----------------------------------------
-----------------------------------------
| rollout/                |             |
|    ep_len_mean          | 16.9        |
|    ep_rew_mean          | 7.09        |
| time/                   |             |
|    fps                  | 64          |
|    iterations           | 148         |
|    time_elapsed         | 4663        |
|    total_timesteps      | 303104      |
| train/                  |             |
|    approx_kl            | 0.020614786 |
|    clip_fraction        | 0.258       |
|    clip_range           | 0.2         |
|    entropy_loss         | -3.94       |
|    explained_variance   | 0.536       |
|    learning_rate        | 0.0003      |
|    loss                 | -0.0185     |
|    n_updates            | 1470        |
|    policy_gradient_loss | -0.02       |
|    std                  | 0.429       |
|    value_loss           | 0.000705    |
-----------------------------------------
-----------------------------------------
| rollout/                |             |
|    ep_len_mean          | 16.8        |
|    ep_rew_mean          | 7.1         |
| time/                   |             |
|    fps                  | 64          |
|    iterations           | 149         |
|    time_elapsed         | 4700        |
|    total_timesteps      | 305152      |
| train/                  |             |
|    approx_kl            | 0.023241062 |
|    clip_fraction        | 0.265       |
|    clip_range           | 0.2         |
|    entropy_loss         | -3.87       |
|    explained_variance   | 0.593       |
|    learning_rate        | 0.0003      |
|    loss                 | -0.0576     |
|    n_updates            | 1480        |
|    policy_gradient_loss | -0.0204     |
|    std                  | 0.426       |
|    value_loss           | 0.000756    |
-----------------------------------------
-----------------------------------------
| rollout/                |             |
|    ep_len_mean          | 17          |
|    ep_rew_mean          | 7.1         |
| time/                   |             |
|    fps                  | 64          |
|    iterations           | 150         |
|    time_elapsed         | 4737        |
|    total_timesteps      | 307200      |
| train/                  |             |
|    approx_kl            | 0.026992053 |
|    clip_fraction        | 0.288       |
|    clip_range           | 0.2         |
|    entropy_loss         | -3.83       |
|    explained_variance   | 0.519       |
|    learning_rate        | 0.0003      |
|    loss                 | -0.0324     |
|    n_updates            | 1490        |
|    policy_gradient_loss | -0.0262     |
|    std                  | 0.424       |
|    value_loss           | 0.000762    |
-----------------------------------------
-----------------------------------------
| rollout/                |             |
|    ep_len_mean          | 18.1        |
|    ep_rew_mean          | 6.72        |
| time/                   |             |
|    fps                  | 64          |
|    iterations           | 151         |
|    time_elapsed         | 4777        |
|    total_timesteps      | 309248      |
| train/                  |             |
|    approx_kl            | 0.026045835 |
|    clip_fraction        | 0.301       |
|    clip_range           | 0.2         |
|    entropy_loss         | -3.76       |
|    explained_variance   | 0.66        |
|    learning_rate        | 0.0003      |
|    loss                 | -0.0246     |
|    n_updates            | 1500        |
|    policy_gradient_loss | -0.0221     |
|    std                  | 0.419       |
|    value_loss           | 0.000536    |
-----------------------------------------
-----------------------------------------
| rollout/                |             |
|    ep_len_mean          | 18.1        |
|    ep_rew_mean          | 6.81        |
| time/                   |             |
|    fps                  | 64          |
|    iterations           | 152         |
|    time_elapsed         | 4815        |
|    total_timesteps      | 311296      |
| train/                  |             |
|    approx_kl            | 0.021310676 |
|    clip_fraction        | 0.263       |
|    clip_range           | 0.2         |
|    entropy_loss         | -3.71       |
|    explained_variance   | 0.619       |
|    learning_rate        | 0.0003      |
|    loss                 | -0.0222     |
|    n_updates            | 1510        |
|    policy_gradient_loss | -0.0134     |
|    std                  | 0.417       |
|    value_loss           | 0.000597    |
-----------------------------------------
-----------------------------------------
| rollout/                |             |
|    ep_len_mean          | 16.6        |
|    ep_rew_mean          | 7.13        |
| time/                   |             |
|    fps                  | 64          |
|    iterations           | 153         |
|    time_elapsed         | 4852        |
|    total_timesteps      | 313344      |
| train/                  |             |
|    approx_kl            | 0.026925392 |
|    clip_fraction        | 0.284       |
|    clip_range           | 0.2         |
|    entropy_loss         | -3.67       |
|    explained_variance   | 0.642       |
|    learning_rate        | 0.0003      |
|    loss                 | 0.0291      |
|    n_updates            | 1520        |
|    policy_gradient_loss | -0.0162     |
|    std                  | 0.415       |
|    value_loss           | 0.00072     |
-----------------------------------------
-----------------------------------------
| rollout/                |             |
|    ep_len_mean          | 16.3        |
|    ep_rew_mean          | 7.15        |
| time/                   |             |
|    fps                  | 64          |
|    iterations           | 154         |
|    time_elapsed         | 4890        |
|    total_timesteps      | 315392      |
| train/                  |             |
|    approx_kl            | 0.026698092 |
|    clip_fraction        | 0.327       |
|    clip_range           | 0.2         |
|    entropy_loss         | -3.64       |
|    explained_variance   | 0.527       |
|    learning_rate        | 0.0003      |
|    loss                 | -0.0273     |
|    n_updates            | 1530        |
|    policy_gradient_loss | -0.0244     |
|    std                  | 0.414       |
|    value_loss           | 0.000672    |
-----------------------------------------
-----------------------------------------
| rollout/                |             |
|    ep_len_mean          | 16          |
|    ep_rew_mean          | 7.42        |
| time/                   |             |
|    fps                  | 64          |
|    iterations           | 155         |
|    time_elapsed         | 4927        |
|    total_timesteps      | 317440      |
| train/                  |             |
|    approx_kl            | 0.021554766 |
|    clip_fraction        | 0.259       |
|    clip_range           | 0.2         |
|    entropy_loss         | -3.57       |
|    explained_variance   | 0.693       |
|    learning_rate        | 0.0003      |
|    loss                 | -0.0294     |
|    n_updates            | 1540        |
|    policy_gradient_loss | -0.0228     |
|    std                  | 0.408       |
|    value_loss           | 0.000458    |
-----------------------------------------
-----------------------------------------
| rollout/                |             |
|    ep_len_mean          | 16.9        |
|    ep_rew_mean          | 7.16        |
| time/                   |             |
|    fps                  | 64          |
|    iterations           | 156         |
|    time_elapsed         | 4964        |
|    total_timesteps      | 319488      |
| train/                  |             |
|    approx_kl            | 0.021207519 |
|    clip_fraction        | 0.294       |
|    clip_range           | 0.2         |
|    entropy_loss         | -3.52       |
|    explained_variance   | 0.7         |
|    learning_rate        | 0.0003      |
|    loss                 | -0.0448     |
|    n_updates            | 1550        |
|    policy_gradient_loss | -0.0202     |
|    std                  | 0.407       |
|    value_loss           | 0.000445    |
-----------------------------------------
-----------------------------------------
| rollout/                |             |
|    ep_len_mean          | 16.1        |
|    ep_rew_mean          | 7.37        |
| time/                   |             |
|    fps                  | 64          |
|    iterations           | 157         |
|    time_elapsed         | 5001        |
|    total_timesteps      | 321536      |
| train/                  |             |
|    approx_kl            | 0.028054457 |
|    clip_fraction        | 0.312       |
|    clip_range           | 0.2         |
|    entropy_loss         | -3.47       |
|    explained_variance   | 0.626       |
|    learning_rate        | 0.0003      |
|    loss                 | -0.0277     |
|    n_updates            | 1560        |
|    policy_gradient_loss | -0.0244     |
|    std                  | 0.403       |
|    value_loss           | 0.000606    |
-----------------------------------------
-----------------------------------------
| rollout/                |             |
|    ep_len_mean          | 16.5        |
|    ep_rew_mean          | 7.28        |
| time/                   |             |
|    fps                  | 64          |
|    iterations           | 158         |
|    time_elapsed         | 5038        |
|    total_timesteps      | 323584      |
| train/                  |             |
|    approx_kl            | 0.027671091 |
|    clip_fraction        | 0.299       |
|    clip_range           | 0.2         |
|    entropy_loss         | -3.41       |
|    explained_variance   | 0.71        |
|    learning_rate        | 0.0003      |
|    loss                 | -0.071      |
|    n_updates            | 1570        |
|    policy_gradient_loss | -0.0233     |
|    std                  | 0.4         |
|    value_loss           | 0.000497    |
-----------------------------------------
---------------------------------------
| rollout/                |           |
|    ep_len_mean          | 17.6      |
|    ep_rew_mean          | 7.1       |
| time/                   |           |
|    fps                  | 64        |
|    iterations           | 159       |
|    time_elapsed         | 5075      |
|    total_timesteps      | 325632    |
| train/                  |           |
|    approx_kl            | 0.0284453 |
|    clip_fraction        | 0.285     |
|    clip_range           | 0.2       |
|    entropy_loss         | -3.35     |
|    explained_variance   | 0.703     |
|    learning_rate        | 0.0003    |
|    loss                 | -0.0378   |
|    n_updates            | 1580      |
|    policy_gradient_loss | -0.0183   |
|    std                  | 0.398     |
|    value_loss           | 0.000509  |
---------------------------------------
----------------------------------------
| rollout/                |            |
|    ep_len_mean          | 15.3       |
|    ep_rew_mean          | 7.7        |
| time/                   |            |
|    fps                  | 64         |
|    iterations           | 160        |
|    time_elapsed         | 5113       |
|    total_timesteps      | 327680     |
| train/                  |            |
|    approx_kl            | 0.02203439 |
|    clip_fraction        | 0.304      |
|    clip_range           | 0.2        |
|    entropy_loss         | -3.33      |
|    explained_variance   | 0.827      |
|    learning_rate        | 0.0003     |
|    loss                 | 0.00111    |
|    n_updates            | 1590       |
|    policy_gradient_loss | -0.0118    |
|    std                  | 0.397      |
|    value_loss           | 0.000457   |
----------------------------------------
-----------------------------------------
| rollout/                |             |
|    ep_len_mean          | 16.4        |
|    ep_rew_mean          | 7.3         |
| time/                   |             |
|    fps                  | 64          |
|    iterations           | 161         |
|    time_elapsed         | 5150        |
|    total_timesteps      | 329728      |
| train/                  |             |
|    approx_kl            | 0.023361675 |
|    clip_fraction        | 0.301       |
|    clip_range           | 0.2         |
|    entropy_loss         | -3.29       |
|    explained_variance   | 0.767       |
|    learning_rate        | 0.0003      |
|    loss                 | -0.0134     |
|    n_updates            | 1600        |
|    policy_gradient_loss | -0.0217     |
|    std                  | 0.393       |
|    value_loss           | 0.000379    |
-----------------------------------------
-----------------------------------------
| rollout/                |             |
|    ep_len_mean          | 18.6        |
|    ep_rew_mean          | 6.82        |
| time/                   |             |
|    fps                  | 63          |
|    iterations           | 162         |
|    time_elapsed         | 5186        |
|    total_timesteps      | 331776      |
| train/                  |             |
|    approx_kl            | 0.026623527 |
|    clip_fraction        | 0.319       |
|    clip_range           | 0.2         |
|    entropy_loss         | -3.23       |
|    explained_variance   | 0.729       |
|    learning_rate        | 0.0003      |
|    loss                 | -0.0572     |
|    n_updates            | 1610        |
|    policy_gradient_loss | -0.022      |
|    std                  | 0.39        |
|    value_loss           | 0.000434    |
-----------------------------------------
-----------------------------------------
| rollout/                |             |
|    ep_len_mean          | 17.9        |
|    ep_rew_mean          | 7.01        |
| time/                   |             |
|    fps                  | 63          |
|    iterations           | 163         |
|    time_elapsed         | 5222        |
|    total_timesteps      | 333824      |
| train/                  |             |
|    approx_kl            | 0.025182022 |
|    clip_fraction        | 0.285       |
|    clip_range           | 0.2         |
|    entropy_loss         | -3.19       |
|    explained_variance   | 0.456       |
|    learning_rate        | 0.0003      |
|    loss                 | -0.026      |
|    n_updates            | 1620        |
|    policy_gradient_loss | -0.0192     |
|    std                  | 0.388       |
|    value_loss           | 0.000786    |
-----------------------------------------
-----------------------------------------
| rollout/                |             |
|    ep_len_mean          | 17.7        |
|    ep_rew_mean          | 7.14        |
| time/                   |             |
|    fps                  | 63          |
|    iterations           | 164         |
|    time_elapsed         | 5259        |
|    total_timesteps      | 335872      |
| train/                  |             |
|    approx_kl            | 0.023338212 |
|    clip_fraction        | 0.295       |
|    clip_range           | 0.2         |
|    entropy_loss         | -3.16       |
|    explained_variance   | 0.729       |
|    learning_rate        | 0.0003      |
|    loss                 | -0.0293     |
|    n_updates            | 1630        |
|    policy_gradient_loss | -0.0106     |
|    std                  | 0.387       |
|    value_loss           | 0.000555    |
-----------------------------------------
-----------------------------------------
| rollout/                |             |
|    ep_len_mean          | 15.7        |
|    ep_rew_mean          | 7.77        |
| time/                   |             |
|    fps                  | 63          |
|    iterations           | 165         |
|    time_elapsed         | 5296        |
|    total_timesteps      | 337920      |
| train/                  |             |
|    approx_kl            | 0.027724892 |
|    clip_fraction        | 0.283       |
|    clip_range           | 0.2         |
|    entropy_loss         | -3.12       |
|    explained_variance   | 0.838       |
|    learning_rate        | 0.0003      |
|    loss                 | -0.019      |
|    n_updates            | 1640        |
|    policy_gradient_loss | -0.0143     |
|    std                  | 0.384       |
|    value_loss           | 0.000734    |
-----------------------------------------
----------------------------------------
| rollout/                |            |
|    ep_len_mean          | 16.8       |
|    ep_rew_mean          | 7.43       |
| time/                   |            |
|    fps                  | 63         |
|    iterations           | 166        |
|    time_elapsed         | 5332       |
|    total_timesteps      | 339968     |
| train/                  |            |
|    approx_kl            | 0.02392248 |
|    clip_fraction        | 0.294      |
|    clip_range           | 0.2        |
|    entropy_loss         | -3.05      |
|    explained_variance   | 0.772      |
|    learning_rate        | 0.0003     |
|    loss                 | -0.0475    |
|    n_updates            | 1650       |
|    policy_gradient_loss | -0.0208    |
|    std                  | 0.381      |
|    value_loss           | 0.0004     |
----------------------------------------
----------------------------------------
| rollout/                |            |
|    ep_len_mean          | 16.5       |
|    ep_rew_mean          | 7.41       |
| time/                   |            |
|    fps                  | 63         |
|    iterations           | 167        |
|    time_elapsed         | 5369       |
|    total_timesteps      | 342016     |
| train/                  |            |
|    approx_kl            | 0.01880691 |
|    clip_fraction        | 0.25       |
|    clip_range           | 0.2        |
|    entropy_loss         | -3         |
|    explained_variance   | 0.742      |
|    learning_rate        | 0.0003     |
|    loss                 | -0.0114    |
|    n_updates            | 1660       |
|    policy_gradient_loss | -0.0187    |
|    std                  | 0.379      |
|    value_loss           | 0.000646   |
----------------------------------------
-----------------------------------------
| rollout/                |             |
|    ep_len_mean          | 15.7        |
|    ep_rew_mean          | 7.75        |
| time/                   |             |
|    fps                  | 63          |
|    iterations           | 168         |
|    time_elapsed         | 5406        |
|    total_timesteps      | 344064      |
| train/                  |             |
|    approx_kl            | 0.025621649 |
|    clip_fraction        | 0.317       |
|    clip_range           | 0.2         |
|    entropy_loss         | -2.96       |
|    explained_variance   | 0.677       |
|    learning_rate        | 0.0003      |
|    loss                 | -0.0489     |
|    n_updates            | 1670        |
|    policy_gradient_loss | -0.0205     |
|    std                  | 0.377       |
|    value_loss           | 0.000595    |
-----------------------------------------
-----------------------------------------
| rollout/                |             |
|    ep_len_mean          | 15.7        |
|    ep_rew_mean          | 7.81        |
| time/                   |             |
|    fps                  | 63          |
|    iterations           | 169         |
|    time_elapsed         | 5444        |
|    total_timesteps      | 346112      |
| train/                  |             |
|    approx_kl            | 0.026257388 |
|    clip_fraction        | 0.293       |
|    clip_range           | 0.2         |
|    entropy_loss         | -2.94       |
|    explained_variance   | 0.732       |
|    learning_rate        | 0.0003      |
|    loss                 | -0.0418     |
|    n_updates            | 1680        |
|    policy_gradient_loss | -0.0235     |
|    std                  | 0.376       |
|    value_loss           | 0.000545    |
-----------------------------------------
----------------------------------------
| rollout/                |            |
|    ep_len_mean          | 15.7       |
|    ep_rew_mean          | 7.81       |
| time/                   |            |
|    fps                  | 63         |
|    iterations           | 170        |
|    time_elapsed         | 5481       |
|    total_timesteps      | 348160     |
| train/                  |            |
|    approx_kl            | 0.02511712 |
|    clip_fraction        | 0.294      |
|    clip_range           | 0.2        |
|    entropy_loss         | -2.9       |
|    explained_variance   | 0.803      |
|    learning_rate        | 0.0003     |
|    loss                 | -0.0571    |
|    n_updates            | 1690       |
|    policy_gradient_loss | -0.0178    |
|    std                  | 0.373      |
|    value_loss           | 0.000325   |
----------------------------------------
-----------------------------------------
| rollout/                |             |
|    ep_len_mean          | 17.6        |
|    ep_rew_mean          | 7.26        |
| time/                   |             |
|    fps                  | 63          |
|    iterations           | 171         |
|    time_elapsed         | 5518        |
|    total_timesteps      | 350208      |
| train/                  |             |
|    approx_kl            | 0.023456141 |
|    clip_fraction        | 0.298       |
|    clip_range           | 0.2         |
|    entropy_loss         | -2.87       |
|    explained_variance   | 0.826       |
|    learning_rate        | 0.0003      |
|    loss                 | -0.0155     |
|    n_updates            | 1700        |
|    policy_gradient_loss | -0.0162     |
|    std                  | 0.373       |
|    value_loss           | 0.000311    |
-----------------------------------------
-----------------------------------------
| rollout/                |             |
|    ep_len_mean          | 18          |
|    ep_rew_mean          | 7.28        |
| time/                   |             |
|    fps                  | 63          |
|    iterations           | 172         |
|    time_elapsed         | 5554        |
|    total_timesteps      | 352256      |
| train/                  |             |
|    approx_kl            | 0.022858383 |
|    clip_fraction        | 0.293       |
|    clip_range           | 0.2         |
|    entropy_loss         | -2.86       |
|    explained_variance   | 0.85        |
|    learning_rate        | 0.0003      |
|    loss                 | 0.0058      |
|    n_updates            | 1710        |
|    policy_gradient_loss | -0.00528    |
|    std                  | 0.373       |
|    value_loss           | 0.000486    |
-----------------------------------------
-----------------------------------------
| rollout/                |             |
|    ep_len_mean          | 18.3        |
|    ep_rew_mean          | 6.99        |
| time/                   |             |
|    fps                  | 63          |
|    iterations           | 173         |
|    time_elapsed         | 5590        |
|    total_timesteps      | 354304      |
| train/                  |             |
|    approx_kl            | 0.026334675 |
|    clip_fraction        | 0.275       |
|    clip_range           | 0.2         |
|    entropy_loss         | -2.84       |
|    explained_variance   | 0.854       |
|    learning_rate        | 0.0003      |
|    loss                 | -0.0183     |
|    n_updates            | 1720        |
|    policy_gradient_loss | -0.00627    |
|    std                  | 0.371       |
|    value_loss           | 0.000488    |
-----------------------------------------
-----------------------------------------
| rollout/                |             |
|    ep_len_mean          | 15.5        |
|    ep_rew_mean          | 7.85        |
| time/                   |             |
|    fps                  | 63          |
|    iterations           | 174         |
|    time_elapsed         | 5628        |
|    total_timesteps      | 356352      |
| train/                  |             |
|    approx_kl            | 0.027098553 |
|    clip_fraction        | 0.291       |
|    clip_range           | 0.2         |
|    entropy_loss         | -2.79       |
|    explained_variance   | 0.678       |
|    learning_rate        | 0.0003      |
|    loss                 | -0.00461    |
|    n_updates            | 1730        |
|    policy_gradient_loss | -0.0192     |
|    std                  | 0.368       |
|    value_loss           | 0.000665    |
-----------------------------------------
-----------------------------------------
| rollout/                |             |
|    ep_len_mean          | 15.8        |
|    ep_rew_mean          | 7.68        |
| time/                   |             |
|    fps                  | 63          |
|    iterations           | 175         |
|    time_elapsed         | 5665        |
|    total_timesteps      | 358400      |
| train/                  |             |
|    approx_kl            | 0.026375985 |
|    clip_fraction        | 0.306       |
|    clip_range           | 0.2         |
|    entropy_loss         | -2.74       |
|    explained_variance   | 0.768       |
|    learning_rate        | 0.0003      |
|    loss                 | -0.0294     |
|    n_updates            | 1740        |
|    policy_gradient_loss | -0.0208     |
|    std                  | 0.365       |
|    value_loss           | 0.000409    |
-----------------------------------------
----------------------------------------
| rollout/                |            |
|    ep_len_mean          | 15.8       |
|    ep_rew_mean          | 7.69       |
| time/                   |            |
|    fps                  | 63         |
|    iterations           | 176        |
|    time_elapsed         | 5703       |
|    total_timesteps      | 360448     |
| train/                  |            |
|    approx_kl            | 0.02445314 |
|    clip_fraction        | 0.31       |
|    clip_range           | 0.2        |
|    entropy_loss         | -2.7       |
|    explained_variance   | 0.725      |
|    learning_rate        | 0.0003     |
|    loss                 | -0.0567    |
|    n_updates            | 1750       |
|    policy_gradient_loss | -0.0225    |
|    std                  | 0.364      |
|    value_loss           | 0.000601   |
----------------------------------------
-----------------------------------------
| rollout/                |             |
|    ep_len_mean          | 15.2        |
|    ep_rew_mean          | 7.99        |
| time/                   |             |
|    fps                  | 63          |
|    iterations           | 177         |
|    time_elapsed         | 5739        |
|    total_timesteps      | 362496      |
| train/                  |             |
|    approx_kl            | 0.030517466 |
|    clip_fraction        | 0.307       |
|    clip_range           | 0.2         |
|    entropy_loss         | -2.67       |
|    explained_variance   | 0.79        |
|    learning_rate        | 0.0003      |
|    loss                 | 0.0177      |
|    n_updates            | 1760        |
|    policy_gradient_loss | -0.0207     |
|    std                  | 0.362       |
|    value_loss           | 0.000394    |
-----------------------------------------
-----------------------------------------
| rollout/                |             |
|    ep_len_mean          | 18          |
|    ep_rew_mean          | 7.25        |
| time/                   |             |
|    fps                  | 63          |
|    iterations           | 178         |
|    time_elapsed         | 5776        |
|    total_timesteps      | 364544      |
| train/                  |             |
|    approx_kl            | 0.024015699 |
|    clip_fraction        | 0.291       |
|    clip_range           | 0.2         |
|    entropy_loss         | -2.63       |
|    explained_variance   | 0.65        |
|    learning_rate        | 0.0003      |
|    loss                 | 0.035       |
|    n_updates            | 1770        |
|    policy_gradient_loss | -0.00935    |
|    std                  | 0.361       |
|    value_loss           | 0.000406    |
-----------------------------------------
----------------------------------------
| rollout/                |            |
|    ep_len_mean          | 15.4       |
|    ep_rew_mean          | 7.85       |
| time/                   |            |
|    fps                  | 63         |
|    iterations           | 179        |
|    time_elapsed         | 5813       |
|    total_timesteps      | 366592     |
| train/                  |            |
|    approx_kl            | 0.02168743 |
|    clip_fraction        | 0.302      |
|    clip_range           | 0.2        |
|    entropy_loss         | -2.59      |
|    explained_variance   | 0.789      |
|    learning_rate        | 0.0003     |
|    loss                 | -0.0496    |
|    n_updates            | 1780       |
|    policy_gradient_loss | -0.0153    |
|    std                  | 0.359      |
|    value_loss           | 0.00054    |
----------------------------------------
-----------------------------------------
| rollout/                |             |
|    ep_len_mean          | 16.2        |
|    ep_rew_mean          | 7.66        |
| time/                   |             |
|    fps                  | 63          |
|    iterations           | 180         |
|    time_elapsed         | 5850        |
|    total_timesteps      | 368640      |
| train/                  |             |
|    approx_kl            | 0.031510826 |
|    clip_fraction        | 0.317       |
|    clip_range           | 0.2         |
|    entropy_loss         | -2.56       |
|    explained_variance   | 0.783       |
|    learning_rate        | 0.0003      |
|    loss                 | -0.0272     |
|    n_updates            | 1790        |
|    policy_gradient_loss | -0.017      |
|    std                  | 0.358       |
|    value_loss           | 0.000403    |
-----------------------------------------
-----------------------------------------
| rollout/                |             |
|    ep_len_mean          | 15.5        |
|    ep_rew_mean          | 7.75        |
| time/                   |             |
|    fps                  | 62          |
|    iterations           | 181         |
|    time_elapsed         | 5888        |
|    total_timesteps      | 370688      |
| train/                  |             |
|    approx_kl            | 0.027592482 |
|    clip_fraction        | 0.309       |
|    clip_range           | 0.2         |
|    entropy_loss         | -2.54       |
|    explained_variance   | 0.768       |
|    learning_rate        | 0.0003      |
|    loss                 | -0.0409     |
|    n_updates            | 1800        |
|    policy_gradient_loss | -0.0184     |
|    std                  | 0.356       |
|    value_loss           | 0.000452    |
-----------------------------------------
----------------------------------------
| rollout/                |            |
|    ep_len_mean          | 16.1       |
|    ep_rew_mean          | 7.72       |
| time/                   |            |
|    fps                  | 62         |
|    iterations           | 182        |
|    time_elapsed         | 5925       |
|    total_timesteps      | 372736     |
| train/                  |            |
|    approx_kl            | 0.02569031 |
|    clip_fraction        | 0.327      |
|    clip_range           | 0.2        |
|    entropy_loss         | -2.5       |
|    explained_variance   | 0.767      |
|    learning_rate        | 0.0003     |
|    loss                 | -0.0678    |
|    n_updates            | 1810       |
|    policy_gradient_loss | -0.0227    |
|    std                  | 0.355      |
|    value_loss           | 0.000431   |
----------------------------------------
----------------------------------------
| rollout/                |            |
|    ep_len_mean          | 15.6       |
|    ep_rew_mean          | 7.8        |
| time/                   |            |
|    fps                  | 62         |
|    iterations           | 183        |
|    time_elapsed         | 5961       |
|    total_timesteps      | 374784     |
| train/                  |            |
|    approx_kl            | 0.02749037 |
|    clip_fraction        | 0.271      |
|    clip_range           | 0.2        |
|    entropy_loss         | -2.47      |
|    explained_variance   | 0.786      |
|    learning_rate        | 0.0003     |
|    loss                 | -0.0217    |
|    n_updates            | 1820       |
|    policy_gradient_loss | -0.0175    |
|    std                  | 0.354      |
|    value_loss           | 0.000407   |
----------------------------------------
-----------------------------------------
| rollout/                |             |
|    ep_len_mean          | 15.4        |
|    ep_rew_mean          | 7.97        |
| time/                   |             |
|    fps                  | 62          |
|    iterations           | 184         |
|    time_elapsed         | 5999        |
|    total_timesteps      | 376832      |
| train/                  |             |
|    approx_kl            | 0.027396489 |
|    clip_fraction        | 0.296       |
|    clip_range           | 0.2         |
|    entropy_loss         | -2.44       |
|    explained_variance   | 0.759       |
|    learning_rate        | 0.0003      |
|    loss                 | -0.0247     |
|    n_updates            | 1830        |
|    policy_gradient_loss | -0.00706    |
|    std                  | 0.353       |
|    value_loss           | 0.00055     |
-----------------------------------------
-----------------------------------------
| rollout/                |             |
|    ep_len_mean          | 15.2        |
|    ep_rew_mean          | 8.02        |
| time/                   |             |
|    fps                  | 62          |
|    iterations           | 185         |
|    time_elapsed         | 6036        |
|    total_timesteps      | 378880      |
| train/                  |             |
|    approx_kl            | 0.028546013 |
|    clip_fraction        | 0.32        |
|    clip_range           | 0.2         |
|    entropy_loss         | -2.4        |
|    explained_variance   | 0.816       |
|    learning_rate        | 0.0003      |
|    loss                 | -0.0137     |
|    n_updates            | 1840        |
|    policy_gradient_loss | -0.0182     |
|    std                  | 0.35        |
|    value_loss           | 0.000301    |
-----------------------------------------
-----------------------------------------
| rollout/                |             |
|    ep_len_mean          | 14.9        |
|    ep_rew_mean          | 8.09        |
| time/                   |             |
|    fps                  | 62          |
|    iterations           | 186         |
|    time_elapsed         | 6074        |
|    total_timesteps      | 380928      |
| train/                  |             |
|    approx_kl            | 0.029346446 |
|    clip_fraction        | 0.325       |
|    clip_range           | 0.2         |
|    entropy_loss         | -2.34       |
|    explained_variance   | 0.799       |
|    learning_rate        | 0.0003      |
|    loss                 | -0.0556     |
|    n_updates            | 1850        |
|    policy_gradient_loss | -0.0193     |
|    std                  | 0.347       |
|    value_loss           | 0.000412    |
-----------------------------------------
-----------------------------------------
| rollout/                |             |
|    ep_len_mean          | 17.3        |
|    ep_rew_mean          | 7.42        |
| time/                   |             |
|    fps                  | 62          |
|    iterations           | 187         |
|    time_elapsed         | 6111        |
|    total_timesteps      | 382976      |
| train/                  |             |
|    approx_kl            | 0.038112026 |
|    clip_fraction        | 0.333       |
|    clip_range           | 0.2         |
|    entropy_loss         | -2.27       |
|    explained_variance   | 0.862       |
|    learning_rate        | 0.0003      |
|    loss                 | -0.0405     |
|    n_updates            | 1860        |
|    policy_gradient_loss | -0.0178     |
|    std                  | 0.344       |
|    value_loss           | 0.00025     |
-----------------------------------------
-----------------------------------------
| rollout/                |             |
|    ep_len_mean          | 15.8        |
|    ep_rew_mean          | 7.83        |
| time/                   |             |
|    fps                  | 62          |
|    iterations           | 188         |
|    time_elapsed         | 6148        |
|    total_timesteps      | 385024      |
| train/                  |             |
|    approx_kl            | 0.031816095 |
|    clip_fraction        | 0.324       |
|    clip_range           | 0.2         |
|    entropy_loss         | -2.2        |
|    explained_variance   | 0.861       |
|    learning_rate        | 0.0003      |
|    loss                 | 0.00983     |
|    n_updates            | 1870        |
|    policy_gradient_loss | -0.0109     |
|    std                  | 0.341       |
|    value_loss           | 0.000489    |
-----------------------------------------
-----------------------------------------
| rollout/                |             |
|    ep_len_mean          | 15.3        |
|    ep_rew_mean          | 7.84        |
| time/                   |             |
|    fps                  | 62          |
|    iterations           | 189         |
|    time_elapsed         | 6186        |
|    total_timesteps      | 387072      |
| train/                  |             |
|    approx_kl            | 0.028167933 |
|    clip_fraction        | 0.332       |
|    clip_range           | 0.2         |
|    entropy_loss         | -2.13       |
|    explained_variance   | 0.812       |
|    learning_rate        | 0.0003      |
|    loss                 | -0.0236     |
|    n_updates            | 1880        |
|    policy_gradient_loss | -0.0173     |
|    std                  | 0.337       |
|    value_loss           | 0.000382    |
-----------------------------------------
----------------------------------------
| rollout/                |            |
|    ep_len_mean          | 15.1       |
|    ep_rew_mean          | 7.95       |
| time/                   |            |
|    fps                  | 62         |
|    iterations           | 190        |
|    time_elapsed         | 6223       |
|    total_timesteps      | 389120     |
| train/                  |            |
|    approx_kl            | 0.03373331 |
|    clip_fraction        | 0.332      |
|    clip_range           | 0.2        |
|    entropy_loss         | -2.05      |
|    explained_variance   | 0.826      |
|    learning_rate        | 0.0003     |
|    loss                 | 0.0171     |
|    n_updates            | 1890       |
|    policy_gradient_loss | -0.023     |
|    std                  | 0.334      |
|    value_loss           | 0.000366   |
----------------------------------------
----------------------------------------
| rollout/                |            |
|    ep_len_mean          | 15.3       |
|    ep_rew_mean          | 7.94       |
| time/                   |            |
|    fps                  | 62         |
|    iterations           | 191        |
|    time_elapsed         | 6256       |
|    total_timesteps      | 391168     |
| train/                  |            |
|    approx_kl            | 0.03157668 |
|    clip_fraction        | 0.316      |
|    clip_range           | 0.2        |
|    entropy_loss         | -2         |
|    explained_variance   | 0.859      |
|    learning_rate        | 0.0003     |
|    loss                 | -0.0483    |
|    n_updates            | 1900       |
|    policy_gradient_loss | -0.0172    |
|    std                  | 0.332      |
|    value_loss           | 0.000283   |
----------------------------------------
-----------------------------------------
| rollout/                |             |
|    ep_len_mean          | 14.8        |
|    ep_rew_mean          | 8.1         |
| time/                   |             |
|    fps                  | 62          |
|    iterations           | 192         |
|    time_elapsed         | 6286        |
|    total_timesteps      | 393216      |
| train/                  |             |
|    approx_kl            | 0.027341135 |
|    clip_fraction        | 0.314       |
|    clip_range           | 0.2         |
|    entropy_loss         | -1.94       |
|    explained_variance   | 0.841       |
|    learning_rate        | 0.0003      |
|    loss                 | -0.0416     |
|    n_updates            | 1910        |
|    policy_gradient_loss | -0.0174     |
|    std                  | 0.329       |
|    value_loss           | 0.000315    |
-----------------------------------------
-----------------------------------------
| rollout/                |             |
|    ep_len_mean          | 15.2        |
|    ep_rew_mean          | 8           |
| time/                   |             |
|    fps                  | 62          |
|    iterations           | 193         |
|    time_elapsed         | 6313        |
|    total_timesteps      | 395264      |
| train/                  |             |
|    approx_kl            | 0.029061254 |
|    clip_fraction        | 0.323       |
|    clip_range           | 0.2         |
|    entropy_loss         | -1.89       |
|    explained_variance   | 0.888       |
|    learning_rate        | 0.0003      |
|    loss                 | -0.0574     |
|    n_updates            | 1920        |
|    policy_gradient_loss | -0.0104     |
|    std                  | 0.327       |
|    value_loss           | 0.000217    |
-----------------------------------------
-----------------------------------------
| rollout/                |             |
|    ep_len_mean          | 16.4        |
|    ep_rew_mean          | 7.74        |
| time/                   |             |
|    fps                  | 62          |
|    iterations           | 194         |
|    time_elapsed         | 6337        |
|    total_timesteps      | 397312      |
| train/                  |             |
|    approx_kl            | 0.034555383 |
|    clip_fraction        | 0.335       |
|    clip_range           | 0.2         |
|    entropy_loss         | -1.84       |
|    explained_variance   | 0.85        |
|    learning_rate        | 0.0003      |
|    loss                 | 0.00979     |
|    n_updates            | 1930        |
|    policy_gradient_loss | -0.0198     |
|    std                  | 0.325       |
|    value_loss           | 0.000307    |
-----------------------------------------
----------------------------------------
| rollout/                |            |
|    ep_len_mean          | 15.3       |
|    ep_rew_mean          | 8.02       |
| time/                   |            |
|    fps                  | 62         |
|    iterations           | 195        |
|    time_elapsed         | 6361       |
|    total_timesteps      | 399360     |
| train/                  |            |
|    approx_kl            | 0.04202447 |
|    clip_fraction        | 0.367      |
|    clip_range           | 0.2        |
|    entropy_loss         | -1.8       |
|    explained_variance   | 0.781      |
|    learning_rate        | 0.0003     |
|    loss                 | 0.0172     |
|    n_updates            | 1940       |
|    policy_gradient_loss | -0.0154    |
|    std                  | 0.324      |
|    value_loss           | 0.000429   |
----------------------------------------
----------------------------------------
| rollout/                |            |
|    ep_len_mean          | 14.9       |
|    ep_rew_mean          | 8.18       |
| time/                   |            |
|    fps                  | 62         |
|    iterations           | 196        |
|    time_elapsed         | 6385       |
|    total_timesteps      | 401408     |
| train/                  |            |
|    approx_kl            | 0.03482435 |
|    clip_fraction        | 0.345      |
|    clip_range           | 0.2        |
|    entropy_loss         | -1.77      |
|    explained_variance   | 0.834      |
|    learning_rate        | 0.0003     |
|    loss                 | -0.0158    |
|    n_updates            | 1950       |
|    policy_gradient_loss | -0.0181    |
|    std                  | 0.323      |
|    value_loss           | 0.000363   |
----------------------------------------
saved models/C4_seed0.zip and models/C4_seed0_vecnormalize.pkl
