=== training C4_seed1 for 400000 steps ===
    port 5401
--------------------------------------------------------------
[threshold consistency]
  success distance      = 0.030 m
  force at success      = 5.00 N
  comfort / danger      = 6.0 N / 10.0 N
  >>> OK: the success point lies inside the safe band.
--------------------------------------------------------------
Waiting for connections on port: 5402...
Connected successfully
Using cpu device
----------------------------------
| rollout/           |           |
|    ep_len_mean     | 200       |
|    ep_rew_mean     | -1.26e+03 |
| time/              |           |
|    fps             | 80        |
|    iterations      | 1         |
|    time_elapsed    | 25        |
|    total_timesteps | 2048      |
----------------------------------
-----------------------------------------
| rollout/                |             |
|    ep_len_mean          | 200         |
|    ep_rew_mean          | -1.05e+03   |
| time/                   |             |
|    fps                  | 77          |
|    iterations           | 2           |
|    time_elapsed         | 52          |
|    total_timesteps      | 4096        |
| train/                  |             |
|    approx_kl            | 0.014054377 |
|    clip_fraction        | 0.139       |
|    clip_range           | 0.2         |
|    entropy_loss         | -9.96       |
|    explained_variance   | 0.275       |
|    learning_rate        | 0.0003      |
|    loss                 | -0.00168    |
|    n_updates            | 10          |
|    policy_gradient_loss | -0.024      |
|    std                  | 1.01        |
|    value_loss           | 0.562       |
-----------------------------------------
----------------------------------------
| rollout/                |            |
|    ep_len_mean          | 200        |
|    ep_rew_mean          | -1e+03     |
| time/                   |            |
|    fps                  | 76         |
|    iterations           | 3          |
|    time_elapsed         | 80         |
|    total_timesteps      | 6144       |
| train/                  |            |
|    approx_kl            | 0.01689129 |
|    clip_fraction        | 0.194      |
|    clip_range           | 0.2        |
|    entropy_loss         | -9.94      |
|    explained_variance   | 0.541      |
|    learning_rate        | 0.0003     |
|    loss                 | -0.00203   |
|    n_updates            | 20         |
|    policy_gradient_loss | -0.0298    |
|    std                  | 0.998      |
|    value_loss           | 0.0564     |
----------------------------------------
-----------------------------------------
| rollout/                |             |
|    ep_len_mean          | 200         |
|    ep_rew_mean          | -942        |
| time/                   |             |
|    fps                  | 76          |
|    iterations           | 4           |
|    time_elapsed         | 107         |
|    total_timesteps      | 8192        |
| train/                  |             |
|    approx_kl            | 0.013649456 |
|    clip_fraction        | 0.139       |
|    clip_range           | 0.2         |
|    entropy_loss         | -9.93       |
|    explained_variance   | 0.625       |
|    learning_rate        | 0.0003      |
|    loss                 | -0.0392     |
|    n_updates            | 30          |
|    policy_gradient_loss | -0.0256     |
|    std                  | 1           |
|    value_loss           | 0.0295      |
-----------------------------------------
----------------------------------------
| rollout/                |            |
|    ep_len_mean          | 200        |
|    ep_rew_mean          | -883       |
| time/                   |            |
|    fps                  | 75         |
|    iterations           | 5          |
|    time_elapsed         | 134        |
|    total_timesteps      | 10240      |
| train/                  |            |
|    approx_kl            | 0.01689032 |
|    clip_fraction        | 0.199      |
|    clip_range           | 0.2        |
|    entropy_loss         | -9.93      |
|    explained_variance   | 0.429      |
|    learning_rate        | 0.0003     |
|    loss                 | -0.0329    |
|    n_updates            | 40         |
|    policy_gradient_loss | -0.0329    |
|    std                  | 1          |
|    value_loss           | 0.0342     |
----------------------------------------
-----------------------------------------
| rollout/                |             |
|    ep_len_mean          | 200         |
|    ep_rew_mean          | -849        |
| time/                   |             |
|    fps                  | 75          |
|    iterations           | 6           |
|    time_elapsed         | 161         |
|    total_timesteps      | 12288       |
| train/                  |             |
|    approx_kl            | 0.017380983 |
|    clip_fraction        | 0.2         |
|    clip_range           | 0.2         |
|    entropy_loss         | -9.91       |
|    explained_variance   | 0.586       |
|    learning_rate        | 0.0003      |
|    loss                 | -0.00306    |
|    n_updates            | 50          |
|    policy_gradient_loss | -0.032      |
|    std                  | 0.995       |
|    value_loss           | 0.0205      |
-----------------------------------------
-----------------------------------------
| rollout/                |             |
|    ep_len_mean          | 200         |
|    ep_rew_mean          | -804        |
| time/                   |             |
|    fps                  | 75          |
|    iterations           | 7           |
|    time_elapsed         | 189         |
|    total_timesteps      | 14336       |
| train/                  |             |
|    approx_kl            | 0.017281014 |
|    clip_fraction        | 0.187       |
|    clip_range           | 0.2         |
|    entropy_loss         | -9.87       |
|    explained_variance   | 0.493       |
|    learning_rate        | 0.0003      |
|    loss                 | 0.00405     |
|    n_updates            | 60          |
|    policy_gradient_loss | -0.0312     |
|    std                  | 0.989       |
|    value_loss           | 0.0197      |
-----------------------------------------
-----------------------------------------
| rollout/                |             |
|    ep_len_mean          | 200         |
|    ep_rew_mean          | -757        |
| time/                   |             |
|    fps                  | 75          |
|    iterations           | 8           |
|    time_elapsed         | 217         |
|    total_timesteps      | 16384       |
| train/                  |             |
|    approx_kl            | 0.014682453 |
|    clip_fraction        | 0.171       |
|    clip_range           | 0.2         |
|    entropy_loss         | -9.84       |
|    explained_variance   | 0.446       |
|    learning_rate        | 0.0003      |
|    loss                 | -0.0247     |
|    n_updates            | 70          |
|    policy_gradient_loss | -0.0261     |
|    std                  | 0.986       |
|    value_loss           | 0.0154      |
-----------------------------------------
-----------------------------------------
| rollout/                |             |
|    ep_len_mean          | 200         |
|    ep_rew_mean          | -723        |
| time/                   |             |
|    fps                  | 75          |
|    iterations           | 9           |
|    time_elapsed         | 244         |
|    total_timesteps      | 18432       |
| train/                  |             |
|    approx_kl            | 0.014389841 |
|    clip_fraction        | 0.164       |
|    clip_range           | 0.2         |
|    entropy_loss         | -9.85       |
|    explained_variance   | 0.274       |
|    learning_rate        | 0.0003      |
|    loss                 | -0.0278     |
|    n_updates            | 80          |
|    policy_gradient_loss | -0.0283     |
|    std                  | 0.989       |
|    value_loss           | 0.0103      |
-----------------------------------------
-----------------------------------------
| rollout/                |             |
|    ep_len_mean          | 200         |
|    ep_rew_mean          | -685        |
| time/                   |             |
|    fps                  | 75          |
|    iterations           | 10          |
|    time_elapsed         | 271         |
|    total_timesteps      | 20480       |
| train/                  |             |
|    approx_kl            | 0.013503724 |
|    clip_fraction        | 0.157       |
|    clip_range           | 0.2         |
|    entropy_loss         | -9.86       |
|    explained_variance   | 0.666       |
|    learning_rate        | 0.0003      |
|    loss                 | -0.0159     |
|    n_updates            | 90          |
|    policy_gradient_loss | -0.0286     |
|    std                  | 0.989       |
|    value_loss           | 0.0101      |
-----------------------------------------
-----------------------------------------
| rollout/                |             |
|    ep_len_mean          | 200         |
|    ep_rew_mean          | -597        |
| time/                   |             |
|    fps                  | 75          |
|    iterations           | 11          |
|    time_elapsed         | 298         |
|    total_timesteps      | 22528       |
| train/                  |             |
|    approx_kl            | 0.014712889 |
|    clip_fraction        | 0.187       |
|    clip_range           | 0.2         |
|    entropy_loss         | -9.83       |
|    explained_variance   | 0.322       |
|    learning_rate        | 0.0003      |
|    loss                 | -0.00594    |
|    n_updates            | 100         |
|    policy_gradient_loss | -0.0307     |
|    std                  | 0.983       |
|    value_loss           | 0.00909     |
-----------------------------------------
-----------------------------------------
| rollout/                |             |
|    ep_len_mean          | 200         |
|    ep_rew_mean          | -546        |
| time/                   |             |
|    fps                  | 75          |
|    iterations           | 12          |
|    time_elapsed         | 325         |
|    total_timesteps      | 24576       |
| train/                  |             |
|    approx_kl            | 0.014432183 |
|    clip_fraction        | 0.146       |
|    clip_range           | 0.2         |
|    entropy_loss         | -9.79       |
|    explained_variance   | 0.452       |
|    learning_rate        | 0.0003      |
|    loss                 | -0.0282     |
|    n_updates            | 110         |
|    policy_gradient_loss | -0.0255     |
|    std                  | 0.978       |
|    value_loss           | 0.00703     |
-----------------------------------------
-----------------------------------------
| rollout/                |             |
|    ep_len_mean          | 200         |
|    ep_rew_mean          | -485        |
| time/                   |             |
|    fps                  | 75          |
|    iterations           | 13          |
|    time_elapsed         | 352         |
|    total_timesteps      | 26624       |
| train/                  |             |
|    approx_kl            | 0.017857471 |
|    clip_fraction        | 0.192       |
|    clip_range           | 0.2         |
|    entropy_loss         | -9.78       |
|    explained_variance   | 0.514       |
|    learning_rate        | 0.0003      |
|    loss                 | -0.0306     |
|    n_updates            | 120         |
|    policy_gradient_loss | -0.0309     |
|    std                  | 0.979       |
|    value_loss           | 0.00533     |
-----------------------------------------
-----------------------------------------
| rollout/                |             |
|    ep_len_mean          | 200         |
|    ep_rew_mean          | -438        |
| time/                   |             |
|    fps                  | 75          |
|    iterations           | 14          |
|    time_elapsed         | 379         |
|    total_timesteps      | 28672       |
| train/                  |             |
|    approx_kl            | 0.014575707 |
|    clip_fraction        | 0.164       |
|    clip_range           | 0.2         |
|    entropy_loss         | -9.76       |
|    explained_variance   | 0.267       |
|    learning_rate        | 0.0003      |
|    loss                 | -0.0453     |
|    n_updates            | 130         |
|    policy_gradient_loss | -0.0301     |
|    std                  | 0.974       |
|    value_loss           | 0.00382     |
-----------------------------------------
-----------------------------------------
| rollout/                |             |
|    ep_len_mean          | 200         |
|    ep_rew_mean          | -408        |
| time/                   |             |
|    fps                  | 75          |
|    iterations           | 15          |
|    time_elapsed         | 406         |
|    total_timesteps      | 30720       |
| train/                  |             |
|    approx_kl            | 0.013413859 |
|    clip_fraction        | 0.155       |
|    clip_range           | 0.2         |
|    entropy_loss         | -9.74       |
|    explained_variance   | 0.406       |
|    learning_rate        | 0.0003      |
|    loss                 | -0.0189     |
|    n_updates            | 140         |
|    policy_gradient_loss | -0.0256     |
|    std                  | 0.972       |
|    value_loss           | 0.00292     |
-----------------------------------------
----------------------------------------
| rollout/                |            |
|    ep_len_mean          | 200        |
|    ep_rew_mean          | -376       |
| time/                   |            |
|    fps                  | 75         |
|    iterations           | 16         |
|    time_elapsed         | 433        |
|    total_timesteps      | 32768      |
| train/                  |            |
|    approx_kl            | 0.01575302 |
|    clip_fraction        | 0.156      |
|    clip_range           | 0.2        |
|    entropy_loss         | -9.75      |
|    explained_variance   | 0.389      |
|    learning_rate        | 0.0003     |
|    loss                 | -0.0209    |
|    n_updates            | 150        |
|    policy_gradient_loss | -0.0251    |
|    std                  | 0.975      |
|    value_loss           | 0.00665    |
----------------------------------------
-----------------------------------------
| rollout/                |             |
|    ep_len_mean          | 200         |
|    ep_rew_mean          | -352        |
| time/                   |             |
|    fps                  | 75          |
|    iterations           | 17          |
|    time_elapsed         | 460         |
|    total_timesteps      | 34816       |
| train/                  |             |
|    approx_kl            | 0.015340528 |
|    clip_fraction        | 0.181       |
|    clip_range           | 0.2         |
|    entropy_loss         | -9.75       |
|    explained_variance   | 0.727       |
|    learning_rate        | 0.0003      |
|    loss                 | -0.0322     |
|    n_updates            | 160         |
|    policy_gradient_loss | -0.0301     |
|    std                  | 0.975       |
|    value_loss           | 0.00426     |
-----------------------------------------
-----------------------------------------
| rollout/                |             |
|    ep_len_mean          | 200         |
|    ep_rew_mean          | -328        |
| time/                   |             |
|    fps                  | 75          |
|    iterations           | 18          |
|    time_elapsed         | 487         |
|    total_timesteps      | 36864       |
| train/                  |             |
|    approx_kl            | 0.016048614 |
|    clip_fraction        | 0.174       |
|    clip_range           | 0.2         |
|    entropy_loss         | -9.74       |
|    explained_variance   | 0.681       |
|    learning_rate        | 0.0003      |
|    loss                 | -0.0245     |
|    n_updates            | 170         |
|    policy_gradient_loss | -0.031      |
|    std                  | 0.972       |
|    value_loss           | 0.00207     |
-----------------------------------------
-----------------------------------------
| rollout/                |             |
|    ep_len_mean          | 200         |
|    ep_rew_mean          | -307        |
| time/                   |             |
|    fps                  | 75          |
|    iterations           | 19          |
|    time_elapsed         | 514         |
|    total_timesteps      | 38912       |
| train/                  |             |
|    approx_kl            | 0.015587177 |
|    clip_fraction        | 0.179       |
|    clip_range           | 0.2         |
|    entropy_loss         | -9.71       |
|    explained_variance   | 0.571       |
|    learning_rate        | 0.0003      |
|    loss                 | -0.0494     |
|    n_updates            | 180         |
|    policy_gradient_loss | -0.0292     |
|    std                  | 0.967       |
|    value_loss           | 0.00146     |
-----------------------------------------
-----------------------------------------
| rollout/                |             |
|    ep_len_mean          | 200         |
|    ep_rew_mean          | -293        |
| time/                   |             |
|    fps                  | 75          |
|    iterations           | 20          |
|    time_elapsed         | 541         |
|    total_timesteps      | 40960       |
| train/                  |             |
|    approx_kl            | 0.013741946 |
|    clip_fraction        | 0.166       |
|    clip_range           | 0.2         |
|    entropy_loss         | -9.69       |
|    explained_variance   | 0.567       |
|    learning_rate        | 0.0003      |
|    loss                 | -0.0315     |
|    n_updates            | 190         |
|    policy_gradient_loss | -0.0284     |
|    std                  | 0.966       |
|    value_loss           | 0.00106     |
-----------------------------------------
-----------------------------------------
| rollout/                |             |
|    ep_len_mean          | 200         |
|    ep_rew_mean          | -275        |
| time/                   |             |
|    fps                  | 75          |
|    iterations           | 21          |
|    time_elapsed         | 567         |
|    total_timesteps      | 43008       |
| train/                  |             |
|    approx_kl            | 0.018468082 |
|    clip_fraction        | 0.21        |
|    clip_range           | 0.2         |
|    entropy_loss         | -9.68       |
|    explained_variance   | 0.721       |
|    learning_rate        | 0.0003      |
|    loss                 | -0.03       |
|    n_updates            | 200         |
|    policy_gradient_loss | -0.0341     |
|    std                  | 0.964       |
|    value_loss           | 0.00108     |
-----------------------------------------
-----------------------------------------
| rollout/                |             |
|    ep_len_mean          | 200         |
|    ep_rew_mean          | -262        |
| time/                   |             |
|    fps                  | 75          |
|    iterations           | 22          |
|    time_elapsed         | 594         |
|    total_timesteps      | 45056       |
| train/                  |             |
|    approx_kl            | 0.014112909 |
|    clip_fraction        | 0.176       |
|    clip_range           | 0.2         |
|    entropy_loss         | -9.66       |
|    explained_variance   | 0.701       |
|    learning_rate        | 0.0003      |
|    loss                 | -0.0256     |
|    n_updates            | 210         |
|    policy_gradient_loss | -0.0278     |
|    std                  | 0.962       |
|    value_loss           | 0.000738    |
-----------------------------------------
-----------------------------------------
| rollout/                |             |
|    ep_len_mean          | 200         |
|    ep_rew_mean          | -251        |
| time/                   |             |
|    fps                  | 75          |
|    iterations           | 23          |
|    time_elapsed         | 621         |
|    total_timesteps      | 47104       |
| train/                  |             |
|    approx_kl            | 0.016683377 |
|    clip_fraction        | 0.203       |
|    clip_range           | 0.2         |
|    entropy_loss         | -9.62       |
|    explained_variance   | 0.36        |
|    learning_rate        | 0.0003      |
|    loss                 | -0.0201     |
|    n_updates            | 220         |
|    policy_gradient_loss | -0.0317     |
|    std                  | 0.955       |
|    value_loss           | 0.000691    |
-----------------------------------------
----------------------------------------
| rollout/                |            |
|    ep_len_mean          | 200        |
|    ep_rew_mean          | -240       |
| time/                   |            |
|    fps                  | 75         |
|    iterations           | 24         |
|    time_elapsed         | 647        |
|    total_timesteps      | 49152      |
| train/                  |            |
|    approx_kl            | 0.01454299 |
|    clip_fraction        | 0.172      |
|    clip_range           | 0.2        |
|    entropy_loss         | -9.56      |
|    explained_variance   | -0.0717    |
|    learning_rate        | 0.0003     |
|    loss                 | -0.0421    |
|    n_updates            | 230        |
|    policy_gradient_loss | -0.0288    |
|    std                  | 0.946      |
|    value_loss           | 0.000622   |
----------------------------------------
-----------------------------------------
| rollout/                |             |
|    ep_len_mean          | 200         |
|    ep_rew_mean          | -219        |
| time/                   |             |
|    fps                  | 75          |
|    iterations           | 25          |
|    time_elapsed         | 674         |
|    total_timesteps      | 51200       |
| train/                  |             |
|    approx_kl            | 0.015529782 |
|    clip_fraction        | 0.167       |
|    clip_range           | 0.2         |
|    entropy_loss         | -9.51       |
|    explained_variance   | 0.16        |
|    learning_rate        | 0.0003      |
|    loss                 | -0.036      |
|    n_updates            | 240         |
|    policy_gradient_loss | -0.0286     |
|    std                  | 0.941       |
|    value_loss           | 0.000571    |
-----------------------------------------
----------------------------------------
| rollout/                |            |
|    ep_len_mean          | 200        |
|    ep_rew_mean          | -209       |
| time/                   |            |
|    fps                  | 75         |
|    iterations           | 26         |
|    time_elapsed         | 701        |
|    total_timesteps      | 53248      |
| train/                  |            |
|    approx_kl            | 0.01723918 |
|    clip_fraction        | 0.206      |
|    clip_range           | 0.2        |
|    entropy_loss         | -9.5       |
|    explained_variance   | 0.271      |
|    learning_rate        | 0.0003     |
|    loss                 | -0.0445    |
|    n_updates            | 250        |
|    policy_gradient_loss | -0.0326    |
|    std                  | 0.94       |
|    value_loss           | 0.000509   |
----------------------------------------
-----------------------------------------
| rollout/                |             |
|    ep_len_mean          | 200         |
|    ep_rew_mean          | -203        |
| time/                   |             |
|    fps                  | 75          |
|    iterations           | 27          |
|    time_elapsed         | 728         |
|    total_timesteps      | 55296       |
| train/                  |             |
|    approx_kl            | 0.016423935 |
|    clip_fraction        | 0.202       |
|    clip_range           | 0.2         |
|    entropy_loss         | -9.46       |
|    explained_variance   | -0.0339     |
|    learning_rate        | 0.0003      |
|    loss                 | -0.0439     |
|    n_updates            | 260         |
|    policy_gradient_loss | -0.0332     |
|    std                  | 0.934       |
|    value_loss           | 0.00053     |
-----------------------------------------
-----------------------------------------
| rollout/                |             |
|    ep_len_mean          | 200         |
|    ep_rew_mean          | -196        |
| time/                   |             |
|    fps                  | 75          |
|    iterations           | 28          |
|    time_elapsed         | 755         |
|    total_timesteps      | 57344       |
| train/                  |             |
|    approx_kl            | 0.015755065 |
|    clip_fraction        | 0.192       |
|    clip_range           | 0.2         |
|    entropy_loss         | -9.42       |
|    explained_variance   | -0.475      |
|    learning_rate        | 0.0003      |
|    loss                 | -0.0451     |
|    n_updates            | 270         |
|    policy_gradient_loss | -0.0328     |
|    std                  | 0.928       |
|    value_loss           | 0.000519    |
-----------------------------------------
-----------------------------------------
| rollout/                |             |
|    ep_len_mean          | 200         |
|    ep_rew_mean          | -193        |
| time/                   |             |
|    fps                  | 75          |
|    iterations           | 29          |
|    time_elapsed         | 782         |
|    total_timesteps      | 59392       |
| train/                  |             |
|    approx_kl            | 0.015656475 |
|    clip_fraction        | 0.184       |
|    clip_range           | 0.2         |
|    entropy_loss         | -9.38       |
|    explained_variance   | 0.06        |
|    learning_rate        | 0.0003      |
|    loss                 | -0.0514     |
|    n_updates            | 280         |
|    policy_gradient_loss | -0.0297     |
|    std                  | 0.926       |
|    value_loss           | 0.000393    |
-----------------------------------------
-----------------------------------------
| rollout/                |             |
|    ep_len_mean          | 200         |
|    ep_rew_mean          | -187        |
| time/                   |             |
|    fps                  | 75          |
|    iterations           | 30          |
|    time_elapsed         | 808         |
|    total_timesteps      | 61440       |
| train/                  |             |
|    approx_kl            | 0.017047558 |
|    clip_fraction        | 0.206       |
|    clip_range           | 0.2         |
|    entropy_loss         | -9.35       |
|    explained_variance   | 0.195       |
|    learning_rate        | 0.0003      |
|    loss                 | -0.0714     |
|    n_updates            | 290         |
|    policy_gradient_loss | -0.0333     |
|    std                  | 0.918       |
|    value_loss           | 0.000576    |
-----------------------------------------
-----------------------------------------
| rollout/                |             |
|    ep_len_mean          | 200         |
|    ep_rew_mean          | -183        |
| time/                   |             |
|    fps                  | 75          |
|    iterations           | 31          |
|    time_elapsed         | 835         |
|    total_timesteps      | 63488       |
| train/                  |             |
|    approx_kl            | 0.015433097 |
|    clip_fraction        | 0.191       |
|    clip_range           | 0.2         |
|    entropy_loss         | -9.28       |
|    explained_variance   | 0.012       |
|    learning_rate        | 0.0003      |
|    loss                 | -0.0466     |
|    n_updates            | 300         |
|    policy_gradient_loss | -0.0304     |
|    std                  | 0.911       |
|    value_loss           | 0.000348    |
-----------------------------------------
-----------------------------------------
| rollout/                |             |
|    ep_len_mean          | 200         |
|    ep_rew_mean          | -179        |
| time/                   |             |
|    fps                  | 75          |
|    iterations           | 32          |
|    time_elapsed         | 862         |
|    total_timesteps      | 65536       |
| train/                  |             |
|    approx_kl            | 0.014137574 |
|    clip_fraction        | 0.178       |
|    clip_range           | 0.2         |
|    entropy_loss         | -9.24       |
|    explained_variance   | 0.248       |
|    learning_rate        | 0.0003      |
|    loss                 | -0.0558     |
|    n_updates            | 310         |
|    policy_gradient_loss | -0.0306     |
|    std                  | 0.906       |
|    value_loss           | 0.000403    |
-----------------------------------------
-----------------------------------------
| rollout/                |             |
|    ep_len_mean          | 200         |
|    ep_rew_mean          | -175        |
| time/                   |             |
|    fps                  | 75          |
|    iterations           | 33          |
|    time_elapsed         | 889         |
|    total_timesteps      | 67584       |
| train/                  |             |
|    approx_kl            | 0.017681189 |
|    clip_fraction        | 0.221       |
|    clip_range           | 0.2         |
|    entropy_loss         | -9.19       |
|    explained_variance   | -0.564      |
|    learning_rate        | 0.0003      |
|    loss                 | -0.0431     |
|    n_updates            | 320         |
|    policy_gradient_loss | -0.0334     |
|    std                  | 0.899       |
|    value_loss           | 0.000405    |
-----------------------------------------
-----------------------------------------
| rollout/                |             |
|    ep_len_mean          | 200         |
|    ep_rew_mean          | -172        |
| time/                   |             |
|    fps                  | 75          |
|    iterations           | 34          |
|    time_elapsed         | 917         |
|    total_timesteps      | 69632       |
| train/                  |             |
|    approx_kl            | 0.014008602 |
|    clip_fraction        | 0.173       |
|    clip_range           | 0.2         |
|    entropy_loss         | -9.11       |
|    explained_variance   | 0.303       |
|    learning_rate        | 0.0003      |
|    loss                 | -0.0519     |
|    n_updates            | 330         |
|    policy_gradient_loss | -0.0268     |
|    std                  | 0.888       |
|    value_loss           | 0.000259    |
-----------------------------------------
-----------------------------------------
| rollout/                |             |
|    ep_len_mean          | 200         |
|    ep_rew_mean          | -169        |
| time/                   |             |
|    fps                  | 75          |
|    iterations           | 35          |
|    time_elapsed         | 944         |
|    total_timesteps      | 71680       |
| train/                  |             |
|    approx_kl            | 0.016263304 |
|    clip_fraction        | 0.191       |
|    clip_range           | 0.2         |
|    entropy_loss         | -9.05       |
|    explained_variance   | 0.5         |
|    learning_rate        | 0.0003      |
|    loss                 | -0.0279     |
|    n_updates            | 340         |
|    policy_gradient_loss | -0.0343     |
|    std                  | 0.881       |
|    value_loss           | 0.00059     |
-----------------------------------------
-----------------------------------------
| rollout/                |             |
|    ep_len_mean          | 200         |
|    ep_rew_mean          | -164        |
| time/                   |             |
|    fps                  | 75          |
|    iterations           | 36          |
|    time_elapsed         | 971         |
|    total_timesteps      | 73728       |
| train/                  |             |
|    approx_kl            | 0.014598713 |
|    clip_fraction        | 0.166       |
|    clip_range           | 0.2         |
|    entropy_loss         | -9.01       |
|    explained_variance   | 0.824       |
|    learning_rate        | 0.0003      |
|    loss                 | -0.0143     |
|    n_updates            | 350         |
|    policy_gradient_loss | -0.0247     |
|    std                  | 0.877       |
|    value_loss           | 0.000345    |
-----------------------------------------
-----------------------------------------
| rollout/                |             |
|    ep_len_mean          | 200         |
|    ep_rew_mean          | -160        |
| time/                   |             |
|    fps                  | 75          |
|    iterations           | 37          |
|    time_elapsed         | 998         |
|    total_timesteps      | 75776       |
| train/                  |             |
|    approx_kl            | 0.017515155 |
|    clip_fraction        | 0.208       |
|    clip_range           | 0.2         |
|    entropy_loss         | -8.94       |
|    explained_variance   | 0.503       |
|    learning_rate        | 0.0003      |
|    loss                 | -0.0476     |
|    n_updates            | 360         |
|    policy_gradient_loss | -0.0329     |
|    std                  | 0.867       |
|    value_loss           | 0.00032     |
-----------------------------------------
----------------------------------------
| rollout/                |            |
|    ep_len_mean          | 200        |
|    ep_rew_mean          | -156       |
| time/                   |            |
|    fps                  | 75         |
|    iterations           | 38         |
|    time_elapsed         | 1026       |
|    total_timesteps      | 77824      |
| train/                  |            |
|    approx_kl            | 0.01605114 |
|    clip_fraction        | 0.183      |
|    clip_range           | 0.2        |
|    entropy_loss         | -8.86      |
|    explained_variance   | 0.811      |
|    learning_rate        | 0.0003     |
|    loss                 | -0.0644    |
|    n_updates            | 370        |
|    policy_gradient_loss | -0.0299    |
|    std                  | 0.855      |
|    value_loss           | 0.000321   |
----------------------------------------
-----------------------------------------
| rollout/                |             |
|    ep_len_mean          | 199         |
|    ep_rew_mean          | -151        |
| time/                   |             |
|    fps                  | 75          |
|    iterations           | 39          |
|    time_elapsed         | 1054        |
|    total_timesteps      | 79872       |
| train/                  |             |
|    approx_kl            | 0.017031483 |
|    clip_fraction        | 0.211       |
|    clip_range           | 0.2         |
|    entropy_loss         | -8.79       |
|    explained_variance   | 0.755       |
|    learning_rate        | 0.0003      |
|    loss                 | -0.0495     |
|    n_updates            | 380         |
|    policy_gradient_loss | -0.0315     |
|    std                  | 0.849       |
|    value_loss           | 0.000557    |
-----------------------------------------
-----------------------------------------
| rollout/                |             |
|    ep_len_mean          | 199         |
|    ep_rew_mean          | -150        |
| time/                   |             |
|    fps                  | 75          |
|    iterations           | 40          |
|    time_elapsed         | 1083        |
|    total_timesteps      | 81920       |
| train/                  |             |
|    approx_kl            | 0.016961934 |
|    clip_fraction        | 0.192       |
|    clip_range           | 0.2         |
|    entropy_loss         | -8.74       |
|    explained_variance   | 0.162       |
|    learning_rate        | 0.0003      |
|    loss                 | -0.0239     |
|    n_updates            | 390         |
|    policy_gradient_loss | -0.0232     |
|    std                  | 0.845       |
|    value_loss           | 0.00328     |
-----------------------------------------
-----------------------------------------
| rollout/                |             |
|    ep_len_mean          | 199         |
|    ep_rew_mean          | -146        |
| time/                   |             |
|    fps                  | 75          |
|    iterations           | 41          |
|    time_elapsed         | 1111        |
|    total_timesteps      | 83968       |
| train/                  |             |
|    approx_kl            | 0.016829392 |
|    clip_fraction        | 0.192       |
|    clip_range           | 0.2         |
|    entropy_loss         | -8.71       |
|    explained_variance   | 0.551       |
|    learning_rate        | 0.0003      |
|    loss                 | -0.0288     |
|    n_updates            | 400         |
|    policy_gradient_loss | -0.0319     |
|    std                  | 0.838       |
|    value_loss           | 0.00138     |
-----------------------------------------
-----------------------------------------
| rollout/                |             |
|    ep_len_mean          | 199         |
|    ep_rew_mean          | -143        |
| time/                   |             |
|    fps                  | 75          |
|    iterations           | 42          |
|    time_elapsed         | 1139        |
|    total_timesteps      | 86016       |
| train/                  |             |
|    approx_kl            | 0.018428154 |
|    clip_fraction        | 0.232       |
|    clip_range           | 0.2         |
|    entropy_loss         | -8.65       |
|    explained_variance   | -0.0152     |
|    learning_rate        | 0.0003      |
|    loss                 | -0.051      |
|    n_updates            | 410         |
|    policy_gradient_loss | -0.0329     |
|    std                  | 0.832       |
|    value_loss           | 0.000659    |
-----------------------------------------
-----------------------------------------
| rollout/                |             |
|    ep_len_mean          | 198         |
|    ep_rew_mean          | -140        |
| time/                   |             |
|    fps                  | 75          |
|    iterations           | 43          |
|    time_elapsed         | 1168        |
|    total_timesteps      | 88064       |
| train/                  |             |
|    approx_kl            | 0.015390526 |
|    clip_fraction        | 0.195       |
|    clip_range           | 0.2         |
|    entropy_loss         | -8.61       |
|    explained_variance   | 0.348       |
|    learning_rate        | 0.0003      |
|    loss                 | -0.0304     |
|    n_updates            | 420         |
|    policy_gradient_loss | -0.0233     |
|    std                  | 0.828       |
|    value_loss           | 0.000578    |
-----------------------------------------
---------------------------------------
| rollout/                |           |
|    ep_len_mean          | 198       |
|    ep_rew_mean          | -137      |
| time/                   |           |
|    fps                  | 75        |
|    iterations           | 44        |
|    time_elapsed         | 1196      |
|    total_timesteps      | 90112     |
| train/                  |           |
|    approx_kl            | 0.0171947 |
|    clip_fraction        | 0.221     |
|    clip_range           | 0.2       |
|    entropy_loss         | -8.56     |
|    explained_variance   | 0.1       |
|    learning_rate        | 0.0003    |
|    loss                 | -0.0538   |
|    n_updates            | 430       |
|    policy_gradient_loss | -0.0219   |
|    std                  | 0.82      |
|    value_loss           | 0.0034    |
---------------------------------------
----------------------------------------
| rollout/                |            |
|    ep_len_mean          | 195        |
|    ep_rew_mean          | -131       |
| time/                   |            |
|    fps                  | 75         |
|    iterations           | 45         |
|    time_elapsed         | 1224       |
|    total_timesteps      | 92160      |
| train/                  |            |
|    approx_kl            | 0.01667241 |
|    clip_fraction        | 0.19       |
|    clip_range           | 0.2        |
|    entropy_loss         | -8.48      |
|    explained_variance   | 0.371      |
|    learning_rate        | 0.0003     |
|    loss                 | -0.0481    |
|    n_updates            | 440        |
|    policy_gradient_loss | -0.0287    |
|    std                  | 0.809      |
|    value_loss           | 0.000703   |
----------------------------------------
-----------------------------------------
| rollout/                |             |
|    ep_len_mean          | 195         |
|    ep_rew_mean          | -128        |
| time/                   |             |
|    fps                  | 75          |
|    iterations           | 46          |
|    time_elapsed         | 1252        |
|    total_timesteps      | 94208       |
| train/                  |             |
|    approx_kl            | 0.018864645 |
|    clip_fraction        | 0.207       |
|    clip_range           | 0.2         |
|    entropy_loss         | -8.36       |
|    explained_variance   | 0.0716      |
|    learning_rate        | 0.0003      |
|    loss                 | -0.0276     |
|    n_updates            | 450         |
|    policy_gradient_loss | -0.0191     |
|    std                  | 0.797       |
|    value_loss           | 0.00455     |
-----------------------------------------
-----------------------------------------
| rollout/                |             |
|    ep_len_mean          | 195         |
|    ep_rew_mean          | -126        |
| time/                   |             |
|    fps                  | 75          |
|    iterations           | 47          |
|    time_elapsed         | 1280        |
|    total_timesteps      | 96256       |
| train/                  |             |
|    approx_kl            | 0.017340824 |
|    clip_fraction        | 0.207       |
|    clip_range           | 0.2         |
|    entropy_loss         | -8.26       |
|    explained_variance   | 0.581       |
|    learning_rate        | 0.0003      |
|    loss                 | -0.0448     |
|    n_updates            | 460         |
|    policy_gradient_loss | -0.0216     |
|    std                  | 0.786       |
|    value_loss           | 0.00055     |
-----------------------------------------
-----------------------------------------
| rollout/                |             |
|    ep_len_mean          | 195         |
|    ep_rew_mean          | -122        |
| time/                   |             |
|    fps                  | 75          |
|    iterations           | 48          |
|    time_elapsed         | 1309        |
|    total_timesteps      | 98304       |
| train/                  |             |
|    approx_kl            | 0.018421583 |
|    clip_fraction        | 0.218       |
|    clip_range           | 0.2         |
|    entropy_loss         | -8.18       |
|    explained_variance   | 0.183       |
|    learning_rate        | 0.0003      |
|    loss                 | -0.0625     |
|    n_updates            | 470         |
|    policy_gradient_loss | -0.0254     |
|    std                  | 0.778       |
|    value_loss           | 0.000414    |
-----------------------------------------
-----------------------------------------
| rollout/                |             |
|    ep_len_mean          | 193         |
|    ep_rew_mean          | -116        |
| time/                   |             |
|    fps                  | 75          |
|    iterations           | 49          |
|    time_elapsed         | 1337        |
|    total_timesteps      | 100352      |
| train/                  |             |
|    approx_kl            | 0.015566313 |
|    clip_fraction        | 0.185       |
|    clip_range           | 0.2         |
|    entropy_loss         | -8.13       |
|    explained_variance   | 0.304       |
|    learning_rate        | 0.0003      |
|    loss                 | -0.00244    |
|    n_updates            | 480         |
|    policy_gradient_loss | -0.014      |
|    std                  | 0.774       |
|    value_loss           | 0.00487     |
-----------------------------------------
-----------------------------------------
| rollout/                |             |
|    ep_len_mean          | 192         |
|    ep_rew_mean          | -112        |
| time/                   |             |
|    fps                  | 74          |
|    iterations           | 50          |
|    time_elapsed         | 1366        |
|    total_timesteps      | 102400      |
| train/                  |             |
|    approx_kl            | 0.018216258 |
|    clip_fraction        | 0.241       |
|    clip_range           | 0.2         |
|    entropy_loss         | -8.1        |
|    explained_variance   | 0.452       |
|    learning_rate        | 0.0003      |
|    loss                 | -0.0258     |
|    n_updates            | 490         |
|    policy_gradient_loss | -0.024      |
|    std                  | 0.771       |
|    value_loss           | 0.00319     |
-----------------------------------------
------------------------------------------
| rollout/                |              |
|    ep_len_mean          | 190          |
|    ep_rew_mean          | -109         |
| time/                   |              |
|    fps                  | 74           |
|    iterations           | 51           |
|    time_elapsed         | 1395         |
|    total_timesteps      | 104448       |
| train/                  |              |
|    approx_kl            | 0.0153612215 |
|    clip_fraction        | 0.186        |
|    clip_range           | 0.2          |
|    entropy_loss         | -8.05        |
|    explained_variance   | 0.312        |
|    learning_rate        | 0.0003       |
|    loss                 | -0.0281      |
|    n_updates            | 500          |
|    policy_gradient_loss | -0.0176      |
|    std                  | 0.765        |
|    value_loss           | 0.0024       |
------------------------------------------
-----------------------------------------
| rollout/                |             |
|    ep_len_mean          | 189         |
|    ep_rew_mean          | -105        |
| time/                   |             |
|    fps                  | 74          |
|    iterations           | 52          |
|    time_elapsed         | 1425        |
|    total_timesteps      | 106496      |
| train/                  |             |
|    approx_kl            | 0.018813103 |
|    clip_fraction        | 0.221       |
|    clip_range           | 0.2         |
|    entropy_loss         | -8          |
|    explained_variance   | 0.446       |
|    learning_rate        | 0.0003      |
|    loss                 | -0.0402     |
|    n_updates            | 510         |
|    policy_gradient_loss | -0.0188     |
|    std                  | 0.759       |
|    value_loss           | 0.0047      |
-----------------------------------------
-----------------------------------------
| rollout/                |             |
|    ep_len_mean          | 182         |
|    ep_rew_mean          | -96.2       |
| time/                   |             |
|    fps                  | 74          |
|    iterations           | 53          |
|    time_elapsed         | 1454        |
|    total_timesteps      | 108544      |
| train/                  |             |
|    approx_kl            | 0.019563936 |
|    clip_fraction        | 0.241       |
|    clip_range           | 0.2         |
|    entropy_loss         | -7.94       |
|    explained_variance   | 0.198       |
|    learning_rate        | 0.0003      |
|    loss                 | -0.0401     |
|    n_updates            | 520         |
|    policy_gradient_loss | -0.0282     |
|    std                  | 0.753       |
|    value_loss           | 0.00489     |
-----------------------------------------
-----------------------------------------
| rollout/                |             |
|    ep_len_mean          | 179         |
|    ep_rew_mean          | -91.4       |
| time/                   |             |
|    fps                  | 74          |
|    iterations           | 54          |
|    time_elapsed         | 1484        |
|    total_timesteps      | 110592      |
| train/                  |             |
|    approx_kl            | 0.016361836 |
|    clip_fraction        | 0.218       |
|    clip_range           | 0.2         |
|    entropy_loss         | -7.88       |
|    explained_variance   | 0.349       |
|    learning_rate        | 0.0003      |
|    loss                 | -0.0102     |
|    n_updates            | 530         |
|    policy_gradient_loss | -0.0216     |
|    std                  | 0.745       |
|    value_loss           | 0.0112      |
-----------------------------------------
-----------------------------------------
| rollout/                |             |
|    ep_len_mean          | 177         |
|    ep_rew_mean          | -88         |
| time/                   |             |
|    fps                  | 74          |
|    iterations           | 55          |
|    time_elapsed         | 1513        |
|    total_timesteps      | 112640      |
| train/                  |             |
|    approx_kl            | 0.017365845 |
|    clip_fraction        | 0.208       |
|    clip_range           | 0.2         |
|    entropy_loss         | -7.85       |
|    explained_variance   | 0.451       |
|    learning_rate        | 0.0003      |
|    loss                 | -0.0368     |
|    n_updates            | 540         |
|    policy_gradient_loss | -0.0224     |
|    std                  | 0.745       |
|    value_loss           | 0.00763     |
-----------------------------------------
-----------------------------------------
| rollout/                |             |
|    ep_len_mean          | 175         |
|    ep_rew_mean          | -85         |
| time/                   |             |
|    fps                  | 74          |
|    iterations           | 56          |
|    time_elapsed         | 1543        |
|    total_timesteps      | 114688      |
| train/                  |             |
|    approx_kl            | 0.018456975 |
|    clip_fraction        | 0.207       |
|    clip_range           | 0.2         |
|    entropy_loss         | -7.82       |
|    explained_variance   | 0.688       |
|    learning_rate        | 0.0003      |
|    loss                 | -0.0257     |
|    n_updates            | 550         |
|    policy_gradient_loss | -0.0213     |
|    std                  | 0.739       |
|    value_loss           | 0.00486     |
-----------------------------------------
-----------------------------------------
| rollout/                |             |
|    ep_len_mean          | 170         |
|    ep_rew_mean          | -80.1       |
| time/                   |             |
|    fps                  | 74          |
|    iterations           | 57          |
|    time_elapsed         | 1573        |
|    total_timesteps      | 116736      |
| train/                  |             |
|    approx_kl            | 0.016099803 |
|    clip_fraction        | 0.197       |
|    clip_range           | 0.2         |
|    entropy_loss         | -7.76       |
|    explained_variance   | 0.412       |
|    learning_rate        | 0.0003      |
|    loss                 | -0.0475     |
|    n_updates            | 560         |
|    policy_gradient_loss | -0.0223     |
|    std                  | 0.732       |
|    value_loss           | 0.00743     |
-----------------------------------------
----------------------------------------
| rollout/                |            |
|    ep_len_mean          | 159        |
|    ep_rew_mean          | -71.1      |
| time/                   |            |
|    fps                  | 74         |
|    iterations           | 58         |
|    time_elapsed         | 1603       |
|    total_timesteps      | 118784     |
| train/                  |            |
|    approx_kl            | 0.01767234 |
|    clip_fraction        | 0.201      |
|    clip_range           | 0.2        |
|    entropy_loss         | -7.71      |
|    explained_variance   | 0.337      |
|    learning_rate        | 0.0003     |
|    loss                 | -0.00328   |
|    n_updates            | 570        |
|    policy_gradient_loss | -0.0189    |
|    std                  | 0.728      |
|    value_loss           | 0.00976    |
----------------------------------------
-----------------------------------------
| rollout/                |             |
|    ep_len_mean          | 148         |
|    ep_rew_mean          | -63.7       |
| time/                   |             |
|    fps                  | 73          |
|    iterations           | 59          |
|    time_elapsed         | 1634        |
|    total_timesteps      | 120832      |
| train/                  |             |
|    approx_kl            | 0.018252177 |
|    clip_fraction        | 0.209       |
|    clip_range           | 0.2         |
|    entropy_loss         | -7.66       |
|    explained_variance   | 0.405       |
|    learning_rate        | 0.0003      |
|    loss                 | -0.041      |
|    n_updates            | 580         |
|    policy_gradient_loss | -0.0252     |
|    std                  | 0.723       |
|    value_loss           | 0.0127      |
-----------------------------------------
-----------------------------------------
| rollout/                |             |
|    ep_len_mean          | 145         |
|    ep_rew_mean          | -61.2       |
| time/                   |             |
|    fps                  | 73          |
|    iterations           | 60          |
|    time_elapsed         | 1664        |
|    total_timesteps      | 122880      |
| train/                  |             |
|    approx_kl            | 0.016792847 |
|    clip_fraction        | 0.195       |
|    clip_range           | 0.2         |
|    entropy_loss         | -7.62       |
|    explained_variance   | 0.407       |
|    learning_rate        | 0.0003      |
|    loss                 | -0.0443     |
|    n_updates            | 590         |
|    policy_gradient_loss | -0.0197     |
|    std                  | 0.719       |
|    value_loss           | 0.0116      |
-----------------------------------------
-----------------------------------------
| rollout/                |             |
|    ep_len_mean          | 136         |
|    ep_rew_mean          | -56.5       |
| time/                   |             |
|    fps                  | 73          |
|    iterations           | 61          |
|    time_elapsed         | 1694        |
|    total_timesteps      | 124928      |
| train/                  |             |
|    approx_kl            | 0.017053464 |
|    clip_fraction        | 0.192       |
|    clip_range           | 0.2         |
|    entropy_loss         | -7.58       |
|    explained_variance   | 0.452       |
|    learning_rate        | 0.0003      |
|    loss                 | 0.00241     |
|    n_updates            | 600         |
|    policy_gradient_loss | -0.021      |
|    std                  | 0.715       |
|    value_loss           | 0.0126      |
-----------------------------------------
-----------------------------------------
| rollout/                |             |
|    ep_len_mean          | 132         |
|    ep_rew_mean          | -54.6       |
| time/                   |             |
|    fps                  | 73          |
|    iterations           | 62          |
|    time_elapsed         | 1725        |
|    total_timesteps      | 126976      |
| train/                  |             |
|    approx_kl            | 0.014581919 |
|    clip_fraction        | 0.196       |
|    clip_range           | 0.2         |
|    entropy_loss         | -7.53       |
|    explained_variance   | 0.329       |
|    learning_rate        | 0.0003      |
|    loss                 | -0.0216     |
|    n_updates            | 610         |
|    policy_gradient_loss | -0.0214     |
|    std                  | 0.71        |
|    value_loss           | 0.0124      |
-----------------------------------------
-----------------------------------------
| rollout/                |             |
|    ep_len_mean          | 130         |
|    ep_rew_mean          | -51.4       |
| time/                   |             |
|    fps                  | 73          |
|    iterations           | 63          |
|    time_elapsed         | 1755        |
|    total_timesteps      | 129024      |
| train/                  |             |
|    approx_kl            | 0.016817065 |
|    clip_fraction        | 0.208       |
|    clip_range           | 0.2         |
|    entropy_loss         | -7.48       |
|    explained_variance   | 0.347       |
|    learning_rate        | 0.0003      |
|    loss                 | -0.00324    |
|    n_updates            | 620         |
|    policy_gradient_loss | -0.0207     |
|    std                  | 0.704       |
|    value_loss           | 0.00893     |
-----------------------------------------
-----------------------------------------
| rollout/                |             |
|    ep_len_mean          | 125         |
|    ep_rew_mean          | -48.7       |
| time/                   |             |
|    fps                  | 73          |
|    iterations           | 64          |
|    time_elapsed         | 1785        |
|    total_timesteps      | 131072      |
| train/                  |             |
|    approx_kl            | 0.016476579 |
|    clip_fraction        | 0.209       |
|    clip_range           | 0.2         |
|    entropy_loss         | -7.42       |
|    explained_variance   | 0.472       |
|    learning_rate        | 0.0003      |
|    loss                 | -0.00498    |
|    n_updates            | 630         |
|    policy_gradient_loss | -0.0219     |
|    std                  | 0.699       |
|    value_loss           | 0.00823     |
-----------------------------------------
-----------------------------------------
| rollout/                |             |
|    ep_len_mean          | 123         |
|    ep_rew_mean          | -46.5       |
| time/                   |             |
|    fps                  | 73          |
|    iterations           | 65          |
|    time_elapsed         | 1816        |
|    total_timesteps      | 133120      |
| train/                  |             |
|    approx_kl            | 0.016748443 |
|    clip_fraction        | 0.204       |
|    clip_range           | 0.2         |
|    entropy_loss         | -7.36       |
|    explained_variance   | 0.421       |
|    learning_rate        | 0.0003      |
|    loss                 | -0.0245     |
|    n_updates            | 640         |
|    policy_gradient_loss | -0.0231     |
|    std                  | 0.693       |
|    value_loss           | 0.0128      |
-----------------------------------------
-----------------------------------------
| rollout/                |             |
|    ep_len_mean          | 118         |
|    ep_rew_mean          | -43.6       |
| time/                   |             |
|    fps                  | 73          |
|    iterations           | 66          |
|    time_elapsed         | 1846        |
|    total_timesteps      | 135168      |
| train/                  |             |
|    approx_kl            | 0.016196035 |
|    clip_fraction        | 0.185       |
|    clip_range           | 0.2         |
|    entropy_loss         | -7.28       |
|    explained_variance   | 0.416       |
|    learning_rate        | 0.0003      |
|    loss                 | 0.0187      |
|    n_updates            | 650         |
|    policy_gradient_loss | -0.0199     |
|    std                  | 0.684       |
|    value_loss           | 0.0105      |
-----------------------------------------
-----------------------------------------
| rollout/                |             |
|    ep_len_mean          | 114         |
|    ep_rew_mean          | -42.2       |
| time/                   |             |
|    fps                  | 73          |
|    iterations           | 67          |
|    time_elapsed         | 1877        |
|    total_timesteps      | 137216      |
| train/                  |             |
|    approx_kl            | 0.015502944 |
|    clip_fraction        | 0.196       |
|    clip_range           | 0.2         |
|    entropy_loss         | -7.2        |
|    explained_variance   | 0.364       |
|    learning_rate        | 0.0003      |
|    loss                 | -0.0129     |
|    n_updates            | 660         |
|    policy_gradient_loss | -0.0217     |
|    std                  | 0.677       |
|    value_loss           | 0.0104      |
-----------------------------------------
-----------------------------------------
| rollout/                |             |
|    ep_len_mean          | 112         |
|    ep_rew_mean          | -40.5       |
| time/                   |             |
|    fps                  | 72          |
|    iterations           | 68          |
|    time_elapsed         | 1907        |
|    total_timesteps      | 139264      |
| train/                  |             |
|    approx_kl            | 0.018769376 |
|    clip_fraction        | 0.207       |
|    clip_range           | 0.2         |
|    entropy_loss         | -7.15       |
|    explained_variance   | 0.38        |
|    learning_rate        | 0.0003      |
|    loss                 | 0.0197      |
|    n_updates            | 670         |
|    policy_gradient_loss | -0.024      |
|    std                  | 0.673       |
|    value_loss           | 0.0103      |
-----------------------------------------
-----------------------------------------
| rollout/                |             |
|    ep_len_mean          | 115         |
|    ep_rew_mean          | -42         |
| time/                   |             |
|    fps                  | 72          |
|    iterations           | 69          |
|    time_elapsed         | 1938        |
|    total_timesteps      | 141312      |
| train/                  |             |
|    approx_kl            | 0.015703464 |
|    clip_fraction        | 0.207       |
|    clip_range           | 0.2         |
|    entropy_loss         | -7.12       |
|    explained_variance   | 0.365       |
|    learning_rate        | 0.0003      |
|    loss                 | -0.00136    |
|    n_updates            | 680         |
|    policy_gradient_loss | -0.0198     |
|    std                  | 0.671       |
|    value_loss           | 0.00903     |
-----------------------------------------
----------------------------------------
| rollout/                |            |
|    ep_len_mean          | 112        |
|    ep_rew_mean          | -40.3      |
| time/                   |            |
|    fps                  | 72         |
|    iterations           | 70         |
|    time_elapsed         | 1968       |
|    total_timesteps      | 143360     |
| train/                  |            |
|    approx_kl            | 0.01769723 |
|    clip_fraction        | 0.211      |
|    clip_range           | 0.2        |
|    entropy_loss         | -7.09      |
|    explained_variance   | 0.57       |
|    learning_rate        | 0.0003     |
|    loss                 | -0.0231    |
|    n_updates            | 690        |
|    policy_gradient_loss | -0.0243    |
|    std                  | 0.668      |
|    value_loss           | 0.00498    |
----------------------------------------
-----------------------------------------
| rollout/                |             |
|    ep_len_mean          | 105         |
|    ep_rew_mean          | -36.8       |
| time/                   |             |
|    fps                  | 72          |
|    iterations           | 71          |
|    time_elapsed         | 2000        |
|    total_timesteps      | 145408      |
| train/                  |             |
|    approx_kl            | 0.014809264 |
|    clip_fraction        | 0.184       |
|    clip_range           | 0.2         |
|    entropy_loss         | -7.05       |
|    explained_variance   | 0.319       |
|    learning_rate        | 0.0003      |
|    loss                 | -0.0462     |
|    n_updates            | 700         |
|    policy_gradient_loss | -0.0224     |
|    std                  | 0.664       |
|    value_loss           | 0.0112      |
-----------------------------------------
-----------------------------------------
| rollout/                |             |
|    ep_len_mean          | 109         |
|    ep_rew_mean          | -36.5       |
| time/                   |             |
|    fps                  | 72          |
|    iterations           | 72          |
|    time_elapsed         | 2030        |
|    total_timesteps      | 147456      |
| train/                  |             |
|    approx_kl            | 0.016864654 |
|    clip_fraction        | 0.198       |
|    clip_range           | 0.2         |
|    entropy_loss         | -7.02       |
|    explained_variance   | 0.357       |
|    learning_rate        | 0.0003      |
|    loss                 | 0.00526     |
|    n_updates            | 710         |
|    policy_gradient_loss | -0.0235     |
|    std                  | 0.66        |
|    value_loss           | 0.0103      |
-----------------------------------------
-----------------------------------------
| rollout/                |             |
|    ep_len_mean          | 92.1        |
|    ep_rew_mean          | -27.8       |
| time/                   |             |
|    fps                  | 72          |
|    iterations           | 73          |
|    time_elapsed         | 2061        |
|    total_timesteps      | 149504      |
| train/                  |             |
|    approx_kl            | 0.017845808 |
|    clip_fraction        | 0.214       |
|    clip_range           | 0.2         |
|    entropy_loss         | -6.98       |
|    explained_variance   | 0.271       |
|    learning_rate        | 0.0003      |
|    loss                 | -0.0451     |
|    n_updates            | 720         |
|    policy_gradient_loss | -0.0257     |
|    std                  | 0.657       |
|    value_loss           | 0.00671     |
-----------------------------------------
-----------------------------------------
| rollout/                |             |
|    ep_len_mean          | 86.4        |
|    ep_rew_mean          | -24.8       |
| time/                   |             |
|    fps                  | 72          |
|    iterations           | 74          |
|    time_elapsed         | 2093        |
|    total_timesteps      | 151552      |
| train/                  |             |
|    approx_kl            | 0.017987132 |
|    clip_fraction        | 0.221       |
|    clip_range           | 0.2         |
|    entropy_loss         | -6.92       |
|    explained_variance   | 0.303       |
|    learning_rate        | 0.0003      |
|    loss                 | -0.0057     |
|    n_updates            | 730         |
|    policy_gradient_loss | -0.0228     |
|    std                  | 0.651       |
|    value_loss           | 0.00913     |
-----------------------------------------
----------------------------------------
| rollout/                |            |
|    ep_len_mean          | 86.1       |
|    ep_rew_mean          | -23.9      |
| time/                   |            |
|    fps                  | 72         |
|    iterations           | 75         |
|    time_elapsed         | 2124       |
|    total_timesteps      | 153600     |
| train/                  |            |
|    approx_kl            | 0.01844807 |
|    clip_fraction        | 0.224      |
|    clip_range           | 0.2        |
|    entropy_loss         | -6.88      |
|    explained_variance   | 0.324      |
|    learning_rate        | 0.0003     |
|    loss                 | -0.0253    |
|    n_updates            | 740        |
|    policy_gradient_loss | -0.0232    |
|    std                  | 0.649      |
|    value_loss           | 0.00701    |
----------------------------------------
-----------------------------------------
| rollout/                |             |
|    ep_len_mean          | 80          |
|    ep_rew_mean          | -22.1       |
| time/                   |             |
|    fps                  | 72          |
|    iterations           | 76          |
|    time_elapsed         | 2155        |
|    total_timesteps      | 155648      |
| train/                  |             |
|    approx_kl            | 0.015685968 |
|    clip_fraction        | 0.192       |
|    clip_range           | 0.2         |
|    entropy_loss         | -6.84       |
|    explained_variance   | 0.374       |
|    learning_rate        | 0.0003      |
|    loss                 | -0.0521     |
|    n_updates            | 750         |
|    policy_gradient_loss | -0.0217     |
|    std                  | 0.644       |
|    value_loss           | 0.00717     |
-----------------------------------------
-----------------------------------------
| rollout/                |             |
|    ep_len_mean          | 79.2        |
|    ep_rew_mean          | -20.6       |
| time/                   |             |
|    fps                  | 72          |
|    iterations           | 77          |
|    time_elapsed         | 2186        |
|    total_timesteps      | 157696      |
| train/                  |             |
|    approx_kl            | 0.017165292 |
|    clip_fraction        | 0.208       |
|    clip_range           | 0.2         |
|    entropy_loss         | -6.76       |
|    explained_variance   | 0.387       |
|    learning_rate        | 0.0003      |
|    loss                 | -0.0287     |
|    n_updates            | 760         |
|    policy_gradient_loss | -0.0224     |
|    std                  | 0.636       |
|    value_loss           | 0.00702     |
-----------------------------------------
-----------------------------------------
| rollout/                |             |
|    ep_len_mean          | 83          |
|    ep_rew_mean          | -21.6       |
| time/                   |             |
|    fps                  | 72          |
|    iterations           | 78          |
|    time_elapsed         | 2217        |
|    total_timesteps      | 159744      |
| train/                  |             |
|    approx_kl            | 0.017003492 |
|    clip_fraction        | 0.215       |
|    clip_range           | 0.2         |
|    entropy_loss         | -6.68       |
|    explained_variance   | 0.263       |
|    learning_rate        | 0.0003      |
|    loss                 | -0.0527     |
|    n_updates            | 770         |
|    policy_gradient_loss | -0.0252     |
|    std                  | 0.63        |
|    value_loss           | 0.00693     |
-----------------------------------------
-----------------------------------------
| rollout/                |             |
|    ep_len_mean          | 83.1        |
|    ep_rew_mean          | -20.8       |
| time/                   |             |
|    fps                  | 71          |
|    iterations           | 79          |
|    time_elapsed         | 2248        |
|    total_timesteps      | 161792      |
| train/                  |             |
|    approx_kl            | 0.016510198 |
|    clip_fraction        | 0.221       |
|    clip_range           | 0.2         |
|    entropy_loss         | -6.62       |
|    explained_variance   | 0.275       |
|    learning_rate        | 0.0003      |
|    loss                 | -0.0359     |
|    n_updates            | 780         |
|    policy_gradient_loss | -0.0244     |
|    std                  | 0.627       |
|    value_loss           | 0.00552     |
-----------------------------------------
-----------------------------------------
| rollout/                |             |
|    ep_len_mean          | 83.9        |
|    ep_rew_mean          | -19.8       |
| time/                   |             |
|    fps                  | 71          |
|    iterations           | 80          |
|    time_elapsed         | 2279        |
|    total_timesteps      | 163840      |
| train/                  |             |
|    approx_kl            | 0.018212663 |
|    clip_fraction        | 0.212       |
|    clip_range           | 0.2         |
|    entropy_loss         | -6.57       |
|    explained_variance   | 0.171       |
|    learning_rate        | 0.0003      |
|    loss                 | -0.00791    |
|    n_updates            | 790         |
|    policy_gradient_loss | -0.0215     |
|    std                  | 0.621       |
|    value_loss           | 0.00425     |
-----------------------------------------
----------------------------------------
| rollout/                |            |
|    ep_len_mean          | 78.5       |
|    ep_rew_mean          | -17.8      |
| time/                   |            |
|    fps                  | 71         |
|    iterations           | 81         |
|    time_elapsed         | 2311       |
|    total_timesteps      | 165888     |
| train/                  |            |
|    approx_kl            | 0.01755745 |
|    clip_fraction        | 0.2        |
|    clip_range           | 0.2        |
|    entropy_loss         | -6.52      |
|    explained_variance   | 0.0939     |
|    learning_rate        | 0.0003     |
|    loss                 | -0.0335    |
|    n_updates            | 800        |
|    policy_gradient_loss | -0.0256    |
|    std                  | 0.617      |
|    value_loss           | 0.00428    |
----------------------------------------
-----------------------------------------
| rollout/                |             |
|    ep_len_mean          | 68.8        |
|    ep_rew_mean          | -14.4       |
| time/                   |             |
|    fps                  | 71          |
|    iterations           | 82          |
|    time_elapsed         | 2342        |
|    total_timesteps      | 167936      |
| train/                  |             |
|    approx_kl            | 0.017490076 |
|    clip_fraction        | 0.238       |
|    clip_range           | 0.2         |
|    entropy_loss         | -6.47       |
|    explained_variance   | 0.232       |
|    learning_rate        | 0.0003      |
|    loss                 | -0.0602     |
|    n_updates            | 810         |
|    policy_gradient_loss | -0.0257     |
|    std                  | 0.613       |
|    value_loss           | 0.00607     |
-----------------------------------------
-----------------------------------------
| rollout/                |             |
|    ep_len_mean          | 65.7        |
|    ep_rew_mean          | -13.7       |
| time/                   |             |
|    fps                  | 71          |
|    iterations           | 83          |
|    time_elapsed         | 2373        |
|    total_timesteps      | 169984      |
| train/                  |             |
|    approx_kl            | 0.015209924 |
|    clip_fraction        | 0.188       |
|    clip_range           | 0.2         |
|    entropy_loss         | -6.41       |
|    explained_variance   | 0.378       |
|    learning_rate        | 0.0003      |
|    loss                 | -0.0121     |
|    n_updates            | 820         |
|    policy_gradient_loss | -0.023      |
|    std                  | 0.607       |
|    value_loss           | 0.0053      |
-----------------------------------------
-----------------------------------------
| rollout/                |             |
|    ep_len_mean          | 70.2        |
|    ep_rew_mean          | -15         |
| time/                   |             |
|    fps                  | 71          |
|    iterations           | 84          |
|    time_elapsed         | 2405        |
|    total_timesteps      | 172032      |
| train/                  |             |
|    approx_kl            | 0.016337857 |
|    clip_fraction        | 0.214       |
|    clip_range           | 0.2         |
|    entropy_loss         | -6.34       |
|    explained_variance   | 0.293       |
|    learning_rate        | 0.0003      |
|    loss                 | -0.0254     |
|    n_updates            | 830         |
|    policy_gradient_loss | -0.0217     |
|    std                  | 0.601       |
|    value_loss           | 0.00449     |
-----------------------------------------
-----------------------------------------
| rollout/                |             |
|    ep_len_mean          | 70.3        |
|    ep_rew_mean          | -14.8       |
| time/                   |             |
|    fps                  | 71          |
|    iterations           | 85          |
|    time_elapsed         | 2436        |
|    total_timesteps      | 174080      |
| train/                  |             |
|    approx_kl            | 0.017238796 |
|    clip_fraction        | 0.203       |
|    clip_range           | 0.2         |
|    entropy_loss         | -6.3        |
|    explained_variance   | 0.295       |
|    learning_rate        | 0.0003      |
|    loss                 | -0.0229     |
|    n_updates            | 840         |
|    policy_gradient_loss | -0.0246     |
|    std                  | 0.599       |
|    value_loss           | 0.00438     |
-----------------------------------------
-----------------------------------------
| rollout/                |             |
|    ep_len_mean          | 73.2        |
|    ep_rew_mean          | -15.3       |
| time/                   |             |
|    fps                  | 71          |
|    iterations           | 86          |
|    time_elapsed         | 2467        |
|    total_timesteps      | 176128      |
| train/                  |             |
|    approx_kl            | 0.016585782 |
|    clip_fraction        | 0.234       |
|    clip_range           | 0.2         |
|    entropy_loss         | -6.25       |
|    explained_variance   | 0.32        |
|    learning_rate        | 0.0003      |
|    loss                 | -0.0363     |
|    n_updates            | 850         |
|    policy_gradient_loss | -0.026      |
|    std                  | 0.595       |
|    value_loss           | 0.00427     |
-----------------------------------------
-----------------------------------------
| rollout/                |             |
|    ep_len_mean          | 67.4        |
|    ep_rew_mean          | -12.2       |
| time/                   |             |
|    fps                  | 71          |
|    iterations           | 87          |
|    time_elapsed         | 2499        |
|    total_timesteps      | 178176      |
| train/                  |             |
|    approx_kl            | 0.019329675 |
|    clip_fraction        | 0.206       |
|    clip_range           | 0.2         |
|    entropy_loss         | -6.24       |
|    explained_variance   | 0.274       |
|    learning_rate        | 0.0003      |
|    loss                 | -0.0237     |
|    n_updates            | 860         |
|    policy_gradient_loss | -0.0253     |
|    std                  | 0.596       |
|    value_loss           | 0.00432     |
-----------------------------------------
----------------------------------------
| rollout/                |            |
|    ep_len_mean          | 70.5       |
|    ep_rew_mean          | -13.4      |
| time/                   |            |
|    fps                  | 71         |
|    iterations           | 88         |
|    time_elapsed         | 2530       |
|    total_timesteps      | 180224     |
| train/                  |            |
|    approx_kl            | 0.01345219 |
|    clip_fraction        | 0.185      |
|    clip_range           | 0.2        |
|    entropy_loss         | -6.2       |
|    explained_variance   | 0.353      |
|    learning_rate        | 0.0003     |
|    loss                 | -0.042     |
|    n_updates            | 870        |
|    policy_gradient_loss | -0.0194    |
|    std                  | 0.59       |
|    value_loss           | 0.00412    |
----------------------------------------
-----------------------------------------
| rollout/                |             |
|    ep_len_mean          | 60.1        |
|    ep_rew_mean          | -9.88       |
| time/                   |             |
|    fps                  | 71          |
|    iterations           | 89          |
|    time_elapsed         | 2562        |
|    total_timesteps      | 182272      |
| train/                  |             |
|    approx_kl            | 0.017438136 |
|    clip_fraction        | 0.204       |
|    clip_range           | 0.2         |
|    entropy_loss         | -6.14       |
|    explained_variance   | 0.331       |
|    learning_rate        | 0.0003      |
|    loss                 | -0.0594     |
|    n_updates            | 880         |
|    policy_gradient_loss | -0.0221     |
|    std                  | 0.586       |
|    value_loss           | 0.00397     |
-----------------------------------------
-----------------------------------------
| rollout/                |             |
|    ep_len_mean          | 58.4        |
|    ep_rew_mean          | -9.27       |
| time/                   |             |
|    fps                  | 71          |
|    iterations           | 90          |
|    time_elapsed         | 2594        |
|    total_timesteps      | 184320      |
| train/                  |             |
|    approx_kl            | 0.019851116 |
|    clip_fraction        | 0.231       |
|    clip_range           | 0.2         |
|    entropy_loss         | -6.08       |
|    explained_variance   | 0.265       |
|    learning_rate        | 0.0003      |
|    loss                 | -0.0268     |
|    n_updates            | 890         |
|    policy_gradient_loss | -0.0237     |
|    std                  | 0.582       |
|    value_loss           | 0.00442     |
-----------------------------------------
----------------------------------------
| rollout/                |            |
|    ep_len_mean          | 52.1       |
|    ep_rew_mean          | -6.7       |
| time/                   |            |
|    fps                  | 70         |
|    iterations           | 91         |
|    time_elapsed         | 2626       |
|    total_timesteps      | 186368     |
| train/                  |            |
|    approx_kl            | 0.01748248 |
|    clip_fraction        | 0.214      |
|    clip_range           | 0.2        |
|    entropy_loss         | -6.03      |
|    explained_variance   | 0.285      |
|    learning_rate        | 0.0003     |
|    loss                 | -0.0437    |
|    n_updates            | 900        |
|    policy_gradient_loss | -0.0222    |
|    std                  | 0.578      |
|    value_loss           | 0.00457    |
----------------------------------------
-----------------------------------------
| rollout/                |             |
|    ep_len_mean          | 47.6        |
|    ep_rew_mean          | -5.37       |
| time/                   |             |
|    fps                  | 70          |
|    iterations           | 92          |
|    time_elapsed         | 2659        |
|    total_timesteps      | 188416      |
| train/                  |             |
|    approx_kl            | 0.016017571 |
|    clip_fraction        | 0.206       |
|    clip_range           | 0.2         |
|    entropy_loss         | -5.96       |
|    explained_variance   | 0.0536      |
|    learning_rate        | 0.0003      |
|    loss                 | -0.0231     |
|    n_updates            | 910         |
|    policy_gradient_loss | -0.0204     |
|    std                  | 0.572       |
|    value_loss           | 0.00428     |
-----------------------------------------
-----------------------------------------
| rollout/                |             |
|    ep_len_mean          | 42.2        |
|    ep_rew_mean          | -4.01       |
| time/                   |             |
|    fps                  | 70          |
|    iterations           | 93          |
|    time_elapsed         | 2691        |
|    total_timesteps      | 190464      |
| train/                  |             |
|    approx_kl            | 0.016205389 |
|    clip_fraction        | 0.222       |
|    clip_range           | 0.2         |
|    entropy_loss         | -5.89       |
|    explained_variance   | 0.211       |
|    learning_rate        | 0.0003      |
|    loss                 | -0.0582     |
|    n_updates            | 920         |
|    policy_gradient_loss | -0.0239     |
|    std                  | 0.567       |
|    value_loss           | 0.00396     |
-----------------------------------------
-----------------------------------------
| rollout/                |             |
|    ep_len_mean          | 51.5        |
|    ep_rew_mean          | -6.9        |
| time/                   |             |
|    fps                  | 70          |
|    iterations           | 94          |
|    time_elapsed         | 2723        |
|    total_timesteps      | 192512      |
| train/                  |             |
|    approx_kl            | 0.018782772 |
|    clip_fraction        | 0.209       |
|    clip_range           | 0.2         |
|    entropy_loss         | -5.83       |
|    explained_variance   | 0.269       |
|    learning_rate        | 0.0003      |
|    loss                 | -0.0365     |
|    n_updates            | 930         |
|    policy_gradient_loss | -0.0249     |
|    std                  | 0.563       |
|    value_loss           | 0.00376     |
-----------------------------------------
-----------------------------------------
| rollout/                |             |
|    ep_len_mean          | 58.2        |
|    ep_rew_mean          | -8.62       |
| time/                   |             |
|    fps                  | 70          |
|    iterations           | 95          |
|    time_elapsed         | 2754        |
|    total_timesteps      | 194560      |
| train/                  |             |
|    approx_kl            | 0.016746908 |
|    clip_fraction        | 0.224       |
|    clip_range           | 0.2         |
|    entropy_loss         | -5.81       |
|    explained_variance   | 0.283       |
|    learning_rate        | 0.0003      |
|    loss                 | -0.0452     |
|    n_updates            | 940         |
|    policy_gradient_loss | -0.0245     |
|    std                  | 0.562       |
|    value_loss           | 0.00297     |
-----------------------------------------
-----------------------------------------
| rollout/                |             |
|    ep_len_mean          | 49.6        |
|    ep_rew_mean          | -5.62       |
| time/                   |             |
|    fps                  | 70          |
|    iterations           | 96          |
|    time_elapsed         | 2787        |
|    total_timesteps      | 196608      |
| train/                  |             |
|    approx_kl            | 0.016866177 |
|    clip_fraction        | 0.201       |
|    clip_range           | 0.2         |
|    entropy_loss         | -5.79       |
|    explained_variance   | 0.113       |
|    learning_rate        | 0.0003      |
|    loss                 | -0.0255     |
|    n_updates            | 950         |
|    policy_gradient_loss | -0.0169     |
|    std                  | 0.56        |
|    value_loss           | 0.00333     |
-----------------------------------------
-----------------------------------------
| rollout/                |             |
|    ep_len_mean          | 42.6        |
|    ep_rew_mean          | -3.65       |
| time/                   |             |
|    fps                  | 70          |
|    iterations           | 97          |
|    time_elapsed         | 2820        |
|    total_timesteps      | 198656      |
| train/                  |             |
|    approx_kl            | 0.023167515 |
|    clip_fraction        | 0.246       |
|    clip_range           | 0.2         |
|    entropy_loss         | -5.72       |
|    explained_variance   | 0.119       |
|    learning_rate        | 0.0003      |
|    loss                 | -0.000179   |
|    n_updates            | 960         |
|    policy_gradient_loss | -0.0267     |
|    std                  | 0.553       |
|    value_loss           | 0.00346     |
-----------------------------------------
-----------------------------------------
| rollout/                |             |
|    ep_len_mean          | 45.8        |
|    ep_rew_mean          | -4.77       |
| time/                   |             |
|    fps                  | 70          |
|    iterations           | 98          |
|    time_elapsed         | 2852        |
|    total_timesteps      | 200704      |
| train/                  |             |
|    approx_kl            | 0.017305197 |
|    clip_fraction        | 0.204       |
|    clip_range           | 0.2         |
|    entropy_loss         | -5.64       |
|    explained_variance   | 0.126       |
|    learning_rate        | 0.0003      |
|    loss                 | -0.0282     |
|    n_updates            | 970         |
|    policy_gradient_loss | -0.0206     |
|    std                  | 0.547       |
|    value_loss           | 0.00304     |
-----------------------------------------
----------------------------------------
| rollout/                |            |
|    ep_len_mean          | 46.6       |
|    ep_rew_mean          | -5.25      |
| time/                   |            |
|    fps                  | 70         |
|    iterations           | 99         |
|    time_elapsed         | 2885       |
|    total_timesteps      | 202752     |
| train/                  |            |
|    approx_kl            | 0.01548094 |
|    clip_fraction        | 0.209      |
|    clip_range           | 0.2        |
|    entropy_loss         | -5.57      |
|    explained_variance   | 0.103      |
|    learning_rate        | 0.0003     |
|    loss                 | -0.0293    |
|    n_updates            | 980        |
|    policy_gradient_loss | -0.0183    |
|    std                  | 0.544      |
|    value_loss           | 0.00293    |
----------------------------------------
-----------------------------------------
| rollout/                |             |
|    ep_len_mean          | 41.9        |
|    ep_rew_mean          | -3.1        |
| time/                   |             |
|    fps                  | 70          |
|    iterations           | 100         |
|    time_elapsed         | 2917        |
|    total_timesteps      | 204800      |
| train/                  |             |
|    approx_kl            | 0.019097995 |
|    clip_fraction        | 0.237       |
|    clip_range           | 0.2         |
|    entropy_loss         | -5.53       |
|    explained_variance   | 0.206       |
|    learning_rate        | 0.0003      |
|    loss                 | -0.0477     |
|    n_updates            | 990         |
|    policy_gradient_loss | -0.0279     |
|    std                  | 0.541       |
|    value_loss           | 0.00351     |
-----------------------------------------
-----------------------------------------
| rollout/                |             |
|    ep_len_mean          | 39.7        |
|    ep_rew_mean          | -1.78       |
| time/                   |             |
|    fps                  | 70          |
|    iterations           | 101         |
|    time_elapsed         | 2950        |
|    total_timesteps      | 206848      |
| train/                  |             |
|    approx_kl            | 0.014634578 |
|    clip_fraction        | 0.204       |
|    clip_range           | 0.2         |
|    entropy_loss         | -5.49       |
|    explained_variance   | 0.137       |
|    learning_rate        | 0.0003      |
|    loss                 | -0.0591     |
|    n_updates            | 1000        |
|    policy_gradient_loss | -0.0214     |
|    std                  | 0.537       |
|    value_loss           | 0.00267     |
-----------------------------------------
-----------------------------------------
| rollout/                |             |
|    ep_len_mean          | 44.8        |
|    ep_rew_mean          | -3.3        |
| time/                   |             |
|    fps                  | 70          |
|    iterations           | 102         |
|    time_elapsed         | 2982        |
|    total_timesteps      | 208896      |
| train/                  |             |
|    approx_kl            | 0.018164517 |
|    clip_fraction        | 0.254       |
|    clip_range           | 0.2         |
|    entropy_loss         | -5.43       |
|    explained_variance   | 0.181       |
|    learning_rate        | 0.0003      |
|    loss                 | -0.0685     |
|    n_updates            | 1010        |
|    policy_gradient_loss | -0.0249     |
|    std                  | 0.533       |
|    value_loss           | 0.00282     |
-----------------------------------------
----------------------------------------
| rollout/                |            |
|    ep_len_mean          | 50.1       |
|    ep_rew_mean          | -5.13      |
| time/                   |            |
|    fps                  | 69         |
|    iterations           | 103        |
|    time_elapsed         | 3014       |
|    total_timesteps      | 210944     |
| train/                  |            |
|    approx_kl            | 0.01623848 |
|    clip_fraction        | 0.219      |
|    clip_range           | 0.2        |
|    entropy_loss         | -5.37      |
|    explained_variance   | 0.193      |
|    learning_rate        | 0.0003     |
|    loss                 | -0.0385    |
|    n_updates            | 1020       |
|    policy_gradient_loss | -0.0218    |
|    std                  | 0.528      |
|    value_loss           | 0.00246    |
----------------------------------------
-----------------------------------------
| rollout/                |             |
|    ep_len_mean          | 52          |
|    ep_rew_mean          | -5.3        |
| time/                   |             |
|    fps                  | 69          |
|    iterations           | 104         |
|    time_elapsed         | 3046        |
|    total_timesteps      | 212992      |
| train/                  |             |
|    approx_kl            | 0.018746631 |
|    clip_fraction        | 0.25        |
|    clip_range           | 0.2         |
|    entropy_loss         | -5.32       |
|    explained_variance   | 0.364       |
|    learning_rate        | 0.0003      |
|    loss                 | 0.0163      |
|    n_updates            | 1030        |
|    policy_gradient_loss | -0.0249     |
|    std                  | 0.525       |
|    value_loss           | 0.00285     |
-----------------------------------------
-----------------------------------------
| rollout/                |             |
|    ep_len_mean          | 48          |
|    ep_rew_mean          | -3.82       |
| time/                   |             |
|    fps                  | 69          |
|    iterations           | 105         |
|    time_elapsed         | 3079        |
|    total_timesteps      | 215040      |
| train/                  |             |
|    approx_kl            | 0.021250455 |
|    clip_fraction        | 0.246       |
|    clip_range           | 0.2         |
|    entropy_loss         | -5.26       |
|    explained_variance   | 0.461       |
|    learning_rate        | 0.0003      |
|    loss                 | -0.0237     |
|    n_updates            | 1040        |
|    policy_gradient_loss | -0.0223     |
|    std                  | 0.52        |
|    value_loss           | 0.00219     |
-----------------------------------------
-----------------------------------------
| rollout/                |             |
|    ep_len_mean          | 41.6        |
|    ep_rew_mean          | -2.22       |
| time/                   |             |
|    fps                  | 69          |
|    iterations           | 106         |
|    time_elapsed         | 3111        |
|    total_timesteps      | 217088      |
| train/                  |             |
|    approx_kl            | 0.020124637 |
|    clip_fraction        | 0.244       |
|    clip_range           | 0.2         |
|    entropy_loss         | -5.21       |
|    explained_variance   | 0.301       |
|    learning_rate        | 0.0003      |
|    loss                 | -0.0322     |
|    n_updates            | 1050        |
|    policy_gradient_loss | -0.0233     |
|    std                  | 0.517       |
|    value_loss           | 0.00307     |
-----------------------------------------
----------------------------------------
| rollout/                |            |
|    ep_len_mean          | 44.6       |
|    ep_rew_mean          | -3.2       |
| time/                   |            |
|    fps                  | 69         |
|    iterations           | 107        |
|    time_elapsed         | 3143       |
|    total_timesteps      | 219136     |
| train/                  |            |
|    approx_kl            | 0.02124078 |
|    clip_fraction        | 0.249      |
|    clip_range           | 0.2        |
|    entropy_loss         | -5.18      |
|    explained_variance   | 0.173      |
|    learning_rate        | 0.0003     |
|    loss                 | -0.0355    |
|    n_updates            | 1060       |
|    policy_gradient_loss | -0.0236    |
|    std                  | 0.516      |
|    value_loss           | 0.00326    |
----------------------------------------
---------------------------------------
| rollout/                |           |
|    ep_len_mean          | 38        |
|    ep_rew_mean          | -0.578    |
| time/                   |           |
|    fps                  | 69        |
|    iterations           | 108       |
|    time_elapsed         | 3177      |
|    total_timesteps      | 221184    |
| train/                  |           |
|    approx_kl            | 0.0193211 |
|    clip_fraction        | 0.224     |
|    clip_range           | 0.2       |
|    entropy_loss         | -5.17     |
|    explained_variance   | 0.352     |
|    learning_rate        | 0.0003    |
|    loss                 | -0.0247   |
|    n_updates            | 1070      |
|    policy_gradient_loss | -0.0225   |
|    std                  | 0.516     |
|    value_loss           | 0.00322   |
---------------------------------------
-----------------------------------------
| rollout/                |             |
|    ep_len_mean          | 35.8        |
|    ep_rew_mean          | -0.548      |
| time/                   |             |
|    fps                  | 69          |
|    iterations           | 109         |
|    time_elapsed         | 3210        |
|    total_timesteps      | 223232      |
| train/                  |             |
|    approx_kl            | 0.017363124 |
|    clip_fraction        | 0.223       |
|    clip_range           | 0.2         |
|    entropy_loss         | -5.15       |
|    explained_variance   | 0.0942      |
|    learning_rate        | 0.0003      |
|    loss                 | -0.0401     |
|    n_updates            | 1080        |
|    policy_gradient_loss | -0.0209     |
|    std                  | 0.514       |
|    value_loss           | 0.00294     |
-----------------------------------------
-----------------------------------------
| rollout/                |             |
|    ep_len_mean          | 40          |
|    ep_rew_mean          | -1.82       |
| time/                   |             |
|    fps                  | 69          |
|    iterations           | 110         |
|    time_elapsed         | 3242        |
|    total_timesteps      | 225280      |
| train/                  |             |
|    approx_kl            | 0.018562384 |
|    clip_fraction        | 0.213       |
|    clip_range           | 0.2         |
|    entropy_loss         | -5.1        |
|    explained_variance   | 0.173       |
|    learning_rate        | 0.0003      |
|    loss                 | -0.0459     |
|    n_updates            | 1090        |
|    policy_gradient_loss | -0.0224     |
|    std                  | 0.51        |
|    value_loss           | 0.00284     |
-----------------------------------------
----------------------------------------
| rollout/                |            |
|    ep_len_mean          | 35.9       |
|    ep_rew_mean          | -0.164     |
| time/                   |            |
|    fps                  | 69         |
|    iterations           | 111        |
|    time_elapsed         | 3276       |
|    total_timesteps      | 227328     |
| train/                  |            |
|    approx_kl            | 0.01912262 |
|    clip_fraction        | 0.236      |
|    clip_range           | 0.2        |
|    entropy_loss         | -5.06      |
|    explained_variance   | 0.342      |
|    learning_rate        | 0.0003     |
|    loss                 | -0.0307    |
|    n_updates            | 1100       |
|    policy_gradient_loss | -0.021     |
|    std                  | 0.508      |
|    value_loss           | 0.00249    |
----------------------------------------
-----------------------------------------
| rollout/                |             |
|    ep_len_mean          | 34.3        |
|    ep_rew_mean          | 0.74        |
| time/                   |             |
|    fps                  | 69          |
|    iterations           | 112         |
|    time_elapsed         | 3309        |
|    total_timesteps      | 229376      |
| train/                  |             |
|    approx_kl            | 0.018601097 |
|    clip_fraction        | 0.216       |
|    clip_range           | 0.2         |
|    entropy_loss         | -5.04       |
|    explained_variance   | 0.167       |
|    learning_rate        | 0.0003      |
|    loss                 | -0.0308     |
|    n_updates            | 1110        |
|    policy_gradient_loss | -0.0237     |
|    std                  | 0.508       |
|    value_loss           | 0.00291     |
-----------------------------------------
-----------------------------------------
| rollout/                |             |
|    ep_len_mean          | 33.1        |
|    ep_rew_mean          | 1.03        |
| time/                   |             |
|    fps                  | 69          |
|    iterations           | 113         |
|    time_elapsed         | 3343        |
|    total_timesteps      | 231424      |
| train/                  |             |
|    approx_kl            | 0.016061828 |
|    clip_fraction        | 0.232       |
|    clip_range           | 0.2         |
|    entropy_loss         | -5.02       |
|    explained_variance   | -0.0301     |
|    learning_rate        | 0.0003      |
|    loss                 | -0.0534     |
|    n_updates            | 1120        |
|    policy_gradient_loss | -0.018      |
|    std                  | 0.506       |
|    value_loss           | 0.00207     |
-----------------------------------------
-----------------------------------------
| rollout/                |             |
|    ep_len_mean          | 29.5        |
|    ep_rew_mean          | 2.39        |
| time/                   |             |
|    fps                  | 69          |
|    iterations           | 114         |
|    time_elapsed         | 3376        |
|    total_timesteps      | 233472      |
| train/                  |             |
|    approx_kl            | 0.017259395 |
|    clip_fraction        | 0.227       |
|    clip_range           | 0.2         |
|    entropy_loss         | -5          |
|    explained_variance   | 0.247       |
|    learning_rate        | 0.0003      |
|    loss                 | -0.0237     |
|    n_updates            | 1130        |
|    policy_gradient_loss | -0.0238     |
|    std                  | 0.506       |
|    value_loss           | 0.00239     |
-----------------------------------------
-----------------------------------------
| rollout/                |             |
|    ep_len_mean          | 33.9        |
|    ep_rew_mean          | 0.873       |
| time/                   |             |
|    fps                  | 69          |
|    iterations           | 115         |
|    time_elapsed         | 3409        |
|    total_timesteps      | 235520      |
| train/                  |             |
|    approx_kl            | 0.021924786 |
|    clip_fraction        | 0.263       |
|    clip_range           | 0.2         |
|    entropy_loss         | -4.98       |
|    explained_variance   | 0.266       |
|    learning_rate        | 0.0003      |
|    loss                 | -0.00622    |
|    n_updates            | 1140        |
|    policy_gradient_loss | -0.0228     |
|    std                  | 0.502       |
|    value_loss           | 0.00188     |
-----------------------------------------
-----------------------------------------
| rollout/                |             |
|    ep_len_mean          | 36.2        |
|    ep_rew_mean          | 0.283       |
| time/                   |             |
|    fps                  | 68          |
|    iterations           | 116         |
|    time_elapsed         | 3443        |
|    total_timesteps      | 237568      |
| train/                  |             |
|    approx_kl            | 0.015926108 |
|    clip_fraction        | 0.229       |
|    clip_range           | 0.2         |
|    entropy_loss         | -4.94       |
|    explained_variance   | -0.141      |
|    learning_rate        | 0.0003      |
|    loss                 | -0.052      |
|    n_updates            | 1150        |
|    policy_gradient_loss | -0.0149     |
|    std                  | 0.501       |
|    value_loss           | 0.00183     |
-----------------------------------------
-----------------------------------------
| rollout/                |             |
|    ep_len_mean          | 36          |
|    ep_rew_mean          | 0.252       |
| time/                   |             |
|    fps                  | 68          |
|    iterations           | 117         |
|    time_elapsed         | 3476        |
|    total_timesteps      | 239616      |
| train/                  |             |
|    approx_kl            | 0.019551665 |
|    clip_fraction        | 0.25        |
|    clip_range           | 0.2         |
|    entropy_loss         | -4.91       |
|    explained_variance   | 0.168       |
|    learning_rate        | 0.0003      |
|    loss                 | -0.0399     |
|    n_updates            | 1160        |
|    policy_gradient_loss | -0.0226     |
|    std                  | 0.499       |
|    value_loss           | 0.002       |
-----------------------------------------
----------------------------------------
| rollout/                |            |
|    ep_len_mean          | 35.9       |
|    ep_rew_mean          | 0.451      |
| time/                   |            |
|    fps                  | 68         |
|    iterations           | 118        |
|    time_elapsed         | 3509       |
|    total_timesteps      | 241664     |
| train/                  |            |
|    approx_kl            | 0.01946307 |
|    clip_fraction        | 0.222      |
|    clip_range           | 0.2        |
|    entropy_loss         | -4.88      |
|    explained_variance   | 0.127      |
|    learning_rate        | 0.0003     |
|    loss                 | -0.0248    |
|    n_updates            | 1170       |
|    policy_gradient_loss | -0.0163    |
|    std                  | 0.496      |
|    value_loss           | 0.00247    |
----------------------------------------
-----------------------------------------
| rollout/                |             |
|    ep_len_mean          | 30.2        |
|    ep_rew_mean          | 2.18        |
| time/                   |             |
|    fps                  | 68          |
|    iterations           | 119         |
|    time_elapsed         | 3543        |
|    total_timesteps      | 243712      |
| train/                  |             |
|    approx_kl            | 0.016202608 |
|    clip_fraction        | 0.235       |
|    clip_range           | 0.2         |
|    entropy_loss         | -4.83       |
|    explained_variance   | 0.385       |
|    learning_rate        | 0.0003      |
|    loss                 | -0.00357    |
|    n_updates            | 1180        |
|    policy_gradient_loss | -0.0241     |
|    std                  | 0.492       |
|    value_loss           | 0.00231     |
-----------------------------------------
----------------------------------------
| rollout/                |            |
|    ep_len_mean          | 35         |
|    ep_rew_mean          | 1.23       |
| time/                   |            |
|    fps                  | 68         |
|    iterations           | 120        |
|    time_elapsed         | 3575       |
|    total_timesteps      | 245760     |
| train/                  |            |
|    approx_kl            | 0.02046153 |
|    clip_fraction        | 0.239      |
|    clip_range           | 0.2        |
|    entropy_loss         | -4.79      |
|    explained_variance   | 0.216      |
|    learning_rate        | 0.0003     |
|    loss                 | -0.0424    |
|    n_updates            | 1190       |
|    policy_gradient_loss | -0.0221    |
|    std                  | 0.489      |
|    value_loss           | 0.00234    |
----------------------------------------
-----------------------------------------
| rollout/                |             |
|    ep_len_mean          | 28.4        |
|    ep_rew_mean          | 3.58        |
| time/                   |             |
|    fps                  | 68          |
|    iterations           | 121         |
|    time_elapsed         | 3610        |
|    total_timesteps      | 247808      |
| train/                  |             |
|    approx_kl            | 0.018265188 |
|    clip_fraction        | 0.224       |
|    clip_range           | 0.2         |
|    entropy_loss         | -4.74       |
|    explained_variance   | 0.342       |
|    learning_rate        | 0.0003      |
|    loss                 | -0.0344     |
|    n_updates            | 1200        |
|    policy_gradient_loss | -0.0171     |
|    std                  | 0.486       |
|    value_loss           | 0.00152     |
-----------------------------------------
-----------------------------------------
| rollout/                |             |
|    ep_len_mean          | 29.3        |
|    ep_rew_mean          | 2.75        |
| time/                   |             |
|    fps                  | 68          |
|    iterations           | 122         |
|    time_elapsed         | 3643        |
|    total_timesteps      | 249856      |
| train/                  |             |
|    approx_kl            | 0.022265524 |
|    clip_fraction        | 0.253       |
|    clip_range           | 0.2         |
|    entropy_loss         | -4.72       |
|    explained_variance   | 0.221       |
|    learning_rate        | 0.0003      |
|    loss                 | -0.0309     |
|    n_updates            | 1210        |
|    policy_gradient_loss | -0.021      |
|    std                  | 0.487       |
|    value_loss           | 0.0018      |
-----------------------------------------
----------------------------------------
| rollout/                |            |
|    ep_len_mean          | 33.7       |
|    ep_rew_mean          | 1.44       |
| time/                   |            |
|    fps                  | 68         |
|    iterations           | 123        |
|    time_elapsed         | 3677       |
|    total_timesteps      | 251904     |
| train/                  |            |
|    approx_kl            | 0.02173892 |
|    clip_fraction        | 0.256      |
|    clip_range           | 0.2        |
|    entropy_loss         | -4.71      |
|    explained_variance   | 0.258      |
|    learning_rate        | 0.0003     |
|    loss                 | -0.0397    |
|    n_updates            | 1220       |
|    policy_gradient_loss | -0.0248    |
|    std                  | 0.486      |
|    value_loss           | 0.00201    |
----------------------------------------
-----------------------------------------
| rollout/                |             |
|    ep_len_mean          | 32.7        |
|    ep_rew_mean          | 1.97        |
| time/                   |             |
|    fps                  | 68          |
|    iterations           | 124         |
|    time_elapsed         | 3710        |
|    total_timesteps      | 253952      |
| train/                  |             |
|    approx_kl            | 0.018753204 |
|    clip_fraction        | 0.247       |
|    clip_range           | 0.2         |
|    entropy_loss         | -4.68       |
|    explained_variance   | 0.234       |
|    learning_rate        | 0.0003      |
|    loss                 | -0.0214     |
|    n_updates            | 1230        |
|    policy_gradient_loss | -0.0215     |
|    std                  | 0.482       |
|    value_loss           | 0.00218     |
-----------------------------------------
-----------------------------------------
| rollout/                |             |
|    ep_len_mean          | 27          |
|    ep_rew_mean          | 3.36        |
| time/                   |             |
|    fps                  | 68          |
|    iterations           | 125         |
|    time_elapsed         | 3744        |
|    total_timesteps      | 256000      |
| train/                  |             |
|    approx_kl            | 0.019360589 |
|    clip_fraction        | 0.241       |
|    clip_range           | 0.2         |
|    entropy_loss         | -4.67       |
|    explained_variance   | 0.288       |
|    learning_rate        | 0.0003      |
|    loss                 | 0.00932     |
|    n_updates            | 1240        |
|    policy_gradient_loss | -0.021      |
|    std                  | 0.483       |
|    value_loss           | 0.00194     |
-----------------------------------------
-----------------------------------------
| rollout/                |             |
|    ep_len_mean          | 34.8        |
|    ep_rew_mean          | 1.59        |
| time/                   |             |
|    fps                  | 68          |
|    iterations           | 126         |
|    time_elapsed         | 3776        |
|    total_timesteps      | 258048      |
| train/                  |             |
|    approx_kl            | 0.017940262 |
|    clip_fraction        | 0.229       |
|    clip_range           | 0.2         |
|    entropy_loss         | -4.63       |
|    explained_variance   | 0.276       |
|    learning_rate        | 0.0003      |
|    loss                 | 0.0189      |
|    n_updates            | 1250        |
|    policy_gradient_loss | -0.02       |
|    std                  | 0.48        |
|    value_loss           | 0.0018      |
-----------------------------------------
-----------------------------------------
| rollout/                |             |
|    ep_len_mean          | 31.8        |
|    ep_rew_mean          | 2.7         |
| time/                   |             |
|    fps                  | 68          |
|    iterations           | 127         |
|    time_elapsed         | 3810        |
|    total_timesteps      | 260096      |
| train/                  |             |
|    approx_kl            | 0.018755227 |
|    clip_fraction        | 0.217       |
|    clip_range           | 0.2         |
|    entropy_loss         | -4.56       |
|    explained_variance   | 0.422       |
|    learning_rate        | 0.0003      |
|    loss                 | -0.0687     |
|    n_updates            | 1260        |
|    policy_gradient_loss | -0.0199     |
|    std                  | 0.474       |
|    value_loss           | 0.00152     |
-----------------------------------------
-----------------------------------------
| rollout/                |             |
|    ep_len_mean          | 26.5        |
|    ep_rew_mean          | 3.78        |
| time/                   |             |
|    fps                  | 68          |
|    iterations           | 128         |
|    time_elapsed         | 3845        |
|    total_timesteps      | 262144      |
| train/                  |             |
|    approx_kl            | 0.021063827 |
|    clip_fraction        | 0.261       |
|    clip_range           | 0.2         |
|    entropy_loss         | -4.52       |
|    explained_variance   | 0.0993      |
|    learning_rate        | 0.0003      |
|    loss                 | -0.0335     |
|    n_updates            | 1270        |
|    policy_gradient_loss | -0.0229     |
|    std                  | 0.473       |
|    value_loss           | 0.00181     |
-----------------------------------------
-----------------------------------------
| rollout/                |             |
|    ep_len_mean          | 23.5        |
|    ep_rew_mean          | 4.64        |
| time/                   |             |
|    fps                  | 68          |
|    iterations           | 129         |
|    time_elapsed         | 3880        |
|    total_timesteps      | 264192      |
| train/                  |             |
|    approx_kl            | 0.023996089 |
|    clip_fraction        | 0.26        |
|    clip_range           | 0.2         |
|    entropy_loss         | -4.47       |
|    explained_variance   | 0.263       |
|    learning_rate        | 0.0003      |
|    loss                 | -0.0433     |
|    n_updates            | 1280        |
|    policy_gradient_loss | -0.0229     |
|    std                  | 0.468       |
|    value_loss           | 0.00229     |
-----------------------------------------
-----------------------------------------
| rollout/                |             |
|    ep_len_mean          | 29.4        |
|    ep_rew_mean          | 3.18        |
| time/                   |             |
|    fps                  | 68          |
|    iterations           | 130         |
|    time_elapsed         | 3913        |
|    total_timesteps      | 266240      |
| train/                  |             |
|    approx_kl            | 0.027108904 |
|    clip_fraction        | 0.283       |
|    clip_range           | 0.2         |
|    entropy_loss         | -4.44       |
|    explained_variance   | 0.0749      |
|    learning_rate        | 0.0003      |
|    loss                 | -0.0404     |
|    n_updates            | 1290        |
|    policy_gradient_loss | -0.0286     |
|    std                  | 0.468       |
|    value_loss           | 0.00177     |
-----------------------------------------
-----------------------------------------
| rollout/                |             |
|    ep_len_mean          | 35.1        |
|    ep_rew_mean          | 1.5         |
| time/                   |             |
|    fps                  | 67          |
|    iterations           | 131         |
|    time_elapsed         | 3946        |
|    total_timesteps      | 268288      |
| train/                  |             |
|    approx_kl            | 0.015235065 |
|    clip_fraction        | 0.202       |
|    clip_range           | 0.2         |
|    entropy_loss         | -4.41       |
|    explained_variance   | -0.132      |
|    learning_rate        | 0.0003      |
|    loss                 | 0.00484     |
|    n_updates            | 1300        |
|    policy_gradient_loss | -0.0154     |
|    std                  | 0.465       |
|    value_loss           | 0.00113     |
-----------------------------------------
-----------------------------------------
| rollout/                |             |
|    ep_len_mean          | 34.1        |
|    ep_rew_mean          | 1.63        |
| time/                   |             |
|    fps                  | 67          |
|    iterations           | 132         |
|    time_elapsed         | 3980        |
|    total_timesteps      | 270336      |
| train/                  |             |
|    approx_kl            | 0.018551756 |
|    clip_fraction        | 0.216       |
|    clip_range           | 0.2         |
|    entropy_loss         | -4.34       |
|    explained_variance   | 0.458       |
|    learning_rate        | 0.0003      |
|    loss                 | -0.0296     |
|    n_updates            | 1310        |
|    policy_gradient_loss | -0.0136     |
|    std                  | 0.459       |
|    value_loss           | 0.00159     |
-----------------------------------------
-----------------------------------------
| rollout/                |             |
|    ep_len_mean          | 31.1        |
|    ep_rew_mean          | 2.63        |
| time/                   |             |
|    fps                  | 67          |
|    iterations           | 133         |
|    time_elapsed         | 4013        |
|    total_timesteps      | 272384      |
| train/                  |             |
|    approx_kl            | 0.021843296 |
|    clip_fraction        | 0.226       |
|    clip_range           | 0.2         |
|    entropy_loss         | -4.29       |
|    explained_variance   | 0.572       |
|    learning_rate        | 0.0003      |
|    loss                 | -0.0352     |
|    n_updates            | 1320        |
|    policy_gradient_loss | -0.0208     |
|    std                  | 0.457       |
|    value_loss           | 0.00202     |
-----------------------------------------
-----------------------------------------
| rollout/                |             |
|    ep_len_mean          | 23          |
|    ep_rew_mean          | 5.16        |
| time/                   |             |
|    fps                  | 67          |
|    iterations           | 134         |
|    time_elapsed         | 4048        |
|    total_timesteps      | 274432      |
| train/                  |             |
|    approx_kl            | 0.022586469 |
|    clip_fraction        | 0.247       |
|    clip_range           | 0.2         |
|    entropy_loss         | -4.27       |
|    explained_variance   | 0.494       |
|    learning_rate        | 0.0003      |
|    loss                 | -0.0392     |
|    n_updates            | 1330        |
|    policy_gradient_loss | -0.0178     |
|    std                  | 0.456       |
|    value_loss           | 0.0019      |
-----------------------------------------
-----------------------------------------
| rollout/                |             |
|    ep_len_mean          | 24.9        |
|    ep_rew_mean          | 4.63        |
| time/                   |             |
|    fps                  | 67          |
|    iterations           | 135         |
|    time_elapsed         | 4083        |
|    total_timesteps      | 276480      |
| train/                  |             |
|    approx_kl            | 0.020907268 |
|    clip_fraction        | 0.237       |
|    clip_range           | 0.2         |
|    entropy_loss         | -4.25       |
|    explained_variance   | 0.155       |
|    learning_rate        | 0.0003      |
|    loss                 | -0.0535     |
|    n_updates            | 1340        |
|    policy_gradient_loss | -0.0172     |
|    std                  | 0.455       |
|    value_loss           | 0.00171     |
-----------------------------------------
----------------------------------------
| rollout/                |            |
|    ep_len_mean          | 23.9       |
|    ep_rew_mean          | 4.9        |
| time/                   |            |
|    fps                  | 67         |
|    iterations           | 136        |
|    time_elapsed         | 4118       |
|    total_timesteps      | 278528     |
| train/                  |            |
|    approx_kl            | 0.02101716 |
|    clip_fraction        | 0.257      |
|    clip_range           | 0.2        |
|    entropy_loss         | -4.2       |
|    explained_variance   | 0.257      |
|    learning_rate        | 0.0003     |
|    loss                 | -0.0168    |
|    n_updates            | 1350       |
|    policy_gradient_loss | -0.0168    |
|    std                  | 0.451      |
|    value_loss           | 0.00151    |
----------------------------------------
-----------------------------------------
| rollout/                |             |
|    ep_len_mean          | 24.8        |
|    ep_rew_mean          | 4.52        |
| time/                   |             |
|    fps                  | 67          |
|    iterations           | 137         |
|    time_elapsed         | 4153        |
|    total_timesteps      | 280576      |
| train/                  |             |
|    approx_kl            | 0.022103738 |
|    clip_fraction        | 0.279       |
|    clip_range           | 0.2         |
|    entropy_loss         | -4.14       |
|    explained_variance   | 0.492       |
|    learning_rate        | 0.0003      |
|    loss                 | -0.0215     |
|    n_updates            | 1360        |
|    policy_gradient_loss | -0.0243     |
|    std                  | 0.448       |
|    value_loss           | 0.00156     |
-----------------------------------------
----------------------------------------
| rollout/                |            |
|    ep_len_mean          | 23.3       |
|    ep_rew_mean          | 4.78       |
| time/                   |            |
|    fps                  | 67         |
|    iterations           | 138        |
|    time_elapsed         | 4188       |
|    total_timesteps      | 282624     |
| train/                  |            |
|    approx_kl            | 0.02147492 |
|    clip_fraction        | 0.253      |
|    clip_range           | 0.2        |
|    entropy_loss         | -4.12      |
|    explained_variance   | 0.42       |
|    learning_rate        | 0.0003     |
|    loss                 | -0.0546    |
|    n_updates            | 1370       |
|    policy_gradient_loss | -0.0226    |
|    std                  | 0.449      |
|    value_loss           | 0.00136    |
----------------------------------------
-----------------------------------------
| rollout/                |             |
|    ep_len_mean          | 21.4        |
|    ep_rew_mean          | 5.73        |
| time/                   |             |
|    fps                  | 67          |
|    iterations           | 139         |
|    time_elapsed         | 4223        |
|    total_timesteps      | 284672      |
| train/                  |             |
|    approx_kl            | 0.020614337 |
|    clip_fraction        | 0.257       |
|    clip_range           | 0.2         |
|    entropy_loss         | -4.09       |
|    explained_variance   | 0.442       |
|    learning_rate        | 0.0003      |
|    loss                 | 0.0122      |
|    n_updates            | 1380        |
|    policy_gradient_loss | -0.0148     |
|    std                  | 0.445       |
|    value_loss           | 0.00127     |
-----------------------------------------
-----------------------------------------
| rollout/                |             |
|    ep_len_mean          | 23.1        |
|    ep_rew_mean          | 4.94        |
| time/                   |             |
|    fps                  | 67          |
|    iterations           | 140         |
|    time_elapsed         | 4258        |
|    total_timesteps      | 286720      |
| train/                  |             |
|    approx_kl            | 0.025926283 |
|    clip_fraction        | 0.282       |
|    clip_range           | 0.2         |
|    entropy_loss         | -4.04       |
|    explained_variance   | 0.172       |
|    learning_rate        | 0.0003      |
|    loss                 | -0.0266     |
|    n_updates            | 1390        |
|    policy_gradient_loss | -0.0233     |
|    std                  | 0.443       |
|    value_loss           | 0.00114     |
-----------------------------------------
-----------------------------------------
| rollout/                |             |
|    ep_len_mean          | 28.4        |
|    ep_rew_mean          | 3.7         |
| time/                   |             |
|    fps                  | 67          |
|    iterations           | 141         |
|    time_elapsed         | 4292        |
|    total_timesteps      | 288768      |
| train/                  |             |
|    approx_kl            | 0.021558061 |
|    clip_fraction        | 0.281       |
|    clip_range           | 0.2         |
|    entropy_loss         | -4.01       |
|    explained_variance   | 0.257       |
|    learning_rate        | 0.0003      |
|    loss                 | -0.0295     |
|    n_updates            | 1400        |
|    policy_gradient_loss | -0.0219     |
|    std                  | 0.441       |
|    value_loss           | 0.0011      |
-----------------------------------------
-----------------------------------------
| rollout/                |             |
|    ep_len_mean          | 21.9        |
|    ep_rew_mean          | 5.08        |
| time/                   |             |
|    fps                  | 67          |
|    iterations           | 142         |
|    time_elapsed         | 4327        |
|    total_timesteps      | 290816      |
| train/                  |             |
|    approx_kl            | 0.017881759 |
|    clip_fraction        | 0.223       |
|    clip_range           | 0.2         |
|    entropy_loss         | -4.01       |
|    explained_variance   | 0.52        |
|    learning_rate        | 0.0003      |
|    loss                 | -0.0419     |
|    n_updates            | 1410        |
|    policy_gradient_loss | -0.0166     |
|    std                  | 0.442       |
|    value_loss           | 0.00119     |
-----------------------------------------
----------------------------------------
| rollout/                |            |
|    ep_len_mean          | 25.6       |
|    ep_rew_mean          | 4.3        |
| time/                   |            |
|    fps                  | 67         |
|    iterations           | 143        |
|    time_elapsed         | 4361       |
|    total_timesteps      | 292864     |
| train/                  |            |
|    approx_kl            | 0.01957179 |
|    clip_fraction        | 0.249      |
|    clip_range           | 0.2        |
|    entropy_loss         | -3.96      |
|    explained_variance   | 0.395      |
|    learning_rate        | 0.0003     |
|    loss                 | -0.0374    |
|    n_updates            | 1420       |
|    policy_gradient_loss | -0.0143    |
|    std                  | 0.437      |
|    value_loss           | 0.00161    |
----------------------------------------
-----------------------------------------
| rollout/                |             |
|    ep_len_mean          | 20.2        |
|    ep_rew_mean          | 5.88        |
| time/                   |             |
|    fps                  | 67          |
|    iterations           | 144         |
|    time_elapsed         | 4397        |
|    total_timesteps      | 294912      |
| train/                  |             |
|    approx_kl            | 0.023768239 |
|    clip_fraction        | 0.259       |
|    clip_range           | 0.2         |
|    entropy_loss         | -3.9        |
|    explained_variance   | 0.558       |
|    learning_rate        | 0.0003      |
|    loss                 | -0.0224     |
|    n_updates            | 1430        |
|    policy_gradient_loss | -0.0203     |
|    std                  | 0.434       |
|    value_loss           | 0.00131     |
-----------------------------------------
----------------------------------------
| rollout/                |            |
|    ep_len_mean          | 21.8       |
|    ep_rew_mean          | 5.23       |
| time/                   |            |
|    fps                  | 66         |
|    iterations           | 145        |
|    time_elapsed         | 4433       |
|    total_timesteps      | 296960     |
| train/                  |            |
|    approx_kl            | 0.02318348 |
|    clip_fraction        | 0.268      |
|    clip_range           | 0.2        |
|    entropy_loss         | -3.85      |
|    explained_variance   | 0.0513     |
|    learning_rate        | 0.0003     |
|    loss                 | -0.0092    |
|    n_updates            | 1440       |
|    policy_gradient_loss | -0.0196    |
|    std                  | 0.431      |
|    value_loss           | 0.00102    |
----------------------------------------
-----------------------------------------
| rollout/                |             |
|    ep_len_mean          | 19.1        |
|    ep_rew_mean          | 6.45        |
| time/                   |             |
|    fps                  | 66          |
|    iterations           | 146         |
|    time_elapsed         | 4469        |
|    total_timesteps      | 299008      |
| train/                  |             |
|    approx_kl            | 0.020271089 |
|    clip_fraction        | 0.264       |
|    clip_range           | 0.2         |
|    entropy_loss         | -3.82       |
|    explained_variance   | 0.43        |
|    learning_rate        | 0.0003      |
|    loss                 | -0.000105   |
|    n_updates            | 1450        |
|    policy_gradient_loss | -0.0103     |
|    std                  | 0.43        |
|    value_loss           | 0.00104     |
-----------------------------------------
----------------------------------------
| rollout/                |            |
|    ep_len_mean          | 19.6       |
|    ep_rew_mean          | 6.25       |
| time/                   |            |
|    fps                  | 66         |
|    iterations           | 147        |
|    time_elapsed         | 4505       |
|    total_timesteps      | 301056     |
| train/                  |            |
|    approx_kl            | 0.02761621 |
|    clip_fraction        | 0.269      |
|    clip_range           | 0.2        |
|    entropy_loss         | -3.78      |
|    explained_variance   | 0.399      |
|    learning_rate        | 0.0003     |
|    loss                 | -0.0244    |
|    n_updates            | 1460       |
|    policy_gradient_loss | -0.0155    |
|    std                  | 0.427      |
|    value_loss           | 0.000833   |
----------------------------------------
-----------------------------------------
| rollout/                |             |
|    ep_len_mean          | 22.3        |
|    ep_rew_mean          | 5.48        |
| time/                   |             |
|    fps                  | 66          |
|    iterations           | 148         |
|    time_elapsed         | 4540        |
|    total_timesteps      | 303104      |
| train/                  |             |
|    approx_kl            | 0.026223961 |
|    clip_fraction        | 0.299       |
|    clip_range           | 0.2         |
|    entropy_loss         | -3.75       |
|    explained_variance   | 0.461       |
|    learning_rate        | 0.0003      |
|    loss                 | -0.0364     |
|    n_updates            | 1470        |
|    policy_gradient_loss | -0.0246     |
|    std                  | 0.425       |
|    value_loss           | 0.00077     |
-----------------------------------------
-----------------------------------------
| rollout/                |             |
|    ep_len_mean          | 19.2        |
|    ep_rew_mean          | 6.27        |
| time/                   |             |
|    fps                  | 66          |
|    iterations           | 149         |
|    time_elapsed         | 4576        |
|    total_timesteps      | 305152      |
| train/                  |             |
|    approx_kl            | 0.026349653 |
|    clip_fraction        | 0.272       |
|    clip_range           | 0.2         |
|    entropy_loss         | -3.72       |
|    explained_variance   | 0.702       |
|    learning_rate        | 0.0003      |
|    loss                 | -0.0577     |
|    n_updates            | 1480        |
|    policy_gradient_loss | -0.0192     |
|    std                  | 0.424       |
|    value_loss           | 0.00116     |
-----------------------------------------
-----------------------------------------
| rollout/                |             |
|    ep_len_mean          | 18          |
|    ep_rew_mean          | 6.76        |
| time/                   |             |
|    fps                  | 66          |
|    iterations           | 150         |
|    time_elapsed         | 4612        |
|    total_timesteps      | 307200      |
| train/                  |             |
|    approx_kl            | 0.024847852 |
|    clip_fraction        | 0.281       |
|    clip_range           | 0.2         |
|    entropy_loss         | -3.67       |
|    explained_variance   | 0.342       |
|    learning_rate        | 0.0003      |
|    loss                 | -0.0152     |
|    n_updates            | 1490        |
|    policy_gradient_loss | -0.0226     |
|    std                  | 0.419       |
|    value_loss           | 0.00105     |
-----------------------------------------
-----------------------------------------
| rollout/                |             |
|    ep_len_mean          | 20.1        |
|    ep_rew_mean          | 6.19        |
| time/                   |             |
|    fps                  | 66          |
|    iterations           | 151         |
|    time_elapsed         | 4648        |
|    total_timesteps      | 309248      |
| train/                  |             |
|    approx_kl            | 0.025372956 |
|    clip_fraction        | 0.286       |
|    clip_range           | 0.2         |
|    entropy_loss         | -3.56       |
|    explained_variance   | 0.565       |
|    learning_rate        | 0.0003      |
|    loss                 | -0.0391     |
|    n_updates            | 1500        |
|    policy_gradient_loss | -0.0202     |
|    std                  | 0.412       |
|    value_loss           | 0.000576    |
-----------------------------------------
-----------------------------------------
| rollout/                |             |
|    ep_len_mean          | 19.8        |
|    ep_rew_mean          | 6.33        |
| time/                   |             |
|    fps                  | 66          |
|    iterations           | 152         |
|    time_elapsed         | 4684        |
|    total_timesteps      | 311296      |
| train/                  |             |
|    approx_kl            | 0.029697683 |
|    clip_fraction        | 0.294       |
|    clip_range           | 0.2         |
|    entropy_loss         | -3.48       |
|    explained_variance   | 0.569       |
|    learning_rate        | 0.0003      |
|    loss                 | -0.0321     |
|    n_updates            | 1510        |
|    policy_gradient_loss | -0.0169     |
|    std                  | 0.409       |
|    value_loss           | 0.000686    |
-----------------------------------------
-----------------------------------------
| rollout/                |             |
|    ep_len_mean          | 20.3        |
|    ep_rew_mean          | 6.03        |
| time/                   |             |
|    fps                  | 66          |
|    iterations           | 153         |
|    time_elapsed         | 4719        |
|    total_timesteps      | 313344      |
| train/                  |             |
|    approx_kl            | 0.020063601 |
|    clip_fraction        | 0.268       |
|    clip_range           | 0.2         |
|    entropy_loss         | -3.42       |
|    explained_variance   | 0.634       |
|    learning_rate        | 0.0003      |
|    loss                 | -0.00848    |
|    n_updates            | 1520        |
|    policy_gradient_loss | -0.0118     |
|    std                  | 0.405       |
|    value_loss           | 0.000693    |
-----------------------------------------
-----------------------------------------
| rollout/                |             |
|    ep_len_mean          | 21.6        |
|    ep_rew_mean          | 5.88        |
| time/                   |             |
|    fps                  | 66          |
|    iterations           | 154         |
|    time_elapsed         | 4757        |
|    total_timesteps      | 315392      |
| train/                  |             |
|    approx_kl            | 0.022191077 |
|    clip_fraction        | 0.271       |
|    clip_range           | 0.2         |
|    entropy_loss         | -3.33       |
|    explained_variance   | 0.265       |
|    learning_rate        | 0.0003      |
|    loss                 | -0.00384    |
|    n_updates            | 1530        |
|    policy_gradient_loss | -0.0125     |
|    std                  | 0.401       |
|    value_loss           | 0.000714    |
-----------------------------------------
-----------------------------------------
| rollout/                |             |
|    ep_len_mean          | 18.3        |
|    ep_rew_mean          | 6.74        |
| time/                   |             |
|    fps                  | 66          |
|    iterations           | 155         |
|    time_elapsed         | 4797        |
|    total_timesteps      | 317440      |
| train/                  |             |
|    approx_kl            | 0.025275506 |
|    clip_fraction        | 0.278       |
|    clip_range           | 0.2         |
|    entropy_loss         | -3.28       |
|    explained_variance   | 0.707       |
|    learning_rate        | 0.0003      |
|    loss                 | 0.0209      |
|    n_updates            | 1540        |
|    policy_gradient_loss | -0.0184     |
|    std                  | 0.399       |
|    value_loss           | 0.000949    |
-----------------------------------------
-----------------------------------------
| rollout/                |             |
|    ep_len_mean          | 17.9        |
|    ep_rew_mean          | 6.89        |
| time/                   |             |
|    fps                  | 66          |
|    iterations           | 156         |
|    time_elapsed         | 4833        |
|    total_timesteps      | 319488      |
| train/                  |             |
|    approx_kl            | 0.023085224 |
|    clip_fraction        | 0.284       |
|    clip_range           | 0.2         |
|    entropy_loss         | -3.22       |
|    explained_variance   | 0.48        |
|    learning_rate        | 0.0003      |
|    loss                 | -0.054      |
|    n_updates            | 1550        |
|    policy_gradient_loss | -0.0237     |
|    std                  | 0.393       |
|    value_loss           | 0.000786    |
-----------------------------------------
-----------------------------------------
| rollout/                |             |
|    ep_len_mean          | 19.2        |
|    ep_rew_mean          | 6.64        |
| time/                   |             |
|    fps                  | 66          |
|    iterations           | 157         |
|    time_elapsed         | 4870        |
|    total_timesteps      | 321536      |
| train/                  |             |
|    approx_kl            | 0.023347974 |
|    clip_fraction        | 0.29        |
|    clip_range           | 0.2         |
|    entropy_loss         | -3.12       |
|    explained_variance   | 0.561       |
|    learning_rate        | 0.0003      |
|    loss                 | -0.0133     |
|    n_updates            | 1560        |
|    policy_gradient_loss | -0.0205     |
|    std                  | 0.388       |
|    value_loss           | 0.000585    |
-----------------------------------------
----------------------------------------
| rollout/                |            |
|    ep_len_mean          | 16.7       |
|    ep_rew_mean          | 7.19       |
| time/                   |            |
|    fps                  | 65         |
|    iterations           | 158        |
|    time_elapsed         | 4906       |
|    total_timesteps      | 323584     |
| train/                  |            |
|    approx_kl            | 0.03119247 |
|    clip_fraction        | 0.303      |
|    clip_range           | 0.2        |
|    entropy_loss         | -3.05      |
|    explained_variance   | 0.575      |
|    learning_rate        | 0.0003     |
|    loss                 | -0.0175    |
|    n_updates            | 1570       |
|    policy_gradient_loss | -0.0211    |
|    std                  | 0.385      |
|    value_loss           | 0.000752   |
----------------------------------------
----------------------------------------
| rollout/                |            |
|    ep_len_mean          | 19.3       |
|    ep_rew_mean          | 6.46       |
| time/                   |            |
|    fps                  | 65         |
|    iterations           | 159        |
|    time_elapsed         | 4942       |
|    total_timesteps      | 325632     |
| train/                  |            |
|    approx_kl            | 0.02080492 |
|    clip_fraction        | 0.301      |
|    clip_range           | 0.2        |
|    entropy_loss         | -2.98      |
|    explained_variance   | 0.606      |
|    learning_rate        | 0.0003     |
|    loss                 | -0.0224    |
|    n_updates            | 1580       |
|    policy_gradient_loss | -0.0102    |
|    std                  | 0.381      |
|    value_loss           | 0.000598   |
----------------------------------------
-----------------------------------------
| rollout/                |             |
|    ep_len_mean          | 22.8        |
|    ep_rew_mean          | 5.41        |
| time/                   |             |
|    fps                  | 65          |
|    iterations           | 160         |
|    time_elapsed         | 4977        |
|    total_timesteps      | 327680      |
| train/                  |             |
|    approx_kl            | 0.026462238 |
|    clip_fraction        | 0.317       |
|    clip_range           | 0.2         |
|    entropy_loss         | -2.91       |
|    explained_variance   | 0.607       |
|    learning_rate        | 0.0003      |
|    loss                 | -0.00397    |
|    n_updates            | 1590        |
|    policy_gradient_loss | -0.0128     |
|    std                  | 0.377       |
|    value_loss           | 0.000866    |
-----------------------------------------
-----------------------------------------
| rollout/                |             |
|    ep_len_mean          | 18.7        |
|    ep_rew_mean          | 6.61        |
| time/                   |             |
|    fps                  | 65          |
|    iterations           | 161         |
|    time_elapsed         | 5013        |
|    total_timesteps      | 329728      |
| train/                  |             |
|    approx_kl            | 0.021229673 |
|    clip_fraction        | 0.257       |
|    clip_range           | 0.2         |
|    entropy_loss         | -2.86       |
|    explained_variance   | 0.466       |
|    learning_rate        | 0.0003      |
|    loss                 | -0.00476    |
|    n_updates            | 1600        |
|    policy_gradient_loss | -0.0148     |
|    std                  | 0.375       |
|    value_loss           | 0.000754    |
-----------------------------------------
-----------------------------------------
| rollout/                |             |
|    ep_len_mean          | 17.5        |
|    ep_rew_mean          | 7.18        |
| time/                   |             |
|    fps                  | 65          |
|    iterations           | 162         |
|    time_elapsed         | 5050        |
|    total_timesteps      | 331776      |
| train/                  |             |
|    approx_kl            | 0.026225943 |
|    clip_fraction        | 0.323       |
|    clip_range           | 0.2         |
|    entropy_loss         | -2.81       |
|    explained_variance   | 0.77        |
|    learning_rate        | 0.0003      |
|    loss                 | -0.024      |
|    n_updates            | 1610        |
|    policy_gradient_loss | -0.0143     |
|    std                  | 0.373       |
|    value_loss           | 0.000705    |
-----------------------------------------
-----------------------------------------
| rollout/                |             |
|    ep_len_mean          | 17.6        |
|    ep_rew_mean          | 7.02        |
| time/                   |             |
|    fps                  | 65          |
|    iterations           | 163         |
|    time_elapsed         | 5087        |
|    total_timesteps      | 333824      |
| train/                  |             |
|    approx_kl            | 0.024929572 |
|    clip_fraction        | 0.309       |
|    clip_range           | 0.2         |
|    entropy_loss         | -2.76       |
|    explained_variance   | 0.553       |
|    learning_rate        | 0.0003      |
|    loss                 | -0.0633     |
|    n_updates            | 1620        |
|    policy_gradient_loss | -0.0232     |
|    std                  | 0.37        |
|    value_loss           | 0.000551    |
-----------------------------------------
-----------------------------------------
| rollout/                |             |
|    ep_len_mean          | 17.1        |
|    ep_rew_mean          | 7.37        |
| time/                   |             |
|    fps                  | 65          |
|    iterations           | 164         |
|    time_elapsed         | 5123        |
|    total_timesteps      | 335872      |
| train/                  |             |
|    approx_kl            | 0.029557165 |
|    clip_fraction        | 0.327       |
|    clip_range           | 0.2         |
|    entropy_loss         | -2.68       |
|    explained_variance   | 0.656       |
|    learning_rate        | 0.0003      |
|    loss                 | -0.0292     |
|    n_updates            | 1630        |
|    policy_gradient_loss | -0.0245     |
|    std                  | 0.365       |
|    value_loss           | 0.000542    |
-----------------------------------------
----------------------------------------
| rollout/                |            |
|    ep_len_mean          | 17.1       |
|    ep_rew_mean          | 7.24       |
| time/                   |            |
|    fps                  | 65         |
|    iterations           | 165        |
|    time_elapsed         | 5160       |
|    total_timesteps      | 337920     |
| train/                  |            |
|    approx_kl            | 0.02995314 |
|    clip_fraction        | 0.314      |
|    clip_range           | 0.2        |
|    entropy_loss         | -2.6       |
|    explained_variance   | 0.735      |
|    learning_rate        | 0.0003     |
|    loss                 | -0.012     |
|    n_updates            | 1640       |
|    policy_gradient_loss | -0.0202    |
|    std                  | 0.362      |
|    value_loss           | 0.00044    |
----------------------------------------
----------------------------------------
| rollout/                |            |
|    ep_len_mean          | 17.5       |
|    ep_rew_mean          | 7.17       |
| time/                   |            |
|    fps                  | 65         |
|    iterations           | 166        |
|    time_elapsed         | 5197       |
|    total_timesteps      | 339968     |
| train/                  |            |
|    approx_kl            | 0.03212274 |
|    clip_fraction        | 0.323      |
|    clip_range           | 0.2        |
|    entropy_loss         | -2.55      |
|    explained_variance   | 0.751      |
|    learning_rate        | 0.0003     |
|    loss                 | 0.0304     |
|    n_updates            | 1650       |
|    policy_gradient_loss | -0.0204    |
|    std                  | 0.359      |
|    value_loss           | 0.000391   |
----------------------------------------
-----------------------------------------
| rollout/                |             |
|    ep_len_mean          | 16.9        |
|    ep_rew_mean          | 7.34        |
| time/                   |             |
|    fps                  | 65          |
|    iterations           | 167         |
|    time_elapsed         | 5234        |
|    total_timesteps      | 342016      |
| train/                  |             |
|    approx_kl            | 0.026110915 |
|    clip_fraction        | 0.303       |
|    clip_range           | 0.2         |
|    entropy_loss         | -2.47       |
|    explained_variance   | 0.672       |
|    learning_rate        | 0.0003      |
|    loss                 | -0.0209     |
|    n_updates            | 1660        |
|    policy_gradient_loss | -0.0219     |
|    std                  | 0.355       |
|    value_loss           | 0.000561    |
-----------------------------------------
-----------------------------------------
| rollout/                |             |
|    ep_len_mean          | 17.1        |
|    ep_rew_mean          | 7.34        |
| time/                   |             |
|    fps                  | 65          |
|    iterations           | 168         |
|    time_elapsed         | 5271        |
|    total_timesteps      | 344064      |
| train/                  |             |
|    approx_kl            | 0.033133797 |
|    clip_fraction        | 0.335       |
|    clip_range           | 0.2         |
|    entropy_loss         | -2.4        |
|    explained_variance   | 0.754       |
|    learning_rate        | 0.0003      |
|    loss                 | -0.0165     |
|    n_updates            | 1670        |
|    policy_gradient_loss | -0.0218     |
|    std                  | 0.353       |
|    value_loss           | 0.000327    |
-----------------------------------------
-----------------------------------------
| rollout/                |             |
|    ep_len_mean          | 16.4        |
|    ep_rew_mean          | 7.55        |
| time/                   |             |
|    fps                  | 65          |
|    iterations           | 169         |
|    time_elapsed         | 5307        |
|    total_timesteps      | 346112      |
| train/                  |             |
|    approx_kl            | 0.030468773 |
|    clip_fraction        | 0.326       |
|    clip_range           | 0.2         |
|    entropy_loss         | -2.35       |
|    explained_variance   | 0.774       |
|    learning_rate        | 0.0003      |
|    loss                 | -0.0478     |
|    n_updates            | 1680        |
|    policy_gradient_loss | -0.0201     |
|    std                  | 0.351       |
|    value_loss           | 0.000359    |
-----------------------------------------
-----------------------------------------
| rollout/                |             |
|    ep_len_mean          | 16.5        |
|    ep_rew_mean          | 7.54        |
| time/                   |             |
|    fps                  | 65          |
|    iterations           | 170         |
|    time_elapsed         | 5344        |
|    total_timesteps      | 348160      |
| train/                  |             |
|    approx_kl            | 0.029607778 |
|    clip_fraction        | 0.339       |
|    clip_range           | 0.2         |
|    entropy_loss         | -2.31       |
|    explained_variance   | 0.692       |
|    learning_rate        | 0.0003      |
|    loss                 | -0.00279    |
|    n_updates            | 1690        |
|    policy_gradient_loss | -0.0148     |
|    std                  | 0.348       |
|    value_loss           | 0.00047     |
-----------------------------------------
-----------------------------------------
| rollout/                |             |
|    ep_len_mean          | 16.7        |
|    ep_rew_mean          | 7.47        |
| time/                   |             |
|    fps                  | 65          |
|    iterations           | 171         |
|    time_elapsed         | 5381        |
|    total_timesteps      | 350208      |
| train/                  |             |
|    approx_kl            | 0.023393815 |
|    clip_fraction        | 0.301       |
|    clip_range           | 0.2         |
|    entropy_loss         | -2.29       |
|    explained_variance   | 0.811       |
|    learning_rate        | 0.0003      |
|    loss                 | -0.0564     |
|    n_updates            | 1700        |
|    policy_gradient_loss | -0.0154     |
|    std                  | 0.349       |
|    value_loss           | 0.000398    |
-----------------------------------------
-----------------------------------------
| rollout/                |             |
|    ep_len_mean          | 17          |
|    ep_rew_mean          | 7.49        |
| time/                   |             |
|    fps                  | 65          |
|    iterations           | 172         |
|    time_elapsed         | 5418        |
|    total_timesteps      | 352256      |
| train/                  |             |
|    approx_kl            | 0.030965118 |
|    clip_fraction        | 0.294       |
|    clip_range           | 0.2         |
|    entropy_loss         | -2.27       |
|    explained_variance   | 0.794       |
|    learning_rate        | 0.0003      |
|    loss                 | -0.0159     |
|    n_updates            | 1710        |
|    policy_gradient_loss | -0.0165     |
|    std                  | 0.347       |
|    value_loss           | 0.000314    |
-----------------------------------------
-----------------------------------------
| rollout/                |             |
|    ep_len_mean          | 16.5        |
|    ep_rew_mean          | 7.64        |
| time/                   |             |
|    fps                  | 64          |
|    iterations           | 173         |
|    time_elapsed         | 5454        |
|    total_timesteps      | 354304      |
| train/                  |             |
|    approx_kl            | 0.028798467 |
|    clip_fraction        | 0.308       |
|    clip_range           | 0.2         |
|    entropy_loss         | -2.23       |
|    explained_variance   | 0.799       |
|    learning_rate        | 0.0003      |
|    loss                 | -0.0263     |
|    n_updates            | 1720        |
|    policy_gradient_loss | -0.0199     |
|    std                  | 0.344       |
|    value_loss           | 0.00034     |
-----------------------------------------
-----------------------------------------
| rollout/                |             |
|    ep_len_mean          | 16.4        |
|    ep_rew_mean          | 7.65        |
| time/                   |             |
|    fps                  | 64          |
|    iterations           | 174         |
|    time_elapsed         | 5491        |
|    total_timesteps      | 356352      |
| train/                  |             |
|    approx_kl            | 0.028695155 |
|    clip_fraction        | 0.332       |
|    clip_range           | 0.2         |
|    entropy_loss         | -2.19       |
|    explained_variance   | 0.731       |
|    learning_rate        | 0.0003      |
|    loss                 | 0.0336      |
|    n_updates            | 1730        |
|    policy_gradient_loss | -0.00981    |
|    std                  | 0.344       |
|    value_loss           | 0.000352    |
-----------------------------------------
-----------------------------------------
| rollout/                |             |
|    ep_len_mean          | 16.7        |
|    ep_rew_mean          | 7.59        |
| time/                   |             |
|    fps                  | 64          |
|    iterations           | 175         |
|    time_elapsed         | 5528        |
|    total_timesteps      | 358400      |
| train/                  |             |
|    approx_kl            | 0.028448997 |
|    clip_fraction        | 0.32        |
|    clip_range           | 0.2         |
|    entropy_loss         | -2.14       |
|    explained_variance   | 0.813       |
|    learning_rate        | 0.0003      |
|    loss                 | -0.0364     |
|    n_updates            | 1740        |
|    policy_gradient_loss | -0.0175     |
|    std                  | 0.34        |
|    value_loss           | 0.000314    |
-----------------------------------------
----------------------------------------
| rollout/                |            |
|    ep_len_mean          | 16.8       |
|    ep_rew_mean          | 7.58       |
| time/                   |            |
|    fps                  | 64         |
|    iterations           | 176        |
|    time_elapsed         | 5565       |
|    total_timesteps      | 360448     |
| train/                  |            |
|    approx_kl            | 0.02964429 |
|    clip_fraction        | 0.307      |
|    clip_range           | 0.2        |
|    entropy_loss         | -2.07      |
|    explained_variance   | 0.764      |
|    learning_rate        | 0.0003     |
|    loss                 | -0.0133    |
|    n_updates            | 1750       |
|    policy_gradient_loss | -0.0192    |
|    std                  | 0.338      |
|    value_loss           | 0.000341   |
----------------------------------------
-----------------------------------------
| rollout/                |             |
|    ep_len_mean          | 16.9        |
|    ep_rew_mean          | 7.6         |
| time/                   |             |
|    fps                  | 64          |
|    iterations           | 177         |
|    time_elapsed         | 5602        |
|    total_timesteps      | 362496      |
| train/                  |             |
|    approx_kl            | 0.032903858 |
|    clip_fraction        | 0.325       |
|    clip_range           | 0.2         |
|    entropy_loss         | -1.99       |
|    explained_variance   | 0.732       |
|    learning_rate        | 0.0003      |
|    loss                 | -0.0155     |
|    n_updates            | 1760        |
|    policy_gradient_loss | -0.02       |
|    std                  | 0.334       |
|    value_loss           | 0.000449    |
-----------------------------------------
-----------------------------------------
| rollout/                |             |
|    ep_len_mean          | 16.4        |
|    ep_rew_mean          | 7.71        |
| time/                   |             |
|    fps                  | 64          |
|    iterations           | 178         |
|    time_elapsed         | 5639        |
|    total_timesteps      | 364544      |
| train/                  |             |
|    approx_kl            | 0.033146475 |
|    clip_fraction        | 0.37        |
|    clip_range           | 0.2         |
|    entropy_loss         | -1.95       |
|    explained_variance   | 0.785       |
|    learning_rate        | 0.0003      |
|    loss                 | -0.0323     |
|    n_updates            | 1770        |
|    policy_gradient_loss | -0.0145     |
|    std                  | 0.333       |
|    value_loss           | 0.000382    |
-----------------------------------------
----------------------------------------
| rollout/                |            |
|    ep_len_mean          | 16.3       |
|    ep_rew_mean          | 7.69       |
| time/                   |            |
|    fps                  | 64         |
|    iterations           | 179        |
|    time_elapsed         | 5676       |
|    total_timesteps      | 366592     |
| train/                  |            |
|    approx_kl            | 0.02990216 |
|    clip_fraction        | 0.318      |
|    clip_range           | 0.2        |
|    entropy_loss         | -1.89      |
|    explained_variance   | 0.849      |
|    learning_rate        | 0.0003     |
|    loss                 | -0.01      |
|    n_updates            | 1780       |
|    policy_gradient_loss | -0.0149    |
|    std                  | 0.329      |
|    value_loss           | 0.000252   |
----------------------------------------
-----------------------------------------
| rollout/                |             |
|    ep_len_mean          | 16          |
|    ep_rew_mean          | 7.87        |
| time/                   |             |
|    fps                  | 64          |
|    iterations           | 180         |
|    time_elapsed         | 5713        |
|    total_timesteps      | 368640      |
| train/                  |             |
|    approx_kl            | 0.028847946 |
|    clip_fraction        | 0.337       |
|    clip_range           | 0.2         |
|    entropy_loss         | -1.82       |
|    explained_variance   | 0.853       |
|    learning_rate        | 0.0003      |
|    loss                 | -0.0362     |
|    n_updates            | 1790        |
|    policy_gradient_loss | -0.0194     |
|    std                  | 0.326       |
|    value_loss           | 0.000232    |
-----------------------------------------
-----------------------------------------
| rollout/                |             |
|    ep_len_mean          | 18.4        |
|    ep_rew_mean          | 7.22        |
| time/                   |             |
|    fps                  | 64          |
|    iterations           | 181         |
|    time_elapsed         | 5749        |
|    total_timesteps      | 370688      |
| train/                  |             |
|    approx_kl            | 0.030375585 |
|    clip_fraction        | 0.318       |
|    clip_range           | 0.2         |
|    entropy_loss         | -1.78       |
|    explained_variance   | 0.903       |
|    learning_rate        | 0.0003      |
|    loss                 | 0.00571     |
|    n_updates            | 1800        |
|    policy_gradient_loss | -0.014      |
|    std                  | 0.325       |
|    value_loss           | 0.000171    |
-----------------------------------------
-----------------------------------------
| rollout/                |             |
|    ep_len_mean          | 18.4        |
|    ep_rew_mean          | 7.36        |
| time/                   |             |
|    fps                  | 64          |
|    iterations           | 182         |
|    time_elapsed         | 5786        |
|    total_timesteps      | 372736      |
| train/                  |             |
|    approx_kl            | 0.027258314 |
|    clip_fraction        | 0.295       |
|    clip_range           | 0.2         |
|    entropy_loss         | -1.75       |
|    explained_variance   | 0.743       |
|    learning_rate        | 0.0003      |
|    loss                 | -0.0261     |
|    n_updates            | 1810        |
|    policy_gradient_loss | -0.00854    |
|    std                  | 0.324       |
|    value_loss           | 0.000385    |
-----------------------------------------
-----------------------------------------
| rollout/                |             |
|    ep_len_mean          | 16.3        |
|    ep_rew_mean          | 7.84        |
| time/                   |             |
|    fps                  | 64          |
|    iterations           | 183         |
|    time_elapsed         | 5823        |
|    total_timesteps      | 374784      |
| train/                  |             |
|    approx_kl            | 0.036274962 |
|    clip_fraction        | 0.333       |
|    clip_range           | 0.2         |
|    entropy_loss         | -1.71       |
|    explained_variance   | 0.693       |
|    learning_rate        | 0.0003      |
|    loss                 | 0.00653     |
|    n_updates            | 1820        |
|    policy_gradient_loss | -0.00251    |
|    std                  | 0.321       |
|    value_loss           | 0.000356    |
-----------------------------------------
----------------------------------------
| rollout/                |            |
|    ep_len_mean          | 16         |
|    ep_rew_mean          | 7.89       |
| time/                   |            |
|    fps                  | 64         |
|    iterations           | 184        |
|    time_elapsed         | 5860       |
|    total_timesteps      | 376832     |
| train/                  |            |
|    approx_kl            | 0.03200822 |
|    clip_fraction        | 0.308      |
|    clip_range           | 0.2        |
|    entropy_loss         | -1.65      |
|    explained_variance   | 0.86       |
|    learning_rate        | 0.0003     |
|    loss                 | -0.0306    |
|    n_updates            | 1830       |
|    policy_gradient_loss | -0.0153    |
|    std                  | 0.318      |
|    value_loss           | 0.000222   |
----------------------------------------
----------------------------------------
| rollout/                |            |
|    ep_len_mean          | 16.1       |
|    ep_rew_mean          | 7.93       |
| time/                   |            |
|    fps                  | 64         |
|    iterations           | 185        |
|    time_elapsed         | 5897       |
|    total_timesteps      | 378880     |
| train/                  |            |
|    approx_kl            | 0.02738477 |
|    clip_fraction        | 0.303      |
|    clip_range           | 0.2        |
|    entropy_loss         | -1.58      |
|    explained_variance   | 0.904      |
|    learning_rate        | 0.0003     |
|    loss                 | -0.0375    |
|    n_updates            | 1840       |
|    policy_gradient_loss | -0.016     |
|    std                  | 0.315      |
|    value_loss           | 0.000176   |
----------------------------------------
----------------------------------------
| rollout/                |            |
|    ep_len_mean          | 18.4       |
|    ep_rew_mean          | 7.25       |
| time/                   |            |
|    fps                  | 64         |
|    iterations           | 186        |
|    time_elapsed         | 5933       |
|    total_timesteps      | 380928     |
| train/                  |            |
|    approx_kl            | 0.02915058 |
|    clip_fraction        | 0.338      |
|    clip_range           | 0.2        |
|    entropy_loss         | -1.56      |
|    explained_variance   | 0.878      |
|    learning_rate        | 0.0003     |
|    loss                 | -0.0429    |
|    n_updates            | 1850       |
|    policy_gradient_loss | -0.0173    |
|    std                  | 0.315      |
|    value_loss           | 0.000219   |
----------------------------------------
-----------------------------------------
| rollout/                |             |
|    ep_len_mean          | 17.6        |
|    ep_rew_mean          | 7.58        |
| time/                   |             |
|    fps                  | 64          |
|    iterations           | 187         |
|    time_elapsed         | 5970        |
|    total_timesteps      | 382976      |
| train/                  |             |
|    approx_kl            | 0.033300564 |
|    clip_fraction        | 0.332       |
|    clip_range           | 0.2         |
|    entropy_loss         | -1.54       |
|    explained_variance   | 0.745       |
|    learning_rate        | 0.0003      |
|    loss                 | -0.041      |
|    n_updates            | 1860        |
|    policy_gradient_loss | -0.00869    |
|    std                  | 0.314       |
|    value_loss           | 0.000467    |
-----------------------------------------
-----------------------------------------
| rollout/                |             |
|    ep_len_mean          | 16.1        |
|    ep_rew_mean          | 7.95        |
| time/                   |             |
|    fps                  | 64          |
|    iterations           | 188         |
|    time_elapsed         | 6007        |
|    total_timesteps      | 385024      |
| train/                  |             |
|    approx_kl            | 0.032519072 |
|    clip_fraction        | 0.343       |
|    clip_range           | 0.2         |
|    entropy_loss         | -1.49       |
|    explained_variance   | 0.751       |
|    learning_rate        | 0.0003      |
|    loss                 | 0.0213      |
|    n_updates            | 1870        |
|    policy_gradient_loss | -0.0176     |
|    std                  | 0.311       |
|    value_loss           | 0.000488    |
-----------------------------------------
-----------------------------------------
| rollout/                |             |
|    ep_len_mean          | 16.1        |
|    ep_rew_mean          | 7.89        |
| time/                   |             |
|    fps                  | 64          |
|    iterations           | 189         |
|    time_elapsed         | 6044        |
|    total_timesteps      | 387072      |
| train/                  |             |
|    approx_kl            | 0.033526517 |
|    clip_fraction        | 0.319       |
|    clip_range           | 0.2         |
|    entropy_loss         | -1.44       |
|    explained_variance   | 0.886       |
|    learning_rate        | 0.0003      |
|    loss                 | -0.00573    |
|    n_updates            | 1880        |
|    policy_gradient_loss | -0.0123     |
|    std                  | 0.308       |
|    value_loss           | 0.000154    |
-----------------------------------------
-----------------------------------------
| rollout/                |             |
|    ep_len_mean          | 16.1        |
|    ep_rew_mean          | 7.9         |
| time/                   |             |
|    fps                  | 63          |
|    iterations           | 190         |
|    time_elapsed         | 6081        |
|    total_timesteps      | 389120      |
| train/                  |             |
|    approx_kl            | 0.031095091 |
|    clip_fraction        | 0.321       |
|    clip_range           | 0.2         |
|    entropy_loss         | -1.38       |
|    explained_variance   | 0.89        |
|    learning_rate        | 0.0003      |
|    loss                 | -0.022      |
|    n_updates            | 1890        |
|    policy_gradient_loss | -0.0124     |
|    std                  | 0.306       |
|    value_loss           | 0.000207    |
-----------------------------------------
-----------------------------------------
| rollout/                |             |
|    ep_len_mean          | 16.2        |
|    ep_rew_mean          | 7.97        |
| time/                   |             |
|    fps                  | 63          |
|    iterations           | 191         |
|    time_elapsed         | 6118        |
|    total_timesteps      | 391168      |
| train/                  |             |
|    approx_kl            | 0.028685175 |
|    clip_fraction        | 0.334       |
|    clip_range           | 0.2         |
|    entropy_loss         | -1.34       |
|    explained_variance   | 0.875       |
|    learning_rate        | 0.0003      |
|    loss                 | -0.0532     |
|    n_updates            | 1900        |
|    policy_gradient_loss | -0.016      |
|    std                  | 0.306       |
|    value_loss           | 0.000247    |
-----------------------------------------
----------------------------------------
| rollout/                |            |
|    ep_len_mean          | 16.1       |
|    ep_rew_mean          | 8.07       |
| time/                   |            |
|    fps                  | 63         |
|    iterations           | 192        |
|    time_elapsed         | 6155       |
|    total_timesteps      | 393216     |
| train/                  |            |
|    approx_kl            | 0.03622415 |
|    clip_fraction        | 0.338      |
|    clip_range           | 0.2        |
|    entropy_loss         | -1.28      |
|    explained_variance   | 0.901      |
|    learning_rate        | 0.0003     |
|    loss                 | -0.0168    |
|    n_updates            | 1910       |
|    policy_gradient_loss | -0.0156    |
|    std                  | 0.302      |
|    value_loss           | 0.000177   |
----------------------------------------
-----------------------------------------
| rollout/                |             |
|    ep_len_mean          | 15.8        |
|    ep_rew_mean          | 8.1         |
| time/                   |             |
|    fps                  | 63          |
|    iterations           | 193         |
|    time_elapsed         | 6193        |
|    total_timesteps      | 395264      |
| train/                  |             |
|    approx_kl            | 0.022960916 |
|    clip_fraction        | 0.321       |
|    clip_range           | 0.2         |
|    entropy_loss         | -1.22       |
|    explained_variance   | 0.914       |
|    learning_rate        | 0.0003      |
|    loss                 | -0.0512     |
|    n_updates            | 1920        |
|    policy_gradient_loss | -0.0145     |
|    std                  | 0.3         |
|    value_loss           | 0.000164    |
-----------------------------------------
----------------------------------------
| rollout/                |            |
|    ep_len_mean          | 16.2       |
|    ep_rew_mean          | 7.89       |
| time/                   |            |
|    fps                  | 63         |
|    iterations           | 194        |
|    time_elapsed         | 6229       |
|    total_timesteps      | 397312     |
| train/                  |            |
|    approx_kl            | 0.03756085 |
|    clip_fraction        | 0.347      |
|    clip_range           | 0.2        |
|    entropy_loss         | -1.17      |
|    explained_variance   | 0.934      |
|    learning_rate        | 0.0003     |
|    loss                 | 0.00129    |
|    n_updates            | 1930       |
|    policy_gradient_loss | -0.0118    |
|    std                  | 0.297      |
|    value_loss           | 0.000129   |
----------------------------------------
----------------------------------------
| rollout/                |            |
|    ep_len_mean          | 16.1       |
|    ep_rew_mean          | 8.03       |
| time/                   |            |
|    fps                  | 63         |
|    iterations           | 195        |
|    time_elapsed         | 6262       |
|    total_timesteps      | 399360     |
| train/                  |            |
|    approx_kl            | 0.04110935 |
|    clip_fraction        | 0.375      |
|    clip_range           | 0.2        |
|    entropy_loss         | -1.11      |
|    explained_variance   | 0.786      |
|    learning_rate        | 0.0003     |
|    loss                 | -0.015     |
|    n_updates            | 1940       |
|    policy_gradient_loss | -0.0161    |
|    std                  | 0.294      |
|    value_loss           | 0.000467   |
----------------------------------------
----------------------------------------
| rollout/                |            |
|    ep_len_mean          | 16.2       |
|    ep_rew_mean          | 7.95       |
| time/                   |            |
|    fps                  | 63         |
|    iterations           | 196        |
|    time_elapsed         | 6291       |
|    total_timesteps      | 401408     |
| train/                  |            |
|    approx_kl            | 0.03543418 |
|    clip_fraction        | 0.344      |
|    clip_range           | 0.2        |
|    entropy_loss         | -1.06      |
|    explained_variance   | 0.857      |
|    learning_rate        | 0.0003     |
|    loss                 | -0.00626   |
|    n_updates            | 1950       |
|    policy_gradient_loss | -0.0138    |
|    std                  | 0.293      |
|    value_loss           | 0.000287   |
----------------------------------------
saved models/C4_seed1.zip and models/C4_seed1_vecnormalize.pkl
