=== training C3_seed0 for 400000 steps ===
    port 5300
--------------------------------------------------------------
[threshold consistency]
  success distance      = 0.030 m
  force at success      = 5.00 N
  comfort / danger      = 6.0 N / 10.0 N
  >>> OK: the success point lies inside the safe band.
--------------------------------------------------------------
Waiting for connections on port: 5301...
Connected successfully
Using cpu device
---------------------------------
| rollout/           |          |
|    ep_len_mean     | 200      |
|    ep_rew_mean     | -893     |
| time/              |          |
|    fps             | 70       |
|    iterations      | 1        |
|    time_elapsed    | 29       |
|    total_timesteps | 2048     |
---------------------------------
-----------------------------------------
| rollout/                |             |
|    ep_len_mean          | 200         |
|    ep_rew_mean          | -964        |
| time/                   |             |
|    fps                  | 64          |
|    iterations           | 2           |
|    time_elapsed         | 63          |
|    total_timesteps      | 4096        |
| train/                  |             |
|    approx_kl            | 0.014360408 |
|    clip_fraction        | 0.124       |
|    clip_range           | 0.2         |
|    entropy_loss         | -9.92       |
|    explained_variance   | -0.549      |
|    learning_rate        | 0.0003      |
|    loss                 | -0.0117     |
|    n_updates            | 10          |
|    policy_gradient_loss | -0.0226     |
|    std                  | 0.997       |
|    value_loss           | 0.385       |
-----------------------------------------
-----------------------------------------
| rollout/                |             |
|    ep_len_mean          | 200         |
|    ep_rew_mean          | -994        |
| time/                   |             |
|    fps                  | 65          |
|    iterations           | 3           |
|    time_elapsed         | 93          |
|    total_timesteps      | 6144        |
| train/                  |             |
|    approx_kl            | 0.013290705 |
|    clip_fraction        | 0.135       |
|    clip_range           | 0.2         |
|    entropy_loss         | -9.92       |
|    explained_variance   | 0.274       |
|    learning_rate        | 0.0003      |
|    loss                 | 0.011       |
|    n_updates            | 20          |
|    policy_gradient_loss | -0.0249     |
|    std                  | 0.997       |
|    value_loss           | 0.0457      |
-----------------------------------------
-----------------------------------------
| rollout/                |             |
|    ep_len_mean          | 200         |
|    ep_rew_mean          | -942        |
| time/                   |             |
|    fps                  | 66          |
|    iterations           | 4           |
|    time_elapsed         | 123         |
|    total_timesteps      | 8192        |
| train/                  |             |
|    approx_kl            | 0.013486586 |
|    clip_fraction        | 0.151       |
|    clip_range           | 0.2         |
|    entropy_loss         | -9.91       |
|    explained_variance   | 0.352       |
|    learning_rate        | 0.0003      |
|    loss                 | -0.00312    |
|    n_updates            | 30          |
|    policy_gradient_loss | -0.0264     |
|    std                  | 0.996       |
|    value_loss           | 0.0365      |
-----------------------------------------
-----------------------------------------
| rollout/                |             |
|    ep_len_mean          | 200         |
|    ep_rew_mean          | -908        |
| time/                   |             |
|    fps                  | 66          |
|    iterations           | 5           |
|    time_elapsed         | 154         |
|    total_timesteps      | 10240       |
| train/                  |             |
|    approx_kl            | 0.015628291 |
|    clip_fraction        | 0.176       |
|    clip_range           | 0.2         |
|    entropy_loss         | -9.92       |
|    explained_variance   | 0.501       |
|    learning_rate        | 0.0003      |
|    loss                 | -0.0307     |
|    n_updates            | 40          |
|    policy_gradient_loss | -0.0305     |
|    std                  | 1           |
|    value_loss           | 0.025       |
-----------------------------------------
-----------------------------------------
| rollout/                |             |
|    ep_len_mean          | 200         |
|    ep_rew_mean          | -855        |
| time/                   |             |
|    fps                  | 66          |
|    iterations           | 6           |
|    time_elapsed         | 185         |
|    total_timesteps      | 12288       |
| train/                  |             |
|    approx_kl            | 0.016115487 |
|    clip_fraction        | 0.173       |
|    clip_range           | 0.2         |
|    entropy_loss         | -9.9        |
|    explained_variance   | 0.601       |
|    learning_rate        | 0.0003      |
|    loss                 | -0.0215     |
|    n_updates            | 50          |
|    policy_gradient_loss | -0.0303     |
|    std                  | 0.993       |
|    value_loss           | 0.0225      |
-----------------------------------------
-----------------------------------------
| rollout/                |             |
|    ep_len_mean          | 200         |
|    ep_rew_mean          | -810        |
| time/                   |             |
|    fps                  | 66          |
|    iterations           | 7           |
|    time_elapsed         | 215         |
|    total_timesteps      | 14336       |
| train/                  |             |
|    approx_kl            | 0.014735864 |
|    clip_fraction        | 0.173       |
|    clip_range           | 0.2         |
|    entropy_loss         | -9.85       |
|    explained_variance   | 0.336       |
|    learning_rate        | 0.0003      |
|    loss                 | -0.0479     |
|    n_updates            | 60          |
|    policy_gradient_loss | -0.0297     |
|    std                  | 0.984       |
|    value_loss           | 0.0207      |
-----------------------------------------
-----------------------------------------
| rollout/                |             |
|    ep_len_mean          | 200         |
|    ep_rew_mean          | -769        |
| time/                   |             |
|    fps                  | 66          |
|    iterations           | 8           |
|    time_elapsed         | 246         |
|    total_timesteps      | 16384       |
| train/                  |             |
|    approx_kl            | 0.017962504 |
|    clip_fraction        | 0.202       |
|    clip_range           | 0.2         |
|    entropy_loss         | -9.82       |
|    explained_variance   | 0.428       |
|    learning_rate        | 0.0003      |
|    loss                 | 0.00268     |
|    n_updates            | 70          |
|    policy_gradient_loss | -0.0318     |
|    std                  | 0.985       |
|    value_loss           | 0.0167      |
-----------------------------------------
-----------------------------------------
| rollout/                |             |
|    ep_len_mean          | 200         |
|    ep_rew_mean          | -724        |
| time/                   |             |
|    fps                  | 66          |
|    iterations           | 9           |
|    time_elapsed         | 276         |
|    total_timesteps      | 18432       |
| train/                  |             |
|    approx_kl            | 0.017357182 |
|    clip_fraction        | 0.184       |
|    clip_range           | 0.2         |
|    entropy_loss         | -9.83       |
|    explained_variance   | 0.133       |
|    learning_rate        | 0.0003      |
|    loss                 | -0.0557     |
|    n_updates            | 80          |
|    policy_gradient_loss | -0.0333     |
|    std                  | 0.985       |
|    value_loss           | 0.00957     |
-----------------------------------------
-----------------------------------------
| rollout/                |             |
|    ep_len_mean          | 200         |
|    ep_rew_mean          | -678        |
| time/                   |             |
|    fps                  | 66          |
|    iterations           | 10          |
|    time_elapsed         | 307         |
|    total_timesteps      | 20480       |
| train/                  |             |
|    approx_kl            | 0.015542001 |
|    clip_fraction        | 0.178       |
|    clip_range           | 0.2         |
|    entropy_loss         | -9.84       |
|    explained_variance   | -0.369      |
|    learning_rate        | 0.0003      |
|    loss                 | -0.0391     |
|    n_updates            | 90          |
|    policy_gradient_loss | -0.032      |
|    std                  | 0.989       |
|    value_loss           | 0.00924     |
-----------------------------------------
-----------------------------------------
| rollout/                |             |
|    ep_len_mean          | 200         |
|    ep_rew_mean          | -618        |
| time/                   |             |
|    fps                  | 66          |
|    iterations           | 11          |
|    time_elapsed         | 338         |
|    total_timesteps      | 22528       |
| train/                  |             |
|    approx_kl            | 0.015129685 |
|    clip_fraction        | 0.17        |
|    clip_range           | 0.2         |
|    entropy_loss         | -9.85       |
|    explained_variance   | 0.137       |
|    learning_rate        | 0.0003      |
|    loss                 | -0.0388     |
|    n_updates            | 100         |
|    policy_gradient_loss | -0.0277     |
|    std                  | 0.988       |
|    value_loss           | 0.00559     |
-----------------------------------------
-----------------------------------------
| rollout/                |             |
|    ep_len_mean          | 200         |
|    ep_rew_mean          | -553        |
| time/                   |             |
|    fps                  | 66          |
|    iterations           | 12          |
|    time_elapsed         | 369         |
|    total_timesteps      | 24576       |
| train/                  |             |
|    approx_kl            | 0.016487762 |
|    clip_fraction        | 0.195       |
|    clip_range           | 0.2         |
|    entropy_loss         | -9.81       |
|    explained_variance   | -0.307      |
|    learning_rate        | 0.0003      |
|    loss                 | -0.0441     |
|    n_updates            | 110         |
|    policy_gradient_loss | -0.0334     |
|    std                  | 0.981       |
|    value_loss           | 0.00311     |
-----------------------------------------
-----------------------------------------
| rollout/                |             |
|    ep_len_mean          | 200         |
|    ep_rew_mean          | -477        |
| time/                   |             |
|    fps                  | 66          |
|    iterations           | 13          |
|    time_elapsed         | 400         |
|    total_timesteps      | 26624       |
| train/                  |             |
|    approx_kl            | 0.017491354 |
|    clip_fraction        | 0.196       |
|    clip_range           | 0.2         |
|    entropy_loss         | -9.78       |
|    explained_variance   | -0.0936     |
|    learning_rate        | 0.0003      |
|    loss                 | -0.0235     |
|    n_updates            | 120         |
|    policy_gradient_loss | -0.0339     |
|    std                  | 0.978       |
|    value_loss           | 0.00337     |
-----------------------------------------
-----------------------------------------
| rollout/                |             |
|    ep_len_mean          | 200         |
|    ep_rew_mean          | -413        |
| time/                   |             |
|    fps                  | 66          |
|    iterations           | 14          |
|    time_elapsed         | 431         |
|    total_timesteps      | 28672       |
| train/                  |             |
|    approx_kl            | 0.016891858 |
|    clip_fraction        | 0.185       |
|    clip_range           | 0.2         |
|    entropy_loss         | -9.76       |
|    explained_variance   | -0.011      |
|    learning_rate        | 0.0003      |
|    loss                 | -0.0498     |
|    n_updates            | 130         |
|    policy_gradient_loss | -0.0314     |
|    std                  | 0.975       |
|    value_loss           | 0.00309     |
-----------------------------------------
-----------------------------------------
| rollout/                |             |
|    ep_len_mean          | 200         |
|    ep_rew_mean          | -373        |
| time/                   |             |
|    fps                  | 66          |
|    iterations           | 15          |
|    time_elapsed         | 461         |
|    total_timesteps      | 30720       |
| train/                  |             |
|    approx_kl            | 0.013737213 |
|    clip_fraction        | 0.185       |
|    clip_range           | 0.2         |
|    entropy_loss         | -9.74       |
|    explained_variance   | 0.189       |
|    learning_rate        | 0.0003      |
|    loss                 | -0.0587     |
|    n_updates            | 140         |
|    policy_gradient_loss | -0.0308     |
|    std                  | 0.972       |
|    value_loss           | 0.00193     |
-----------------------------------------
-----------------------------------------
| rollout/                |             |
|    ep_len_mean          | 200         |
|    ep_rew_mean          | -337        |
| time/                   |             |
|    fps                  | 66          |
|    iterations           | 16          |
|    time_elapsed         | 492         |
|    total_timesteps      | 32768       |
| train/                  |             |
|    approx_kl            | 0.015548418 |
|    clip_fraction        | 0.2         |
|    clip_range           | 0.2         |
|    entropy_loss         | -9.71       |
|    explained_variance   | 0.199       |
|    learning_rate        | 0.0003      |
|    loss                 | -0.0462     |
|    n_updates            | 150         |
|    policy_gradient_loss | -0.0318     |
|    std                  | 0.967       |
|    value_loss           | 0.00169     |
-----------------------------------------
----------------------------------------
| rollout/                |            |
|    ep_len_mean          | 200        |
|    ep_rew_mean          | -307       |
| time/                   |            |
|    fps                  | 66         |
|    iterations           | 17         |
|    time_elapsed         | 523        |
|    total_timesteps      | 34816      |
| train/                  |            |
|    approx_kl            | 0.01592603 |
|    clip_fraction        | 0.18       |
|    clip_range           | 0.2        |
|    entropy_loss         | -9.68      |
|    explained_variance   | 0.628      |
|    learning_rate        | 0.0003     |
|    loss                 | -0.0467    |
|    n_updates            | 160        |
|    policy_gradient_loss | -0.0297    |
|    std                  | 0.963      |
|    value_loss           | 0.00202    |
----------------------------------------
-----------------------------------------
| rollout/                |             |
|    ep_len_mean          | 200         |
|    ep_rew_mean          | -284        |
| time/                   |             |
|    fps                  | 66          |
|    iterations           | 18          |
|    time_elapsed         | 555         |
|    total_timesteps      | 36864       |
| train/                  |             |
|    approx_kl            | 0.017379906 |
|    clip_fraction        | 0.203       |
|    clip_range           | 0.2         |
|    entropy_loss         | -9.64       |
|    explained_variance   | 0.572       |
|    learning_rate        | 0.0003      |
|    loss                 | -0.0276     |
|    n_updates            | 170         |
|    policy_gradient_loss | -0.033      |
|    std                  | 0.956       |
|    value_loss           | 0.00115     |
-----------------------------------------
-----------------------------------------
| rollout/                |             |
|    ep_len_mean          | 200         |
|    ep_rew_mean          | -262        |
| time/                   |             |
|    fps                  | 66          |
|    iterations           | 19          |
|    time_elapsed         | 586         |
|    total_timesteps      | 38912       |
| train/                  |             |
|    approx_kl            | 0.015227461 |
|    clip_fraction        | 0.179       |
|    clip_range           | 0.2         |
|    entropy_loss         | -9.58       |
|    explained_variance   | 0.633       |
|    learning_rate        | 0.0003      |
|    loss                 | -0.0504     |
|    n_updates            | 180         |
|    policy_gradient_loss | -0.0327     |
|    std                  | 0.947       |
|    value_loss           | 0.00186     |
-----------------------------------------
-----------------------------------------
| rollout/                |             |
|    ep_len_mean          | 200         |
|    ep_rew_mean          | -245        |
| time/                   |             |
|    fps                  | 66          |
|    iterations           | 20          |
|    time_elapsed         | 618         |
|    total_timesteps      | 40960       |
| train/                  |             |
|    approx_kl            | 0.017801475 |
|    clip_fraction        | 0.201       |
|    clip_range           | 0.2         |
|    entropy_loss         | -9.52       |
|    explained_variance   | 0.426       |
|    learning_rate        | 0.0003      |
|    loss                 | -0.0409     |
|    n_updates            | 190         |
|    policy_gradient_loss | -0.0331     |
|    std                  | 0.939       |
|    value_loss           | 0.00134     |
-----------------------------------------
-----------------------------------------
| rollout/                |             |
|    ep_len_mean          | 200         |
|    ep_rew_mean          | -241        |
| time/                   |             |
|    fps                  | 66          |
|    iterations           | 21          |
|    time_elapsed         | 650         |
|    total_timesteps      | 43008       |
| train/                  |             |
|    approx_kl            | 0.015364423 |
|    clip_fraction        | 0.203       |
|    clip_range           | 0.2         |
|    entropy_loss         | -9.46       |
|    explained_variance   | 0.00908     |
|    learning_rate        | 0.0003      |
|    loss                 | -0.039      |
|    n_updates            | 200         |
|    policy_gradient_loss | -0.0328     |
|    std                  | 0.933       |
|    value_loss           | 0.00145     |
-----------------------------------------
-----------------------------------------
| rollout/                |             |
|    ep_len_mean          | 200         |
|    ep_rew_mean          | -230        |
| time/                   |             |
|    fps                  | 66          |
|    iterations           | 22          |
|    time_elapsed         | 682         |
|    total_timesteps      | 45056       |
| train/                  |             |
|    approx_kl            | 0.019063544 |
|    clip_fraction        | 0.171       |
|    clip_range           | 0.2         |
|    entropy_loss         | -9.44       |
|    explained_variance   | 0.353       |
|    learning_rate        | 0.0003      |
|    loss                 | -0.0169     |
|    n_updates            | 210         |
|    policy_gradient_loss | -0.0278     |
|    std                  | 0.931       |
|    value_loss           | 0.00282     |
-----------------------------------------
-----------------------------------------
| rollout/                |             |
|    ep_len_mean          | 200         |
|    ep_rew_mean          | -218        |
| time/                   |             |
|    fps                  | 65          |
|    iterations           | 23          |
|    time_elapsed         | 714         |
|    total_timesteps      | 47104       |
| train/                  |             |
|    approx_kl            | 0.017830664 |
|    clip_fraction        | 0.185       |
|    clip_range           | 0.2         |
|    entropy_loss         | -9.41       |
|    explained_variance   | 0.598       |
|    learning_rate        | 0.0003      |
|    loss                 | -0.00604    |
|    n_updates            | 220         |
|    policy_gradient_loss | -0.0323     |
|    std                  | 0.926       |
|    value_loss           | 0.00209     |
-----------------------------------------
-----------------------------------------
| rollout/                |             |
|    ep_len_mean          | 200         |
|    ep_rew_mean          | -210        |
| time/                   |             |
|    fps                  | 65          |
|    iterations           | 24          |
|    time_elapsed         | 746         |
|    total_timesteps      | 49152       |
| train/                  |             |
|    approx_kl            | 0.016047232 |
|    clip_fraction        | 0.193       |
|    clip_range           | 0.2         |
|    entropy_loss         | -9.35       |
|    explained_variance   | 0.585       |
|    learning_rate        | 0.0003      |
|    loss                 | -0.0431     |
|    n_updates            | 230         |
|    policy_gradient_loss | -0.0341     |
|    std                  | 0.916       |
|    value_loss           | 0.00138     |
-----------------------------------------
----------------------------------------
| rollout/                |            |
|    ep_len_mean          | 200        |
|    ep_rew_mean          | -200       |
| time/                   |            |
|    fps                  | 65         |
|    iterations           | 25         |
|    time_elapsed         | 779        |
|    total_timesteps      | 51200      |
| train/                  |            |
|    approx_kl            | 0.01373791 |
|    clip_fraction        | 0.158      |
|    clip_range           | 0.2        |
|    entropy_loss         | -9.29      |
|    explained_variance   | 0.21       |
|    learning_rate        | 0.0003     |
|    loss                 | -0.00185   |
|    n_updates            | 240        |
|    policy_gradient_loss | -0.0254    |
|    std                  | 0.908      |
|    value_loss           | 0.000826   |
----------------------------------------
-----------------------------------------
| rollout/                |             |
|    ep_len_mean          | 200         |
|    ep_rew_mean          | -192        |
| time/                   |             |
|    fps                  | 65          |
|    iterations           | 26          |
|    time_elapsed         | 812         |
|    total_timesteps      | 53248       |
| train/                  |             |
|    approx_kl            | 0.013802458 |
|    clip_fraction        | 0.159       |
|    clip_range           | 0.2         |
|    entropy_loss         | -9.24       |
|    explained_variance   | 0.488       |
|    learning_rate        | 0.0003      |
|    loss                 | -0.0343     |
|    n_updates            | 250         |
|    policy_gradient_loss | -0.0261     |
|    std                  | 0.904       |
|    value_loss           | 0.000922    |
-----------------------------------------
----------------------------------------
| rollout/                |            |
|    ep_len_mean          | 200        |
|    ep_rew_mean          | -185       |
| time/                   |            |
|    fps                  | 65         |
|    iterations           | 27         |
|    time_elapsed         | 844        |
|    total_timesteps      | 55296      |
| train/                  |            |
|    approx_kl            | 0.01711141 |
|    clip_fraction        | 0.201      |
|    clip_range           | 0.2        |
|    entropy_loss         | -9.22      |
|    explained_variance   | 0.314      |
|    learning_rate        | 0.0003     |
|    loss                 | -0.0256    |
|    n_updates            | 260        |
|    policy_gradient_loss | -0.0309    |
|    std                  | 0.902      |
|    value_loss           | 0.00073    |
----------------------------------------
-----------------------------------------
| rollout/                |             |
|    ep_len_mean          | 200         |
|    ep_rew_mean          | -180        |
| time/                   |             |
|    fps                  | 65          |
|    iterations           | 28          |
|    time_elapsed         | 877         |
|    total_timesteps      | 57344       |
| train/                  |             |
|    approx_kl            | 0.016032357 |
|    clip_fraction        | 0.176       |
|    clip_range           | 0.2         |
|    entropy_loss         | -9.2        |
|    explained_variance   | 0.212       |
|    learning_rate        | 0.0003      |
|    loss                 | -0.0286     |
|    n_updates            | 270         |
|    policy_gradient_loss | -0.0269     |
|    std                  | 0.9         |
|    value_loss           | 0.000661    |
-----------------------------------------
-----------------------------------------
| rollout/                |             |
|    ep_len_mean          | 200         |
|    ep_rew_mean          | -174        |
| time/                   |             |
|    fps                  | 65          |
|    iterations           | 29          |
|    time_elapsed         | 910         |
|    total_timesteps      | 59392       |
| train/                  |             |
|    approx_kl            | 0.016506108 |
|    clip_fraction        | 0.169       |
|    clip_range           | 0.2         |
|    entropy_loss         | -9.17       |
|    explained_variance   | 0.573       |
|    learning_rate        | 0.0003      |
|    loss                 | -0.00466    |
|    n_updates            | 280         |
|    policy_gradient_loss | -0.0271     |
|    std                  | 0.895       |
|    value_loss           | 0.001       |
-----------------------------------------
-----------------------------------------
| rollout/                |             |
|    ep_len_mean          | 200         |
|    ep_rew_mean          | -168        |
| time/                   |             |
|    fps                  | 65          |
|    iterations           | 30          |
|    time_elapsed         | 943         |
|    total_timesteps      | 61440       |
| train/                  |             |
|    approx_kl            | 0.016592126 |
|    clip_fraction        | 0.196       |
|    clip_range           | 0.2         |
|    entropy_loss         | -9.13       |
|    explained_variance   | 0.378       |
|    learning_rate        | 0.0003      |
|    loss                 | -0.0448     |
|    n_updates            | 290         |
|    policy_gradient_loss | -0.0292     |
|    std                  | 0.89        |
|    value_loss           | 0.00054     |
-----------------------------------------
-----------------------------------------
| rollout/                |             |
|    ep_len_mean          | 200         |
|    ep_rew_mean          | -154        |
| time/                   |             |
|    fps                  | 65          |
|    iterations           | 31          |
|    time_elapsed         | 975         |
|    total_timesteps      | 63488       |
| train/                  |             |
|    approx_kl            | 0.017753687 |
|    clip_fraction        | 0.207       |
|    clip_range           | 0.2         |
|    entropy_loss         | -9.08       |
|    explained_variance   | 0.185       |
|    learning_rate        | 0.0003      |
|    loss                 | -0.0268     |
|    n_updates            | 300         |
|    policy_gradient_loss | -0.0327     |
|    std                  | 0.881       |
|    value_loss           | 0.000483    |
-----------------------------------------
-----------------------------------------
| rollout/                |             |
|    ep_len_mean          | 200         |
|    ep_rew_mean          | -150        |
| time/                   |             |
|    fps                  | 64          |
|    iterations           | 32          |
|    time_elapsed         | 1008        |
|    total_timesteps      | 65536       |
| train/                  |             |
|    approx_kl            | 0.019607697 |
|    clip_fraction        | 0.214       |
|    clip_range           | 0.2         |
|    entropy_loss         | -9          |
|    explained_variance   | 0.119       |
|    learning_rate        | 0.0003      |
|    loss                 | -0.0062     |
|    n_updates            | 310         |
|    policy_gradient_loss | -0.0324     |
|    std                  | 0.871       |
|    value_loss           | 0.000536    |
-----------------------------------------
-----------------------------------------
| rollout/                |             |
|    ep_len_mean          | 200         |
|    ep_rew_mean          | -145        |
| time/                   |             |
|    fps                  | 64          |
|    iterations           | 33          |
|    time_elapsed         | 1040        |
|    total_timesteps      | 67584       |
| train/                  |             |
|    approx_kl            | 0.014560653 |
|    clip_fraction        | 0.173       |
|    clip_range           | 0.2         |
|    entropy_loss         | -8.94       |
|    explained_variance   | -0.106      |
|    learning_rate        | 0.0003      |
|    loss                 | -0.035      |
|    n_updates            | 320         |
|    policy_gradient_loss | -0.027      |
|    std                  | 0.867       |
|    value_loss           | 0.000441    |
-----------------------------------------
-----------------------------------------
| rollout/                |             |
|    ep_len_mean          | 200         |
|    ep_rew_mean          | -141        |
| time/                   |             |
|    fps                  | 64          |
|    iterations           | 34          |
|    time_elapsed         | 1073        |
|    total_timesteps      | 69632       |
| train/                  |             |
|    approx_kl            | 0.016007705 |
|    clip_fraction        | 0.176       |
|    clip_range           | 0.2         |
|    entropy_loss         | -8.9        |
|    explained_variance   | 0.0613      |
|    learning_rate        | 0.0003      |
|    loss                 | -0.0505     |
|    n_updates            | 330         |
|    policy_gradient_loss | -0.0275     |
|    std                  | 0.86        |
|    value_loss           | 0.000386    |
-----------------------------------------
-----------------------------------------
| rollout/                |             |
|    ep_len_mean          | 200         |
|    ep_rew_mean          | -138        |
| time/                   |             |
|    fps                  | 64          |
|    iterations           | 35          |
|    time_elapsed         | 1106        |
|    total_timesteps      | 71680       |
| train/                  |             |
|    approx_kl            | 0.018699946 |
|    clip_fraction        | 0.209       |
|    clip_range           | 0.2         |
|    entropy_loss         | -8.86       |
|    explained_variance   | 0.0789      |
|    learning_rate        | 0.0003      |
|    loss                 | -0.0264     |
|    n_updates            | 340         |
|    policy_gradient_loss | -0.0242     |
|    std                  | 0.857       |
|    value_loss           | 0.00323     |
-----------------------------------------
-----------------------------------------
| rollout/                |             |
|    ep_len_mean          | 200         |
|    ep_rew_mean          | -134        |
| time/                   |             |
|    fps                  | 64          |
|    iterations           | 36          |
|    time_elapsed         | 1139        |
|    total_timesteps      | 73728       |
| train/                  |             |
|    approx_kl            | 0.016372044 |
|    clip_fraction        | 0.19        |
|    clip_range           | 0.2         |
|    entropy_loss         | -8.81       |
|    explained_variance   | -0.724      |
|    learning_rate        | 0.0003      |
|    loss                 | -0.0319     |
|    n_updates            | 350         |
|    policy_gradient_loss | -0.0248     |
|    std                  | 0.848       |
|    value_loss           | 0.000637    |
-----------------------------------------
-----------------------------------------
| rollout/                |             |
|    ep_len_mean          | 200         |
|    ep_rew_mean          | -131        |
| time/                   |             |
|    fps                  | 64          |
|    iterations           | 37          |
|    time_elapsed         | 1172        |
|    total_timesteps      | 75776       |
| train/                  |             |
|    approx_kl            | 0.018452058 |
|    clip_fraction        | 0.226       |
|    clip_range           | 0.2         |
|    entropy_loss         | -8.74       |
|    explained_variance   | 0.126       |
|    learning_rate        | 0.0003      |
|    loss                 | -0.0286     |
|    n_updates            | 360         |
|    policy_gradient_loss | -0.0315     |
|    std                  | 0.842       |
|    value_loss           | 0.000451    |
-----------------------------------------
-----------------------------------------
| rollout/                |             |
|    ep_len_mean          | 200         |
|    ep_rew_mean          | -126        |
| time/                   |             |
|    fps                  | 64          |
|    iterations           | 38          |
|    time_elapsed         | 1205        |
|    total_timesteps      | 77824       |
| train/                  |             |
|    approx_kl            | 0.015163656 |
|    clip_fraction        | 0.186       |
|    clip_range           | 0.2         |
|    entropy_loss         | -8.7        |
|    explained_variance   | 0.323       |
|    learning_rate        | 0.0003      |
|    loss                 | -0.0259     |
|    n_updates            | 370         |
|    policy_gradient_loss | -0.0273     |
|    std                  | 0.836       |
|    value_loss           | 0.000498    |
-----------------------------------------
-----------------------------------------
| rollout/                |             |
|    ep_len_mean          | 200         |
|    ep_rew_mean          | -123        |
| time/                   |             |
|    fps                  | 64          |
|    iterations           | 39          |
|    time_elapsed         | 1238        |
|    total_timesteps      | 79872       |
| train/                  |             |
|    approx_kl            | 0.017694429 |
|    clip_fraction        | 0.199       |
|    clip_range           | 0.2         |
|    entropy_loss         | -8.64       |
|    explained_variance   | 0.27        |
|    learning_rate        | 0.0003      |
|    loss                 | -0.0324     |
|    n_updates            | 380         |
|    policy_gradient_loss | -0.029      |
|    std                  | 0.828       |
|    value_loss           | 0.000537    |
-----------------------------------------
-----------------------------------------
| rollout/                |             |
|    ep_len_mean          | 198         |
|    ep_rew_mean          | -119        |
| time/                   |             |
|    fps                  | 64          |
|    iterations           | 40          |
|    time_elapsed         | 1272        |
|    total_timesteps      | 81920       |
| train/                  |             |
|    approx_kl            | 0.015634514 |
|    clip_fraction        | 0.207       |
|    clip_range           | 0.2         |
|    entropy_loss         | -8.58       |
|    explained_variance   | 0.305       |
|    learning_rate        | 0.0003      |
|    loss                 | -0.04       |
|    n_updates            | 390         |
|    policy_gradient_loss | -0.0278     |
|    std                  | 0.823       |
|    value_loss           | 0.00047     |
-----------------------------------------
-----------------------------------------
| rollout/                |             |
|    ep_len_mean          | 195         |
|    ep_rew_mean          | -114        |
| time/                   |             |
|    fps                  | 64          |
|    iterations           | 41          |
|    time_elapsed         | 1305        |
|    total_timesteps      | 83968       |
| train/                  |             |
|    approx_kl            | 0.016311605 |
|    clip_fraction        | 0.214       |
|    clip_range           | 0.2         |
|    entropy_loss         | -8.52       |
|    explained_variance   | 0.0596      |
|    learning_rate        | 0.0003      |
|    loss                 | 0.00346     |
|    n_updates            | 400         |
|    policy_gradient_loss | -0.0217     |
|    std                  | 0.814       |
|    value_loss           | 0.00253     |
-----------------------------------------
-----------------------------------------
| rollout/                |             |
|    ep_len_mean          | 193         |
|    ep_rew_mean          | -109        |
| time/                   |             |
|    fps                  | 64          |
|    iterations           | 42          |
|    time_elapsed         | 1339        |
|    total_timesteps      | 86016       |
| train/                  |             |
|    approx_kl            | 0.018393442 |
|    clip_fraction        | 0.226       |
|    clip_range           | 0.2         |
|    entropy_loss         | -8.47       |
|    explained_variance   | -0.00181    |
|    learning_rate        | 0.0003      |
|    loss                 | -0.0304     |
|    n_updates            | 410         |
|    policy_gradient_loss | -0.0241     |
|    std                  | 0.81        |
|    value_loss           | 0.00403     |
-----------------------------------------
-----------------------------------------
| rollout/                |             |
|    ep_len_mean          | 186         |
|    ep_rew_mean          | -101        |
| time/                   |             |
|    fps                  | 64          |
|    iterations           | 43          |
|    time_elapsed         | 1372        |
|    total_timesteps      | 88064       |
| train/                  |             |
|    approx_kl            | 0.017233392 |
|    clip_fraction        | 0.187       |
|    clip_range           | 0.2         |
|    entropy_loss         | -8.42       |
|    explained_variance   | -0.0388     |
|    learning_rate        | 0.0003      |
|    loss                 | -0.00255    |
|    n_updates            | 420         |
|    policy_gradient_loss | -0.0186     |
|    std                  | 0.801       |
|    value_loss           | 0.00465     |
-----------------------------------------
-----------------------------------------
| rollout/                |             |
|    ep_len_mean          | 184         |
|    ep_rew_mean          | -96.6       |
| time/                   |             |
|    fps                  | 64          |
|    iterations           | 44          |
|    time_elapsed         | 1406        |
|    total_timesteps      | 90112       |
| train/                  |             |
|    approx_kl            | 0.017606575 |
|    clip_fraction        | 0.214       |
|    clip_range           | 0.2         |
|    entropy_loss         | -8.34       |
|    explained_variance   | 0.125       |
|    learning_rate        | 0.0003      |
|    loss                 | -0.0244     |
|    n_updates            | 430         |
|    policy_gradient_loss | -0.0249     |
|    std                  | 0.793       |
|    value_loss           | 0.00972     |
-----------------------------------------
-----------------------------------------
| rollout/                |             |
|    ep_len_mean          | 183         |
|    ep_rew_mean          | -94.3       |
| time/                   |             |
|    fps                  | 64          |
|    iterations           | 45          |
|    time_elapsed         | 1439        |
|    total_timesteps      | 92160       |
| train/                  |             |
|    approx_kl            | 0.016276913 |
|    clip_fraction        | 0.217       |
|    clip_range           | 0.2         |
|    entropy_loss         | -8.29       |
|    explained_variance   | 0.035       |
|    learning_rate        | 0.0003      |
|    loss                 | -0.0425     |
|    n_updates            | 440         |
|    policy_gradient_loss | -0.0236     |
|    std                  | 0.79        |
|    value_loss           | 0.00426     |
-----------------------------------------
-----------------------------------------
| rollout/                |             |
|    ep_len_mean          | 178         |
|    ep_rew_mean          | -88.4       |
| time/                   |             |
|    fps                  | 63          |
|    iterations           | 46          |
|    time_elapsed         | 1473        |
|    total_timesteps      | 94208       |
| train/                  |             |
|    approx_kl            | 0.017882364 |
|    clip_fraction        | 0.22        |
|    clip_range           | 0.2         |
|    entropy_loss         | -8.25       |
|    explained_variance   | 0.326       |
|    learning_rate        | 0.0003      |
|    loss                 | -0.0442     |
|    n_updates            | 450         |
|    policy_gradient_loss | -0.0261     |
|    std                  | 0.783       |
|    value_loss           | 0.00232     |
-----------------------------------------
-----------------------------------------
| rollout/                |             |
|    ep_len_mean          | 173         |
|    ep_rew_mean          | -83.3       |
| time/                   |             |
|    fps                  | 63          |
|    iterations           | 47          |
|    time_elapsed         | 1507        |
|    total_timesteps      | 96256       |
| train/                  |             |
|    approx_kl            | 0.016785035 |
|    clip_fraction        | 0.196       |
|    clip_range           | 0.2         |
|    entropy_loss         | -8.2        |
|    explained_variance   | 0.0501      |
|    learning_rate        | 0.0003      |
|    loss                 | -0.0272     |
|    n_updates            | 460         |
|    policy_gradient_loss | -0.0223     |
|    std                  | 0.778       |
|    value_loss           | 0.00589     |
-----------------------------------------
-----------------------------------------
| rollout/                |             |
|    ep_len_mean          | 172         |
|    ep_rew_mean          | -81.7       |
| time/                   |             |
|    fps                  | 63          |
|    iterations           | 48          |
|    time_elapsed         | 1541        |
|    total_timesteps      | 98304       |
| train/                  |             |
|    approx_kl            | 0.017691705 |
|    clip_fraction        | 0.211       |
|    clip_range           | 0.2         |
|    entropy_loss         | -8.16       |
|    explained_variance   | 0.0949      |
|    learning_rate        | 0.0003      |
|    loss                 | -0.00868    |
|    n_updates            | 470         |
|    policy_gradient_loss | -0.0242     |
|    std                  | 0.775       |
|    value_loss           | 0.0072      |
-----------------------------------------
-----------------------------------------
| rollout/                |             |
|    ep_len_mean          | 175         |
|    ep_rew_mean          | -81.7       |
| time/                   |             |
|    fps                  | 63          |
|    iterations           | 49          |
|    time_elapsed         | 1574        |
|    total_timesteps      | 100352      |
| train/                  |             |
|    approx_kl            | 0.021431603 |
|    clip_fraction        | 0.223       |
|    clip_range           | 0.2         |
|    entropy_loss         | -8.11       |
|    explained_variance   | -0.111      |
|    learning_rate        | 0.0003      |
|    loss                 | -0.0444     |
|    n_updates            | 480         |
|    policy_gradient_loss | -0.0234     |
|    std                  | 0.767       |
|    value_loss           | 0.00334     |
-----------------------------------------
-----------------------------------------
| rollout/                |             |
|    ep_len_mean          | 173         |
|    ep_rew_mean          | -79.6       |
| time/                   |             |
|    fps                  | 63          |
|    iterations           | 50          |
|    time_elapsed         | 1608        |
|    total_timesteps      | 102400      |
| train/                  |             |
|    approx_kl            | 0.016881518 |
|    clip_fraction        | 0.227       |
|    clip_range           | 0.2         |
|    entropy_loss         | -8.06       |
|    explained_variance   | 0.0333      |
|    learning_rate        | 0.0003      |
|    loss                 | -0.0453     |
|    n_updates            | 490         |
|    policy_gradient_loss | -0.0231     |
|    std                  | 0.763       |
|    value_loss           | 0.00172     |
-----------------------------------------
-----------------------------------------
| rollout/                |             |
|    ep_len_mean          | 175         |
|    ep_rew_mean          | -79.4       |
| time/                   |             |
|    fps                  | 63          |
|    iterations           | 51          |
|    time_elapsed         | 1642        |
|    total_timesteps      | 104448      |
| train/                  |             |
|    approx_kl            | 0.022420038 |
|    clip_fraction        | 0.242       |
|    clip_range           | 0.2         |
|    entropy_loss         | -8.01       |
|    explained_variance   | 0.0997      |
|    learning_rate        | 0.0003      |
|    loss                 | -0.0288     |
|    n_updates            | 500         |
|    policy_gradient_loss | -0.0257     |
|    std                  | 0.759       |
|    value_loss           | 0.0045      |
-----------------------------------------
-----------------------------------------
| rollout/                |             |
|    ep_len_mean          | 176         |
|    ep_rew_mean          | -78.5       |
| time/                   |             |
|    fps                  | 63          |
|    iterations           | 52          |
|    time_elapsed         | 1676        |
|    total_timesteps      | 106496      |
| train/                  |             |
|    approx_kl            | 0.016355008 |
|    clip_fraction        | 0.177       |
|    clip_range           | 0.2         |
|    entropy_loss         | -7.98       |
|    explained_variance   | -0.000786   |
|    learning_rate        | 0.0003      |
|    loss                 | -0.00991    |
|    n_updates            | 510         |
|    policy_gradient_loss | -0.0188     |
|    std                  | 0.754       |
|    value_loss           | 0.0041      |
-----------------------------------------
-----------------------------------------
| rollout/                |             |
|    ep_len_mean          | 172         |
|    ep_rew_mean          | -74.6       |
| time/                   |             |
|    fps                  | 63          |
|    iterations           | 53          |
|    time_elapsed         | 1710        |
|    total_timesteps      | 108544      |
| train/                  |             |
|    approx_kl            | 0.017793417 |
|    clip_fraction        | 0.208       |
|    clip_range           | 0.2         |
|    entropy_loss         | -7.92       |
|    explained_variance   | 0.0761      |
|    learning_rate        | 0.0003      |
|    loss                 | -0.0415     |
|    n_updates            | 520         |
|    policy_gradient_loss | -0.0201     |
|    std                  | 0.748       |
|    value_loss           | 0.00349     |
-----------------------------------------
----------------------------------------
| rollout/                |            |
|    ep_len_mean          | 170        |
|    ep_rew_mean          | -72.1      |
| time/                   |            |
|    fps                  | 63         |
|    iterations           | 54         |
|    time_elapsed         | 1744       |
|    total_timesteps      | 110592     |
| train/                  |            |
|    approx_kl            | 0.01949916 |
|    clip_fraction        | 0.222      |
|    clip_range           | 0.2        |
|    entropy_loss         | -7.86      |
|    explained_variance   | 0.104      |
|    learning_rate        | 0.0003     |
|    loss                 | -0.0147    |
|    n_updates            | 530        |
|    policy_gradient_loss | -0.0247    |
|    std                  | 0.741      |
|    value_loss           | 0.00573    |
----------------------------------------
-----------------------------------------
| rollout/                |             |
|    ep_len_mean          | 172         |
|    ep_rew_mean          | -71.5       |
| time/                   |             |
|    fps                  | 63          |
|    iterations           | 55          |
|    time_elapsed         | 1778        |
|    total_timesteps      | 112640      |
| train/                  |             |
|    approx_kl            | 0.018054707 |
|    clip_fraction        | 0.204       |
|    clip_range           | 0.2         |
|    entropy_loss         | -7.76       |
|    explained_variance   | 0.000158    |
|    learning_rate        | 0.0003      |
|    loss                 | -0.0302     |
|    n_updates            | 540         |
|    policy_gradient_loss | -0.0216     |
|    std                  | 0.729       |
|    value_loss           | 0.00562     |
-----------------------------------------
-----------------------------------------
| rollout/                |             |
|    ep_len_mean          | 170         |
|    ep_rew_mean          | -67         |
| time/                   |             |
|    fps                  | 63          |
|    iterations           | 56          |
|    time_elapsed         | 1812        |
|    total_timesteps      | 114688      |
| train/                  |             |
|    approx_kl            | 0.018397685 |
|    clip_fraction        | 0.217       |
|    clip_range           | 0.2         |
|    entropy_loss         | -7.66       |
|    explained_variance   | 0.0808      |
|    learning_rate        | 0.0003      |
|    loss                 | -0.0342     |
|    n_updates            | 550         |
|    policy_gradient_loss | -0.0195     |
|    std                  | 0.719       |
|    value_loss           | 0.00413     |
-----------------------------------------
-----------------------------------------
| rollout/                |             |
|    ep_len_mean          | 167         |
|    ep_rew_mean          | -64.1       |
| time/                   |             |
|    fps                  | 63          |
|    iterations           | 57          |
|    time_elapsed         | 1846        |
|    total_timesteps      | 116736      |
| train/                  |             |
|    approx_kl            | 0.016943011 |
|    clip_fraction        | 0.211       |
|    clip_range           | 0.2         |
|    entropy_loss         | -7.58       |
|    explained_variance   | -0.121      |
|    learning_rate        | 0.0003      |
|    loss                 | -0.025      |
|    n_updates            | 560         |
|    policy_gradient_loss | -0.0196     |
|    std                  | 0.712       |
|    value_loss           | 0.00354     |
-----------------------------------------
----------------------------------------
| rollout/                |            |
|    ep_len_mean          | 164        |
|    ep_rew_mean          | -60.3      |
| time/                   |            |
|    fps                  | 63         |
|    iterations           | 58         |
|    time_elapsed         | 1879       |
|    total_timesteps      | 118784     |
| train/                  |            |
|    approx_kl            | 0.01946007 |
|    clip_fraction        | 0.231      |
|    clip_range           | 0.2        |
|    entropy_loss         | -7.52      |
|    explained_variance   | 0.0524     |
|    learning_rate        | 0.0003     |
|    loss                 | -0.016     |
|    n_updates            | 570        |
|    policy_gradient_loss | -0.0232    |
|    std                  | 0.707      |
|    value_loss           | 0.0049     |
----------------------------------------
-----------------------------------------
| rollout/                |             |
|    ep_len_mean          | 163         |
|    ep_rew_mean          | -59         |
| time/                   |             |
|    fps                  | 63          |
|    iterations           | 59          |
|    time_elapsed         | 1913        |
|    total_timesteps      | 120832      |
| train/                  |             |
|    approx_kl            | 0.018395256 |
|    clip_fraction        | 0.226       |
|    clip_range           | 0.2         |
|    entropy_loss         | -7.49       |
|    explained_variance   | 0.13        |
|    learning_rate        | 0.0003      |
|    loss                 | -0.0312     |
|    n_updates            | 580         |
|    policy_gradient_loss | -0.0246     |
|    std                  | 0.704       |
|    value_loss           | 0.00576     |
-----------------------------------------
-----------------------------------------
| rollout/                |             |
|    ep_len_mean          | 159         |
|    ep_rew_mean          | -56.3       |
| time/                   |             |
|    fps                  | 63          |
|    iterations           | 60          |
|    time_elapsed         | 1947        |
|    total_timesteps      | 122880      |
| train/                  |             |
|    approx_kl            | 0.018168475 |
|    clip_fraction        | 0.23        |
|    clip_range           | 0.2         |
|    entropy_loss         | -7.42       |
|    explained_variance   | 0.0226      |
|    learning_rate        | 0.0003      |
|    loss                 | -0.04       |
|    n_updates            | 590         |
|    policy_gradient_loss | -0.0213     |
|    std                  | 0.696       |
|    value_loss           | 0.00421     |
-----------------------------------------
-----------------------------------------
| rollout/                |             |
|    ep_len_mean          | 160         |
|    ep_rew_mean          | -56.3       |
| time/                   |             |
|    fps                  | 63          |
|    iterations           | 61          |
|    time_elapsed         | 1981        |
|    total_timesteps      | 124928      |
| train/                  |             |
|    approx_kl            | 0.020303607 |
|    clip_fraction        | 0.216       |
|    clip_range           | 0.2         |
|    entropy_loss         | -7.36       |
|    explained_variance   | 0.0807      |
|    learning_rate        | 0.0003      |
|    loss                 | -0.0358     |
|    n_updates            | 600         |
|    policy_gradient_loss | -0.0212     |
|    std                  | 0.691       |
|    value_loss           | 0.00654     |
-----------------------------------------
-----------------------------------------
| rollout/                |             |
|    ep_len_mean          | 156         |
|    ep_rew_mean          | -53.8       |
| time/                   |             |
|    fps                  | 62          |
|    iterations           | 62          |
|    time_elapsed         | 2016        |
|    total_timesteps      | 126976      |
| train/                  |             |
|    approx_kl            | 0.025162118 |
|    clip_fraction        | 0.255       |
|    clip_range           | 0.2         |
|    entropy_loss         | -7.29       |
|    explained_variance   | 0.122       |
|    learning_rate        | 0.0003      |
|    loss                 | -0.0425     |
|    n_updates            | 610         |
|    policy_gradient_loss | -0.0267     |
|    std                  | 0.683       |
|    value_loss           | 0.0064      |
-----------------------------------------
-----------------------------------------
| rollout/                |             |
|    ep_len_mean          | 150         |
|    ep_rew_mean          | -51         |
| time/                   |             |
|    fps                  | 62          |
|    iterations           | 63          |
|    time_elapsed         | 2050        |
|    total_timesteps      | 129024      |
| train/                  |             |
|    approx_kl            | 0.021487145 |
|    clip_fraction        | 0.244       |
|    clip_range           | 0.2         |
|    entropy_loss         | -7.23       |
|    explained_variance   | 0.185       |
|    learning_rate        | 0.0003      |
|    loss                 | -0.0227     |
|    n_updates            | 620         |
|    policy_gradient_loss | -0.0259     |
|    std                  | 0.679       |
|    value_loss           | 0.00721     |
-----------------------------------------
--------------------------------------
| rollout/                |          |
|    ep_len_mean          | 142      |
|    ep_rew_mean          | -47.1    |
| time/                   |          |
|    fps                  | 62       |
|    iterations           | 64       |
|    time_elapsed         | 2084     |
|    total_timesteps      | 131072   |
| train/                  |          |
|    approx_kl            | 0.019828 |
|    clip_fraction        | 0.243    |
|    clip_range           | 0.2      |
|    entropy_loss         | -7.2     |
|    explained_variance   | 0.129    |
|    learning_rate        | 0.0003   |
|    loss                 | -0.0158  |
|    n_updates            | 630      |
|    policy_gradient_loss | -0.0273  |
|    std                  | 0.676    |
|    value_loss           | 0.00626  |
--------------------------------------
-----------------------------------------
| rollout/                |             |
|    ep_len_mean          | 133         |
|    ep_rew_mean          | -42.3       |
| time/                   |             |
|    fps                  | 62          |
|    iterations           | 65          |
|    time_elapsed         | 2119        |
|    total_timesteps      | 133120      |
| train/                  |             |
|    approx_kl            | 0.016880354 |
|    clip_fraction        | 0.214       |
|    clip_range           | 0.2         |
|    entropy_loss         | -7.17       |
|    explained_variance   | 0.111       |
|    learning_rate        | 0.0003      |
|    loss                 | -0.014      |
|    n_updates            | 640         |
|    policy_gradient_loss | -0.0194     |
|    std                  | 0.674       |
|    value_loss           | 0.00718     |
-----------------------------------------
-----------------------------------------
| rollout/                |             |
|    ep_len_mean          | 130         |
|    ep_rew_mean          | -40.4       |
| time/                   |             |
|    fps                  | 62          |
|    iterations           | 66          |
|    time_elapsed         | 2153        |
|    total_timesteps      | 135168      |
| train/                  |             |
|    approx_kl            | 0.016123157 |
|    clip_fraction        | 0.191       |
|    clip_range           | 0.2         |
|    entropy_loss         | -7.12       |
|    explained_variance   | 0.169       |
|    learning_rate        | 0.0003      |
|    loss                 | -0.0397     |
|    n_updates            | 650         |
|    policy_gradient_loss | -0.0227     |
|    std                  | 0.668       |
|    value_loss           | 0.00746     |
-----------------------------------------
----------------------------------------
| rollout/                |            |
|    ep_len_mean          | 124        |
|    ep_rew_mean          | -37.7      |
| time/                   |            |
|    fps                  | 62         |
|    iterations           | 67         |
|    time_elapsed         | 2187       |
|    total_timesteps      | 137216     |
| train/                  |            |
|    approx_kl            | 0.01986666 |
|    clip_fraction        | 0.214      |
|    clip_range           | 0.2        |
|    entropy_loss         | -7.09      |
|    explained_variance   | 0.00365    |
|    learning_rate        | 0.0003     |
|    loss                 | -0.0367    |
|    n_updates            | 660        |
|    policy_gradient_loss | -0.0209    |
|    std                  | 0.667      |
|    value_loss           | 0.00491    |
----------------------------------------
-----------------------------------------
| rollout/                |             |
|    ep_len_mean          | 125         |
|    ep_rew_mean          | -37.4       |
| time/                   |             |
|    fps                  | 62          |
|    iterations           | 68          |
|    time_elapsed         | 2221        |
|    total_timesteps      | 139264      |
| train/                  |             |
|    approx_kl            | 0.017968535 |
|    clip_fraction        | 0.219       |
|    clip_range           | 0.2         |
|    entropy_loss         | -7.06       |
|    explained_variance   | 0.17        |
|    learning_rate        | 0.0003      |
|    loss                 | -0.00505    |
|    n_updates            | 670         |
|    policy_gradient_loss | -0.0241     |
|    std                  | 0.662       |
|    value_loss           | 0.00601     |
-----------------------------------------
-----------------------------------------
| rollout/                |             |
|    ep_len_mean          | 127         |
|    ep_rew_mean          | -37.5       |
| time/                   |             |
|    fps                  | 62          |
|    iterations           | 69          |
|    time_elapsed         | 2255        |
|    total_timesteps      | 141312      |
| train/                  |             |
|    approx_kl            | 0.018243745 |
|    clip_fraction        | 0.223       |
|    clip_range           | 0.2         |
|    entropy_loss         | -7.01       |
|    explained_variance   | 0.0848      |
|    learning_rate        | 0.0003      |
|    loss                 | -0.0409     |
|    n_updates            | 680         |
|    policy_gradient_loss | -0.0224     |
|    std                  | 0.658       |
|    value_loss           | 0.00403     |
-----------------------------------------
-----------------------------------------
| rollout/                |             |
|    ep_len_mean          | 130         |
|    ep_rew_mean          | -38         |
| time/                   |             |
|    fps                  | 62          |
|    iterations           | 70          |
|    time_elapsed         | 2289        |
|    total_timesteps      | 143360      |
| train/                  |             |
|    approx_kl            | 0.019849865 |
|    clip_fraction        | 0.238       |
|    clip_range           | 0.2         |
|    entropy_loss         | -6.97       |
|    explained_variance   | 0.0432      |
|    learning_rate        | 0.0003      |
|    loss                 | -0.0505     |
|    n_updates            | 690         |
|    policy_gradient_loss | -0.0236     |
|    std                  | 0.655       |
|    value_loss           | 0.00417     |
-----------------------------------------
-----------------------------------------
| rollout/                |             |
|    ep_len_mean          | 133         |
|    ep_rew_mean          | -39.1       |
| time/                   |             |
|    fps                  | 62          |
|    iterations           | 71          |
|    time_elapsed         | 2323        |
|    total_timesteps      | 145408      |
| train/                  |             |
|    approx_kl            | 0.021780621 |
|    clip_fraction        | 0.266       |
|    clip_range           | 0.2         |
|    entropy_loss         | -6.92       |
|    explained_variance   | 0.148       |
|    learning_rate        | 0.0003      |
|    loss                 | -0.0121     |
|    n_updates            | 700         |
|    policy_gradient_loss | -0.0274     |
|    std                  | 0.649       |
|    value_loss           | 0.00443     |
-----------------------------------------
-----------------------------------------
| rollout/                |             |
|    ep_len_mean          | 126         |
|    ep_rew_mean          | -36.7       |
| time/                   |             |
|    fps                  | 62          |
|    iterations           | 72          |
|    time_elapsed         | 2358        |
|    total_timesteps      | 147456      |
| train/                  |             |
|    approx_kl            | 0.020815697 |
|    clip_fraction        | 0.24        |
|    clip_range           | 0.2         |
|    entropy_loss         | -6.84       |
|    explained_variance   | 0.127       |
|    learning_rate        | 0.0003      |
|    loss                 | -0.0486     |
|    n_updates            | 710         |
|    policy_gradient_loss | -0.0219     |
|    std                  | 0.641       |
|    value_loss           | 0.00534     |
-----------------------------------------
-----------------------------------------
| rollout/                |             |
|    ep_len_mean          | 127         |
|    ep_rew_mean          | -36.2       |
| time/                   |             |
|    fps                  | 62          |
|    iterations           | 73          |
|    time_elapsed         | 2392        |
|    total_timesteps      | 149504      |
| train/                  |             |
|    approx_kl            | 0.019458573 |
|    clip_fraction        | 0.233       |
|    clip_range           | 0.2         |
|    entropy_loss         | -6.81       |
|    explained_variance   | 0.164       |
|    learning_rate        | 0.0003      |
|    loss                 | -0.0285     |
|    n_updates            | 720         |
|    policy_gradient_loss | -0.024      |
|    std                  | 0.643       |
|    value_loss           | 0.00755     |
-----------------------------------------
-----------------------------------------
| rollout/                |             |
|    ep_len_mean          | 123         |
|    ep_rew_mean          | -34.3       |
| time/                   |             |
|    fps                  | 62          |
|    iterations           | 74          |
|    time_elapsed         | 2426        |
|    total_timesteps      | 151552      |
| train/                  |             |
|    approx_kl            | 0.019819405 |
|    clip_fraction        | 0.237       |
|    clip_range           | 0.2         |
|    entropy_loss         | -6.81       |
|    explained_variance   | 0.0491      |
|    learning_rate        | 0.0003      |
|    loss                 | -0.0415     |
|    n_updates            | 730         |
|    policy_gradient_loss | -0.0259     |
|    std                  | 0.64        |
|    value_loss           | 0.00581     |
-----------------------------------------
----------------------------------------
| rollout/                |            |
|    ep_len_mean          | 117        |
|    ep_rew_mean          | -31.6      |
| time/                   |            |
|    fps                  | 62         |
|    iterations           | 75         |
|    time_elapsed         | 2461       |
|    total_timesteps      | 153600     |
| train/                  |            |
|    approx_kl            | 0.01804317 |
|    clip_fraction        | 0.229      |
|    clip_range           | 0.2        |
|    entropy_loss         | -6.77      |
|    explained_variance   | 0.133      |
|    learning_rate        | 0.0003     |
|    loss                 | -0.0278    |
|    n_updates            | 740        |
|    policy_gradient_loss | -0.0236    |
|    std                  | 0.636      |
|    value_loss           | 0.00568    |
----------------------------------------
-----------------------------------------
| rollout/                |             |
|    ep_len_mean          | 113         |
|    ep_rew_mean          | -29.5       |
| time/                   |             |
|    fps                  | 62          |
|    iterations           | 76          |
|    time_elapsed         | 2495        |
|    total_timesteps      | 155648      |
| train/                  |             |
|    approx_kl            | 0.020494808 |
|    clip_fraction        | 0.217       |
|    clip_range           | 0.2         |
|    entropy_loss         | -6.74       |
|    explained_variance   | 0.195       |
|    learning_rate        | 0.0003      |
|    loss                 | -0.0358     |
|    n_updates            | 750         |
|    policy_gradient_loss | -0.0244     |
|    std                  | 0.634       |
|    value_loss           | 0.00482     |
-----------------------------------------
-----------------------------------------
| rollout/                |             |
|    ep_len_mean          | 110         |
|    ep_rew_mean          | -27.9       |
| time/                   |             |
|    fps                  | 62          |
|    iterations           | 77          |
|    time_elapsed         | 2530        |
|    total_timesteps      | 157696      |
| train/                  |             |
|    approx_kl            | 0.018609628 |
|    clip_fraction        | 0.237       |
|    clip_range           | 0.2         |
|    entropy_loss         | -6.72       |
|    explained_variance   | 0.113       |
|    learning_rate        | 0.0003      |
|    loss                 | -0.043      |
|    n_updates            | 760         |
|    policy_gradient_loss | -0.0254     |
|    std                  | 0.633       |
|    value_loss           | 0.00541     |
-----------------------------------------
----------------------------------------
| rollout/                |            |
|    ep_len_mean          | 101        |
|    ep_rew_mean          | -24.4      |
| time/                   |            |
|    fps                  | 62         |
|    iterations           | 78         |
|    time_elapsed         | 2565       |
|    total_timesteps      | 159744     |
| train/                  |            |
|    approx_kl            | 0.01920687 |
|    clip_fraction        | 0.232      |
|    clip_range           | 0.2        |
|    entropy_loss         | -6.65      |
|    explained_variance   | 0.139      |
|    learning_rate        | 0.0003     |
|    loss                 | -0.0055    |
|    n_updates            | 770        |
|    policy_gradient_loss | -0.0256    |
|    std                  | 0.623      |
|    value_loss           | 0.00529    |
----------------------------------------
-----------------------------------------
| rollout/                |             |
|    ep_len_mean          | 102         |
|    ep_rew_mean          | -24.8       |
| time/                   |             |
|    fps                  | 62          |
|    iterations           | 79          |
|    time_elapsed         | 2598        |
|    total_timesteps      | 161792      |
| train/                  |             |
|    approx_kl            | 0.021606527 |
|    clip_fraction        | 0.229       |
|    clip_range           | 0.2         |
|    entropy_loss         | -6.56       |
|    explained_variance   | 0.099       |
|    learning_rate        | 0.0003      |
|    loss                 | -0.0431     |
|    n_updates            | 780         |
|    policy_gradient_loss | -0.0232     |
|    std                  | 0.618       |
|    value_loss           | 0.00512     |
-----------------------------------------
----------------------------------------
| rollout/                |            |
|    ep_len_mean          | 102        |
|    ep_rew_mean          | -24.5      |
| time/                   |            |
|    fps                  | 62         |
|    iterations           | 80         |
|    time_elapsed         | 2633       |
|    total_timesteps      | 163840     |
| train/                  |            |
|    approx_kl            | 0.01650874 |
|    clip_fraction        | 0.217      |
|    clip_range           | 0.2        |
|    entropy_loss         | -6.53      |
|    explained_variance   | 0.107      |
|    learning_rate        | 0.0003     |
|    loss                 | -0.0535    |
|    n_updates            | 790        |
|    policy_gradient_loss | -0.0238    |
|    std                  | 0.616      |
|    value_loss           | 0.00368    |
----------------------------------------
-----------------------------------------
| rollout/                |             |
|    ep_len_mean          | 103         |
|    ep_rew_mean          | -24.7       |
| time/                   |             |
|    fps                  | 62          |
|    iterations           | 81          |
|    time_elapsed         | 2667        |
|    total_timesteps      | 165888      |
| train/                  |             |
|    approx_kl            | 0.017669413 |
|    clip_fraction        | 0.222       |
|    clip_range           | 0.2         |
|    entropy_loss         | -6.49       |
|    explained_variance   | 0.173       |
|    learning_rate        | 0.0003      |
|    loss                 | -0.0519     |
|    n_updates            | 800         |
|    policy_gradient_loss | -0.0239     |
|    std                  | 0.613       |
|    value_loss           | 0.00487     |
-----------------------------------------
-----------------------------------------
| rollout/                |             |
|    ep_len_mean          | 104         |
|    ep_rew_mean          | -24.6       |
| time/                   |             |
|    fps                  | 62          |
|    iterations           | 82          |
|    time_elapsed         | 2702        |
|    total_timesteps      | 167936      |
| train/                  |             |
|    approx_kl            | 0.020922521 |
|    clip_fraction        | 0.25        |
|    clip_range           | 0.2         |
|    entropy_loss         | -6.46       |
|    explained_variance   | 0.0989      |
|    learning_rate        | 0.0003      |
|    loss                 | -0.0277     |
|    n_updates            | 810         |
|    policy_gradient_loss | -0.0242     |
|    std                  | 0.61        |
|    value_loss           | 0.00485     |
-----------------------------------------
-----------------------------------------
| rollout/                |             |
|    ep_len_mean          | 104         |
|    ep_rew_mean          | -24.8       |
| time/                   |             |
|    fps                  | 62          |
|    iterations           | 83          |
|    time_elapsed         | 2736        |
|    total_timesteps      | 169984      |
| train/                  |             |
|    approx_kl            | 0.020391501 |
|    clip_fraction        | 0.244       |
|    clip_range           | 0.2         |
|    entropy_loss         | -6.44       |
|    explained_variance   | 0.0928      |
|    learning_rate        | 0.0003      |
|    loss                 | -0.0398     |
|    n_updates            | 820         |
|    policy_gradient_loss | -0.0246     |
|    std                  | 0.61        |
|    value_loss           | 0.00534     |
-----------------------------------------
-----------------------------------------
| rollout/                |             |
|    ep_len_mean          | 99.6        |
|    ep_rew_mean          | -23.2       |
| time/                   |             |
|    fps                  | 62          |
|    iterations           | 84          |
|    time_elapsed         | 2771        |
|    total_timesteps      | 172032      |
| train/                  |             |
|    approx_kl            | 0.016439853 |
|    clip_fraction        | 0.176       |
|    clip_range           | 0.2         |
|    entropy_loss         | -6.43       |
|    explained_variance   | 0.0981      |
|    learning_rate        | 0.0003      |
|    loss                 | -0.0397     |
|    n_updates            | 830         |
|    policy_gradient_loss | -0.0201     |
|    std                  | 0.609       |
|    value_loss           | 0.00522     |
-----------------------------------------
-----------------------------------------
| rollout/                |             |
|    ep_len_mean          | 92.6        |
|    ep_rew_mean          | -20.8       |
| time/                   |             |
|    fps                  | 62          |
|    iterations           | 85          |
|    time_elapsed         | 2806        |
|    total_timesteps      | 174080      |
| train/                  |             |
|    approx_kl            | 0.017862435 |
|    clip_fraction        | 0.223       |
|    clip_range           | 0.2         |
|    entropy_loss         | -6.42       |
|    explained_variance   | 0.17        |
|    learning_rate        | 0.0003      |
|    loss                 | -0.037      |
|    n_updates            | 840         |
|    policy_gradient_loss | -0.0246     |
|    std                  | 0.609       |
|    value_loss           | 0.00501     |
-----------------------------------------
-----------------------------------------
| rollout/                |             |
|    ep_len_mean          | 90.3        |
|    ep_rew_mean          | -19.9       |
| time/                   |             |
|    fps                  | 61          |
|    iterations           | 86          |
|    time_elapsed         | 2841        |
|    total_timesteps      | 176128      |
| train/                  |             |
|    approx_kl            | 0.018791424 |
|    clip_fraction        | 0.217       |
|    clip_range           | 0.2         |
|    entropy_loss         | -6.4        |
|    explained_variance   | 0.0946      |
|    learning_rate        | 0.0003      |
|    loss                 | -0.0185     |
|    n_updates            | 850         |
|    policy_gradient_loss | -0.024      |
|    std                  | 0.605       |
|    value_loss           | 0.00597     |
-----------------------------------------
-----------------------------------------
| rollout/                |             |
|    ep_len_mean          | 86.6        |
|    ep_rew_mean          | -18.3       |
| time/                   |             |
|    fps                  | 61          |
|    iterations           | 87          |
|    time_elapsed         | 2875        |
|    total_timesteps      | 178176      |
| train/                  |             |
|    approx_kl            | 0.017281719 |
|    clip_fraction        | 0.226       |
|    clip_range           | 0.2         |
|    entropy_loss         | -6.34       |
|    explained_variance   | 0.149       |
|    learning_rate        | 0.0003      |
|    loss                 | -0.0259     |
|    n_updates            | 860         |
|    policy_gradient_loss | -0.0246     |
|    std                  | 0.599       |
|    value_loss           | 0.00524     |
-----------------------------------------
-----------------------------------------
| rollout/                |             |
|    ep_len_mean          | 81.9        |
|    ep_rew_mean          | -16.4       |
| time/                   |             |
|    fps                  | 61          |
|    iterations           | 88          |
|    time_elapsed         | 2910        |
|    total_timesteps      | 180224      |
| train/                  |             |
|    approx_kl            | 0.018079072 |
|    clip_fraction        | 0.241       |
|    clip_range           | 0.2         |
|    entropy_loss         | -6.27       |
|    explained_variance   | 0.186       |
|    learning_rate        | 0.0003      |
|    loss                 | -0.0138     |
|    n_updates            | 870         |
|    policy_gradient_loss | -0.0254     |
|    std                  | 0.594       |
|    value_loss           | 0.00506     |
-----------------------------------------
-----------------------------------------
| rollout/                |             |
|    ep_len_mean          | 82          |
|    ep_rew_mean          | -15.7       |
| time/                   |             |
|    fps                  | 61          |
|    iterations           | 89          |
|    time_elapsed         | 2945        |
|    total_timesteps      | 182272      |
| train/                  |             |
|    approx_kl            | 0.020624138 |
|    clip_fraction        | 0.219       |
|    clip_range           | 0.2         |
|    entropy_loss         | -6.23       |
|    explained_variance   | 0.202       |
|    learning_rate        | 0.0003      |
|    loss                 | -0.0558     |
|    n_updates            | 880         |
|    policy_gradient_loss | -0.0238     |
|    std                  | 0.591       |
|    value_loss           | 0.00454     |
-----------------------------------------
-----------------------------------------
| rollout/                |             |
|    ep_len_mean          | 77.8        |
|    ep_rew_mean          | -14.2       |
| time/                   |             |
|    fps                  | 61          |
|    iterations           | 90          |
|    time_elapsed         | 2980        |
|    total_timesteps      | 184320      |
| train/                  |             |
|    approx_kl            | 0.020044453 |
|    clip_fraction        | 0.235       |
|    clip_range           | 0.2         |
|    entropy_loss         | -6.2        |
|    explained_variance   | 0.214       |
|    learning_rate        | 0.0003      |
|    loss                 | -0.0227     |
|    n_updates            | 890         |
|    policy_gradient_loss | -0.0232     |
|    std                  | 0.59        |
|    value_loss           | 0.00434     |
-----------------------------------------
----------------------------------------
| rollout/                |            |
|    ep_len_mean          | 80.2       |
|    ep_rew_mean          | -15.4      |
| time/                   |            |
|    fps                  | 61         |
|    iterations           | 91         |
|    time_elapsed         | 3015       |
|    total_timesteps      | 186368     |
| train/                  |            |
|    approx_kl            | 0.01765864 |
|    clip_fraction        | 0.237      |
|    clip_range           | 0.2        |
|    entropy_loss         | -6.19      |
|    explained_variance   | 0.204      |
|    learning_rate        | 0.0003     |
|    loss                 | -0.0536    |
|    n_updates            | 900        |
|    policy_gradient_loss | -0.0239    |
|    std                  | 0.589      |
|    value_loss           | 0.0046     |
----------------------------------------
-----------------------------------------
| rollout/                |             |
|    ep_len_mean          | 79.6        |
|    ep_rew_mean          | -15         |
| time/                   |             |
|    fps                  | 61          |
|    iterations           | 92          |
|    time_elapsed         | 3050        |
|    total_timesteps      | 188416      |
| train/                  |             |
|    approx_kl            | 0.016723078 |
|    clip_fraction        | 0.22        |
|    clip_range           | 0.2         |
|    entropy_loss         | -6.17       |
|    explained_variance   | 0.151       |
|    learning_rate        | 0.0003      |
|    loss                 | -0.0149     |
|    n_updates            | 910         |
|    policy_gradient_loss | -0.0213     |
|    std                  | 0.586       |
|    value_loss           | 0.00399     |
-----------------------------------------
-----------------------------------------
| rollout/                |             |
|    ep_len_mean          | 71.1        |
|    ep_rew_mean          | -12.6       |
| time/                   |             |
|    fps                  | 61          |
|    iterations           | 93          |
|    time_elapsed         | 3087        |
|    total_timesteps      | 190464      |
| train/                  |             |
|    approx_kl            | 0.019348819 |
|    clip_fraction        | 0.211       |
|    clip_range           | 0.2         |
|    entropy_loss         | -6.1        |
|    explained_variance   | 0.118       |
|    learning_rate        | 0.0003      |
|    loss                 | -0.0315     |
|    n_updates            | 920         |
|    policy_gradient_loss | -0.0217     |
|    std                  | 0.579       |
|    value_loss           | 0.00406     |
-----------------------------------------
-----------------------------------------
| rollout/                |             |
|    ep_len_mean          | 70.2        |
|    ep_rew_mean          | -12.3       |
| time/                   |             |
|    fps                  | 61          |
|    iterations           | 94          |
|    time_elapsed         | 3122        |
|    total_timesteps      | 192512      |
| train/                  |             |
|    approx_kl            | 0.018328961 |
|    clip_fraction        | 0.226       |
|    clip_range           | 0.2         |
|    entropy_loss         | -6.07       |
|    explained_variance   | 0.17        |
|    learning_rate        | 0.0003      |
|    loss                 | -0.0574     |
|    n_updates            | 930         |
|    policy_gradient_loss | -0.0265     |
|    std                  | 0.579       |
|    value_loss           | 0.00543     |
-----------------------------------------
-----------------------------------------
| rollout/                |             |
|    ep_len_mean          | 65          |
|    ep_rew_mean          | -10.3       |
| time/                   |             |
|    fps                  | 61          |
|    iterations           | 95          |
|    time_elapsed         | 3157        |
|    total_timesteps      | 194560      |
| train/                  |             |
|    approx_kl            | 0.018983433 |
|    clip_fraction        | 0.236       |
|    clip_range           | 0.2         |
|    entropy_loss         | -6.06       |
|    explained_variance   | 0.179       |
|    learning_rate        | 0.0003      |
|    loss                 | -0.0134     |
|    n_updates            | 940         |
|    policy_gradient_loss | -0.0223     |
|    std                  | 0.577       |
|    value_loss           | 0.00407     |
-----------------------------------------
-----------------------------------------
| rollout/                |             |
|    ep_len_mean          | 71.1        |
|    ep_rew_mean          | -12.2       |
| time/                   |             |
|    fps                  | 61          |
|    iterations           | 96          |
|    time_elapsed         | 3192        |
|    total_timesteps      | 196608      |
| train/                  |             |
|    approx_kl            | 0.018527124 |
|    clip_fraction        | 0.225       |
|    clip_range           | 0.2         |
|    entropy_loss         | -6.02       |
|    explained_variance   | 0.231       |
|    learning_rate        | 0.0003      |
|    loss                 | -0.0119     |
|    n_updates            | 950         |
|    policy_gradient_loss | -0.025      |
|    std                  | 0.574       |
|    value_loss           | 0.00374     |
-----------------------------------------
-----------------------------------------
| rollout/                |             |
|    ep_len_mean          | 69.8        |
|    ep_rew_mean          | -11.7       |
| time/                   |             |
|    fps                  | 61          |
|    iterations           | 97          |
|    time_elapsed         | 3227        |
|    total_timesteps      | 198656      |
| train/                  |             |
|    approx_kl            | 0.024094017 |
|    clip_fraction        | 0.257       |
|    clip_range           | 0.2         |
|    entropy_loss         | -5.96       |
|    explained_variance   | 0.174       |
|    learning_rate        | 0.0003      |
|    loss                 | -0.0165     |
|    n_updates            | 960         |
|    policy_gradient_loss | -0.0237     |
|    std                  | 0.568       |
|    value_loss           | 0.004       |
-----------------------------------------
-----------------------------------------
| rollout/                |             |
|    ep_len_mean          | 73.4        |
|    ep_rew_mean          | -13.1       |
| time/                   |             |
|    fps                  | 61          |
|    iterations           | 98          |
|    time_elapsed         | 3262        |
|    total_timesteps      | 200704      |
| train/                  |             |
|    approx_kl            | 0.017585952 |
|    clip_fraction        | 0.215       |
|    clip_range           | 0.2         |
|    entropy_loss         | -5.9        |
|    explained_variance   | 0.169       |
|    learning_rate        | 0.0003      |
|    loss                 | -0.0214     |
|    n_updates            | 970         |
|    policy_gradient_loss | -0.0221     |
|    std                  | 0.564       |
|    value_loss           | 0.0036      |
-----------------------------------------
-----------------------------------------
| rollout/                |             |
|    ep_len_mean          | 62.8        |
|    ep_rew_mean          | -9.76       |
| time/                   |             |
|    fps                  | 61          |
|    iterations           | 99          |
|    time_elapsed         | 3298        |
|    total_timesteps      | 202752      |
| train/                  |             |
|    approx_kl            | 0.019805172 |
|    clip_fraction        | 0.23        |
|    clip_range           | 0.2         |
|    entropy_loss         | -5.84       |
|    explained_variance   | 0.187       |
|    learning_rate        | 0.0003      |
|    loss                 | -0.0285     |
|    n_updates            | 980         |
|    policy_gradient_loss | -0.0254     |
|    std                  | 0.56        |
|    value_loss           | 0.00372     |
-----------------------------------------
-----------------------------------------
| rollout/                |             |
|    ep_len_mean          | 62.1        |
|    ep_rew_mean          | -9.88       |
| time/                   |             |
|    fps                  | 61          |
|    iterations           | 100         |
|    time_elapsed         | 3334        |
|    total_timesteps      | 204800      |
| train/                  |             |
|    approx_kl            | 0.020066466 |
|    clip_fraction        | 0.222       |
|    clip_range           | 0.2         |
|    entropy_loss         | -5.82       |
|    explained_variance   | 0.27        |
|    learning_rate        | 0.0003      |
|    loss                 | 0.000131    |
|    n_updates            | 990         |
|    policy_gradient_loss | -0.0257     |
|    std                  | 0.56        |
|    value_loss           | 0.00426     |
-----------------------------------------
-----------------------------------------
| rollout/                |             |
|    ep_len_mean          | 59.4        |
|    ep_rew_mean          | -8.91       |
| time/                   |             |
|    fps                  | 61          |
|    iterations           | 101         |
|    time_elapsed         | 3370        |
|    total_timesteps      | 206848      |
| train/                  |             |
|    approx_kl            | 0.019611707 |
|    clip_fraction        | 0.236       |
|    clip_range           | 0.2         |
|    entropy_loss         | -5.8        |
|    explained_variance   | 0.18        |
|    learning_rate        | 0.0003      |
|    loss                 | -0.0415     |
|    n_updates            | 1000        |
|    policy_gradient_loss | -0.0267     |
|    std                  | 0.557       |
|    value_loss           | 0.00457     |
-----------------------------------------
----------------------------------------
| rollout/                |            |
|    ep_len_mean          | 57.7       |
|    ep_rew_mean          | -8.14      |
| time/                   |            |
|    fps                  | 61         |
|    iterations           | 102        |
|    time_elapsed         | 3406       |
|    total_timesteps      | 208896     |
| train/                  |            |
|    approx_kl            | 0.01946098 |
|    clip_fraction        | 0.226      |
|    clip_range           | 0.2        |
|    entropy_loss         | -5.75      |
|    explained_variance   | 0.23       |
|    learning_rate        | 0.0003     |
|    loss                 | -0.0435    |
|    n_updates            | 1010       |
|    policy_gradient_loss | -0.0255    |
|    std                  | 0.553      |
|    value_loss           | 0.00392    |
----------------------------------------
-----------------------------------------
| rollout/                |             |
|    ep_len_mean          | 57.4        |
|    ep_rew_mean          | -7.79       |
| time/                   |             |
|    fps                  | 61          |
|    iterations           | 103         |
|    time_elapsed         | 3441        |
|    total_timesteps      | 210944      |
| train/                  |             |
|    approx_kl            | 0.018824905 |
|    clip_fraction        | 0.223       |
|    clip_range           | 0.2         |
|    entropy_loss         | -5.69       |
|    explained_variance   | 0.172       |
|    learning_rate        | 0.0003      |
|    loss                 | -0.0569     |
|    n_updates            | 1020        |
|    policy_gradient_loss | -0.0249     |
|    std                  | 0.549       |
|    value_loss           | 0.00439     |
-----------------------------------------
-----------------------------------------
| rollout/                |             |
|    ep_len_mean          | 56.8        |
|    ep_rew_mean          | -7.53       |
| time/                   |             |
|    fps                  | 61          |
|    iterations           | 104         |
|    time_elapsed         | 3477        |
|    total_timesteps      | 212992      |
| train/                  |             |
|    approx_kl            | 0.023151718 |
|    clip_fraction        | 0.248       |
|    clip_range           | 0.2         |
|    entropy_loss         | -5.66       |
|    explained_variance   | 0.153       |
|    learning_rate        | 0.0003      |
|    loss                 | -0.0128     |
|    n_updates            | 1030        |
|    policy_gradient_loss | -0.0253     |
|    std                  | 0.547       |
|    value_loss           | 0.0036      |
-----------------------------------------
-----------------------------------------
| rollout/                |             |
|    ep_len_mean          | 53.5        |
|    ep_rew_mean          | -6.43       |
| time/                   |             |
|    fps                  | 61          |
|    iterations           | 105         |
|    time_elapsed         | 3513        |
|    total_timesteps      | 215040      |
| train/                  |             |
|    approx_kl            | 0.018140666 |
|    clip_fraction        | 0.215       |
|    clip_range           | 0.2         |
|    entropy_loss         | -5.62       |
|    explained_variance   | 0.193       |
|    learning_rate        | 0.0003      |
|    loss                 | -0.0455     |
|    n_updates            | 1040        |
|    policy_gradient_loss | -0.0212     |
|    std                  | 0.542       |
|    value_loss           | 0.00349     |
-----------------------------------------
-----------------------------------------
| rollout/                |             |
|    ep_len_mean          | 50.5        |
|    ep_rew_mean          | -5.57       |
| time/                   |             |
|    fps                  | 61          |
|    iterations           | 106         |
|    time_elapsed         | 3549        |
|    total_timesteps      | 217088      |
| train/                  |             |
|    approx_kl            | 0.019521419 |
|    clip_fraction        | 0.225       |
|    clip_range           | 0.2         |
|    entropy_loss         | -5.58       |
|    explained_variance   | 0.185       |
|    learning_rate        | 0.0003      |
|    loss                 | -0.0231     |
|    n_updates            | 1050        |
|    policy_gradient_loss | -0.0242     |
|    std                  | 0.541       |
|    value_loss           | 0.00425     |
-----------------------------------------
----------------------------------------
| rollout/                |            |
|    ep_len_mean          | 50.1       |
|    ep_rew_mean          | -5.43      |
| time/                   |            |
|    fps                  | 61         |
|    iterations           | 107        |
|    time_elapsed         | 3585       |
|    total_timesteps      | 219136     |
| train/                  |            |
|    approx_kl            | 0.02095335 |
|    clip_fraction        | 0.267      |
|    clip_range           | 0.2        |
|    entropy_loss         | -5.58      |
|    explained_variance   | 0.155      |
|    learning_rate        | 0.0003     |
|    loss                 | -0.0484    |
|    n_updates            | 1060       |
|    policy_gradient_loss | -0.0257    |
|    std                  | 0.542      |
|    value_loss           | 0.00419    |
----------------------------------------
-----------------------------------------
| rollout/                |             |
|    ep_len_mean          | 49.8        |
|    ep_rew_mean          | -4.86       |
| time/                   |             |
|    fps                  | 61          |
|    iterations           | 108         |
|    time_elapsed         | 3622        |
|    total_timesteps      | 221184      |
| train/                  |             |
|    approx_kl            | 0.017682768 |
|    clip_fraction        | 0.214       |
|    clip_range           | 0.2         |
|    entropy_loss         | -5.57       |
|    explained_variance   | 0.2         |
|    learning_rate        | 0.0003      |
|    loss                 | -0.0457     |
|    n_updates            | 1070        |
|    policy_gradient_loss | -0.0232     |
|    std                  | 0.541       |
|    value_loss           | 0.00402     |
-----------------------------------------
-----------------------------------------
| rollout/                |             |
|    ep_len_mean          | 48.7        |
|    ep_rew_mean          | -3.93       |
| time/                   |             |
|    fps                  | 61          |
|    iterations           | 109         |
|    time_elapsed         | 3658        |
|    total_timesteps      | 223232      |
| train/                  |             |
|    approx_kl            | 0.020639949 |
|    clip_fraction        | 0.26        |
|    clip_range           | 0.2         |
|    entropy_loss         | -5.55       |
|    explained_variance   | 0.189       |
|    learning_rate        | 0.0003      |
|    loss                 | -0.0414     |
|    n_updates            | 1080        |
|    policy_gradient_loss | -0.0262     |
|    std                  | 0.539       |
|    value_loss           | 0.0029      |
-----------------------------------------
-----------------------------------------
| rollout/                |             |
|    ep_len_mean          | 47.2        |
|    ep_rew_mean          | -3.72       |
| time/                   |             |
|    fps                  | 60          |
|    iterations           | 110         |
|    time_elapsed         | 3694        |
|    total_timesteps      | 225280      |
| train/                  |             |
|    approx_kl            | 0.020411381 |
|    clip_fraction        | 0.237       |
|    clip_range           | 0.2         |
|    entropy_loss         | -5.53       |
|    explained_variance   | 0.144       |
|    learning_rate        | 0.0003      |
|    loss                 | -0.0132     |
|    n_updates            | 1090        |
|    policy_gradient_loss | -0.0239     |
|    std                  | 0.538       |
|    value_loss           | 0.00299     |
-----------------------------------------
-----------------------------------------
| rollout/                |             |
|    ep_len_mean          | 50.8        |
|    ep_rew_mean          | -4.89       |
| time/                   |             |
|    fps                  | 60          |
|    iterations           | 111         |
|    time_elapsed         | 3730        |
|    total_timesteps      | 227328      |
| train/                  |             |
|    approx_kl            | 0.020840738 |
|    clip_fraction        | 0.255       |
|    clip_range           | 0.2         |
|    entropy_loss         | -5.49       |
|    explained_variance   | 0.187       |
|    learning_rate        | 0.0003      |
|    loss                 | -0.0252     |
|    n_updates            | 1100        |
|    policy_gradient_loss | -0.0276     |
|    std                  | 0.535       |
|    value_loss           | 0.00327     |
-----------------------------------------
-----------------------------------------
| rollout/                |             |
|    ep_len_mean          | 49.3        |
|    ep_rew_mean          | -4.45       |
| time/                   |             |
|    fps                  | 60          |
|    iterations           | 112         |
|    time_elapsed         | 3766        |
|    total_timesteps      | 229376      |
| train/                  |             |
|    approx_kl            | 0.020125784 |
|    clip_fraction        | 0.249       |
|    clip_range           | 0.2         |
|    entropy_loss         | -5.44       |
|    explained_variance   | 0.144       |
|    learning_rate        | 0.0003      |
|    loss                 | -0.0257     |
|    n_updates            | 1110        |
|    policy_gradient_loss | -0.0265     |
|    std                  | 0.529       |
|    value_loss           | 0.00287     |
-----------------------------------------
-----------------------------------------
| rollout/                |             |
|    ep_len_mean          | 45.9        |
|    ep_rew_mean          | -3.4        |
| time/                   |             |
|    fps                  | 60          |
|    iterations           | 113         |
|    time_elapsed         | 3803        |
|    total_timesteps      | 231424      |
| train/                  |             |
|    approx_kl            | 0.024380747 |
|    clip_fraction        | 0.255       |
|    clip_range           | 0.2         |
|    entropy_loss         | -5.37       |
|    explained_variance   | 0.185       |
|    learning_rate        | 0.0003      |
|    loss                 | -0.0538     |
|    n_updates            | 1120        |
|    policy_gradient_loss | -0.0276     |
|    std                  | 0.526       |
|    value_loss           | 0.0034      |
-----------------------------------------
-----------------------------------------
| rollout/                |             |
|    ep_len_mean          | 43.9        |
|    ep_rew_mean          | -3.17       |
| time/                   |             |
|    fps                  | 60          |
|    iterations           | 114         |
|    time_elapsed         | 3839        |
|    total_timesteps      | 233472      |
| train/                  |             |
|    approx_kl            | 0.020642836 |
|    clip_fraction        | 0.253       |
|    clip_range           | 0.2         |
|    entropy_loss         | -5.33       |
|    explained_variance   | 0.156       |
|    learning_rate        | 0.0003      |
|    loss                 | -0.056      |
|    n_updates            | 1130        |
|    policy_gradient_loss | -0.0283     |
|    std                  | 0.524       |
|    value_loss           | 0.00272     |
-----------------------------------------
-----------------------------------------
| rollout/                |             |
|    ep_len_mean          | 44          |
|    ep_rew_mean          | -3.02       |
| time/                   |             |
|    fps                  | 60          |
|    iterations           | 115         |
|    time_elapsed         | 3876        |
|    total_timesteps      | 235520      |
| train/                  |             |
|    approx_kl            | 0.018762773 |
|    clip_fraction        | 0.248       |
|    clip_range           | 0.2         |
|    entropy_loss         | -5.29       |
|    explained_variance   | 0.184       |
|    learning_rate        | 0.0003      |
|    loss                 | -0.0611     |
|    n_updates            | 1140        |
|    policy_gradient_loss | -0.0238     |
|    std                  | 0.52        |
|    value_loss           | 0.00341     |
-----------------------------------------
-----------------------------------------
| rollout/                |             |
|    ep_len_mean          | 47          |
|    ep_rew_mean          | -3.47       |
| time/                   |             |
|    fps                  | 60          |
|    iterations           | 116         |
|    time_elapsed         | 3913        |
|    total_timesteps      | 237568      |
| train/                  |             |
|    approx_kl            | 0.023990184 |
|    clip_fraction        | 0.262       |
|    clip_range           | 0.2         |
|    entropy_loss         | -5.25       |
|    explained_variance   | 0.196       |
|    learning_rate        | 0.0003      |
|    loss                 | -0.0202     |
|    n_updates            | 1150        |
|    policy_gradient_loss | -0.0286     |
|    std                  | 0.517       |
|    value_loss           | 0.00311     |
-----------------------------------------
-----------------------------------------
| rollout/                |             |
|    ep_len_mean          | 44.1        |
|    ep_rew_mean          | -2.7        |
| time/                   |             |
|    fps                  | 60          |
|    iterations           | 117         |
|    time_elapsed         | 3949        |
|    total_timesteps      | 239616      |
| train/                  |             |
|    approx_kl            | 0.020484637 |
|    clip_fraction        | 0.24        |
|    clip_range           | 0.2         |
|    entropy_loss         | -5.2        |
|    explained_variance   | 0.185       |
|    learning_rate        | 0.0003      |
|    loss                 | -0.0533     |
|    n_updates            | 1160        |
|    policy_gradient_loss | -0.025      |
|    std                  | 0.514       |
|    value_loss           | 0.0029      |
-----------------------------------------
-----------------------------------------
| rollout/                |             |
|    ep_len_mean          | 45.4        |
|    ep_rew_mean          | -2.88       |
| time/                   |             |
|    fps                  | 60          |
|    iterations           | 118         |
|    time_elapsed         | 3986        |
|    total_timesteps      | 241664      |
| train/                  |             |
|    approx_kl            | 0.019902516 |
|    clip_fraction        | 0.247       |
|    clip_range           | 0.2         |
|    entropy_loss         | -5.17       |
|    explained_variance   | 0.185       |
|    learning_rate        | 0.0003      |
|    loss                 | -0.0691     |
|    n_updates            | 1170        |
|    policy_gradient_loss | -0.024      |
|    std                  | 0.512       |
|    value_loss           | 0.00321     |
-----------------------------------------
-----------------------------------------
| rollout/                |             |
|    ep_len_mean          | 41.4        |
|    ep_rew_mean          | -1.6        |
| time/                   |             |
|    fps                  | 60          |
|    iterations           | 119         |
|    time_elapsed         | 4023        |
|    total_timesteps      | 243712      |
| train/                  |             |
|    approx_kl            | 0.020388447 |
|    clip_fraction        | 0.244       |
|    clip_range           | 0.2         |
|    entropy_loss         | -5.14       |
|    explained_variance   | 0.206       |
|    learning_rate        | 0.0003      |
|    loss                 | -0.0368     |
|    n_updates            | 1180        |
|    policy_gradient_loss | -0.024      |
|    std                  | 0.509       |
|    value_loss           | 0.00293     |
-----------------------------------------
-----------------------------------------
| rollout/                |             |
|    ep_len_mean          | 38.3        |
|    ep_rew_mean          | -0.908      |
| time/                   |             |
|    fps                  | 60          |
|    iterations           | 120         |
|    time_elapsed         | 4060        |
|    total_timesteps      | 245760      |
| train/                  |             |
|    approx_kl            | 0.022551779 |
|    clip_fraction        | 0.258       |
|    clip_range           | 0.2         |
|    entropy_loss         | -5.08       |
|    explained_variance   | 0.258       |
|    learning_rate        | 0.0003      |
|    loss                 | -0.0477     |
|    n_updates            | 1190        |
|    policy_gradient_loss | -0.028      |
|    std                  | 0.504       |
|    value_loss           | 0.00266     |
-----------------------------------------
-----------------------------------------
| rollout/                |             |
|    ep_len_mean          | 39.8        |
|    ep_rew_mean          | -1.51       |
| time/                   |             |
|    fps                  | 60          |
|    iterations           | 121         |
|    time_elapsed         | 4097        |
|    total_timesteps      | 247808      |
| train/                  |             |
|    approx_kl            | 0.023752846 |
|    clip_fraction        | 0.241       |
|    clip_range           | 0.2         |
|    entropy_loss         | -5.03       |
|    explained_variance   | 0.237       |
|    learning_rate        | 0.0003      |
|    loss                 | -0.0349     |
|    n_updates            | 1200        |
|    policy_gradient_loss | -0.0256     |
|    std                  | 0.5         |
|    value_loss           | 0.00262     |
-----------------------------------------
-----------------------------------------
| rollout/                |             |
|    ep_len_mean          | 37          |
|    ep_rew_mean          | -0.705      |
| time/                   |             |
|    fps                  | 60          |
|    iterations           | 122         |
|    time_elapsed         | 4134        |
|    total_timesteps      | 249856      |
| train/                  |             |
|    approx_kl            | 0.024169061 |
|    clip_fraction        | 0.292       |
|    clip_range           | 0.2         |
|    entropy_loss         | -5          |
|    explained_variance   | 0.247       |
|    learning_rate        | 0.0003      |
|    loss                 | -0.0337     |
|    n_updates            | 1210        |
|    policy_gradient_loss | -0.0317     |
|    std                  | 0.499       |
|    value_loss           | 0.00267     |
-----------------------------------------
-----------------------------------------
| rollout/                |             |
|    ep_len_mean          | 37.4        |
|    ep_rew_mean          | -0.795      |
| time/                   |             |
|    fps                  | 60          |
|    iterations           | 123         |
|    time_elapsed         | 4172        |
|    total_timesteps      | 251904      |
| train/                  |             |
|    approx_kl            | 0.022216884 |
|    clip_fraction        | 0.278       |
|    clip_range           | 0.2         |
|    entropy_loss         | -4.95       |
|    explained_variance   | 0.165       |
|    learning_rate        | 0.0003      |
|    loss                 | -0.0266     |
|    n_updates            | 1220        |
|    policy_gradient_loss | -0.0326     |
|    std                  | 0.496       |
|    value_loss           | 0.00234     |
-----------------------------------------
-----------------------------------------
| rollout/                |             |
|    ep_len_mean          | 39          |
|    ep_rew_mean          | -1.37       |
| time/                   |             |
|    fps                  | 60          |
|    iterations           | 124         |
|    time_elapsed         | 4209        |
|    total_timesteps      | 253952      |
| train/                  |             |
|    approx_kl            | 0.021588985 |
|    clip_fraction        | 0.248       |
|    clip_range           | 0.2         |
|    entropy_loss         | -4.92       |
|    explained_variance   | 0.246       |
|    learning_rate        | 0.0003      |
|    loss                 | -0.0585     |
|    n_updates            | 1230        |
|    policy_gradient_loss | -0.0277     |
|    std                  | 0.493       |
|    value_loss           | 0.0022      |
-----------------------------------------
-----------------------------------------
| rollout/                |             |
|    ep_len_mean          | 40.2        |
|    ep_rew_mean          | -1.9        |
| time/                   |             |
|    fps                  | 60          |
|    iterations           | 125         |
|    time_elapsed         | 4245        |
|    total_timesteps      | 256000      |
| train/                  |             |
|    approx_kl            | 0.022948217 |
|    clip_fraction        | 0.264       |
|    clip_range           | 0.2         |
|    entropy_loss         | -4.9        |
|    explained_variance   | 0.291       |
|    learning_rate        | 0.0003      |
|    loss                 | -0.0377     |
|    n_updates            | 1240        |
|    policy_gradient_loss | -0.03       |
|    std                  | 0.494       |
|    value_loss           | 0.00268     |
-----------------------------------------
-----------------------------------------
| rollout/                |             |
|    ep_len_mean          | 39.9        |
|    ep_rew_mean          | -1.56       |
| time/                   |             |
|    fps                  | 60          |
|    iterations           | 126         |
|    time_elapsed         | 4283        |
|    total_timesteps      | 258048      |
| train/                  |             |
|    approx_kl            | 0.021974955 |
|    clip_fraction        | 0.283       |
|    clip_range           | 0.2         |
|    entropy_loss         | -4.87       |
|    explained_variance   | 0.236       |
|    learning_rate        | 0.0003      |
|    loss                 | -0.0466     |
|    n_updates            | 1250        |
|    policy_gradient_loss | -0.0304     |
|    std                  | 0.49        |
|    value_loss           | 0.00331     |
-----------------------------------------
-----------------------------------------
| rollout/                |             |
|    ep_len_mean          | 36.8        |
|    ep_rew_mean          | -0.31       |
| time/                   |             |
|    fps                  | 60          |
|    iterations           | 127         |
|    time_elapsed         | 4320        |
|    total_timesteps      | 260096      |
| train/                  |             |
|    approx_kl            | 0.022785498 |
|    clip_fraction        | 0.271       |
|    clip_range           | 0.2         |
|    entropy_loss         | -4.79       |
|    explained_variance   | 0.245       |
|    learning_rate        | 0.0003      |
|    loss                 | -0.0587     |
|    n_updates            | 1260        |
|    policy_gradient_loss | -0.0275     |
|    std                  | 0.484       |
|    value_loss           | 0.00296     |
-----------------------------------------
-----------------------------------------
| rollout/                |             |
|    ep_len_mean          | 36          |
|    ep_rew_mean          | -0.347      |
| time/                   |             |
|    fps                  | 60          |
|    iterations           | 128         |
|    time_elapsed         | 4357        |
|    total_timesteps      | 262144      |
| train/                  |             |
|    approx_kl            | 0.020215562 |
|    clip_fraction        | 0.26        |
|    clip_range           | 0.2         |
|    entropy_loss         | -4.74       |
|    explained_variance   | 0.29        |
|    learning_rate        | 0.0003      |
|    loss                 | -0.0155     |
|    n_updates            | 1270        |
|    policy_gradient_loss | -0.0275     |
|    std                  | 0.482       |
|    value_loss           | 0.00312     |
-----------------------------------------
-----------------------------------------
| rollout/                |             |
|    ep_len_mean          | 36.7        |
|    ep_rew_mean          | -0.498      |
| time/                   |             |
|    fps                  | 60          |
|    iterations           | 129         |
|    time_elapsed         | 4395        |
|    total_timesteps      | 264192      |
| train/                  |             |
|    approx_kl            | 0.022081198 |
|    clip_fraction        | 0.266       |
|    clip_range           | 0.2         |
|    entropy_loss         | -4.7        |
|    explained_variance   | 0.318       |
|    learning_rate        | 0.0003      |
|    loss                 | -0.0478     |
|    n_updates            | 1280        |
|    policy_gradient_loss | -0.0235     |
|    std                  | 0.479       |
|    value_loss           | 0.00325     |
-----------------------------------------
-----------------------------------------
| rollout/                |             |
|    ep_len_mean          | 37.9        |
|    ep_rew_mean          | -0.532      |
| time/                   |             |
|    fps                  | 60          |
|    iterations           | 130         |
|    time_elapsed         | 4431        |
|    total_timesteps      | 266240      |
| train/                  |             |
|    approx_kl            | 0.021145629 |
|    clip_fraction        | 0.246       |
|    clip_range           | 0.2         |
|    entropy_loss         | -4.66       |
|    explained_variance   | 0.298       |
|    learning_rate        | 0.0003      |
|    loss                 | -0.0218     |
|    n_updates            | 1290        |
|    policy_gradient_loss | -0.0272     |
|    std                  | 0.477       |
|    value_loss           | 0.00287     |
-----------------------------------------
----------------------------------------
| rollout/                |            |
|    ep_len_mean          | 41.9       |
|    ep_rew_mean          | -1.77      |
| time/                   |            |
|    fps                  | 60         |
|    iterations           | 131        |
|    time_elapsed         | 4468       |
|    total_timesteps      | 268288     |
| train/                  |            |
|    approx_kl            | 0.02250036 |
|    clip_fraction        | 0.273      |
|    clip_range           | 0.2        |
|    entropy_loss         | -4.66      |
|    explained_variance   | 0.273      |
|    learning_rate        | 0.0003     |
|    loss                 | -0.0235    |
|    n_updates            | 1300       |
|    policy_gradient_loss | -0.0247    |
|    std                  | 0.479      |
|    value_loss           | 0.00269    |
----------------------------------------
---------------------------------------
| rollout/                |           |
|    ep_len_mean          | 41.6      |
|    ep_rew_mean          | -1.53     |
| time/                   |           |
|    fps                  | 59        |
|    iterations           | 132       |
|    time_elapsed         | 4505      |
|    total_timesteps      | 270336    |
| train/                  |           |
|    approx_kl            | 0.0256443 |
|    clip_fraction        | 0.281     |
|    clip_range           | 0.2       |
|    entropy_loss         | -4.64     |
|    explained_variance   | 0.106     |
|    learning_rate        | 0.0003    |
|    loss                 | -0.0468   |
|    n_updates            | 1310      |
|    policy_gradient_loss | -0.0296   |
|    std                  | 0.476     |
|    value_loss           | 0.00284   |
---------------------------------------
-----------------------------------------
| rollout/                |             |
|    ep_len_mean          | 35.2        |
|    ep_rew_mean          | 0.686       |
| time/                   |             |
|    fps                  | 59          |
|    iterations           | 133         |
|    time_elapsed         | 4543        |
|    total_timesteps      | 272384      |
| train/                  |             |
|    approx_kl            | 0.024298858 |
|    clip_fraction        | 0.269       |
|    clip_range           | 0.2         |
|    entropy_loss         | -4.58       |
|    explained_variance   | 0.167       |
|    learning_rate        | 0.0003      |
|    loss                 | -0.0405     |
|    n_updates            | 1320        |
|    policy_gradient_loss | -0.0257     |
|    std                  | 0.472       |
|    value_loss           | 0.00266     |
-----------------------------------------
-----------------------------------------
| rollout/                |             |
|    ep_len_mean          | 34.2        |
|    ep_rew_mean          | 0.912       |
| time/                   |             |
|    fps                  | 59          |
|    iterations           | 134         |
|    time_elapsed         | 4580        |
|    total_timesteps      | 274432      |
| train/                  |             |
|    approx_kl            | 0.022105971 |
|    clip_fraction        | 0.28        |
|    clip_range           | 0.2         |
|    entropy_loss         | -4.53       |
|    explained_variance   | 0.18        |
|    learning_rate        | 0.0003      |
|    loss                 | -0.0303     |
|    n_updates            | 1330        |
|    policy_gradient_loss | -0.0282     |
|    std                  | 0.469       |
|    value_loss           | 0.00265     |
-----------------------------------------
----------------------------------------
| rollout/                |            |
|    ep_len_mean          | 31.9       |
|    ep_rew_mean          | 1.37       |
| time/                   |            |
|    fps                  | 59         |
|    iterations           | 135        |
|    time_elapsed         | 4618       |
|    total_timesteps      | 276480     |
| train/                  |            |
|    approx_kl            | 0.02403868 |
|    clip_fraction        | 0.259      |
|    clip_range           | 0.2        |
|    entropy_loss         | -4.47      |
|    explained_variance   | 0.2        |
|    learning_rate        | 0.0003     |
|    loss                 | -0.0598    |
|    n_updates            | 1340       |
|    policy_gradient_loss | -0.0257    |
|    std                  | 0.465      |
|    value_loss           | 0.00248    |
----------------------------------------
-----------------------------------------
| rollout/                |             |
|    ep_len_mean          | 35.9        |
|    ep_rew_mean          | 0.119       |
| time/                   |             |
|    fps                  | 59          |
|    iterations           | 136         |
|    time_elapsed         | 4655        |
|    total_timesteps      | 278528      |
| train/                  |             |
|    approx_kl            | 0.025676198 |
|    clip_fraction        | 0.293       |
|    clip_range           | 0.2         |
|    entropy_loss         | -4.43       |
|    explained_variance   | 0.153       |
|    learning_rate        | 0.0003      |
|    loss                 | -0.0526     |
|    n_updates            | 1350        |
|    policy_gradient_loss | -0.0303     |
|    std                  | 0.462       |
|    value_loss           | 0.00287     |
-----------------------------------------
----------------------------------------
| rollout/                |            |
|    ep_len_mean          | 38.4       |
|    ep_rew_mean          | -0.621     |
| time/                   |            |
|    fps                  | 59         |
|    iterations           | 137        |
|    time_elapsed         | 4692       |
|    total_timesteps      | 280576     |
| train/                  |            |
|    approx_kl            | 0.02152809 |
|    clip_fraction        | 0.258      |
|    clip_range           | 0.2        |
|    entropy_loss         | -4.39      |
|    explained_variance   | 0.265      |
|    learning_rate        | 0.0003     |
|    loss                 | -0.0655    |
|    n_updates            | 1360       |
|    policy_gradient_loss | -0.0254    |
|    std                  | 0.46       |
|    value_loss           | 0.00279    |
----------------------------------------
----------------------------------------
| rollout/                |            |
|    ep_len_mean          | 38.4       |
|    ep_rew_mean          | -0.452     |
| time/                   |            |
|    fps                  | 59         |
|    iterations           | 138        |
|    time_elapsed         | 4729       |
|    total_timesteps      | 282624     |
| train/                  |            |
|    approx_kl            | 0.02564808 |
|    clip_fraction        | 0.291      |
|    clip_range           | 0.2        |
|    entropy_loss         | -4.37      |
|    explained_variance   | 0.221      |
|    learning_rate        | 0.0003     |
|    loss                 | -0.0601    |
|    n_updates            | 1370       |
|    policy_gradient_loss | -0.0303    |
|    std                  | 0.458      |
|    value_loss           | 0.00285    |
----------------------------------------
-----------------------------------------
| rollout/                |             |
|    ep_len_mean          | 36.6        |
|    ep_rew_mean          | 0.0703      |
| time/                   |             |
|    fps                  | 59          |
|    iterations           | 139         |
|    time_elapsed         | 4767        |
|    total_timesteps      | 284672      |
| train/                  |             |
|    approx_kl            | 0.024670016 |
|    clip_fraction        | 0.29        |
|    clip_range           | 0.2         |
|    entropy_loss         | -4.32       |
|    explained_variance   | 0.249       |
|    learning_rate        | 0.0003      |
|    loss                 | -0.045      |
|    n_updates            | 1380        |
|    policy_gradient_loss | -0.0285     |
|    std                  | 0.454       |
|    value_loss           | 0.0029      |
-----------------------------------------
-----------------------------------------
| rollout/                |             |
|    ep_len_mean          | 34          |
|    ep_rew_mean          | 1.07        |
| time/                   |             |
|    fps                  | 59          |
|    iterations           | 140         |
|    time_elapsed         | 4804        |
|    total_timesteps      | 286720      |
| train/                  |             |
|    approx_kl            | 0.024611395 |
|    clip_fraction        | 0.297       |
|    clip_range           | 0.2         |
|    entropy_loss         | -4.27       |
|    explained_variance   | 0.202       |
|    learning_rate        | 0.0003      |
|    loss                 | -0.0449     |
|    n_updates            | 1390        |
|    policy_gradient_loss | -0.0318     |
|    std                  | 0.451       |
|    value_loss           | 0.00281     |
-----------------------------------------
-----------------------------------------
| rollout/                |             |
|    ep_len_mean          | 35          |
|    ep_rew_mean          | 0.818       |
| time/                   |             |
|    fps                  | 59          |
|    iterations           | 141         |
|    time_elapsed         | 4842        |
|    total_timesteps      | 288768      |
| train/                  |             |
|    approx_kl            | 0.024126526 |
|    clip_fraction        | 0.285       |
|    clip_range           | 0.2         |
|    entropy_loss         | -4.22       |
|    explained_variance   | 0.182       |
|    learning_rate        | 0.0003      |
|    loss                 | -0.0329     |
|    n_updates            | 1400        |
|    policy_gradient_loss | -0.0288     |
|    std                  | 0.449       |
|    value_loss           | 0.00249     |
-----------------------------------------
-----------------------------------------
| rollout/                |             |
|    ep_len_mean          | 34.6        |
|    ep_rew_mean          | 0.786       |
| time/                   |             |
|    fps                  | 59          |
|    iterations           | 142         |
|    time_elapsed         | 4880        |
|    total_timesteps      | 290816      |
| train/                  |             |
|    approx_kl            | 0.026583953 |
|    clip_fraction        | 0.288       |
|    clip_range           | 0.2         |
|    entropy_loss         | -4.19       |
|    explained_variance   | 0.191       |
|    learning_rate        | 0.0003      |
|    loss                 | -0.0247     |
|    n_updates            | 1410        |
|    policy_gradient_loss | -0.0282     |
|    std                  | 0.447       |
|    value_loss           | 0.00232     |
-----------------------------------------
-----------------------------------------
| rollout/                |             |
|    ep_len_mean          | 30.7        |
|    ep_rew_mean          | 1.78        |
| time/                   |             |
|    fps                  | 59          |
|    iterations           | 143         |
|    time_elapsed         | 4919        |
|    total_timesteps      | 292864      |
| train/                  |             |
|    approx_kl            | 0.026175667 |
|    clip_fraction        | 0.29        |
|    clip_range           | 0.2         |
|    entropy_loss         | -4.17       |
|    explained_variance   | 0.199       |
|    learning_rate        | 0.0003      |
|    loss                 | -0.0468     |
|    n_updates            | 1420        |
|    policy_gradient_loss | -0.0302     |
|    std                  | 0.446       |
|    value_loss           | 0.00253     |
-----------------------------------------
-----------------------------------------
| rollout/                |             |
|    ep_len_mean          | 29.8        |
|    ep_rew_mean          | 2.12        |
| time/                   |             |
|    fps                  | 59          |
|    iterations           | 144         |
|    time_elapsed         | 4957        |
|    total_timesteps      | 294912      |
| train/                  |             |
|    approx_kl            | 0.020714752 |
|    clip_fraction        | 0.255       |
|    clip_range           | 0.2         |
|    entropy_loss         | -4.16       |
|    explained_variance   | 0.219       |
|    learning_rate        | 0.0003      |
|    loss                 | -0.0339     |
|    n_updates            | 1430        |
|    policy_gradient_loss | -0.0248     |
|    std                  | 0.446       |
|    value_loss           | 0.00254     |
-----------------------------------------
-----------------------------------------
| rollout/                |             |
|    ep_len_mean          | 30.7        |
|    ep_rew_mean          | 1.93        |
| time/                   |             |
|    fps                  | 59          |
|    iterations           | 145         |
|    time_elapsed         | 4995        |
|    total_timesteps      | 296960      |
| train/                  |             |
|    approx_kl            | 0.023947814 |
|    clip_fraction        | 0.275       |
|    clip_range           | 0.2         |
|    entropy_loss         | -4.15       |
|    explained_variance   | 0.204       |
|    learning_rate        | 0.0003      |
|    loss                 | -0.0301     |
|    n_updates            | 1440        |
|    policy_gradient_loss | -0.0271     |
|    std                  | 0.444       |
|    value_loss           | 0.00215     |
-----------------------------------------
----------------------------------------
| rollout/                |            |
|    ep_len_mean          | 32.3       |
|    ep_rew_mean          | 1.59       |
| time/                   |            |
|    fps                  | 59         |
|    iterations           | 146        |
|    time_elapsed         | 5033       |
|    total_timesteps      | 299008     |
| train/                  |            |
|    approx_kl            | 0.02587602 |
|    clip_fraction        | 0.288      |
|    clip_range           | 0.2        |
|    entropy_loss         | -4.1       |
|    explained_variance   | 0.219      |
|    learning_rate        | 0.0003     |
|    loss                 | -0.0234    |
|    n_updates            | 1450       |
|    policy_gradient_loss | -0.0252    |
|    std                  | 0.44       |
|    value_loss           | 0.00228    |
----------------------------------------
-----------------------------------------
| rollout/                |             |
|    ep_len_mean          | 32.3        |
|    ep_rew_mean          | 1.65        |
| time/                   |             |
|    fps                  | 59          |
|    iterations           | 147         |
|    time_elapsed         | 5071        |
|    total_timesteps      | 301056      |
| train/                  |             |
|    approx_kl            | 0.024673736 |
|    clip_fraction        | 0.276       |
|    clip_range           | 0.2         |
|    entropy_loss         | -4.07       |
|    explained_variance   | 0.174       |
|    learning_rate        | 0.0003      |
|    loss                 | -0.0289     |
|    n_updates            | 1460        |
|    policy_gradient_loss | -0.0291     |
|    std                  | 0.44        |
|    value_loss           | 0.00191     |
-----------------------------------------
-----------------------------------------
| rollout/                |             |
|    ep_len_mean          | 31.6        |
|    ep_rew_mean          | 1.93        |
| time/                   |             |
|    fps                  | 59          |
|    iterations           | 148         |
|    time_elapsed         | 5110        |
|    total_timesteps      | 303104      |
| train/                  |             |
|    approx_kl            | 0.025367728 |
|    clip_fraction        | 0.288       |
|    clip_range           | 0.2         |
|    entropy_loss         | -4.05       |
|    explained_variance   | 0.142       |
|    learning_rate        | 0.0003      |
|    loss                 | -0.047      |
|    n_updates            | 1470        |
|    policy_gradient_loss | -0.0268     |
|    std                  | 0.438       |
|    value_loss           | 0.00215     |
-----------------------------------------
-----------------------------------------
| rollout/                |             |
|    ep_len_mean          | 27.5        |
|    ep_rew_mean          | 2.91        |
| time/                   |             |
|    fps                  | 59          |
|    iterations           | 149         |
|    time_elapsed         | 5148        |
|    total_timesteps      | 305152      |
| train/                  |             |
|    approx_kl            | 0.024461938 |
|    clip_fraction        | 0.288       |
|    clip_range           | 0.2         |
|    entropy_loss         | -4          |
|    explained_variance   | 0.197       |
|    learning_rate        | 0.0003      |
|    loss                 | 0.0106      |
|    n_updates            | 1480        |
|    policy_gradient_loss | -0.03       |
|    std                  | 0.433       |
|    value_loss           | 0.00228     |
-----------------------------------------
-----------------------------------------
| rollout/                |             |
|    ep_len_mean          | 30.9        |
|    ep_rew_mean          | 2.13        |
| time/                   |             |
|    fps                  | 59          |
|    iterations           | 150         |
|    time_elapsed         | 5186        |
|    total_timesteps      | 307200      |
| train/                  |             |
|    approx_kl            | 0.027945882 |
|    clip_fraction        | 0.295       |
|    clip_range           | 0.2         |
|    entropy_loss         | -3.96       |
|    explained_variance   | 0.207       |
|    learning_rate        | 0.0003      |
|    loss                 | -0.0224     |
|    n_updates            | 1490        |
|    policy_gradient_loss | -0.0304     |
|    std                  | 0.432       |
|    value_loss           | 0.002       |
-----------------------------------------
---------------------------------------
| rollout/                |           |
|    ep_len_mean          | 27.6      |
|    ep_rew_mean          | 2.75      |
| time/                   |           |
|    fps                  | 59        |
|    iterations           | 151       |
|    time_elapsed         | 5225      |
|    total_timesteps      | 309248    |
| train/                  |           |
|    approx_kl            | 0.0285993 |
|    clip_fraction        | 0.285     |
|    clip_range           | 0.2       |
|    entropy_loss         | -3.92     |
|    explained_variance   | 0.218     |
|    learning_rate        | 0.0003    |
|    loss                 | -0.0608   |
|    n_updates            | 1500      |
|    policy_gradient_loss | -0.029    |
|    std                  | 0.43      |
|    value_loss           | 0.00205   |
---------------------------------------
----------------------------------------
| rollout/                |            |
|    ep_len_mean          | 30.6       |
|    ep_rew_mean          | 1.7        |
| time/                   |            |
|    fps                  | 59         |
|    iterations           | 152        |
|    time_elapsed         | 5263       |
|    total_timesteps      | 311296     |
| train/                  |            |
|    approx_kl            | 0.02691355 |
|    clip_fraction        | 0.32       |
|    clip_range           | 0.2        |
|    entropy_loss         | -3.89      |
|    explained_variance   | 0.247      |
|    learning_rate        | 0.0003     |
|    loss                 | -0.0516    |
|    n_updates            | 1510       |
|    policy_gradient_loss | -0.0318    |
|    std                  | 0.429      |
|    value_loss           | 0.0022     |
----------------------------------------
-----------------------------------------
| rollout/                |             |
|    ep_len_mean          | 23.5        |
|    ep_rew_mean          | 3.75        |
| time/                   |             |
|    fps                  | 59          |
|    iterations           | 153         |
|    time_elapsed         | 5303        |
|    total_timesteps      | 313344      |
| train/                  |             |
|    approx_kl            | 0.025600215 |
|    clip_fraction        | 0.297       |
|    clip_range           | 0.2         |
|    entropy_loss         | -3.86       |
|    explained_variance   | 0.219       |
|    learning_rate        | 0.0003      |
|    loss                 | -0.0184     |
|    n_updates            | 1520        |
|    policy_gradient_loss | -0.03       |
|    std                  | 0.426       |
|    value_loss           | 0.00219     |
-----------------------------------------
-----------------------------------------
| rollout/                |             |
|    ep_len_mean          | 26          |
|    ep_rew_mean          | 3.18        |
| time/                   |             |
|    fps                  | 59          |
|    iterations           | 154         |
|    time_elapsed         | 5343        |
|    total_timesteps      | 315392      |
| train/                  |             |
|    approx_kl            | 0.022545327 |
|    clip_fraction        | 0.267       |
|    clip_range           | 0.2         |
|    entropy_loss         | -3.84       |
|    explained_variance   | 0.224       |
|    learning_rate        | 0.0003      |
|    loss                 | -0.0465     |
|    n_updates            | 1530        |
|    policy_gradient_loss | -0.0285     |
|    std                  | 0.425       |
|    value_loss           | 0.00195     |
-----------------------------------------
-----------------------------------------
| rollout/                |             |
|    ep_len_mean          | 27.1        |
|    ep_rew_mean          | 3           |
| time/                   |             |
|    fps                  | 58          |
|    iterations           | 155         |
|    time_elapsed         | 5382        |
|    total_timesteps      | 317440      |
| train/                  |             |
|    approx_kl            | 0.024947036 |
|    clip_fraction        | 0.285       |
|    clip_range           | 0.2         |
|    entropy_loss         | -3.8        |
|    explained_variance   | 0.225       |
|    learning_rate        | 0.0003      |
|    loss                 | -0.00329    |
|    n_updates            | 1540        |
|    policy_gradient_loss | -0.0298     |
|    std                  | 0.423       |
|    value_loss           | 0.00156     |
-----------------------------------------
-----------------------------------------
| rollout/                |             |
|    ep_len_mean          | 28.6        |
|    ep_rew_mean          | 2.55        |
| time/                   |             |
|    fps                  | 58          |
|    iterations           | 156         |
|    time_elapsed         | 5420        |
|    total_timesteps      | 319488      |
| train/                  |             |
|    approx_kl            | 0.026275538 |
|    clip_fraction        | 0.302       |
|    clip_range           | 0.2         |
|    entropy_loss         | -3.74       |
|    explained_variance   | 0.2         |
|    learning_rate        | 0.0003      |
|    loss                 | -0.0512     |
|    n_updates            | 1550        |
|    policy_gradient_loss | -0.0297     |
|    std                  | 0.419       |
|    value_loss           | 0.00182     |
-----------------------------------------
-----------------------------------------
| rollout/                |             |
|    ep_len_mean          | 28.3        |
|    ep_rew_mean          | 2.74        |
| time/                   |             |
|    fps                  | 58          |
|    iterations           | 157         |
|    time_elapsed         | 5459        |
|    total_timesteps      | 321536      |
| train/                  |             |
|    approx_kl            | 0.028343506 |
|    clip_fraction        | 0.295       |
|    clip_range           | 0.2         |
|    entropy_loss         | -3.69       |
|    explained_variance   | 0.19        |
|    learning_rate        | 0.0003      |
|    loss                 | -0.0412     |
|    n_updates            | 1560        |
|    policy_gradient_loss | -0.0276     |
|    std                  | 0.417       |
|    value_loss           | 0.00205     |
-----------------------------------------
-----------------------------------------
| rollout/                |             |
|    ep_len_mean          | 26.9        |
|    ep_rew_mean          | 2.95        |
| time/                   |             |
|    fps                  | 58          |
|    iterations           | 158         |
|    time_elapsed         | 5498        |
|    total_timesteps      | 323584      |
| train/                  |             |
|    approx_kl            | 0.027657174 |
|    clip_fraction        | 0.334       |
|    clip_range           | 0.2         |
|    entropy_loss         | -3.66       |
|    explained_variance   | 0.197       |
|    learning_rate        | 0.0003      |
|    loss                 | -0.0652     |
|    n_updates            | 1570        |
|    policy_gradient_loss | -0.0306     |
|    std                  | 0.415       |
|    value_loss           | 0.00223     |
-----------------------------------------
-----------------------------------------
| rollout/                |             |
|    ep_len_mean          | 23.3        |
|    ep_rew_mean          | 4.22        |
| time/                   |             |
|    fps                  | 58          |
|    iterations           | 159         |
|    time_elapsed         | 5538        |
|    total_timesteps      | 325632      |
| train/                  |             |
|    approx_kl            | 0.024675552 |
|    clip_fraction        | 0.291       |
|    clip_range           | 0.2         |
|    entropy_loss         | -3.6        |
|    explained_variance   | 0.197       |
|    learning_rate        | 0.0003      |
|    loss                 | -0.0462     |
|    n_updates            | 1580        |
|    policy_gradient_loss | -0.026      |
|    std                  | 0.411       |
|    value_loss           | 0.00187     |
-----------------------------------------
-----------------------------------------
| rollout/                |             |
|    ep_len_mean          | 25.2        |
|    ep_rew_mean          | 3.67        |
| time/                   |             |
|    fps                  | 58          |
|    iterations           | 160         |
|    time_elapsed         | 5577        |
|    total_timesteps      | 327680      |
| train/                  |             |
|    approx_kl            | 0.026962623 |
|    clip_fraction        | 0.297       |
|    clip_range           | 0.2         |
|    entropy_loss         | -3.52       |
|    explained_variance   | 0.233       |
|    learning_rate        | 0.0003      |
|    loss                 | -0.0571     |
|    n_updates            | 1590        |
|    policy_gradient_loss | -0.0312     |
|    std                  | 0.406       |
|    value_loss           | 0.00178     |
-----------------------------------------
-----------------------------------------
| rollout/                |             |
|    ep_len_mean          | 27.6        |
|    ep_rew_mean          | 2.97        |
| time/                   |             |
|    fps                  | 58          |
|    iterations           | 161         |
|    time_elapsed         | 5616        |
|    total_timesteps      | 329728      |
| train/                  |             |
|    approx_kl            | 0.030435652 |
|    clip_fraction        | 0.315       |
|    clip_range           | 0.2         |
|    entropy_loss         | -3.46       |
|    explained_variance   | 0.169       |
|    learning_rate        | 0.0003      |
|    loss                 | -0.0675     |
|    n_updates            | 1600        |
|    policy_gradient_loss | -0.0298     |
|    std                  | 0.403       |
|    value_loss           | 0.00188     |
-----------------------------------------
-----------------------------------------
| rollout/                |             |
|    ep_len_mean          | 24.3        |
|    ep_rew_mean          | 3.82        |
| time/                   |             |
|    fps                  | 58          |
|    iterations           | 162         |
|    time_elapsed         | 5656        |
|    total_timesteps      | 331776      |
| train/                  |             |
|    approx_kl            | 0.026986282 |
|    clip_fraction        | 0.303       |
|    clip_range           | 0.2         |
|    entropy_loss         | -3.43       |
|    explained_variance   | 0.23        |
|    learning_rate        | 0.0003      |
|    loss                 | -0.0607     |
|    n_updates            | 1610        |
|    policy_gradient_loss | -0.0231     |
|    std                  | 0.402       |
|    value_loss           | 0.00181     |
-----------------------------------------
-----------------------------------------
| rollout/                |             |
|    ep_len_mean          | 26.4        |
|    ep_rew_mean          | 3.24        |
| time/                   |             |
|    fps                  | 58          |
|    iterations           | 163         |
|    time_elapsed         | 5695        |
|    total_timesteps      | 333824      |
| train/                  |             |
|    approx_kl            | 0.024830915 |
|    clip_fraction        | 0.276       |
|    clip_range           | 0.2         |
|    entropy_loss         | -3.4        |
|    explained_variance   | 0.204       |
|    learning_rate        | 0.0003      |
|    loss                 | -0.0118     |
|    n_updates            | 1620        |
|    policy_gradient_loss | -0.0242     |
|    std                  | 0.401       |
|    value_loss           | 0.00175     |
-----------------------------------------
-----------------------------------------
| rollout/                |             |
|    ep_len_mean          | 26.2        |
|    ep_rew_mean          | 3.32        |
| time/                   |             |
|    fps                  | 58          |
|    iterations           | 164         |
|    time_elapsed         | 5734        |
|    total_timesteps      | 335872      |
| train/                  |             |
|    approx_kl            | 0.025708104 |
|    clip_fraction        | 0.286       |
|    clip_range           | 0.2         |
|    entropy_loss         | -3.34       |
|    explained_variance   | 0.213       |
|    learning_rate        | 0.0003      |
|    loss                 | -0.0379     |
|    n_updates            | 1630        |
|    policy_gradient_loss | -0.0275     |
|    std                  | 0.396       |
|    value_loss           | 0.00187     |
-----------------------------------------
----------------------------------------
| rollout/                |            |
|    ep_len_mean          | 23.9       |
|    ep_rew_mean          | 3.9        |
| time/                   |            |
|    fps                  | 58         |
|    iterations           | 165        |
|    time_elapsed         | 5774       |
|    total_timesteps      | 337920     |
| train/                  |            |
|    approx_kl            | 0.02608878 |
|    clip_fraction        | 0.295      |
|    clip_range           | 0.2        |
|    entropy_loss         | -3.27      |
|    explained_variance   | 0.234      |
|    learning_rate        | 0.0003     |
|    loss                 | -0.0465    |
|    n_updates            | 1640       |
|    policy_gradient_loss | -0.0288    |
|    std                  | 0.393      |
|    value_loss           | 0.00212    |
----------------------------------------
-----------------------------------------
| rollout/                |             |
|    ep_len_mean          | 23.8        |
|    ep_rew_mean          | 3.77        |
| time/                   |             |
|    fps                  | 58          |
|    iterations           | 166         |
|    time_elapsed         | 5814        |
|    total_timesteps      | 339968      |
| train/                  |             |
|    approx_kl            | 0.029611357 |
|    clip_fraction        | 0.294       |
|    clip_range           | 0.2         |
|    entropy_loss         | -3.25       |
|    explained_variance   | 0.257       |
|    learning_rate        | 0.0003      |
|    loss                 | -0.0341     |
|    n_updates            | 1650        |
|    policy_gradient_loss | -0.0279     |
|    std                  | 0.393       |
|    value_loss           | 0.00175     |
-----------------------------------------
----------------------------------------
| rollout/                |            |
|    ep_len_mean          | 26         |
|    ep_rew_mean          | 3.34       |
| time/                   |            |
|    fps                  | 58         |
|    iterations           | 167        |
|    time_elapsed         | 5853       |
|    total_timesteps      | 342016     |
| train/                  |            |
|    approx_kl            | 0.02865459 |
|    clip_fraction        | 0.306      |
|    clip_range           | 0.2        |
|    entropy_loss         | -3.25      |
|    explained_variance   | 0.239      |
|    learning_rate        | 0.0003     |
|    loss                 | -0.0245    |
|    n_updates            | 1660       |
|    policy_gradient_loss | -0.028     |
|    std                  | 0.393      |
|    value_loss           | 0.00206    |
----------------------------------------
-----------------------------------------
| rollout/                |             |
|    ep_len_mean          | 27          |
|    ep_rew_mean          | 3.02        |
| time/                   |             |
|    fps                  | 58          |
|    iterations           | 168         |
|    time_elapsed         | 5893        |
|    total_timesteps      | 344064      |
| train/                  |             |
|    approx_kl            | 0.026347464 |
|    clip_fraction        | 0.3         |
|    clip_range           | 0.2         |
|    entropy_loss         | -3.2        |
|    explained_variance   | 0.268       |
|    learning_rate        | 0.0003      |
|    loss                 | -0.0497     |
|    n_updates            | 1670        |
|    policy_gradient_loss | -0.0277     |
|    std                  | 0.389       |
|    value_loss           | 0.00184     |
-----------------------------------------
-----------------------------------------
| rollout/                |             |
|    ep_len_mean          | 24.6        |
|    ep_rew_mean          | 3.75        |
| time/                   |             |
|    fps                  | 58          |
|    iterations           | 169         |
|    time_elapsed         | 5932        |
|    total_timesteps      | 346112      |
| train/                  |             |
|    approx_kl            | 0.030108146 |
|    clip_fraction        | 0.313       |
|    clip_range           | 0.2         |
|    entropy_loss         | -3.13       |
|    explained_variance   | 0.265       |
|    learning_rate        | 0.0003      |
|    loss                 | -0.0739     |
|    n_updates            | 1680        |
|    policy_gradient_loss | -0.028      |
|    std                  | 0.385       |
|    value_loss           | 0.00221     |
-----------------------------------------
-----------------------------------------
| rollout/                |             |
|    ep_len_mean          | 22.9        |
|    ep_rew_mean          | 4.33        |
| time/                   |             |
|    fps                  | 58          |
|    iterations           | 170         |
|    time_elapsed         | 5972        |
|    total_timesteps      | 348160      |
| train/                  |             |
|    approx_kl            | 0.027453255 |
|    clip_fraction        | 0.317       |
|    clip_range           | 0.2         |
|    entropy_loss         | -3.07       |
|    explained_variance   | 0.183       |
|    learning_rate        | 0.0003      |
|    loss                 | -0.0548     |
|    n_updates            | 1690        |
|    policy_gradient_loss | -0.0275     |
|    std                  | 0.382       |
|    value_loss           | 0.00196     |
-----------------------------------------
-----------------------------------------
| rollout/                |             |
|    ep_len_mean          | 26.5        |
|    ep_rew_mean          | 3.12        |
| time/                   |             |
|    fps                  | 58          |
|    iterations           | 171         |
|    time_elapsed         | 6011        |
|    total_timesteps      | 350208      |
| train/                  |             |
|    approx_kl            | 0.029511252 |
|    clip_fraction        | 0.311       |
|    clip_range           | 0.2         |
|    entropy_loss         | -3.04       |
|    explained_variance   | 0.227       |
|    learning_rate        | 0.0003      |
|    loss                 | -0.0338     |
|    n_updates            | 1700        |
|    policy_gradient_loss | -0.0284     |
|    std                  | 0.381       |
|    value_loss           | 0.00172     |
-----------------------------------------
-----------------------------------------
| rollout/                |             |
|    ep_len_mean          | 23.8        |
|    ep_rew_mean          | 4.07        |
| time/                   |             |
|    fps                  | 58          |
|    iterations           | 172         |
|    time_elapsed         | 6051        |
|    total_timesteps      | 352256      |
| train/                  |             |
|    approx_kl            | 0.030923137 |
|    clip_fraction        | 0.342       |
|    clip_range           | 0.2         |
|    entropy_loss         | -3.03       |
|    explained_variance   | 0.256       |
|    learning_rate        | 0.0003      |
|    loss                 | -0.0636     |
|    n_updates            | 1710        |
|    policy_gradient_loss | -0.0324     |
|    std                  | 0.381       |
|    value_loss           | 0.00243     |
-----------------------------------------
-----------------------------------------
| rollout/                |             |
|    ep_len_mean          | 24.1        |
|    ep_rew_mean          | 3.93        |
| time/                   |             |
|    fps                  | 58          |
|    iterations           | 173         |
|    time_elapsed         | 6091        |
|    total_timesteps      | 354304      |
| train/                  |             |
|    approx_kl            | 0.029028092 |
|    clip_fraction        | 0.297       |
|    clip_range           | 0.2         |
|    entropy_loss         | -3          |
|    explained_variance   | 0.248       |
|    learning_rate        | 0.0003      |
|    loss                 | -0.0502     |
|    n_updates            | 1720        |
|    policy_gradient_loss | -0.0283     |
|    std                  | 0.38        |
|    value_loss           | 0.00184     |
-----------------------------------------
-----------------------------------------
| rollout/                |             |
|    ep_len_mean          | 26.3        |
|    ep_rew_mean          | 3.16        |
| time/                   |             |
|    fps                  | 58          |
|    iterations           | 174         |
|    time_elapsed         | 6130        |
|    total_timesteps      | 356352      |
| train/                  |             |
|    approx_kl            | 0.029499099 |
|    clip_fraction        | 0.327       |
|    clip_range           | 0.2         |
|    entropy_loss         | -2.98       |
|    explained_variance   | 0.245       |
|    learning_rate        | 0.0003      |
|    loss                 | -0.0563     |
|    n_updates            | 1730        |
|    policy_gradient_loss | -0.0313     |
|    std                  | 0.378       |
|    value_loss           | 0.0021      |
-----------------------------------------
----------------------------------------
| rollout/                |            |
|    ep_len_mean          | 25.2       |
|    ep_rew_mean          | 3.37       |
| time/                   |            |
|    fps                  | 58         |
|    iterations           | 175        |
|    time_elapsed         | 6170       |
|    total_timesteps      | 358400     |
| train/                  |            |
|    approx_kl            | 0.03239797 |
|    clip_fraction        | 0.319      |
|    clip_range           | 0.2        |
|    entropy_loss         | -2.96      |
|    explained_variance   | 0.295      |
|    learning_rate        | 0.0003     |
|    loss                 | -0.0244    |
|    n_updates            | 1740       |
|    policy_gradient_loss | -0.0326    |
|    std                  | 0.378      |
|    value_loss           | 0.00232    |
----------------------------------------
-----------------------------------------
| rollout/                |             |
|    ep_len_mean          | 25.7        |
|    ep_rew_mean          | 3.2         |
| time/                   |             |
|    fps                  | 58          |
|    iterations           | 176         |
|    time_elapsed         | 6209        |
|    total_timesteps      | 360448      |
| train/                  |             |
|    approx_kl            | 0.030299783 |
|    clip_fraction        | 0.308       |
|    clip_range           | 0.2         |
|    entropy_loss         | -2.96       |
|    explained_variance   | 0.254       |
|    learning_rate        | 0.0003      |
|    loss                 | -0.0543     |
|    n_updates            | 1750        |
|    policy_gradient_loss | -0.026      |
|    std                  | 0.378       |
|    value_loss           | 0.00218     |
-----------------------------------------
-----------------------------------------
| rollout/                |             |
|    ep_len_mean          | 27          |
|    ep_rew_mean          | 3.01        |
| time/                   |             |
|    fps                  | 58          |
|    iterations           | 177         |
|    time_elapsed         | 6248        |
|    total_timesteps      | 362496      |
| train/                  |             |
|    approx_kl            | 0.030311491 |
|    clip_fraction        | 0.331       |
|    clip_range           | 0.2         |
|    entropy_loss         | -2.94       |
|    explained_variance   | 0.246       |
|    learning_rate        | 0.0003      |
|    loss                 | -0.0297     |
|    n_updates            | 1760        |
|    policy_gradient_loss | -0.0328     |
|    std                  | 0.377       |
|    value_loss           | 0.00214     |
-----------------------------------------
----------------------------------------
| rollout/                |            |
|    ep_len_mean          | 24.1       |
|    ep_rew_mean          | 3.98       |
| time/                   |            |
|    fps                  | 57         |
|    iterations           | 178        |
|    time_elapsed         | 6288       |
|    total_timesteps      | 364544     |
| train/                  |            |
|    approx_kl            | 0.02522413 |
|    clip_fraction        | 0.294      |
|    clip_range           | 0.2        |
|    entropy_loss         | -2.91      |
|    explained_variance   | 0.176      |
|    learning_rate        | 0.0003     |
|    loss                 | -0.0198    |
|    n_updates            | 1770       |
|    policy_gradient_loss | -0.0228    |
|    std                  | 0.375      |
|    value_loss           | 0.00206    |
----------------------------------------
-----------------------------------------
| rollout/                |             |
|    ep_len_mean          | 25.6        |
|    ep_rew_mean          | 3.49        |
| time/                   |             |
|    fps                  | 57          |
|    iterations           | 179         |
|    time_elapsed         | 6328        |
|    total_timesteps      | 366592      |
| train/                  |             |
|    approx_kl            | 0.029319983 |
|    clip_fraction        | 0.32        |
|    clip_range           | 0.2         |
|    entropy_loss         | -2.89       |
|    explained_variance   | 0.196       |
|    learning_rate        | 0.0003      |
|    loss                 | -0.0378     |
|    n_updates            | 1780        |
|    policy_gradient_loss | -0.0299     |
|    std                  | 0.374       |
|    value_loss           | 0.00205     |
-----------------------------------------
----------------------------------------
| rollout/                |            |
|    ep_len_mean          | 22.4       |
|    ep_rew_mean          | 4.57       |
| time/                   |            |
|    fps                  | 57         |
|    iterations           | 180        |
|    time_elapsed         | 6368       |
|    total_timesteps      | 368640     |
| train/                  |            |
|    approx_kl            | 0.02970263 |
|    clip_fraction        | 0.329      |
|    clip_range           | 0.2        |
|    entropy_loss         | -2.85      |
|    explained_variance   | 0.25       |
|    learning_rate        | 0.0003     |
|    loss                 | -0.0633    |
|    n_updates            | 1790       |
|    policy_gradient_loss | -0.0293    |
|    std                  | 0.371      |
|    value_loss           | 0.00205    |
----------------------------------------
----------------------------------------
| rollout/                |            |
|    ep_len_mean          | 25         |
|    ep_rew_mean          | 3.67       |
| time/                   |            |
|    fps                  | 57         |
|    iterations           | 181        |
|    time_elapsed         | 6408       |
|    total_timesteps      | 370688     |
| train/                  |            |
|    approx_kl            | 0.02792076 |
|    clip_fraction        | 0.31       |
|    clip_range           | 0.2        |
|    entropy_loss         | -2.83      |
|    explained_variance   | 0.262      |
|    learning_rate        | 0.0003     |
|    loss                 | -0.0169    |
|    n_updates            | 1800       |
|    policy_gradient_loss | -0.0275    |
|    std                  | 0.372      |
|    value_loss           | 0.00186    |
----------------------------------------
----------------------------------------
| rollout/                |            |
|    ep_len_mean          | 24.1       |
|    ep_rew_mean          | 3.97       |
| time/                   |            |
|    fps                  | 57         |
|    iterations           | 182        |
|    time_elapsed         | 6448       |
|    total_timesteps      | 372736     |
| train/                  |            |
|    approx_kl            | 0.02927592 |
|    clip_fraction        | 0.312      |
|    clip_range           | 0.2        |
|    entropy_loss         | -2.8       |
|    explained_variance   | 0.272      |
|    learning_rate        | 0.0003     |
|    loss                 | -0.0427    |
|    n_updates            | 1810       |
|    policy_gradient_loss | -0.0276    |
|    std                  | 0.369      |
|    value_loss           | 0.00173    |
----------------------------------------
----------------------------------------
| rollout/                |            |
|    ep_len_mean          | 21.6       |
|    ep_rew_mean          | 4.59       |
| time/                   |            |
|    fps                  | 57         |
|    iterations           | 183        |
|    time_elapsed         | 6489       |
|    total_timesteps      | 374784     |
| train/                  |            |
|    approx_kl            | 0.03324866 |
|    clip_fraction        | 0.311      |
|    clip_range           | 0.2        |
|    entropy_loss         | -2.75      |
|    explained_variance   | 0.256      |
|    learning_rate        | 0.0003     |
|    loss                 | -0.0447    |
|    n_updates            | 1820       |
|    policy_gradient_loss | -0.0285    |
|    std                  | 0.366      |
|    value_loss           | 0.00158    |
----------------------------------------
-----------------------------------------
| rollout/                |             |
|    ep_len_mean          | 22.6        |
|    ep_rew_mean          | 4.44        |
| time/                   |             |
|    fps                  | 57          |
|    iterations           | 184         |
|    time_elapsed         | 6530        |
|    total_timesteps      | 376832      |
| train/                  |             |
|    approx_kl            | 0.026355688 |
|    clip_fraction        | 0.324       |
|    clip_range           | 0.2         |
|    entropy_loss         | -2.71       |
|    explained_variance   | 0.256       |
|    learning_rate        | 0.0003      |
|    loss                 | -0.0464     |
|    n_updates            | 1830        |
|    policy_gradient_loss | -0.0298     |
|    std                  | 0.365       |
|    value_loss           | 0.00197     |
-----------------------------------------
-----------------------------------------
| rollout/                |             |
|    ep_len_mean          | 24.8        |
|    ep_rew_mean          | 3.94        |
| time/                   |             |
|    fps                  | 57          |
|    iterations           | 185         |
|    time_elapsed         | 6570        |
|    total_timesteps      | 378880      |
| train/                  |             |
|    approx_kl            | 0.033076398 |
|    clip_fraction        | 0.343       |
|    clip_range           | 0.2         |
|    entropy_loss         | -2.67       |
|    explained_variance   | 0.291       |
|    learning_rate        | 0.0003      |
|    loss                 | -0.059      |
|    n_updates            | 1840        |
|    policy_gradient_loss | -0.0354     |
|    std                  | 0.362       |
|    value_loss           | 0.00214     |
-----------------------------------------
----------------------------------------
| rollout/                |            |
|    ep_len_mean          | 23.8       |
|    ep_rew_mean          | 4.08       |
| time/                   |            |
|    fps                  | 57         |
|    iterations           | 186        |
|    time_elapsed         | 6610       |
|    total_timesteps      | 380928     |
| train/                  |            |
|    approx_kl            | 0.03483032 |
|    clip_fraction        | 0.354      |
|    clip_range           | 0.2        |
|    entropy_loss         | -2.61      |
|    explained_variance   | 0.277      |
|    learning_rate        | 0.0003     |
|    loss                 | -0.0569    |
|    n_updates            | 1850       |
|    policy_gradient_loss | -0.0338    |
|    std                  | 0.36       |
|    value_loss           | 0.00213    |
----------------------------------------
----------------------------------------
| rollout/                |            |
|    ep_len_mean          | 21.8       |
|    ep_rew_mean          | 4.6        |
| time/                   |            |
|    fps                  | 57         |
|    iterations           | 187        |
|    time_elapsed         | 6651       |
|    total_timesteps      | 382976     |
| train/                  |            |
|    approx_kl            | 0.02882435 |
|    clip_fraction        | 0.324      |
|    clip_range           | 0.2        |
|    entropy_loss         | -2.59      |
|    explained_variance   | 0.193      |
|    learning_rate        | 0.0003     |
|    loss                 | -0.0604    |
|    n_updates            | 1860       |
|    policy_gradient_loss | -0.0262    |
|    std                  | 0.359      |
|    value_loss           | 0.00213    |
----------------------------------------
-----------------------------------------
| rollout/                |             |
|    ep_len_mean          | 23.1        |
|    ep_rew_mean          | 4.32        |
| time/                   |             |
|    fps                  | 57          |
|    iterations           | 188         |
|    time_elapsed         | 6692        |
|    total_timesteps      | 385024      |
| train/                  |             |
|    approx_kl            | 0.029505162 |
|    clip_fraction        | 0.316       |
|    clip_range           | 0.2         |
|    entropy_loss         | -2.55       |
|    explained_variance   | 0.324       |
|    learning_rate        | 0.0003      |
|    loss                 | -0.0454     |
|    n_updates            | 1870        |
|    policy_gradient_loss | -0.0315     |
|    std                  | 0.356       |
|    value_loss           | 0.00222     |
-----------------------------------------
----------------------------------------
| rollout/                |            |
|    ep_len_mean          | 22.1       |
|    ep_rew_mean          | 4.63       |
| time/                   |            |
|    fps                  | 57         |
|    iterations           | 189        |
|    time_elapsed         | 6734       |
|    total_timesteps      | 387072     |
| train/                  |            |
|    approx_kl            | 0.03316471 |
|    clip_fraction        | 0.337      |
|    clip_range           | 0.2        |
|    entropy_loss         | -2.51      |
|    explained_variance   | 0.257      |
|    learning_rate        | 0.0003     |
|    loss                 | -0.044     |
|    n_updates            | 1880       |
|    policy_gradient_loss | -0.0306    |
|    std                  | 0.355      |
|    value_loss           | 0.00244    |
----------------------------------------
-----------------------------------------
| rollout/                |             |
|    ep_len_mean          | 22.3        |
|    ep_rew_mean          | 4.57        |
| time/                   |             |
|    fps                  | 57          |
|    iterations           | 190         |
|    time_elapsed         | 6776        |
|    total_timesteps      | 389120      |
| train/                  |             |
|    approx_kl            | 0.027314002 |
|    clip_fraction        | 0.325       |
|    clip_range           | 0.2         |
|    entropy_loss         | -2.47       |
|    explained_variance   | 0.16        |
|    learning_rate        | 0.0003      |
|    loss                 | -0.0474     |
|    n_updates            | 1890        |
|    policy_gradient_loss | -0.0262     |
|    std                  | 0.352       |
|    value_loss           | 0.00187     |
-----------------------------------------
-----------------------------------------
| rollout/                |             |
|    ep_len_mean          | 21.3        |
|    ep_rew_mean          | 4.77        |
| time/                   |             |
|    fps                  | 57          |
|    iterations           | 191         |
|    time_elapsed         | 6818        |
|    total_timesteps      | 391168      |
| train/                  |             |
|    approx_kl            | 0.028346755 |
|    clip_fraction        | 0.308       |
|    clip_range           | 0.2         |
|    entropy_loss         | -2.44       |
|    explained_variance   | 0.297       |
|    learning_rate        | 0.0003      |
|    loss                 | -0.0272     |
|    n_updates            | 1900        |
|    policy_gradient_loss | -0.0274     |
|    std                  | 0.351       |
|    value_loss           | 0.0018      |
-----------------------------------------
----------------------------------------
| rollout/                |            |
|    ep_len_mean          | 21.5       |
|    ep_rew_mean          | 4.65       |
| time/                   |            |
|    fps                  | 57         |
|    iterations           | 192        |
|    time_elapsed         | 6860       |
|    total_timesteps      | 393216     |
| train/                  |            |
|    approx_kl            | 0.02789545 |
|    clip_fraction        | 0.344      |
|    clip_range           | 0.2        |
|    entropy_loss         | -2.41      |
|    explained_variance   | 0.254      |
|    learning_rate        | 0.0003     |
|    loss                 | -0.0231    |
|    n_updates            | 1910       |
|    policy_gradient_loss | -0.0304    |
|    std                  | 0.35       |
|    value_loss           | 0.00186    |
----------------------------------------
----------------------------------------
| rollout/                |            |
|    ep_len_mean          | 24.1       |
|    ep_rew_mean          | 3.93       |
| time/                   |            |
|    fps                  | 57         |
|    iterations           | 193        |
|    time_elapsed         | 6899       |
|    total_timesteps      | 395264     |
| train/                  |            |
|    approx_kl            | 0.03137335 |
|    clip_fraction        | 0.31       |
|    clip_range           | 0.2        |
|    entropy_loss         | -2.37      |
|    explained_variance   | 0.287      |
|    learning_rate        | 0.0003     |
|    loss                 | -0.0329    |
|    n_updates            | 1920       |
|    policy_gradient_loss | -0.0254    |
|    std                  | 0.348      |
|    value_loss           | 0.00163    |
----------------------------------------
-----------------------------------------
| rollout/                |             |
|    ep_len_mean          | 19.8        |
|    ep_rew_mean          | 5.21        |
| time/                   |             |
|    fps                  | 57          |
|    iterations           | 194         |
|    time_elapsed         | 6941        |
|    total_timesteps      | 397312      |
| train/                  |             |
|    approx_kl            | 0.029398981 |
|    clip_fraction        | 0.328       |
|    clip_range           | 0.2         |
|    entropy_loss         | -2.35       |
|    explained_variance   | 0.253       |
|    learning_rate        | 0.0003      |
|    loss                 | -0.0665     |
|    n_updates            | 1930        |
|    policy_gradient_loss | -0.0264     |
|    std                  | 0.348       |
|    value_loss           | 0.00185     |
-----------------------------------------
-----------------------------------------
| rollout/                |             |
|    ep_len_mean          | 21.9        |
|    ep_rew_mean          | 4.6         |
| time/                   |             |
|    fps                  | 57          |
|    iterations           | 195         |
|    time_elapsed         | 6982        |
|    total_timesteps      | 399360      |
| train/                  |             |
|    approx_kl            | 0.035442498 |
|    clip_fraction        | 0.341       |
|    clip_range           | 0.2         |
|    entropy_loss         | -2.36       |
|    explained_variance   | 0.268       |
|    learning_rate        | 0.0003      |
|    loss                 | -0.0265     |
|    n_updates            | 1940        |
|    policy_gradient_loss | -0.0287     |
|    std                  | 0.348       |
|    value_loss           | 0.00205     |
-----------------------------------------
-----------------------------------------
| rollout/                |             |
|    ep_len_mean          | 19.3        |
|    ep_rew_mean          | 5.28        |
| time/                   |             |
|    fps                  | 57          |
|    iterations           | 196         |
|    time_elapsed         | 7023        |
|    total_timesteps      | 401408      |
| train/                  |             |
|    approx_kl            | 0.034084663 |
|    clip_fraction        | 0.342       |
|    clip_range           | 0.2         |
|    entropy_loss         | -2.34       |
|    explained_variance   | 0.226       |
|    learning_rate        | 0.0003      |
|    loss                 | -0.0797     |
|    n_updates            | 1950        |
|    policy_gradient_loss | -0.0304     |
|    std                  | 0.347       |
|    value_loss           | 0.00194     |
-----------------------------------------
saved models/C3_seed0.zip and models/C3_seed0_vecnormalize.pkl
