=== training C4_seed2 for 400000 steps ===
    port 5402
--------------------------------------------------------------
[threshold consistency]
  success distance      = 0.030 m
  force at success      = 5.00 N
  comfort / danger      = 6.0 N / 10.0 N
  >>> OK: the success point lies inside the safe band.
--------------------------------------------------------------
Waiting for connections on port: 5403...
Connected successfully
Using cpu device
---------------------------------
| rollout/           |          |
|    ep_len_mean     | 200      |
|    ep_rew_mean     | -933     |
| time/              |          |
|    fps             | 70       |
|    iterations      | 1        |
|    time_elapsed    | 29       |
|    total_timesteps | 2048     |
---------------------------------
-----------------------------------------
| rollout/                |             |
|    ep_len_mean          | 200         |
|    ep_rew_mean          | -1.03e+03   |
| time/                   |             |
|    fps                  | 64          |
|    iterations           | 2           |
|    time_elapsed         | 63          |
|    total_timesteps      | 4096        |
| train/                  |             |
|    approx_kl            | 0.014864029 |
|    clip_fraction        | 0.14        |
|    clip_range           | 0.2         |
|    entropy_loss         | -9.94       |
|    explained_variance   | 0.327       |
|    learning_rate        | 0.0003      |
|    loss                 | -0.0202     |
|    n_updates            | 10          |
|    policy_gradient_loss | -0.0255     |
|    std                  | 1           |
|    value_loss           | 0.524       |
-----------------------------------------
-----------------------------------------
| rollout/                |             |
|    ep_len_mean          | 200         |
|    ep_rew_mean          | -1.07e+03   |
| time/                   |             |
|    fps                  | 65          |
|    iterations           | 3           |
|    time_elapsed         | 93          |
|    total_timesteps      | 6144        |
| train/                  |             |
|    approx_kl            | 0.016727243 |
|    clip_fraction        | 0.164       |
|    clip_range           | 0.2         |
|    entropy_loss         | -9.92       |
|    explained_variance   | 0.682       |
|    learning_rate        | 0.0003      |
|    loss                 | -0.00548    |
|    n_updates            | 20          |
|    policy_gradient_loss | -0.0295     |
|    std                  | 0.996       |
|    value_loss           | 0.0663      |
-----------------------------------------
-----------------------------------------
| rollout/                |             |
|    ep_len_mean          | 200         |
|    ep_rew_mean          | -1.07e+03   |
| time/                   |             |
|    fps                  | 66          |
|    iterations           | 4           |
|    time_elapsed         | 123         |
|    total_timesteps      | 8192        |
| train/                  |             |
|    approx_kl            | 0.016660511 |
|    clip_fraction        | 0.201       |
|    clip_range           | 0.2         |
|    entropy_loss         | -9.88       |
|    explained_variance   | 0.52        |
|    learning_rate        | 0.0003      |
|    loss                 | -0.0351     |
|    n_updates            | 30          |
|    policy_gradient_loss | -0.0305     |
|    std                  | 0.991       |
|    value_loss           | 0.0484      |
-----------------------------------------
-----------------------------------------
| rollout/                |             |
|    ep_len_mean          | 200         |
|    ep_rew_mean          | -1.04e+03   |
| time/                   |             |
|    fps                  | 66          |
|    iterations           | 5           |
|    time_elapsed         | 154         |
|    total_timesteps      | 10240       |
| train/                  |             |
|    approx_kl            | 0.015366536 |
|    clip_fraction        | 0.174       |
|    clip_range           | 0.2         |
|    entropy_loss         | -9.85       |
|    explained_variance   | 0.726       |
|    learning_rate        | 0.0003      |
|    loss                 | -0.0346     |
|    n_updates            | 40          |
|    policy_gradient_loss | -0.0298     |
|    std                  | 0.986       |
|    value_loss           | 0.0249      |
-----------------------------------------
-----------------------------------------
| rollout/                |             |
|    ep_len_mean          | 200         |
|    ep_rew_mean          | -980        |
| time/                   |             |
|    fps                  | 66          |
|    iterations           | 6           |
|    time_elapsed         | 185         |
|    total_timesteps      | 12288       |
| train/                  |             |
|    approx_kl            | 0.018788809 |
|    clip_fraction        | 0.204       |
|    clip_range           | 0.2         |
|    entropy_loss         | -9.83       |
|    explained_variance   | 0.527       |
|    learning_rate        | 0.0003      |
|    loss                 | -0.0364     |
|    n_updates            | 50          |
|    policy_gradient_loss | -0.0345     |
|    std                  | 0.983       |
|    value_loss           | 0.0317      |
-----------------------------------------
-----------------------------------------
| rollout/                |             |
|    ep_len_mean          | 200         |
|    ep_rew_mean          | -924        |
| time/                   |             |
|    fps                  | 66          |
|    iterations           | 7           |
|    time_elapsed         | 216         |
|    total_timesteps      | 14336       |
| train/                  |             |
|    approx_kl            | 0.018713973 |
|    clip_fraction        | 0.225       |
|    clip_range           | 0.2         |
|    entropy_loss         | -9.8        |
|    explained_variance   | 0.711       |
|    learning_rate        | 0.0003      |
|    loss                 | -0.00609    |
|    n_updates            | 60          |
|    policy_gradient_loss | -0.0381     |
|    std                  | 0.98        |
|    value_loss           | 0.0176      |
-----------------------------------------
-----------------------------------------
| rollout/                |             |
|    ep_len_mean          | 200         |
|    ep_rew_mean          | -867        |
| time/                   |             |
|    fps                  | 66          |
|    iterations           | 8           |
|    time_elapsed         | 247         |
|    total_timesteps      | 16384       |
| train/                  |             |
|    approx_kl            | 0.015970854 |
|    clip_fraction        | 0.185       |
|    clip_range           | 0.2         |
|    entropy_loss         | -9.78       |
|    explained_variance   | 0.351       |
|    learning_rate        | 0.0003      |
|    loss                 | 0.00135     |
|    n_updates            | 70          |
|    policy_gradient_loss | -0.0343     |
|    std                  | 0.978       |
|    value_loss           | 0.0122      |
-----------------------------------------
----------------------------------------
| rollout/                |            |
|    ep_len_mean          | 200        |
|    ep_rew_mean          | -808       |
| time/                   |            |
|    fps                  | 66         |
|    iterations           | 9          |
|    time_elapsed         | 278        |
|    total_timesteps      | 18432      |
| train/                  |            |
|    approx_kl            | 0.01954699 |
|    clip_fraction        | 0.225      |
|    clip_range           | 0.2        |
|    entropy_loss         | -9.76      |
|    explained_variance   | 0.527      |
|    learning_rate        | 0.0003     |
|    loss                 | -0.066     |
|    n_updates            | 80         |
|    policy_gradient_loss | -0.0377    |
|    std                  | 0.974      |
|    value_loss           | 0.00824    |
----------------------------------------
-----------------------------------------
| rollout/                |             |
|    ep_len_mean          | 200         |
|    ep_rew_mean          | -763        |
| time/                   |             |
|    fps                  | 66          |
|    iterations           | 10          |
|    time_elapsed         | 309         |
|    total_timesteps      | 20480       |
| train/                  |             |
|    approx_kl            | 0.018448789 |
|    clip_fraction        | 0.219       |
|    clip_range           | 0.2         |
|    entropy_loss         | -9.74       |
|    explained_variance   | 0.443       |
|    learning_rate        | 0.0003      |
|    loss                 | -0.0637     |
|    n_updates            | 90          |
|    policy_gradient_loss | -0.0352     |
|    std                  | 0.972       |
|    value_loss           | 0.0055      |
-----------------------------------------
-----------------------------------------
| rollout/                |             |
|    ep_len_mean          | 200         |
|    ep_rew_mean          | -698        |
| time/                   |             |
|    fps                  | 66          |
|    iterations           | 11          |
|    time_elapsed         | 340         |
|    total_timesteps      | 22528       |
| train/                  |             |
|    approx_kl            | 0.016095623 |
|    clip_fraction        | 0.19        |
|    clip_range           | 0.2         |
|    entropy_loss         | -9.72       |
|    explained_variance   | 0.648       |
|    learning_rate        | 0.0003      |
|    loss                 | -0.0362     |
|    n_updates            | 100         |
|    policy_gradient_loss | -0.032      |
|    std                  | 0.97        |
|    value_loss           | 0.00452     |
-----------------------------------------
-----------------------------------------
| rollout/                |             |
|    ep_len_mean          | 200         |
|    ep_rew_mean          | -619        |
| time/                   |             |
|    fps                  | 66          |
|    iterations           | 12          |
|    time_elapsed         | 370         |
|    total_timesteps      | 24576       |
| train/                  |             |
|    approx_kl            | 0.014000304 |
|    clip_fraction        | 0.155       |
|    clip_range           | 0.2         |
|    entropy_loss         | -9.71       |
|    explained_variance   | 0.329       |
|    learning_rate        | 0.0003      |
|    loss                 | -0.0398     |
|    n_updates            | 110         |
|    policy_gradient_loss | -0.0274     |
|    std                  | 0.967       |
|    value_loss           | 0.00436     |
-----------------------------------------
-----------------------------------------
| rollout/                |             |
|    ep_len_mean          | 200         |
|    ep_rew_mean          | -517        |
| time/                   |             |
|    fps                  | 66          |
|    iterations           | 13          |
|    time_elapsed         | 401         |
|    total_timesteps      | 26624       |
| train/                  |             |
|    approx_kl            | 0.015783358 |
|    clip_fraction        | 0.181       |
|    clip_range           | 0.2         |
|    entropy_loss         | -9.68       |
|    explained_variance   | 0.539       |
|    learning_rate        | 0.0003      |
|    loss                 | -0.035      |
|    n_updates            | 120         |
|    policy_gradient_loss | -0.0294     |
|    std                  | 0.962       |
|    value_loss           | 0.0033      |
-----------------------------------------
-----------------------------------------
| rollout/                |             |
|    ep_len_mean          | 200         |
|    ep_rew_mean          | -447        |
| time/                   |             |
|    fps                  | 66          |
|    iterations           | 14          |
|    time_elapsed         | 430         |
|    total_timesteps      | 28672       |
| train/                  |             |
|    approx_kl            | 0.013738761 |
|    clip_fraction        | 0.154       |
|    clip_range           | 0.2         |
|    entropy_loss         | -9.66       |
|    explained_variance   | 0.67        |
|    learning_rate        | 0.0003      |
|    loss                 | -0.049      |
|    n_updates            | 130         |
|    policy_gradient_loss | -0.0278     |
|    std                  | 0.962       |
|    value_loss           | 0.00303     |
-----------------------------------------
-----------------------------------------
| rollout/                |             |
|    ep_len_mean          | 200         |
|    ep_rew_mean          | -388        |
| time/                   |             |
|    fps                  | 66          |
|    iterations           | 15          |
|    time_elapsed         | 461         |
|    total_timesteps      | 30720       |
| train/                  |             |
|    approx_kl            | 0.014028566 |
|    clip_fraction        | 0.159       |
|    clip_range           | 0.2         |
|    entropy_loss         | -9.64       |
|    explained_variance   | 0.471       |
|    learning_rate        | 0.0003      |
|    loss                 | -0.0415     |
|    n_updates            | 140         |
|    policy_gradient_loss | -0.029      |
|    std                  | 0.955       |
|    value_loss           | 0.00301     |
-----------------------------------------
-----------------------------------------
| rollout/                |             |
|    ep_len_mean          | 200         |
|    ep_rew_mean          | -355        |
| time/                   |             |
|    fps                  | 66          |
|    iterations           | 16          |
|    time_elapsed         | 491         |
|    total_timesteps      | 32768       |
| train/                  |             |
|    approx_kl            | 0.014726795 |
|    clip_fraction        | 0.183       |
|    clip_range           | 0.2         |
|    entropy_loss         | -9.6        |
|    explained_variance   | 0.785       |
|    learning_rate        | 0.0003      |
|    loss                 | -0.0461     |
|    n_updates            | 150         |
|    policy_gradient_loss | -0.031      |
|    std                  | 0.952       |
|    value_loss           | 0.00409     |
-----------------------------------------
----------------------------------------
| rollout/                |            |
|    ep_len_mean          | 200        |
|    ep_rew_mean          | -322       |
| time/                   |            |
|    fps                  | 66         |
|    iterations           | 17         |
|    time_elapsed         | 521        |
|    total_timesteps      | 34816      |
| train/                  |            |
|    approx_kl            | 0.01963708 |
|    clip_fraction        | 0.221      |
|    clip_range           | 0.2        |
|    entropy_loss         | -9.55      |
|    explained_variance   | 0.496      |
|    learning_rate        | 0.0003     |
|    loss                 | -0.0444    |
|    n_updates            | 160        |
|    policy_gradient_loss | -0.0338    |
|    std                  | 0.943      |
|    value_loss           | 0.00216    |
----------------------------------------
-----------------------------------------
| rollout/                |             |
|    ep_len_mean          | 200         |
|    ep_rew_mean          | -301        |
| time/                   |             |
|    fps                  | 66          |
|    iterations           | 18          |
|    time_elapsed         | 550         |
|    total_timesteps      | 36864       |
| train/                  |             |
|    approx_kl            | 0.015351603 |
|    clip_fraction        | 0.181       |
|    clip_range           | 0.2         |
|    entropy_loss         | -9.48       |
|    explained_variance   | 0.86        |
|    learning_rate        | 0.0003      |
|    loss                 | -0.0526     |
|    n_updates            | 170         |
|    policy_gradient_loss | -0.0299     |
|    std                  | 0.935       |
|    value_loss           | 0.00188     |
-----------------------------------------
-----------------------------------------
| rollout/                |             |
|    ep_len_mean          | 200         |
|    ep_rew_mean          | -287        |
| time/                   |             |
|    fps                  | 66          |
|    iterations           | 19          |
|    time_elapsed         | 580         |
|    total_timesteps      | 38912       |
| train/                  |             |
|    approx_kl            | 0.017155338 |
|    clip_fraction        | 0.205       |
|    clip_range           | 0.2         |
|    entropy_loss         | -9.47       |
|    explained_variance   | 0.881       |
|    learning_rate        | 0.0003      |
|    loss                 | -0.044      |
|    n_updates            | 180         |
|    policy_gradient_loss | -0.033      |
|    std                  | 0.937       |
|    value_loss           | 0.00132     |
-----------------------------------------
-----------------------------------------
| rollout/                |             |
|    ep_len_mean          | 200         |
|    ep_rew_mean          | -272        |
| time/                   |             |
|    fps                  | 67          |
|    iterations           | 20          |
|    time_elapsed         | 610         |
|    total_timesteps      | 40960       |
| train/                  |             |
|    approx_kl            | 0.015673492 |
|    clip_fraction        | 0.188       |
|    clip_range           | 0.2         |
|    entropy_loss         | -9.45       |
|    explained_variance   | 0.88        |
|    learning_rate        | 0.0003      |
|    loss                 | -0.037      |
|    n_updates            | 190         |
|    policy_gradient_loss | -0.0302     |
|    std                  | 0.932       |
|    value_loss           | 0.00118     |
-----------------------------------------
----------------------------------------
| rollout/                |            |
|    ep_len_mean          | 200        |
|    ep_rew_mean          | -259       |
| time/                   |            |
|    fps                  | 67         |
|    iterations           | 21         |
|    time_elapsed         | 640        |
|    total_timesteps      | 43008      |
| train/                  |            |
|    approx_kl            | 0.01522677 |
|    clip_fraction        | 0.198      |
|    clip_range           | 0.2        |
|    entropy_loss         | -9.42      |
|    explained_variance   | 0.868      |
|    learning_rate        | 0.0003     |
|    loss                 | -0.0412    |
|    n_updates            | 200        |
|    policy_gradient_loss | -0.0329    |
|    std                  | 0.929      |
|    value_loss           | 0.000751   |
----------------------------------------
-----------------------------------------
| rollout/                |             |
|    ep_len_mean          | 200         |
|    ep_rew_mean          | -247        |
| time/                   |             |
|    fps                  | 67          |
|    iterations           | 22          |
|    time_elapsed         | 670         |
|    total_timesteps      | 45056       |
| train/                  |             |
|    approx_kl            | 0.017253386 |
|    clip_fraction        | 0.199       |
|    clip_range           | 0.2         |
|    entropy_loss         | -9.39       |
|    explained_variance   | 0.846       |
|    learning_rate        | 0.0003      |
|    loss                 | -0.0333     |
|    n_updates            | 210         |
|    policy_gradient_loss | -0.0325     |
|    std                  | 0.923       |
|    value_loss           | 0.000568    |
-----------------------------------------
-----------------------------------------
| rollout/                |             |
|    ep_len_mean          | 200         |
|    ep_rew_mean          | -233        |
| time/                   |             |
|    fps                  | 67          |
|    iterations           | 23          |
|    time_elapsed         | 700         |
|    total_timesteps      | 47104       |
| train/                  |             |
|    approx_kl            | 0.015207442 |
|    clip_fraction        | 0.207       |
|    clip_range           | 0.2         |
|    entropy_loss         | -9.31       |
|    explained_variance   | 0.78        |
|    learning_rate        | 0.0003      |
|    loss                 | -0.0282     |
|    n_updates            | 220         |
|    policy_gradient_loss | -0.032      |
|    std                  | 0.91        |
|    value_loss           | 0.00049     |
-----------------------------------------
-----------------------------------------
| rollout/                |             |
|    ep_len_mean          | 200         |
|    ep_rew_mean          | -219        |
| time/                   |             |
|    fps                  | 67          |
|    iterations           | 24          |
|    time_elapsed         | 730         |
|    total_timesteps      | 49152       |
| train/                  |             |
|    approx_kl            | 0.015562343 |
|    clip_fraction        | 0.189       |
|    clip_range           | 0.2         |
|    entropy_loss         | -9.22       |
|    explained_variance   | 0.68        |
|    learning_rate        | 0.0003      |
|    loss                 | -0.0379     |
|    n_updates            | 230         |
|    policy_gradient_loss | -0.0291     |
|    std                  | 0.9         |
|    value_loss           | 0.000556    |
-----------------------------------------
-----------------------------------------
| rollout/                |             |
|    ep_len_mean          | 200         |
|    ep_rew_mean          | -201        |
| time/                   |             |
|    fps                  | 67          |
|    iterations           | 25          |
|    time_elapsed         | 760         |
|    total_timesteps      | 51200       |
| train/                  |             |
|    approx_kl            | 0.017778093 |
|    clip_fraction        | 0.228       |
|    clip_range           | 0.2         |
|    entropy_loss         | -9.14       |
|    explained_variance   | 0.609       |
|    learning_rate        | 0.0003      |
|    loss                 | -0.0295     |
|    n_updates            | 240         |
|    policy_gradient_loss | -0.0342     |
|    std                  | 0.889       |
|    value_loss           | 0.000395    |
-----------------------------------------
-----------------------------------------
| rollout/                |             |
|    ep_len_mean          | 200         |
|    ep_rew_mean          | -190        |
| time/                   |             |
|    fps                  | 67          |
|    iterations           | 26          |
|    time_elapsed         | 790         |
|    total_timesteps      | 53248       |
| train/                  |             |
|    approx_kl            | 0.019111123 |
|    clip_fraction        | 0.231       |
|    clip_range           | 0.2         |
|    entropy_loss         | -9.07       |
|    explained_variance   | 0.439       |
|    learning_rate        | 0.0003      |
|    loss                 | -0.00866    |
|    n_updates            | 250         |
|    policy_gradient_loss | -0.0327     |
|    std                  | 0.882       |
|    value_loss           | 0.000329    |
-----------------------------------------
-----------------------------------------
| rollout/                |             |
|    ep_len_mean          | 200         |
|    ep_rew_mean          | -180        |
| time/                   |             |
|    fps                  | 67          |
|    iterations           | 27          |
|    time_elapsed         | 819         |
|    total_timesteps      | 55296       |
| train/                  |             |
|    approx_kl            | 0.016199157 |
|    clip_fraction        | 0.196       |
|    clip_range           | 0.2         |
|    entropy_loss         | -9.01       |
|    explained_variance   | 0.0612      |
|    learning_rate        | 0.0003      |
|    loss                 | -0.045      |
|    n_updates            | 260         |
|    policy_gradient_loss | -0.0303     |
|    std                  | 0.875       |
|    value_loss           | 0.000323    |
-----------------------------------------
-----------------------------------------
| rollout/                |             |
|    ep_len_mean          | 200         |
|    ep_rew_mean          | -171        |
| time/                   |             |
|    fps                  | 67          |
|    iterations           | 28          |
|    time_elapsed         | 849         |
|    total_timesteps      | 57344       |
| train/                  |             |
|    approx_kl            | 0.014696892 |
|    clip_fraction        | 0.184       |
|    clip_range           | 0.2         |
|    entropy_loss         | -8.95       |
|    explained_variance   | 0.276       |
|    learning_rate        | 0.0003      |
|    loss                 | -0.00172    |
|    n_updates            | 270         |
|    policy_gradient_loss | -0.0285     |
|    std                  | 0.867       |
|    value_loss           | 0.000233    |
-----------------------------------------
-----------------------------------------
| rollout/                |             |
|    ep_len_mean          | 200         |
|    ep_rew_mean          | -161        |
| time/                   |             |
|    fps                  | 67          |
|    iterations           | 29          |
|    time_elapsed         | 879         |
|    total_timesteps      | 59392       |
| train/                  |             |
|    approx_kl            | 0.014577289 |
|    clip_fraction        | 0.182       |
|    clip_range           | 0.2         |
|    entropy_loss         | -8.87       |
|    explained_variance   | 0.214       |
|    learning_rate        | 0.0003      |
|    loss                 | -0.00675    |
|    n_updates            | 280         |
|    policy_gradient_loss | -0.0278     |
|    std                  | 0.855       |
|    value_loss           | 0.000213    |
-----------------------------------------
-----------------------------------------
| rollout/                |             |
|    ep_len_mean          | 200         |
|    ep_rew_mean          | -153        |
| time/                   |             |
|    fps                  | 67          |
|    iterations           | 30          |
|    time_elapsed         | 909         |
|    total_timesteps      | 61440       |
| train/                  |             |
|    approx_kl            | 0.016112339 |
|    clip_fraction        | 0.213       |
|    clip_range           | 0.2         |
|    entropy_loss         | -8.78       |
|    explained_variance   | -0.177      |
|    learning_rate        | 0.0003      |
|    loss                 | -0.0355     |
|    n_updates            | 290         |
|    policy_gradient_loss | -0.028      |
|    std                  | 0.846       |
|    value_loss           | 0.000193    |
-----------------------------------------
-----------------------------------------
| rollout/                |             |
|    ep_len_mean          | 200         |
|    ep_rew_mean          | -147        |
| time/                   |             |
|    fps                  | 67          |
|    iterations           | 31          |
|    time_elapsed         | 940         |
|    total_timesteps      | 63488       |
| train/                  |             |
|    approx_kl            | 0.016387243 |
|    clip_fraction        | 0.203       |
|    clip_range           | 0.2         |
|    entropy_loss         | -8.75       |
|    explained_variance   | -0.184      |
|    learning_rate        | 0.0003      |
|    loss                 | -0.0199     |
|    n_updates            | 300         |
|    policy_gradient_loss | -0.0266     |
|    std                  | 0.845       |
|    value_loss           | 0.000229    |
-----------------------------------------
-----------------------------------------
| rollout/                |             |
|    ep_len_mean          | 200         |
|    ep_rew_mean          | -141        |
| time/                   |             |
|    fps                  | 67          |
|    iterations           | 32          |
|    time_elapsed         | 970         |
|    total_timesteps      | 65536       |
| train/                  |             |
|    approx_kl            | 0.015850145 |
|    clip_fraction        | 0.205       |
|    clip_range           | 0.2         |
|    entropy_loss         | -8.74       |
|    explained_variance   | -0.649      |
|    learning_rate        | 0.0003      |
|    loss                 | -0.0472     |
|    n_updates            | 310         |
|    policy_gradient_loss | -0.0277     |
|    std                  | 0.844       |
|    value_loss           | 0.000164    |
-----------------------------------------
-----------------------------------------
| rollout/                |             |
|    ep_len_mean          | 200         |
|    ep_rew_mean          | -137        |
| time/                   |             |
|    fps                  | 67          |
|    iterations           | 33          |
|    time_elapsed         | 1000        |
|    total_timesteps      | 67584       |
| train/                  |             |
|    approx_kl            | 0.016921425 |
|    clip_fraction        | 0.18        |
|    clip_range           | 0.2         |
|    entropy_loss         | -8.67       |
|    explained_variance   | -0.335      |
|    learning_rate        | 0.0003      |
|    loss                 | -0.0033     |
|    n_updates            | 320         |
|    policy_gradient_loss | -0.0249     |
|    std                  | 0.831       |
|    value_loss           | 0.000166    |
-----------------------------------------
-----------------------------------------
| rollout/                |             |
|    ep_len_mean          | 200         |
|    ep_rew_mean          | -133        |
| time/                   |             |
|    fps                  | 67          |
|    iterations           | 34          |
|    time_elapsed         | 1031        |
|    total_timesteps      | 69632       |
| train/                  |             |
|    approx_kl            | 0.017240433 |
|    clip_fraction        | 0.215       |
|    clip_range           | 0.2         |
|    entropy_loss         | -8.57       |
|    explained_variance   | -0.578      |
|    learning_rate        | 0.0003      |
|    loss                 | -0.0644     |
|    n_updates            | 330         |
|    policy_gradient_loss | -0.0302     |
|    std                  | 0.819       |
|    value_loss           | 0.000179    |
-----------------------------------------
-----------------------------------------
| rollout/                |             |
|    ep_len_mean          | 200         |
|    ep_rew_mean          | -130        |
| time/                   |             |
|    fps                  | 67          |
|    iterations           | 35          |
|    time_elapsed         | 1061        |
|    total_timesteps      | 71680       |
| train/                  |             |
|    approx_kl            | 0.013389392 |
|    clip_fraction        | 0.169       |
|    clip_range           | 0.2         |
|    entropy_loss         | -8.49       |
|    explained_variance   | -0.159      |
|    learning_rate        | 0.0003      |
|    loss                 | -0.051      |
|    n_updates            | 340         |
|    policy_gradient_loss | -0.0224     |
|    std                  | 0.813       |
|    value_loss           | 0.00015     |
-----------------------------------------
-----------------------------------------
| rollout/                |             |
|    ep_len_mean          | 200         |
|    ep_rew_mean          | -127        |
| time/                   |             |
|    fps                  | 67          |
|    iterations           | 36          |
|    time_elapsed         | 1092        |
|    total_timesteps      | 73728       |
| train/                  |             |
|    approx_kl            | 0.016287152 |
|    clip_fraction        | 0.205       |
|    clip_range           | 0.2         |
|    entropy_loss         | -8.41       |
|    explained_variance   | -0.442      |
|    learning_rate        | 0.0003      |
|    loss                 | -0.07       |
|    n_updates            | 350         |
|    policy_gradient_loss | -0.0253     |
|    std                  | 0.802       |
|    value_loss           | 0.000118    |
-----------------------------------------
-----------------------------------------
| rollout/                |             |
|    ep_len_mean          | 200         |
|    ep_rew_mean          | -124        |
| time/                   |             |
|    fps                  | 67          |
|    iterations           | 37          |
|    time_elapsed         | 1122        |
|    total_timesteps      | 75776       |
| train/                  |             |
|    approx_kl            | 0.013309035 |
|    clip_fraction        | 0.185       |
|    clip_range           | 0.2         |
|    entropy_loss         | -8.34       |
|    explained_variance   | -0.911      |
|    learning_rate        | 0.0003      |
|    loss                 | -0.0441     |
|    n_updates            | 360         |
|    policy_gradient_loss | -0.0224     |
|    std                  | 0.796       |
|    value_loss           | 0.000136    |
-----------------------------------------
-----------------------------------------
| rollout/                |             |
|    ep_len_mean          | 200         |
|    ep_rew_mean          | -121        |
| time/                   |             |
|    fps                  | 67          |
|    iterations           | 38          |
|    time_elapsed         | 1153        |
|    total_timesteps      | 77824       |
| train/                  |             |
|    approx_kl            | 0.015137212 |
|    clip_fraction        | 0.18        |
|    clip_range           | 0.2         |
|    entropy_loss         | -8.28       |
|    explained_variance   | -0.286      |
|    learning_rate        | 0.0003      |
|    loss                 | -0.000284   |
|    n_updates            | 370         |
|    policy_gradient_loss | -0.0262     |
|    std                  | 0.788       |
|    value_loss           | 0.00012     |
-----------------------------------------
----------------------------------------
| rollout/                |            |
|    ep_len_mean          | 200        |
|    ep_rew_mean          | -119       |
| time/                   |            |
|    fps                  | 67         |
|    iterations           | 39         |
|    time_elapsed         | 1185       |
|    total_timesteps      | 79872      |
| train/                  |            |
|    approx_kl            | 0.01783561 |
|    clip_fraction        | 0.2        |
|    clip_range           | 0.2        |
|    entropy_loss         | -8.22      |
|    explained_variance   | -0.327     |
|    learning_rate        | 0.0003     |
|    loss                 | -0.0134    |
|    n_updates            | 380        |
|    policy_gradient_loss | -0.0252    |
|    std                  | 0.782      |
|    value_loss           | 0.000165   |
----------------------------------------
----------------------------------------
| rollout/                |            |
|    ep_len_mean          | 200        |
|    ep_rew_mean          | -119       |
| time/                   |            |
|    fps                  | 67         |
|    iterations           | 40         |
|    time_elapsed         | 1216       |
|    total_timesteps      | 81920      |
| train/                  |            |
|    approx_kl            | 0.01451762 |
|    clip_fraction        | 0.188      |
|    clip_range           | 0.2        |
|    entropy_loss         | -8.17      |
|    explained_variance   | -0.126     |
|    learning_rate        | 0.0003     |
|    loss                 | -0.0266    |
|    n_updates            | 390        |
|    policy_gradient_loss | -0.0202    |
|    std                  | 0.775      |
|    value_loss           | 0.000276   |
----------------------------------------
-----------------------------------------
| rollout/                |             |
|    ep_len_mean          | 200         |
|    ep_rew_mean          | -118        |
| time/                   |             |
|    fps                  | 67          |
|    iterations           | 41          |
|    time_elapsed         | 1247        |
|    total_timesteps      | 83968       |
| train/                  |             |
|    approx_kl            | 0.013234599 |
|    clip_fraction        | 0.163       |
|    clip_range           | 0.2         |
|    entropy_loss         | -8.11       |
|    explained_variance   | 0.039       |
|    learning_rate        | 0.0003      |
|    loss                 | 0.00867     |
|    n_updates            | 400         |
|    policy_gradient_loss | -0.0156     |
|    std                  | 0.77        |
|    value_loss           | 0.000256    |
-----------------------------------------
----------------------------------------
| rollout/                |            |
|    ep_len_mean          | 200        |
|    ep_rew_mean          | -116       |
| time/                   |            |
|    fps                  | 67         |
|    iterations           | 42         |
|    time_elapsed         | 1278       |
|    total_timesteps      | 86016      |
| train/                  |            |
|    approx_kl            | 0.01802855 |
|    clip_fraction        | 0.184      |
|    clip_range           | 0.2        |
|    entropy_loss         | -8.06      |
|    explained_variance   | 0.42       |
|    learning_rate        | 0.0003     |
|    loss                 | 0.0204     |
|    n_updates            | 410        |
|    policy_gradient_loss | -0.0181    |
|    std                  | 0.763      |
|    value_loss           | 0.000346   |
----------------------------------------
-----------------------------------------
| rollout/                |             |
|    ep_len_mean          | 200         |
|    ep_rew_mean          | -116        |
| time/                   |             |
|    fps                  | 67          |
|    iterations           | 43          |
|    time_elapsed         | 1309        |
|    total_timesteps      | 88064       |
| train/                  |             |
|    approx_kl            | 0.018290104 |
|    clip_fraction        | 0.214       |
|    clip_range           | 0.2         |
|    entropy_loss         | -7.99       |
|    explained_variance   | 0.49        |
|    learning_rate        | 0.0003      |
|    loss                 | -0.0254     |
|    n_updates            | 420         |
|    policy_gradient_loss | -0.0254     |
|    std                  | 0.757       |
|    value_loss           | 0.000218    |
-----------------------------------------
----------------------------------------
| rollout/                |            |
|    ep_len_mean          | 200        |
|    ep_rew_mean          | -114       |
| time/                   |            |
|    fps                  | 67         |
|    iterations           | 44         |
|    time_elapsed         | 1341       |
|    total_timesteps      | 90112      |
| train/                  |            |
|    approx_kl            | 0.01450088 |
|    clip_fraction        | 0.175      |
|    clip_range           | 0.2        |
|    entropy_loss         | -7.96      |
|    explained_variance   | 0.703      |
|    learning_rate        | 0.0003     |
|    loss                 | -0.00855   |
|    n_updates            | 430        |
|    policy_gradient_loss | -0.0179    |
|    std                  | 0.755      |
|    value_loss           | 0.000297   |
----------------------------------------
-----------------------------------------
| rollout/                |             |
|    ep_len_mean          | 200         |
|    ep_rew_mean          | -113        |
| time/                   |             |
|    fps                  | 67          |
|    iterations           | 45          |
|    time_elapsed         | 1372        |
|    total_timesteps      | 92160       |
| train/                  |             |
|    approx_kl            | 0.017666949 |
|    clip_fraction        | 0.217       |
|    clip_range           | 0.2         |
|    entropy_loss         | -7.91       |
|    explained_variance   | -0.362      |
|    learning_rate        | 0.0003      |
|    loss                 | -0.0216     |
|    n_updates            | 440         |
|    policy_gradient_loss | -0.0226     |
|    std                  | 0.749       |
|    value_loss           | 0.000185    |
-----------------------------------------
-----------------------------------------
| rollout/                |             |
|    ep_len_mean          | 200         |
|    ep_rew_mean          | -112        |
| time/                   |             |
|    fps                  | 67          |
|    iterations           | 46          |
|    time_elapsed         | 1403        |
|    total_timesteps      | 94208       |
| train/                  |             |
|    approx_kl            | 0.018040162 |
|    clip_fraction        | 0.218       |
|    clip_range           | 0.2         |
|    entropy_loss         | -7.86       |
|    explained_variance   | 0.441       |
|    learning_rate        | 0.0003      |
|    loss                 | -0.0389     |
|    n_updates            | 450         |
|    policy_gradient_loss | -0.0266     |
|    std                  | 0.744       |
|    value_loss           | 0.000141    |
-----------------------------------------
-----------------------------------------
| rollout/                |             |
|    ep_len_mean          | 200         |
|    ep_rew_mean          | -110        |
| time/                   |             |
|    fps                  | 67          |
|    iterations           | 47          |
|    time_elapsed         | 1434        |
|    total_timesteps      | 96256       |
| train/                  |             |
|    approx_kl            | 0.015050251 |
|    clip_fraction        | 0.173       |
|    clip_range           | 0.2         |
|    entropy_loss         | -7.81       |
|    explained_variance   | 0.204       |
|    learning_rate        | 0.0003      |
|    loss                 | -0.0386     |
|    n_updates            | 460         |
|    policy_gradient_loss | -0.0198     |
|    std                  | 0.737       |
|    value_loss           | 0.000144    |
-----------------------------------------
-----------------------------------------
| rollout/                |             |
|    ep_len_mean          | 200         |
|    ep_rew_mean          | -108        |
| time/                   |             |
|    fps                  | 67          |
|    iterations           | 48          |
|    time_elapsed         | 1465        |
|    total_timesteps      | 98304       |
| train/                  |             |
|    approx_kl            | 0.015176274 |
|    clip_fraction        | 0.206       |
|    clip_range           | 0.2         |
|    entropy_loss         | -7.74       |
|    explained_variance   | 0.309       |
|    learning_rate        | 0.0003      |
|    loss                 | -0.0178     |
|    n_updates            | 470         |
|    policy_gradient_loss | -0.0229     |
|    std                  | 0.73        |
|    value_loss           | 0.000153    |
-----------------------------------------
-----------------------------------------
| rollout/                |             |
|    ep_len_mean          | 200         |
|    ep_rew_mean          | -107        |
| time/                   |             |
|    fps                  | 67          |
|    iterations           | 49          |
|    time_elapsed         | 1497        |
|    total_timesteps      | 100352      |
| train/                  |             |
|    approx_kl            | 0.018573537 |
|    clip_fraction        | 0.219       |
|    clip_range           | 0.2         |
|    entropy_loss         | -7.64       |
|    explained_variance   | -0.34       |
|    learning_rate        | 0.0003      |
|    loss                 | -0.0462     |
|    n_updates            | 480         |
|    policy_gradient_loss | -0.0267     |
|    std                  | 0.717       |
|    value_loss           | 8.14e-05    |
-----------------------------------------
-----------------------------------------
| rollout/                |             |
|    ep_len_mean          | 200         |
|    ep_rew_mean          | -103        |
| time/                   |             |
|    fps                  | 66          |
|    iterations           | 50          |
|    time_elapsed         | 1528        |
|    total_timesteps      | 102400      |
| train/                  |             |
|    approx_kl            | 0.014355695 |
|    clip_fraction        | 0.188       |
|    clip_range           | 0.2         |
|    entropy_loss         | -7.53       |
|    explained_variance   | 0.415       |
|    learning_rate        | 0.0003      |
|    loss                 | -0.0197     |
|    n_updates            | 490         |
|    policy_gradient_loss | -0.0208     |
|    std                  | 0.707       |
|    value_loss           | 0.000163    |
-----------------------------------------
-----------------------------------------
| rollout/                |             |
|    ep_len_mean          | 200         |
|    ep_rew_mean          | -103        |
| time/                   |             |
|    fps                  | 66          |
|    iterations           | 51          |
|    time_elapsed         | 1560        |
|    total_timesteps      | 104448      |
| train/                  |             |
|    approx_kl            | 0.018031131 |
|    clip_fraction        | 0.206       |
|    clip_range           | 0.2         |
|    entropy_loss         | -7.43       |
|    explained_variance   | 0.409       |
|    learning_rate        | 0.0003      |
|    loss                 | -0.0527     |
|    n_updates            | 500         |
|    policy_gradient_loss | -0.0232     |
|    std                  | 0.696       |
|    value_loss           | 0.000156    |
-----------------------------------------
-----------------------------------------
| rollout/                |             |
|    ep_len_mean          | 200         |
|    ep_rew_mean          | -101        |
| time/                   |             |
|    fps                  | 66          |
|    iterations           | 52          |
|    time_elapsed         | 1592        |
|    total_timesteps      | 106496      |
| train/                  |             |
|    approx_kl            | 0.016291862 |
|    clip_fraction        | 0.215       |
|    clip_range           | 0.2         |
|    entropy_loss         | -7.38       |
|    explained_variance   | 0.514       |
|    learning_rate        | 0.0003      |
|    loss                 | -0.0522     |
|    n_updates            | 510         |
|    policy_gradient_loss | -0.0174     |
|    std                  | 0.696       |
|    value_loss           | 0.000235    |
-----------------------------------------
-----------------------------------------
| rollout/                |             |
|    ep_len_mean          | 200         |
|    ep_rew_mean          | -98.6       |
| time/                   |             |
|    fps                  | 66          |
|    iterations           | 53          |
|    time_elapsed         | 1624        |
|    total_timesteps      | 108544      |
| train/                  |             |
|    approx_kl            | 0.020778522 |
|    clip_fraction        | 0.226       |
|    clip_range           | 0.2         |
|    entropy_loss         | -7.33       |
|    explained_variance   | -0.084      |
|    learning_rate        | 0.0003      |
|    loss                 | -0.0292     |
|    n_updates            | 520         |
|    policy_gradient_loss | -0.0181     |
|    std                  | 0.688       |
|    value_loss           | 0.00145     |
-----------------------------------------
-----------------------------------------
| rollout/                |             |
|    ep_len_mean          | 199         |
|    ep_rew_mean          | -98         |
| time/                   |             |
|    fps                  | 66          |
|    iterations           | 54          |
|    time_elapsed         | 1656        |
|    total_timesteps      | 110592      |
| train/                  |             |
|    approx_kl            | 0.021641746 |
|    clip_fraction        | 0.208       |
|    clip_range           | 0.2         |
|    entropy_loss         | -7.27       |
|    explained_variance   | 0.189       |
|    learning_rate        | 0.0003      |
|    loss                 | -0.0496     |
|    n_updates            | 530         |
|    policy_gradient_loss | -0.0268     |
|    std                  | 0.684       |
|    value_loss           | 0.000806    |
-----------------------------------------
-----------------------------------------
| rollout/                |             |
|    ep_len_mean          | 198         |
|    ep_rew_mean          | -96.4       |
| time/                   |             |
|    fps                  | 66          |
|    iterations           | 55          |
|    time_elapsed         | 1688        |
|    total_timesteps      | 112640      |
| train/                  |             |
|    approx_kl            | 0.016444072 |
|    clip_fraction        | 0.194       |
|    clip_range           | 0.2         |
|    entropy_loss         | -7.24       |
|    explained_variance   | 0.268       |
|    learning_rate        | 0.0003      |
|    loss                 | -0.0127     |
|    n_updates            | 540         |
|    policy_gradient_loss | -0.0172     |
|    std                  | 0.682       |
|    value_loss           | 0.00181     |
-----------------------------------------
-----------------------------------------
| rollout/                |             |
|    ep_len_mean          | 197         |
|    ep_rew_mean          | -94.4       |
| time/                   |             |
|    fps                  | 66          |
|    iterations           | 56          |
|    time_elapsed         | 1721        |
|    total_timesteps      | 114688      |
| train/                  |             |
|    approx_kl            | 0.021763878 |
|    clip_fraction        | 0.241       |
|    clip_range           | 0.2         |
|    entropy_loss         | -7.19       |
|    explained_variance   | 0.349       |
|    learning_rate        | 0.0003      |
|    loss                 | -0.0378     |
|    n_updates            | 550         |
|    policy_gradient_loss | -0.0246     |
|    std                  | 0.675       |
|    value_loss           | 0.00161     |
-----------------------------------------
-----------------------------------------
| rollout/                |             |
|    ep_len_mean          | 195         |
|    ep_rew_mean          | -96         |
| time/                   |             |
|    fps                  | 66          |
|    iterations           | 57          |
|    time_elapsed         | 1753        |
|    total_timesteps      | 116736      |
| train/                  |             |
|    approx_kl            | 0.020319318 |
|    clip_fraction        | 0.185       |
|    clip_range           | 0.2         |
|    entropy_loss         | -7.16       |
|    explained_variance   | 0.438       |
|    learning_rate        | 0.0003      |
|    loss                 | -0.0173     |
|    n_updates            | 560         |
|    policy_gradient_loss | -0.0142     |
|    std                  | 0.674       |
|    value_loss           | 0.00247     |
-----------------------------------------
-----------------------------------------
| rollout/                |             |
|    ep_len_mean          | 194         |
|    ep_rew_mean          | -94.6       |
| time/                   |             |
|    fps                  | 66          |
|    iterations           | 58          |
|    time_elapsed         | 1786        |
|    total_timesteps      | 118784      |
| train/                  |             |
|    approx_kl            | 0.018162018 |
|    clip_fraction        | 0.207       |
|    clip_range           | 0.2         |
|    entropy_loss         | -7.18       |
|    explained_variance   | 0.55        |
|    learning_rate        | 0.0003      |
|    loss                 | -0.034      |
|    n_updates            | 570         |
|    policy_gradient_loss | -0.0165     |
|    std                  | 0.679       |
|    value_loss           | 0.00146     |
-----------------------------------------
-----------------------------------------
| rollout/                |             |
|    ep_len_mean          | 191         |
|    ep_rew_mean          | -91.5       |
| time/                   |             |
|    fps                  | 66          |
|    iterations           | 59          |
|    time_elapsed         | 1818        |
|    total_timesteps      | 120832      |
| train/                  |             |
|    approx_kl            | 0.018036127 |
|    clip_fraction        | 0.205       |
|    clip_range           | 0.2         |
|    entropy_loss         | -7.17       |
|    explained_variance   | 0.474       |
|    learning_rate        | 0.0003      |
|    loss                 | -0.0422     |
|    n_updates            | 580         |
|    policy_gradient_loss | -0.0199     |
|    std                  | 0.674       |
|    value_loss           | 0.00427     |
-----------------------------------------
-----------------------------------------
| rollout/                |             |
|    ep_len_mean          | 188         |
|    ep_rew_mean          | -89.4       |
| time/                   |             |
|    fps                  | 66          |
|    iterations           | 60          |
|    time_elapsed         | 1851        |
|    total_timesteps      | 122880      |
| train/                  |             |
|    approx_kl            | 0.016988253 |
|    clip_fraction        | 0.23        |
|    clip_range           | 0.2         |
|    entropy_loss         | -7.12       |
|    explained_variance   | 0.541       |
|    learning_rate        | 0.0003      |
|    loss                 | -0.051      |
|    n_updates            | 590         |
|    policy_gradient_loss | -0.0212     |
|    std                  | 0.669       |
|    value_loss           | 0.00542     |
-----------------------------------------
-----------------------------------------
| rollout/                |             |
|    ep_len_mean          | 187         |
|    ep_rew_mean          | -87.1       |
| time/                   |             |
|    fps                  | 66          |
|    iterations           | 61          |
|    time_elapsed         | 1884        |
|    total_timesteps      | 124928      |
| train/                  |             |
|    approx_kl            | 0.018750882 |
|    clip_fraction        | 0.209       |
|    clip_range           | 0.2         |
|    entropy_loss         | -7.07       |
|    explained_variance   | 0.593       |
|    learning_rate        | 0.0003      |
|    loss                 | -0.00691    |
|    n_updates            | 600         |
|    policy_gradient_loss | -0.0208     |
|    std                  | 0.664       |
|    value_loss           | 0.00306     |
-----------------------------------------
-----------------------------------------
| rollout/                |             |
|    ep_len_mean          | 184         |
|    ep_rew_mean          | -87.2       |
| time/                   |             |
|    fps                  | 66          |
|    iterations           | 62          |
|    time_elapsed         | 1917        |
|    total_timesteps      | 126976      |
| train/                  |             |
|    approx_kl            | 0.018278811 |
|    clip_fraction        | 0.207       |
|    clip_range           | 0.2         |
|    entropy_loss         | -7.02       |
|    explained_variance   | 0.503       |
|    learning_rate        | 0.0003      |
|    loss                 | 0.00965     |
|    n_updates            | 610         |
|    policy_gradient_loss | -0.0202     |
|    std                  | 0.66        |
|    value_loss           | 0.00203     |
-----------------------------------------
----------------------------------------
| rollout/                |            |
|    ep_len_mean          | 183        |
|    ep_rew_mean          | -84.9      |
| time/                   |            |
|    fps                  | 66         |
|    iterations           | 63         |
|    time_elapsed         | 1950       |
|    total_timesteps      | 129024     |
| train/                  |            |
|    approx_kl            | 0.01936755 |
|    clip_fraction        | 0.207      |
|    clip_range           | 0.2        |
|    entropy_loss         | -6.98      |
|    explained_variance   | 0.407      |
|    learning_rate        | 0.0003     |
|    loss                 | -0.0265    |
|    n_updates            | 620        |
|    policy_gradient_loss | -0.0215    |
|    std                  | 0.656      |
|    value_loss           | 0.00355    |
----------------------------------------
----------------------------------------
| rollout/                |            |
|    ep_len_mean          | 180        |
|    ep_rew_mean          | -84        |
| time/                   |            |
|    fps                  | 66         |
|    iterations           | 64         |
|    time_elapsed         | 1983       |
|    total_timesteps      | 131072     |
| train/                  |            |
|    approx_kl            | 0.01858272 |
|    clip_fraction        | 0.213      |
|    clip_range           | 0.2        |
|    entropy_loss         | -6.94      |
|    explained_variance   | 0.623      |
|    learning_rate        | 0.0003     |
|    loss                 | -0.0351    |
|    n_updates            | 630        |
|    policy_gradient_loss | -0.0202    |
|    std                  | 0.653      |
|    value_loss           | 0.00212    |
----------------------------------------
----------------------------------------
| rollout/                |            |
|    ep_len_mean          | 178        |
|    ep_rew_mean          | -83.9      |
| time/                   |            |
|    fps                  | 66         |
|    iterations           | 65         |
|    time_elapsed         | 2015       |
|    total_timesteps      | 133120     |
| train/                  |            |
|    approx_kl            | 0.01581521 |
|    clip_fraction        | 0.206      |
|    clip_range           | 0.2        |
|    entropy_loss         | -6.88      |
|    explained_variance   | 0.595      |
|    learning_rate        | 0.0003     |
|    loss                 | -0.0308    |
|    n_updates            | 640        |
|    policy_gradient_loss | -0.0211    |
|    std                  | 0.647      |
|    value_loss           | 0.00512    |
----------------------------------------
-----------------------------------------
| rollout/                |             |
|    ep_len_mean          | 175         |
|    ep_rew_mean          | -77.7       |
| time/                   |             |
|    fps                  | 65          |
|    iterations           | 66          |
|    time_elapsed         | 2048        |
|    total_timesteps      | 135168      |
| train/                  |             |
|    approx_kl            | 0.018427815 |
|    clip_fraction        | 0.23        |
|    clip_range           | 0.2         |
|    entropy_loss         | -6.82       |
|    explained_variance   | 0.433       |
|    learning_rate        | 0.0003      |
|    loss                 | -0.0284     |
|    n_updates            | 650         |
|    policy_gradient_loss | -0.0253     |
|    std                  | 0.643       |
|    value_loss           | 0.00545     |
-----------------------------------------
-----------------------------------------
| rollout/                |             |
|    ep_len_mean          | 173         |
|    ep_rew_mean          | -74.8       |
| time/                   |             |
|    fps                  | 65          |
|    iterations           | 67          |
|    time_elapsed         | 2081        |
|    total_timesteps      | 137216      |
| train/                  |             |
|    approx_kl            | 0.019095622 |
|    clip_fraction        | 0.219       |
|    clip_range           | 0.2         |
|    entropy_loss         | -6.78       |
|    explained_variance   | 0.455       |
|    learning_rate        | 0.0003      |
|    loss                 | -0.0224     |
|    n_updates            | 660         |
|    policy_gradient_loss | -0.0234     |
|    std                  | 0.639       |
|    value_loss           | 0.00509     |
-----------------------------------------
-----------------------------------------
| rollout/                |             |
|    ep_len_mean          | 162         |
|    ep_rew_mean          | -69         |
| time/                   |             |
|    fps                  | 65          |
|    iterations           | 68          |
|    time_elapsed         | 2115        |
|    total_timesteps      | 139264      |
| train/                  |             |
|    approx_kl            | 0.018946126 |
|    clip_fraction        | 0.212       |
|    clip_range           | 0.2         |
|    entropy_loss         | -6.75       |
|    explained_variance   | 0.47        |
|    learning_rate        | 0.0003      |
|    loss                 | -0.00364    |
|    n_updates            | 670         |
|    policy_gradient_loss | -0.0164     |
|    std                  | 0.636       |
|    value_loss           | 0.00558     |
-----------------------------------------
-----------------------------------------
| rollout/                |             |
|    ep_len_mean          | 158         |
|    ep_rew_mean          | -66.6       |
| time/                   |             |
|    fps                  | 65          |
|    iterations           | 69          |
|    time_elapsed         | 2148        |
|    total_timesteps      | 141312      |
| train/                  |             |
|    approx_kl            | 0.017236002 |
|    clip_fraction        | 0.201       |
|    clip_range           | 0.2         |
|    entropy_loss         | -6.73       |
|    explained_variance   | 0.609       |
|    learning_rate        | 0.0003      |
|    loss                 | -0.0182     |
|    n_updates            | 680         |
|    policy_gradient_loss | -0.0164     |
|    std                  | 0.635       |
|    value_loss           | 0.00682     |
-----------------------------------------
-----------------------------------------
| rollout/                |             |
|    ep_len_mean          | 155         |
|    ep_rew_mean          | -62         |
| time/                   |             |
|    fps                  | 65          |
|    iterations           | 70          |
|    time_elapsed         | 2181        |
|    total_timesteps      | 143360      |
| train/                  |             |
|    approx_kl            | 0.021476794 |
|    clip_fraction        | 0.252       |
|    clip_range           | 0.2         |
|    entropy_loss         | -6.71       |
|    explained_variance   | 0.384       |
|    learning_rate        | 0.0003      |
|    loss                 | -0.0104     |
|    n_updates            | 690         |
|    policy_gradient_loss | -0.0286     |
|    std                  | 0.634       |
|    value_loss           | 0.0056      |
-----------------------------------------
-----------------------------------------
| rollout/                |             |
|    ep_len_mean          | 150         |
|    ep_rew_mean          | -59.2       |
| time/                   |             |
|    fps                  | 65          |
|    iterations           | 71          |
|    time_elapsed         | 2214        |
|    total_timesteps      | 145408      |
| train/                  |             |
|    approx_kl            | 0.015575727 |
|    clip_fraction        | 0.209       |
|    clip_range           | 0.2         |
|    entropy_loss         | -6.69       |
|    explained_variance   | 0.612       |
|    learning_rate        | 0.0003      |
|    loss                 | -0.0262     |
|    n_updates            | 700         |
|    policy_gradient_loss | -0.021      |
|    std                  | 0.631       |
|    value_loss           | 0.00493     |
-----------------------------------------
-----------------------------------------
| rollout/                |             |
|    ep_len_mean          | 152         |
|    ep_rew_mean          | -57.5       |
| time/                   |             |
|    fps                  | 65          |
|    iterations           | 72          |
|    time_elapsed         | 2247        |
|    total_timesteps      | 147456      |
| train/                  |             |
|    approx_kl            | 0.019948835 |
|    clip_fraction        | 0.226       |
|    clip_range           | 0.2         |
|    entropy_loss         | -6.65       |
|    explained_variance   | 0.502       |
|    learning_rate        | 0.0003      |
|    loss                 | -0.03       |
|    n_updates            | 710         |
|    policy_gradient_loss | -0.0229     |
|    std                  | 0.627       |
|    value_loss           | 0.00474     |
-----------------------------------------
-----------------------------------------
| rollout/                |             |
|    ep_len_mean          | 151         |
|    ep_rew_mean          | -55.9       |
| time/                   |             |
|    fps                  | 65          |
|    iterations           | 73          |
|    time_elapsed         | 2280        |
|    total_timesteps      | 149504      |
| train/                  |             |
|    approx_kl            | 0.014865608 |
|    clip_fraction        | 0.199       |
|    clip_range           | 0.2         |
|    entropy_loss         | -6.61       |
|    explained_variance   | 0.722       |
|    learning_rate        | 0.0003      |
|    loss                 | -0.0393     |
|    n_updates            | 720         |
|    policy_gradient_loss | -0.0174     |
|    std                  | 0.624       |
|    value_loss           | 0.00124     |
-----------------------------------------
-----------------------------------------
| rollout/                |             |
|    ep_len_mean          | 147         |
|    ep_rew_mean          | -52.9       |
| time/                   |             |
|    fps                  | 65          |
|    iterations           | 74          |
|    time_elapsed         | 2313        |
|    total_timesteps      | 151552      |
| train/                  |             |
|    approx_kl            | 0.016021881 |
|    clip_fraction        | 0.174       |
|    clip_range           | 0.2         |
|    entropy_loss         | -6.57       |
|    explained_variance   | 0.464       |
|    learning_rate        | 0.0003      |
|    loss                 | -0.0221     |
|    n_updates            | 730         |
|    policy_gradient_loss | -0.0176     |
|    std                  | 0.62        |
|    value_loss           | 0.00442     |
-----------------------------------------
-----------------------------------------
| rollout/                |             |
|    ep_len_mean          | 149         |
|    ep_rew_mean          | -53.1       |
| time/                   |             |
|    fps                  | 65          |
|    iterations           | 75          |
|    time_elapsed         | 2346        |
|    total_timesteps      | 153600      |
| train/                  |             |
|    approx_kl            | 0.016439985 |
|    clip_fraction        | 0.215       |
|    clip_range           | 0.2         |
|    entropy_loss         | -6.53       |
|    explained_variance   | 0.48        |
|    learning_rate        | 0.0003      |
|    loss                 | -0.0465     |
|    n_updates            | 740         |
|    policy_gradient_loss | -0.019      |
|    std                  | 0.617       |
|    value_loss           | 0.00466     |
-----------------------------------------
-----------------------------------------
| rollout/                |             |
|    ep_len_mean          | 150         |
|    ep_rew_mean          | -55.5       |
| time/                   |             |
|    fps                  | 65          |
|    iterations           | 76          |
|    time_elapsed         | 2379        |
|    total_timesteps      | 155648      |
| train/                  |             |
|    approx_kl            | 0.020101868 |
|    clip_fraction        | 0.206       |
|    clip_range           | 0.2         |
|    entropy_loss         | -6.52       |
|    explained_variance   | 0.666       |
|    learning_rate        | 0.0003      |
|    loss                 | -0.0538     |
|    n_updates            | 750         |
|    policy_gradient_loss | -0.0223     |
|    std                  | 0.618       |
|    value_loss           | 0.00446     |
-----------------------------------------
-----------------------------------------
| rollout/                |             |
|    ep_len_mean          | 149         |
|    ep_rew_mean          | -55.9       |
| time/                   |             |
|    fps                  | 65          |
|    iterations           | 77          |
|    time_elapsed         | 2413        |
|    total_timesteps      | 157696      |
| train/                  |             |
|    approx_kl            | 0.015855063 |
|    clip_fraction        | 0.198       |
|    clip_range           | 0.2         |
|    entropy_loss         | -6.5        |
|    explained_variance   | 0.726       |
|    learning_rate        | 0.0003      |
|    loss                 | -0.0255     |
|    n_updates            | 760         |
|    policy_gradient_loss | -0.0168     |
|    std                  | 0.614       |
|    value_loss           | 0.00429     |
-----------------------------------------
-----------------------------------------
| rollout/                |             |
|    ep_len_mean          | 150         |
|    ep_rew_mean          | -55.4       |
| time/                   |             |
|    fps                  | 65          |
|    iterations           | 78          |
|    time_elapsed         | 2446        |
|    total_timesteps      | 159744      |
| train/                  |             |
|    approx_kl            | 0.016393866 |
|    clip_fraction        | 0.208       |
|    clip_range           | 0.2         |
|    entropy_loss         | -6.44       |
|    explained_variance   | 0.579       |
|    learning_rate        | 0.0003      |
|    loss                 | 0.0128      |
|    n_updates            | 770         |
|    policy_gradient_loss | -0.0182     |
|    std                  | 0.607       |
|    value_loss           | 0.00562     |
-----------------------------------------
----------------------------------------
| rollout/                |            |
|    ep_len_mean          | 138        |
|    ep_rew_mean          | -48.5      |
| time/                   |            |
|    fps                  | 65         |
|    iterations           | 79         |
|    time_elapsed         | 2479       |
|    total_timesteps      | 161792     |
| train/                  |            |
|    approx_kl            | 0.01788044 |
|    clip_fraction        | 0.221      |
|    clip_range           | 0.2        |
|    entropy_loss         | -6.37      |
|    explained_variance   | 0.574      |
|    learning_rate        | 0.0003     |
|    loss                 | -0.0181    |
|    n_updates            | 780        |
|    policy_gradient_loss | -0.0206    |
|    std                  | 0.602      |
|    value_loss           | 0.00272    |
----------------------------------------
-----------------------------------------
| rollout/                |             |
|    ep_len_mean          | 134         |
|    ep_rew_mean          | -47.5       |
| time/                   |             |
|    fps                  | 65          |
|    iterations           | 80          |
|    time_elapsed         | 2512        |
|    total_timesteps      | 163840      |
| train/                  |             |
|    approx_kl            | 0.017352197 |
|    clip_fraction        | 0.219       |
|    clip_range           | 0.2         |
|    entropy_loss         | -6.32       |
|    explained_variance   | 0.273       |
|    learning_rate        | 0.0003      |
|    loss                 | -0.0196     |
|    n_updates            | 790         |
|    policy_gradient_loss | -0.0239     |
|    std                  | 0.597       |
|    value_loss           | 0.00506     |
-----------------------------------------
-----------------------------------------
| rollout/                |             |
|    ep_len_mean          | 128         |
|    ep_rew_mean          | -43.5       |
| time/                   |             |
|    fps                  | 65          |
|    iterations           | 81          |
|    time_elapsed         | 2546        |
|    total_timesteps      | 165888      |
| train/                  |             |
|    approx_kl            | 0.014352344 |
|    clip_fraction        | 0.19        |
|    clip_range           | 0.2         |
|    entropy_loss         | -6.25       |
|    explained_variance   | 0.628       |
|    learning_rate        | 0.0003      |
|    loss                 | -0.0481     |
|    n_updates            | 800         |
|    policy_gradient_loss | -0.0186     |
|    std                  | 0.592       |
|    value_loss           | 0.00437     |
-----------------------------------------
-----------------------------------------
| rollout/                |             |
|    ep_len_mean          | 125         |
|    ep_rew_mean          | -39.9       |
| time/                   |             |
|    fps                  | 65          |
|    iterations           | 82          |
|    time_elapsed         | 2579        |
|    total_timesteps      | 167936      |
| train/                  |             |
|    approx_kl            | 0.019997401 |
|    clip_fraction        | 0.191       |
|    clip_range           | 0.2         |
|    entropy_loss         | -6.22       |
|    explained_variance   | 0.603       |
|    learning_rate        | 0.0003      |
|    loss                 | -0.0416     |
|    n_updates            | 810         |
|    policy_gradient_loss | -0.0147     |
|    std                  | 0.591       |
|    value_loss           | 0.00446     |
-----------------------------------------
-----------------------------------------
| rollout/                |             |
|    ep_len_mean          | 117         |
|    ep_rew_mean          | -35.2       |
| time/                   |             |
|    fps                  | 65          |
|    iterations           | 83          |
|    time_elapsed         | 2613        |
|    total_timesteps      | 169984      |
| train/                  |             |
|    approx_kl            | 0.019969396 |
|    clip_fraction        | 0.235       |
|    clip_range           | 0.2         |
|    entropy_loss         | -6.18       |
|    explained_variance   | 0.651       |
|    learning_rate        | 0.0003      |
|    loss                 | -0.0814     |
|    n_updates            | 820         |
|    policy_gradient_loss | -0.019      |
|    std                  | 0.585       |
|    value_loss           | 0.00385     |
-----------------------------------------
----------------------------------------
| rollout/                |            |
|    ep_len_mean          | 119        |
|    ep_rew_mean          | -36.4      |
| time/                   |            |
|    fps                  | 65         |
|    iterations           | 84         |
|    time_elapsed         | 2646       |
|    total_timesteps      | 172032     |
| train/                  |            |
|    approx_kl            | 0.02071743 |
|    clip_fraction        | 0.256      |
|    clip_range           | 0.2        |
|    entropy_loss         | -6.14      |
|    explained_variance   | 0.647      |
|    learning_rate        | 0.0003     |
|    loss                 | -0.0725    |
|    n_updates            | 830        |
|    policy_gradient_loss | -0.026     |
|    std                  | 0.583      |
|    value_loss           | 0.00507    |
----------------------------------------
-----------------------------------------
| rollout/                |             |
|    ep_len_mean          | 122         |
|    ep_rew_mean          | -36.8       |
| time/                   |             |
|    fps                  | 64          |
|    iterations           | 85          |
|    time_elapsed         | 2679        |
|    total_timesteps      | 174080      |
| train/                  |             |
|    approx_kl            | 0.017213466 |
|    clip_fraction        | 0.214       |
|    clip_range           | 0.2         |
|    entropy_loss         | -6.12       |
|    explained_variance   | 0.618       |
|    learning_rate        | 0.0003      |
|    loss                 | -0.0348     |
|    n_updates            | 840         |
|    policy_gradient_loss | -0.0232     |
|    std                  | 0.581       |
|    value_loss           | 0.00359     |
-----------------------------------------
-----------------------------------------
| rollout/                |             |
|    ep_len_mean          | 125         |
|    ep_rew_mean          | -38.7       |
| time/                   |             |
|    fps                  | 64          |
|    iterations           | 86          |
|    time_elapsed         | 2712        |
|    total_timesteps      | 176128      |
| train/                  |             |
|    approx_kl            | 0.017834228 |
|    clip_fraction        | 0.233       |
|    clip_range           | 0.2         |
|    entropy_loss         | -6.1        |
|    explained_variance   | 0.622       |
|    learning_rate        | 0.0003      |
|    loss                 | -0.0269     |
|    n_updates            | 850         |
|    policy_gradient_loss | -0.0183     |
|    std                  | 0.58        |
|    value_loss           | 0.00288     |
-----------------------------------------
----------------------------------------
| rollout/                |            |
|    ep_len_mean          | 125        |
|    ep_rew_mean          | -38.8      |
| time/                   |            |
|    fps                  | 64         |
|    iterations           | 87         |
|    time_elapsed         | 2746       |
|    total_timesteps      | 178176     |
| train/                  |            |
|    approx_kl            | 0.01940327 |
|    clip_fraction        | 0.228      |
|    clip_range           | 0.2        |
|    entropy_loss         | -6.07      |
|    explained_variance   | 0.735      |
|    learning_rate        | 0.0003     |
|    loss                 | -0.00226   |
|    n_updates            | 860        |
|    policy_gradient_loss | -0.0234    |
|    std                  | 0.576      |
|    value_loss           | 0.00316    |
----------------------------------------
-----------------------------------------
| rollout/                |             |
|    ep_len_mean          | 127         |
|    ep_rew_mean          | -39.4       |
| time/                   |             |
|    fps                  | 64          |
|    iterations           | 88          |
|    time_elapsed         | 2779        |
|    total_timesteps      | 180224      |
| train/                  |             |
|    approx_kl            | 0.021504428 |
|    clip_fraction        | 0.256       |
|    clip_range           | 0.2         |
|    entropy_loss         | -6.02       |
|    explained_variance   | 0.433       |
|    learning_rate        | 0.0003      |
|    loss                 | -0.021      |
|    n_updates            | 870         |
|    policy_gradient_loss | -0.0226     |
|    std                  | 0.571       |
|    value_loss           | 0.00467     |
-----------------------------------------
----------------------------------------
| rollout/                |            |
|    ep_len_mean          | 132        |
|    ep_rew_mean          | -41.2      |
| time/                   |            |
|    fps                  | 64         |
|    iterations           | 89         |
|    time_elapsed         | 2812       |
|    total_timesteps      | 182272     |
| train/                  |            |
|    approx_kl            | 0.01768627 |
|    clip_fraction        | 0.231      |
|    clip_range           | 0.2        |
|    entropy_loss         | -5.98      |
|    explained_variance   | 0.481      |
|    learning_rate        | 0.0003     |
|    loss                 | 0.0262     |
|    n_updates            | 880        |
|    policy_gradient_loss | -0.0206    |
|    std                  | 0.57       |
|    value_loss           | 0.00352    |
----------------------------------------
-----------------------------------------
| rollout/                |             |
|    ep_len_mean          | 130         |
|    ep_rew_mean          | -39.9       |
| time/                   |             |
|    fps                  | 64          |
|    iterations           | 90          |
|    time_elapsed         | 2845        |
|    total_timesteps      | 184320      |
| train/                  |             |
|    approx_kl            | 0.016055632 |
|    clip_fraction        | 0.214       |
|    clip_range           | 0.2         |
|    entropy_loss         | -5.98       |
|    explained_variance   | 0.715       |
|    learning_rate        | 0.0003      |
|    loss                 | -0.0202     |
|    n_updates            | 890         |
|    policy_gradient_loss | -0.0233     |
|    std                  | 0.57        |
|    value_loss           | 0.0022      |
-----------------------------------------
-----------------------------------------
| rollout/                |             |
|    ep_len_mean          | 129         |
|    ep_rew_mean          | -40.4       |
| time/                   |             |
|    fps                  | 64          |
|    iterations           | 91          |
|    time_elapsed         | 2878        |
|    total_timesteps      | 186368      |
| train/                  |             |
|    approx_kl            | 0.018157128 |
|    clip_fraction        | 0.252       |
|    clip_range           | 0.2         |
|    entropy_loss         | -5.94       |
|    explained_variance   | 0.477       |
|    learning_rate        | 0.0003      |
|    loss                 | -0.0117     |
|    n_updates            | 900         |
|    policy_gradient_loss | -0.0264     |
|    std                  | 0.565       |
|    value_loss           | 0.00413     |
-----------------------------------------
----------------------------------------
| rollout/                |            |
|    ep_len_mean          | 125        |
|    ep_rew_mean          | -37.8      |
| time/                   |            |
|    fps                  | 64         |
|    iterations           | 92         |
|    time_elapsed         | 2912       |
|    total_timesteps      | 188416     |
| train/                  |            |
|    approx_kl            | 0.01434937 |
|    clip_fraction        | 0.196      |
|    clip_range           | 0.2        |
|    entropy_loss         | -5.89      |
|    explained_variance   | 0.734      |
|    learning_rate        | 0.0003     |
|    loss                 | -0.0347    |
|    n_updates            | 910        |
|    policy_gradient_loss | -0.0188    |
|    std                  | 0.562      |
|    value_loss           | 0.00444    |
----------------------------------------
-----------------------------------------
| rollout/                |             |
|    ep_len_mean          | 120         |
|    ep_rew_mean          | -36.5       |
| time/                   |             |
|    fps                  | 64          |
|    iterations           | 93          |
|    time_elapsed         | 2945        |
|    total_timesteps      | 190464      |
| train/                  |             |
|    approx_kl            | 0.017878212 |
|    clip_fraction        | 0.237       |
|    clip_range           | 0.2         |
|    entropy_loss         | -5.85       |
|    explained_variance   | 0.634       |
|    learning_rate        | 0.0003      |
|    loss                 | -0.00432    |
|    n_updates            | 920         |
|    policy_gradient_loss | -0.0229     |
|    std                  | 0.56        |
|    value_loss           | 0.00337     |
-----------------------------------------
-----------------------------------------
| rollout/                |             |
|    ep_len_mean          | 123         |
|    ep_rew_mean          | -38.8       |
| time/                   |             |
|    fps                  | 64          |
|    iterations           | 94          |
|    time_elapsed         | 2978        |
|    total_timesteps      | 192512      |
| train/                  |             |
|    approx_kl            | 0.016685871 |
|    clip_fraction        | 0.207       |
|    clip_range           | 0.2         |
|    entropy_loss         | -5.79       |
|    explained_variance   | 0.629       |
|    learning_rate        | 0.0003      |
|    loss                 | 0.00294     |
|    n_updates            | 930         |
|    policy_gradient_loss | -0.0156     |
|    std                  | 0.553       |
|    value_loss           | 0.00497     |
-----------------------------------------
-----------------------------------------
| rollout/                |             |
|    ep_len_mean          | 114         |
|    ep_rew_mean          | -35         |
| time/                   |             |
|    fps                  | 64          |
|    iterations           | 95          |
|    time_elapsed         | 3012        |
|    total_timesteps      | 194560      |
| train/                  |             |
|    approx_kl            | 0.020394892 |
|    clip_fraction        | 0.209       |
|    clip_range           | 0.2         |
|    entropy_loss         | -5.73       |
|    explained_variance   | 0.813       |
|    learning_rate        | 0.0003      |
|    loss                 | -0.0627     |
|    n_updates            | 940         |
|    policy_gradient_loss | -0.0224     |
|    std                  | 0.55        |
|    value_loss           | 0.00317     |
-----------------------------------------
-----------------------------------------
| rollout/                |             |
|    ep_len_mean          | 118         |
|    ep_rew_mean          | -35.4       |
| time/                   |             |
|    fps                  | 64          |
|    iterations           | 96          |
|    time_elapsed         | 3045        |
|    total_timesteps      | 196608      |
| train/                  |             |
|    approx_kl            | 0.018618088 |
|    clip_fraction        | 0.212       |
|    clip_range           | 0.2         |
|    entropy_loss         | -5.69       |
|    explained_variance   | 0.752       |
|    learning_rate        | 0.0003      |
|    loss                 | -0.00772    |
|    n_updates            | 950         |
|    policy_gradient_loss | -0.02       |
|    std                  | 0.546       |
|    value_loss           | 0.00672     |
-----------------------------------------
-----------------------------------------
| rollout/                |             |
|    ep_len_mean          | 117         |
|    ep_rew_mean          | -34.6       |
| time/                   |             |
|    fps                  | 64          |
|    iterations           | 97          |
|    time_elapsed         | 3078        |
|    total_timesteps      | 198656      |
| train/                  |             |
|    approx_kl            | 0.021074306 |
|    clip_fraction        | 0.243       |
|    clip_range           | 0.2         |
|    entropy_loss         | -5.64       |
|    explained_variance   | 0.391       |
|    learning_rate        | 0.0003      |
|    loss                 | -0.0401     |
|    n_updates            | 960         |
|    policy_gradient_loss | -0.0238     |
|    std                  | 0.543       |
|    value_loss           | 0.0033      |
-----------------------------------------
-----------------------------------------
| rollout/                |             |
|    ep_len_mean          | 119         |
|    ep_rew_mean          | -35.7       |
| time/                   |             |
|    fps                  | 64          |
|    iterations           | 98          |
|    time_elapsed         | 3111        |
|    total_timesteps      | 200704      |
| train/                  |             |
|    approx_kl            | 0.025482167 |
|    clip_fraction        | 0.276       |
|    clip_range           | 0.2         |
|    entropy_loss         | -5.61       |
|    explained_variance   | 0.753       |
|    learning_rate        | 0.0003      |
|    loss                 | -0.0263     |
|    n_updates            | 970         |
|    policy_gradient_loss | -0.027      |
|    std                  | 0.54        |
|    value_loss           | 0.00384     |
-----------------------------------------
-----------------------------------------
| rollout/                |             |
|    ep_len_mean          | 120         |
|    ep_rew_mean          | -35.7       |
| time/                   |             |
|    fps                  | 64          |
|    iterations           | 99          |
|    time_elapsed         | 3144        |
|    total_timesteps      | 202752      |
| train/                  |             |
|    approx_kl            | 0.023950402 |
|    clip_fraction        | 0.259       |
|    clip_range           | 0.2         |
|    entropy_loss         | -5.56       |
|    explained_variance   | 0.57        |
|    learning_rate        | 0.0003      |
|    loss                 | -0.0551     |
|    n_updates            | 980         |
|    policy_gradient_loss | -0.0249     |
|    std                  | 0.536       |
|    value_loss           | 0.00246     |
-----------------------------------------
-----------------------------------------
| rollout/                |             |
|    ep_len_mean          | 118         |
|    ep_rew_mean          | -33.3       |
| time/                   |             |
|    fps                  | 64          |
|    iterations           | 100         |
|    time_elapsed         | 3178        |
|    total_timesteps      | 204800      |
| train/                  |             |
|    approx_kl            | 0.018068645 |
|    clip_fraction        | 0.228       |
|    clip_range           | 0.2         |
|    entropy_loss         | -5.54       |
|    explained_variance   | 0.69        |
|    learning_rate        | 0.0003      |
|    loss                 | -0.0144     |
|    n_updates            | 990         |
|    policy_gradient_loss | -0.0232     |
|    std                  | 0.536       |
|    value_loss           | 0.00386     |
-----------------------------------------
------------------------------------------
| rollout/                |              |
|    ep_len_mean          | 119          |
|    ep_rew_mean          | -33.2        |
| time/                   |              |
|    fps                  | 64           |
|    iterations           | 101          |
|    time_elapsed         | 3211         |
|    total_timesteps      | 206848       |
| train/                  |              |
|    approx_kl            | 0.0152464565 |
|    clip_fraction        | 0.207        |
|    clip_range           | 0.2          |
|    entropy_loss         | -5.51        |
|    explained_variance   | 0.686        |
|    learning_rate        | 0.0003       |
|    loss                 | -0.0629      |
|    n_updates            | 1000         |
|    policy_gradient_loss | -0.0229      |
|    std                  | 0.532        |
|    value_loss           | 0.00352      |
------------------------------------------
---------------------------------------
| rollout/                |           |
|    ep_len_mean          | 116       |
|    ep_rew_mean          | -33.2     |
| time/                   |           |
|    fps                  | 64        |
|    iterations           | 102       |
|    time_elapsed         | 3244      |
|    total_timesteps      | 208896    |
| train/                  |           |
|    approx_kl            | 0.0197587 |
|    clip_fraction        | 0.231     |
|    clip_range           | 0.2       |
|    entropy_loss         | -5.48     |
|    explained_variance   | 0.747     |
|    learning_rate        | 0.0003    |
|    loss                 | -0.0281   |
|    n_updates            | 1010      |
|    policy_gradient_loss | -0.0212   |
|    std                  | 0.531     |
|    value_loss           | 0.00469   |
---------------------------------------
-----------------------------------------
| rollout/                |             |
|    ep_len_mean          | 113         |
|    ep_rew_mean          | -31         |
| time/                   |             |
|    fps                  | 64          |
|    iterations           | 103         |
|    time_elapsed         | 3278        |
|    total_timesteps      | 210944      |
| train/                  |             |
|    approx_kl            | 0.019830566 |
|    clip_fraction        | 0.228       |
|    clip_range           | 0.2         |
|    entropy_loss         | -5.45       |
|    explained_variance   | 0.52        |
|    learning_rate        | 0.0003      |
|    loss                 | -0.0384     |
|    n_updates            | 1020        |
|    policy_gradient_loss | -0.0226     |
|    std                  | 0.527       |
|    value_loss           | 0.00271     |
-----------------------------------------
-----------------------------------------
| rollout/                |             |
|    ep_len_mean          | 109         |
|    ep_rew_mean          | -29.4       |
| time/                   |             |
|    fps                  | 64          |
|    iterations           | 104         |
|    time_elapsed         | 3311        |
|    total_timesteps      | 212992      |
| train/                  |             |
|    approx_kl            | 0.020872561 |
|    clip_fraction        | 0.235       |
|    clip_range           | 0.2         |
|    entropy_loss         | -5.39       |
|    explained_variance   | 0.622       |
|    learning_rate        | 0.0003      |
|    loss                 | -0.037      |
|    n_updates            | 1030        |
|    policy_gradient_loss | -0.023      |
|    std                  | 0.524       |
|    value_loss           | 0.00445     |
-----------------------------------------
-----------------------------------------
| rollout/                |             |
|    ep_len_mean          | 109         |
|    ep_rew_mean          | -30.1       |
| time/                   |             |
|    fps                  | 64          |
|    iterations           | 105         |
|    time_elapsed         | 3344        |
|    total_timesteps      | 215040      |
| train/                  |             |
|    approx_kl            | 0.016024126 |
|    clip_fraction        | 0.21        |
|    clip_range           | 0.2         |
|    entropy_loss         | -5.34       |
|    explained_variance   | 0.65        |
|    learning_rate        | 0.0003      |
|    loss                 | -0.0217     |
|    n_updates            | 1040        |
|    policy_gradient_loss | -0.0198     |
|    std                  | 0.519       |
|    value_loss           | 0.00438     |
-----------------------------------------
----------------------------------------
| rollout/                |            |
|    ep_len_mean          | 112        |
|    ep_rew_mean          | -31.5      |
| time/                   |            |
|    fps                  | 64         |
|    iterations           | 106        |
|    time_elapsed         | 3378       |
|    total_timesteps      | 217088     |
| train/                  |            |
|    approx_kl            | 0.01974612 |
|    clip_fraction        | 0.246      |
|    clip_range           | 0.2        |
|    entropy_loss         | -5.3       |
|    explained_variance   | 0.617      |
|    learning_rate        | 0.0003     |
|    loss                 | -0.0308    |
|    n_updates            | 1050       |
|    policy_gradient_loss | -0.0216    |
|    std                  | 0.518      |
|    value_loss           | 0.00433    |
----------------------------------------
-----------------------------------------
| rollout/                |             |
|    ep_len_mean          | 115         |
|    ep_rew_mean          | -31.9       |
| time/                   |             |
|    fps                  | 64          |
|    iterations           | 107         |
|    time_elapsed         | 3411        |
|    total_timesteps      | 219136      |
| train/                  |             |
|    approx_kl            | 0.018548857 |
|    clip_fraction        | 0.213       |
|    clip_range           | 0.2         |
|    entropy_loss         | -5.25       |
|    explained_variance   | 0.722       |
|    learning_rate        | 0.0003      |
|    loss                 | -0.0449     |
|    n_updates            | 1060        |
|    policy_gradient_loss | -0.0201     |
|    std                  | 0.513       |
|    value_loss           | 0.00447     |
-----------------------------------------
-----------------------------------------
| rollout/                |             |
|    ep_len_mean          | 111         |
|    ep_rew_mean          | -28.8       |
| time/                   |             |
|    fps                  | 64          |
|    iterations           | 108         |
|    time_elapsed         | 3444        |
|    total_timesteps      | 221184      |
| train/                  |             |
|    approx_kl            | 0.020258877 |
|    clip_fraction        | 0.245       |
|    clip_range           | 0.2         |
|    entropy_loss         | -5.22       |
|    explained_variance   | 0.551       |
|    learning_rate        | 0.0003      |
|    loss                 | -0.0458     |
|    n_updates            | 1070        |
|    policy_gradient_loss | -0.0216     |
|    std                  | 0.512       |
|    value_loss           | 0.00212     |
-----------------------------------------
-----------------------------------------
| rollout/                |             |
|    ep_len_mean          | 112         |
|    ep_rew_mean          | -28.8       |
| time/                   |             |
|    fps                  | 64          |
|    iterations           | 109         |
|    time_elapsed         | 3478        |
|    total_timesteps      | 223232      |
| train/                  |             |
|    approx_kl            | 0.018327642 |
|    clip_fraction        | 0.217       |
|    clip_range           | 0.2         |
|    entropy_loss         | -5.19       |
|    explained_variance   | 0.558       |
|    learning_rate        | 0.0003      |
|    loss                 | -0.0555     |
|    n_updates            | 1080        |
|    policy_gradient_loss | -0.0223     |
|    std                  | 0.509       |
|    value_loss           | 0.00635     |
-----------------------------------------
-----------------------------------------
| rollout/                |             |
|    ep_len_mean          | 116         |
|    ep_rew_mean          | -29.8       |
| time/                   |             |
|    fps                  | 64          |
|    iterations           | 110         |
|    time_elapsed         | 3511        |
|    total_timesteps      | 225280      |
| train/                  |             |
|    approx_kl            | 0.021786002 |
|    clip_fraction        | 0.251       |
|    clip_range           | 0.2         |
|    entropy_loss         | -5.17       |
|    explained_variance   | 0.623       |
|    learning_rate        | 0.0003      |
|    loss                 | -0.0145     |
|    n_updates            | 1090        |
|    policy_gradient_loss | -0.0213     |
|    std                  | 0.509       |
|    value_loss           | 0.00323     |
-----------------------------------------
-----------------------------------------
| rollout/                |             |
|    ep_len_mean          | 115         |
|    ep_rew_mean          | -28.5       |
| time/                   |             |
|    fps                  | 64          |
|    iterations           | 111         |
|    time_elapsed         | 3544        |
|    total_timesteps      | 227328      |
| train/                  |             |
|    approx_kl            | 0.018752847 |
|    clip_fraction        | 0.23        |
|    clip_range           | 0.2         |
|    entropy_loss         | -5.12       |
|    explained_variance   | 0.748       |
|    learning_rate        | 0.0003      |
|    loss                 | 0.000395    |
|    n_updates            | 1100        |
|    policy_gradient_loss | -0.0234     |
|    std                  | 0.503       |
|    value_loss           | 0.00351     |
-----------------------------------------
-----------------------------------------
| rollout/                |             |
|    ep_len_mean          | 119         |
|    ep_rew_mean          | -29.4       |
| time/                   |             |
|    fps                  | 64          |
|    iterations           | 112         |
|    time_elapsed         | 3577        |
|    total_timesteps      | 229376      |
| train/                  |             |
|    approx_kl            | 0.019870225 |
|    clip_fraction        | 0.225       |
|    clip_range           | 0.2         |
|    entropy_loss         | -5.06       |
|    explained_variance   | 0.543       |
|    learning_rate        | 0.0003      |
|    loss                 | -0.056      |
|    n_updates            | 1110        |
|    policy_gradient_loss | -0.0211     |
|    std                  | 0.5         |
|    value_loss           | 0.00383     |
-----------------------------------------
-----------------------------------------
| rollout/                |             |
|    ep_len_mean          | 115         |
|    ep_rew_mean          | -28.8       |
| time/                   |             |
|    fps                  | 64          |
|    iterations           | 113         |
|    time_elapsed         | 3611        |
|    total_timesteps      | 231424      |
| train/                  |             |
|    approx_kl            | 0.020347051 |
|    clip_fraction        | 0.258       |
|    clip_range           | 0.2         |
|    entropy_loss         | -5.05       |
|    explained_variance   | 0.834       |
|    learning_rate        | 0.0003      |
|    loss                 | -0.00631    |
|    n_updates            | 1120        |
|    policy_gradient_loss | -0.0286     |
|    std                  | 0.501       |
|    value_loss           | 0.00299     |
-----------------------------------------
-----------------------------------------
| rollout/                |             |
|    ep_len_mean          | 114         |
|    ep_rew_mean          | -29.6       |
| time/                   |             |
|    fps                  | 64          |
|    iterations           | 114         |
|    time_elapsed         | 3644        |
|    total_timesteps      | 233472      |
| train/                  |             |
|    approx_kl            | 0.022090944 |
|    clip_fraction        | 0.27        |
|    clip_range           | 0.2         |
|    entropy_loss         | -5.05       |
|    explained_variance   | 0.439       |
|    learning_rate        | 0.0003      |
|    loss                 | -0.00736    |
|    n_updates            | 1130        |
|    policy_gradient_loss | -0.0259     |
|    std                  | 0.5         |
|    value_loss           | 0.00342     |
-----------------------------------------
-----------------------------------------
| rollout/                |             |
|    ep_len_mean          | 102         |
|    ep_rew_mean          | -25         |
| time/                   |             |
|    fps                  | 64          |
|    iterations           | 115         |
|    time_elapsed         | 3678        |
|    total_timesteps      | 235520      |
| train/                  |             |
|    approx_kl            | 0.019548563 |
|    clip_fraction        | 0.239       |
|    clip_range           | 0.2         |
|    entropy_loss         | -4.98       |
|    explained_variance   | 0.654       |
|    learning_rate        | 0.0003      |
|    loss                 | -0.00363    |
|    n_updates            | 1140        |
|    policy_gradient_loss | -0.0227     |
|    std                  | 0.493       |
|    value_loss           | 0.00409     |
-----------------------------------------
-----------------------------------------
| rollout/                |             |
|    ep_len_mean          | 100         |
|    ep_rew_mean          | -25.9       |
| time/                   |             |
|    fps                  | 63          |
|    iterations           | 116         |
|    time_elapsed         | 3712        |
|    total_timesteps      | 237568      |
| train/                  |             |
|    approx_kl            | 0.017820373 |
|    clip_fraction        | 0.237       |
|    clip_range           | 0.2         |
|    entropy_loss         | -4.95       |
|    explained_variance   | 0.669       |
|    learning_rate        | 0.0003      |
|    loss                 | -0.0402     |
|    n_updates            | 1150        |
|    policy_gradient_loss | -0.0221     |
|    std                  | 0.494       |
|    value_loss           | 0.00378     |
-----------------------------------------
-----------------------------------------
| rollout/                |             |
|    ep_len_mean          | 99.7        |
|    ep_rew_mean          | -25.3       |
| time/                   |             |
|    fps                  | 63          |
|    iterations           | 117         |
|    time_elapsed         | 3745        |
|    total_timesteps      | 239616      |
| train/                  |             |
|    approx_kl            | 0.017387725 |
|    clip_fraction        | 0.192       |
|    clip_range           | 0.2         |
|    entropy_loss         | -4.94       |
|    explained_variance   | 0.494       |
|    learning_rate        | 0.0003      |
|    loss                 | -0.0315     |
|    n_updates            | 1160        |
|    policy_gradient_loss | -0.02       |
|    std                  | 0.492       |
|    value_loss           | 0.00456     |
-----------------------------------------
-----------------------------------------
| rollout/                |             |
|    ep_len_mean          | 93.6        |
|    ep_rew_mean          | -22.5       |
| time/                   |             |
|    fps                  | 63          |
|    iterations           | 118         |
|    time_elapsed         | 3779        |
|    total_timesteps      | 241664      |
| train/                  |             |
|    approx_kl            | 0.020737734 |
|    clip_fraction        | 0.234       |
|    clip_range           | 0.2         |
|    entropy_loss         | -4.92       |
|    explained_variance   | 0.58        |
|    learning_rate        | 0.0003      |
|    loss                 | 0.00825     |
|    n_updates            | 1170        |
|    policy_gradient_loss | -0.0238     |
|    std                  | 0.492       |
|    value_loss           | 0.00284     |
-----------------------------------------
-----------------------------------------
| rollout/                |             |
|    ep_len_mean          | 97.2        |
|    ep_rew_mean          | -22.8       |
| time/                   |             |
|    fps                  | 63          |
|    iterations           | 119         |
|    time_elapsed         | 3812        |
|    total_timesteps      | 243712      |
| train/                  |             |
|    approx_kl            | 0.019730307 |
|    clip_fraction        | 0.234       |
|    clip_range           | 0.2         |
|    entropy_loss         | -4.88       |
|    explained_variance   | 0.666       |
|    learning_rate        | 0.0003      |
|    loss                 | -0.00828    |
|    n_updates            | 1180        |
|    policy_gradient_loss | -0.0219     |
|    std                  | 0.487       |
|    value_loss           | 0.0032      |
-----------------------------------------
-----------------------------------------
| rollout/                |             |
|    ep_len_mean          | 97          |
|    ep_rew_mean          | -22.2       |
| time/                   |             |
|    fps                  | 63          |
|    iterations           | 120         |
|    time_elapsed         | 3846        |
|    total_timesteps      | 245760      |
| train/                  |             |
|    approx_kl            | 0.020373084 |
|    clip_fraction        | 0.243       |
|    clip_range           | 0.2         |
|    entropy_loss         | -4.86       |
|    explained_variance   | 0.553       |
|    learning_rate        | 0.0003      |
|    loss                 | -0.0473     |
|    n_updates            | 1190        |
|    policy_gradient_loss | -0.0243     |
|    std                  | 0.488       |
|    value_loss           | 0.004       |
-----------------------------------------
-----------------------------------------
| rollout/                |             |
|    ep_len_mean          | 93.6        |
|    ep_rew_mean          | -19.4       |
| time/                   |             |
|    fps                  | 63          |
|    iterations           | 121         |
|    time_elapsed         | 3880        |
|    total_timesteps      | 247808      |
| train/                  |             |
|    approx_kl            | 0.018873274 |
|    clip_fraction        | 0.254       |
|    clip_range           | 0.2         |
|    entropy_loss         | -4.84       |
|    explained_variance   | 0.464       |
|    learning_rate        | 0.0003      |
|    loss                 | -0.0363     |
|    n_updates            | 1200        |
|    policy_gradient_loss | -0.0264     |
|    std                  | 0.485       |
|    value_loss           | 0.00343     |
-----------------------------------------
-----------------------------------------
| rollout/                |             |
|    ep_len_mean          | 87.9        |
|    ep_rew_mean          | -17.2       |
| time/                   |             |
|    fps                  | 63          |
|    iterations           | 122         |
|    time_elapsed         | 3914        |
|    total_timesteps      | 249856      |
| train/                  |             |
|    approx_kl            | 0.020888472 |
|    clip_fraction        | 0.27        |
|    clip_range           | 0.2         |
|    entropy_loss         | -4.78       |
|    explained_variance   | 0.492       |
|    learning_rate        | 0.0003      |
|    loss                 | -0.0433     |
|    n_updates            | 1210        |
|    policy_gradient_loss | -0.0225     |
|    std                  | 0.479       |
|    value_loss           | 0.00291     |
-----------------------------------------
-----------------------------------------
| rollout/                |             |
|    ep_len_mean          | 89.6        |
|    ep_rew_mean          | -17.5       |
| time/                   |             |
|    fps                  | 63          |
|    iterations           | 123         |
|    time_elapsed         | 3947        |
|    total_timesteps      | 251904      |
| train/                  |             |
|    approx_kl            | 0.022243174 |
|    clip_fraction        | 0.237       |
|    clip_range           | 0.2         |
|    entropy_loss         | -4.72       |
|    explained_variance   | 0.529       |
|    learning_rate        | 0.0003      |
|    loss                 | -0.033      |
|    n_updates            | 1220        |
|    policy_gradient_loss | -0.025      |
|    std                  | 0.477       |
|    value_loss           | 0.00353     |
-----------------------------------------
-----------------------------------------
| rollout/                |             |
|    ep_len_mean          | 83.9        |
|    ep_rew_mean          | -15.5       |
| time/                   |             |
|    fps                  | 63          |
|    iterations           | 124         |
|    time_elapsed         | 3981        |
|    total_timesteps      | 253952      |
| train/                  |             |
|    approx_kl            | 0.020415641 |
|    clip_fraction        | 0.256       |
|    clip_range           | 0.2         |
|    entropy_loss         | -4.68       |
|    explained_variance   | 0.495       |
|    learning_rate        | 0.0003      |
|    loss                 | -0.0366     |
|    n_updates            | 1230        |
|    policy_gradient_loss | -0.0183     |
|    std                  | 0.474       |
|    value_loss           | 0.00315     |
-----------------------------------------
----------------------------------------
| rollout/                |            |
|    ep_len_mean          | 72         |
|    ep_rew_mean          | -11.7      |
| time/                   |            |
|    fps                  | 63         |
|    iterations           | 125        |
|    time_elapsed         | 4016       |
|    total_timesteps      | 256000     |
| train/                  |            |
|    approx_kl            | 0.02018487 |
|    clip_fraction        | 0.261      |
|    clip_range           | 0.2        |
|    entropy_loss         | -4.65      |
|    explained_variance   | 0.635      |
|    learning_rate        | 0.0003     |
|    loss                 | -0.0559    |
|    n_updates            | 1240       |
|    policy_gradient_loss | -0.0249    |
|    std                  | 0.472      |
|    value_loss           | 0.00456    |
----------------------------------------
-----------------------------------------
| rollout/                |             |
|    ep_len_mean          | 77.8        |
|    ep_rew_mean          | -13         |
| time/                   |             |
|    fps                  | 63          |
|    iterations           | 126         |
|    time_elapsed         | 4049        |
|    total_timesteps      | 258048      |
| train/                  |             |
|    approx_kl            | 0.022414949 |
|    clip_fraction        | 0.264       |
|    clip_range           | 0.2         |
|    entropy_loss         | -4.6        |
|    explained_variance   | 0.552       |
|    learning_rate        | 0.0003      |
|    loss                 | -0.0103     |
|    n_updates            | 1250        |
|    policy_gradient_loss | -0.0244     |
|    std                  | 0.469       |
|    value_loss           | 0.00374     |
-----------------------------------------
-----------------------------------------
| rollout/                |             |
|    ep_len_mean          | 81          |
|    ep_rew_mean          | -14.9       |
| time/                   |             |
|    fps                  | 63          |
|    iterations           | 127         |
|    time_elapsed         | 4083        |
|    total_timesteps      | 260096      |
| train/                  |             |
|    approx_kl            | 0.021340149 |
|    clip_fraction        | 0.266       |
|    clip_range           | 0.2         |
|    entropy_loss         | -4.59       |
|    explained_variance   | 0.5         |
|    learning_rate        | 0.0003      |
|    loss                 | -0.00941    |
|    n_updates            | 1260        |
|    policy_gradient_loss | -0.0216     |
|    std                  | 0.469       |
|    value_loss           | 0.00198     |
-----------------------------------------
-----------------------------------------
| rollout/                |             |
|    ep_len_mean          | 82          |
|    ep_rew_mean          | -14.9       |
| time/                   |             |
|    fps                  | 63          |
|    iterations           | 128         |
|    time_elapsed         | 4117        |
|    total_timesteps      | 262144      |
| train/                  |             |
|    approx_kl            | 0.018665452 |
|    clip_fraction        | 0.241       |
|    clip_range           | 0.2         |
|    entropy_loss         | -4.56       |
|    explained_variance   | 0.509       |
|    learning_rate        | 0.0003      |
|    loss                 | -0.0604     |
|    n_updates            | 1270        |
|    policy_gradient_loss | -0.0207     |
|    std                  | 0.467       |
|    value_loss           | 0.00242     |
-----------------------------------------
-----------------------------------------
| rollout/                |             |
|    ep_len_mean          | 90.9        |
|    ep_rew_mean          | -18         |
| time/                   |             |
|    fps                  | 63          |
|    iterations           | 129         |
|    time_elapsed         | 4150        |
|    total_timesteps      | 264192      |
| train/                  |             |
|    approx_kl            | 0.015293505 |
|    clip_fraction        | 0.228       |
|    clip_range           | 0.2         |
|    entropy_loss         | -4.56       |
|    explained_variance   | 0.662       |
|    learning_rate        | 0.0003      |
|    loss                 | -0.0406     |
|    n_updates            | 1280        |
|    policy_gradient_loss | -0.0214     |
|    std                  | 0.467       |
|    value_loss           | 0.00283     |
-----------------------------------------
----------------------------------------
| rollout/                |            |
|    ep_len_mean          | 85.6       |
|    ep_rew_mean          | -16.5      |
| time/                   |            |
|    fps                  | 63         |
|    iterations           | 130        |
|    time_elapsed         | 4184       |
|    total_timesteps      | 266240     |
| train/                  |            |
|    approx_kl            | 0.01989418 |
|    clip_fraction        | 0.255      |
|    clip_range           | 0.2        |
|    entropy_loss         | -4.51      |
|    explained_variance   | 0.434      |
|    learning_rate        | 0.0003     |
|    loss                 | -2.39e-05  |
|    n_updates            | 1290       |
|    policy_gradient_loss | -0.0228    |
|    std                  | 0.463      |
|    value_loss           | 0.00301    |
----------------------------------------
-----------------------------------------
| rollout/                |             |
|    ep_len_mean          | 86.4        |
|    ep_rew_mean          | -18         |
| time/                   |             |
|    fps                  | 63          |
|    iterations           | 131         |
|    time_elapsed         | 4218        |
|    total_timesteps      | 268288      |
| train/                  |             |
|    approx_kl            | 0.021189082 |
|    clip_fraction        | 0.251       |
|    clip_range           | 0.2         |
|    entropy_loss         | -4.49       |
|    explained_variance   | 0.611       |
|    learning_rate        | 0.0003      |
|    loss                 | -0.00558    |
|    n_updates            | 1300        |
|    policy_gradient_loss | -0.024      |
|    std                  | 0.462       |
|    value_loss           | 0.00288     |
-----------------------------------------
-----------------------------------------
| rollout/                |             |
|    ep_len_mean          | 82.7        |
|    ep_rew_mean          | -16.8       |
| time/                   |             |
|    fps                  | 63          |
|    iterations           | 132         |
|    time_elapsed         | 4252        |
|    total_timesteps      | 270336      |
| train/                  |             |
|    approx_kl            | 0.025352582 |
|    clip_fraction        | 0.238       |
|    clip_range           | 0.2         |
|    entropy_loss         | -4.48       |
|    explained_variance   | 0.778       |
|    learning_rate        | 0.0003      |
|    loss                 | -0.0371     |
|    n_updates            | 1310        |
|    policy_gradient_loss | -0.0176     |
|    std                  | 0.462       |
|    value_loss           | 0.00326     |
-----------------------------------------
-----------------------------------------
| rollout/                |             |
|    ep_len_mean          | 85          |
|    ep_rew_mean          | -17.9       |
| time/                   |             |
|    fps                  | 63          |
|    iterations           | 133         |
|    time_elapsed         | 4286        |
|    total_timesteps      | 272384      |
| train/                  |             |
|    approx_kl            | 0.021425853 |
|    clip_fraction        | 0.261       |
|    clip_range           | 0.2         |
|    entropy_loss         | -4.45       |
|    explained_variance   | 0.784       |
|    learning_rate        | 0.0003      |
|    loss                 | -0.0702     |
|    n_updates            | 1320        |
|    policy_gradient_loss | -0.0281     |
|    std                  | 0.46        |
|    value_loss           | 0.00292     |
-----------------------------------------
-----------------------------------------
| rollout/                |             |
|    ep_len_mean          | 82.3        |
|    ep_rew_mean          | -17.2       |
| time/                   |             |
|    fps                  | 63          |
|    iterations           | 134         |
|    time_elapsed         | 4320        |
|    total_timesteps      | 274432      |
| train/                  |             |
|    approx_kl            | 0.021757174 |
|    clip_fraction        | 0.24        |
|    clip_range           | 0.2         |
|    entropy_loss         | -4.42       |
|    explained_variance   | 0.599       |
|    learning_rate        | 0.0003      |
|    loss                 | -0.03       |
|    n_updates            | 1330        |
|    policy_gradient_loss | -0.0239     |
|    std                  | 0.458       |
|    value_loss           | 0.00251     |
-----------------------------------------
-----------------------------------------
| rollout/                |             |
|    ep_len_mean          | 79.7        |
|    ep_rew_mean          | -14.2       |
| time/                   |             |
|    fps                  | 63          |
|    iterations           | 135         |
|    time_elapsed         | 4353        |
|    total_timesteps      | 276480      |
| train/                  |             |
|    approx_kl            | 0.019897446 |
|    clip_fraction        | 0.23        |
|    clip_range           | 0.2         |
|    entropy_loss         | -4.4        |
|    explained_variance   | 0.696       |
|    learning_rate        | 0.0003      |
|    loss                 | -0.00691    |
|    n_updates            | 1340        |
|    policy_gradient_loss | -0.0249     |
|    std                  | 0.458       |
|    value_loss           | 0.00345     |
-----------------------------------------
-----------------------------------------
| rollout/                |             |
|    ep_len_mean          | 82          |
|    ep_rew_mean          | -14.5       |
| time/                   |             |
|    fps                  | 63          |
|    iterations           | 136         |
|    time_elapsed         | 4387        |
|    total_timesteps      | 278528      |
| train/                  |             |
|    approx_kl            | 0.022724457 |
|    clip_fraction        | 0.242       |
|    clip_range           | 0.2         |
|    entropy_loss         | -4.38       |
|    explained_variance   | 0.704       |
|    learning_rate        | 0.0003      |
|    loss                 | -0.071      |
|    n_updates            | 1350        |
|    policy_gradient_loss | -0.0196     |
|    std                  | 0.456       |
|    value_loss           | 0.00297     |
-----------------------------------------
-----------------------------------------
| rollout/                |             |
|    ep_len_mean          | 74.8        |
|    ep_rew_mean          | -11.8       |
| time/                   |             |
|    fps                  | 63          |
|    iterations           | 137         |
|    time_elapsed         | 4421        |
|    total_timesteps      | 280576      |
| train/                  |             |
|    approx_kl            | 0.018040214 |
|    clip_fraction        | 0.264       |
|    clip_range           | 0.2         |
|    entropy_loss         | -4.35       |
|    explained_variance   | 0.649       |
|    learning_rate        | 0.0003      |
|    loss                 | -0.0531     |
|    n_updates            | 1360        |
|    policy_gradient_loss | -0.0253     |
|    std                  | 0.453       |
|    value_loss           | 0.00282     |
-----------------------------------------
-----------------------------------------
| rollout/                |             |
|    ep_len_mean          | 78.3        |
|    ep_rew_mean          | -12.7       |
| time/                   |             |
|    fps                  | 63          |
|    iterations           | 138         |
|    time_elapsed         | 4455        |
|    total_timesteps      | 282624      |
| train/                  |             |
|    approx_kl            | 0.022034407 |
|    clip_fraction        | 0.275       |
|    clip_range           | 0.2         |
|    entropy_loss         | -4.31       |
|    explained_variance   | 0.572       |
|    learning_rate        | 0.0003      |
|    loss                 | -0.0473     |
|    n_updates            | 1370        |
|    policy_gradient_loss | -0.0257     |
|    std                  | 0.451       |
|    value_loss           | 0.00337     |
-----------------------------------------
----------------------------------------
| rollout/                |            |
|    ep_len_mean          | 70         |
|    ep_rew_mean          | -11.6      |
| time/                   |            |
|    fps                  | 63         |
|    iterations           | 139        |
|    time_elapsed         | 4489       |
|    total_timesteps      | 284672     |
| train/                  |            |
|    approx_kl            | 0.02225435 |
|    clip_fraction        | 0.271      |
|    clip_range           | 0.2        |
|    entropy_loss         | -4.29      |
|    explained_variance   | 0.678      |
|    learning_rate        | 0.0003     |
|    loss                 | -0.0354    |
|    n_updates            | 1380       |
|    policy_gradient_loss | -0.0265    |
|    std                  | 0.451      |
|    value_loss           | 0.00248    |
----------------------------------------
-----------------------------------------
| rollout/                |             |
|    ep_len_mean          | 71.8        |
|    ep_rew_mean          | -12.2       |
| time/                   |             |
|    fps                  | 63          |
|    iterations           | 140         |
|    time_elapsed         | 4523        |
|    total_timesteps      | 286720      |
| train/                  |             |
|    approx_kl            | 0.020955123 |
|    clip_fraction        | 0.266       |
|    clip_range           | 0.2         |
|    entropy_loss         | -4.28       |
|    explained_variance   | 0.779       |
|    learning_rate        | 0.0003      |
|    loss                 | -0.00839    |
|    n_updates            | 1390        |
|    policy_gradient_loss | -0.0237     |
|    std                  | 0.45        |
|    value_loss           | 0.00348     |
-----------------------------------------
-----------------------------------------
| rollout/                |             |
|    ep_len_mean          | 73          |
|    ep_rew_mean          | -12.1       |
| time/                   |             |
|    fps                  | 63          |
|    iterations           | 141         |
|    time_elapsed         | 4557        |
|    total_timesteps      | 288768      |
| train/                  |             |
|    approx_kl            | 0.022779252 |
|    clip_fraction        | 0.268       |
|    clip_range           | 0.2         |
|    entropy_loss         | -4.26       |
|    explained_variance   | 0.829       |
|    learning_rate        | 0.0003      |
|    loss                 | -0.0236     |
|    n_updates            | 1400        |
|    policy_gradient_loss | -0.0271     |
|    std                  | 0.449       |
|    value_loss           | 0.00305     |
-----------------------------------------
-----------------------------------------
| rollout/                |             |
|    ep_len_mean          | 71.1        |
|    ep_rew_mean          | -10.7       |
| time/                   |             |
|    fps                  | 63          |
|    iterations           | 142         |
|    time_elapsed         | 4591        |
|    total_timesteps      | 290816      |
| train/                  |             |
|    approx_kl            | 0.019088123 |
|    clip_fraction        | 0.242       |
|    clip_range           | 0.2         |
|    entropy_loss         | -4.25       |
|    explained_variance   | 0.61        |
|    learning_rate        | 0.0003      |
|    loss                 | -0.0647     |
|    n_updates            | 1410        |
|    policy_gradient_loss | -0.0282     |
|    std                  | 0.449       |
|    value_loss           | 0.00312     |
-----------------------------------------
-----------------------------------------
| rollout/                |             |
|    ep_len_mean          | 66.6        |
|    ep_rew_mean          | -9.62       |
| time/                   |             |
|    fps                  | 63          |
|    iterations           | 143         |
|    time_elapsed         | 4626        |
|    total_timesteps      | 292864      |
| train/                  |             |
|    approx_kl            | 0.024001399 |
|    clip_fraction        | 0.248       |
|    clip_range           | 0.2         |
|    entropy_loss         | -4.23       |
|    explained_variance   | 0.677       |
|    learning_rate        | 0.0003      |
|    loss                 | -0.0297     |
|    n_updates            | 1420        |
|    policy_gradient_loss | -0.0273     |
|    std                  | 0.446       |
|    value_loss           | 0.00305     |
-----------------------------------------
-----------------------------------------
| rollout/                |             |
|    ep_len_mean          | 67.6        |
|    ep_rew_mean          | -9.82       |
| time/                   |             |
|    fps                  | 63          |
|    iterations           | 144         |
|    time_elapsed         | 4660        |
|    total_timesteps      | 294912      |
| train/                  |             |
|    approx_kl            | 0.020407245 |
|    clip_fraction        | 0.235       |
|    clip_range           | 0.2         |
|    entropy_loss         | -4.17       |
|    explained_variance   | 0.748       |
|    learning_rate        | 0.0003      |
|    loss                 | -0.0113     |
|    n_updates            | 1430        |
|    policy_gradient_loss | -0.0216     |
|    std                  | 0.442       |
|    value_loss           | 0.00283     |
-----------------------------------------
-----------------------------------------
| rollout/                |             |
|    ep_len_mean          | 59.7        |
|    ep_rew_mean          | -7.88       |
| time/                   |             |
|    fps                  | 63          |
|    iterations           | 145         |
|    time_elapsed         | 4695        |
|    total_timesteps      | 296960      |
| train/                  |             |
|    approx_kl            | 0.018974178 |
|    clip_fraction        | 0.213       |
|    clip_range           | 0.2         |
|    entropy_loss         | -4.13       |
|    explained_variance   | 0.508       |
|    learning_rate        | 0.0003      |
|    loss                 | -0.0195     |
|    n_updates            | 1440        |
|    policy_gradient_loss | -0.0222     |
|    std                  | 0.441       |
|    value_loss           | 0.00302     |
-----------------------------------------
----------------------------------------
| rollout/                |            |
|    ep_len_mean          | 58.3       |
|    ep_rew_mean          | -6.81      |
| time/                   |            |
|    fps                  | 63         |
|    iterations           | 146        |
|    time_elapsed         | 4730       |
|    total_timesteps      | 299008     |
| train/                  |            |
|    approx_kl            | 0.01949253 |
|    clip_fraction        | 0.245      |
|    clip_range           | 0.2        |
|    entropy_loss         | -4.12      |
|    explained_variance   | 0.778      |
|    learning_rate        | 0.0003     |
|    loss                 | -0.000106  |
|    n_updates            | 1450       |
|    policy_gradient_loss | -0.0231    |
|    std                  | 0.44       |
|    value_loss           | 0.00385    |
----------------------------------------
-----------------------------------------
| rollout/                |             |
|    ep_len_mean          | 61.1        |
|    ep_rew_mean          | -8.28       |
| time/                   |             |
|    fps                  | 63          |
|    iterations           | 147         |
|    time_elapsed         | 4763        |
|    total_timesteps      | 301056      |
| train/                  |             |
|    approx_kl            | 0.021237135 |
|    clip_fraction        | 0.278       |
|    clip_range           | 0.2         |
|    entropy_loss         | -4.11       |
|    explained_variance   | 0.687       |
|    learning_rate        | 0.0003      |
|    loss                 | -0.00768    |
|    n_updates            | 1460        |
|    policy_gradient_loss | -0.0233     |
|    std                  | 0.441       |
|    value_loss           | 0.00367     |
-----------------------------------------
-----------------------------------------
| rollout/                |             |
|    ep_len_mean          | 68          |
|    ep_rew_mean          | -10.2       |
| time/                   |             |
|    fps                  | 63          |
|    iterations           | 148         |
|    time_elapsed         | 4797        |
|    total_timesteps      | 303104      |
| train/                  |             |
|    approx_kl            | 0.017196687 |
|    clip_fraction        | 0.238       |
|    clip_range           | 0.2         |
|    entropy_loss         | -4.11       |
|    explained_variance   | 0.798       |
|    learning_rate        | 0.0003      |
|    loss                 | -0.0241     |
|    n_updates            | 1470        |
|    policy_gradient_loss | -0.0215     |
|    std                  | 0.439       |
|    value_loss           | 0.00233     |
-----------------------------------------
-----------------------------------------
| rollout/                |             |
|    ep_len_mean          | 64.3        |
|    ep_rew_mean          | -9.04       |
| time/                   |             |
|    fps                  | 63          |
|    iterations           | 149         |
|    time_elapsed         | 4832        |
|    total_timesteps      | 305152      |
| train/                  |             |
|    approx_kl            | 0.022545114 |
|    clip_fraction        | 0.267       |
|    clip_range           | 0.2         |
|    entropy_loss         | -4.08       |
|    explained_variance   | 0.785       |
|    learning_rate        | 0.0003      |
|    loss                 | -0.029      |
|    n_updates            | 1480        |
|    policy_gradient_loss | -0.0226     |
|    std                  | 0.437       |
|    value_loss           | 0.00413     |
-----------------------------------------
-----------------------------------------
| rollout/                |             |
|    ep_len_mean          | 59          |
|    ep_rew_mean          | -8          |
| time/                   |             |
|    fps                  | 63          |
|    iterations           | 150         |
|    time_elapsed         | 4867        |
|    total_timesteps      | 307200      |
| train/                  |             |
|    approx_kl            | 0.022324765 |
|    clip_fraction        | 0.25        |
|    clip_range           | 0.2         |
|    entropy_loss         | -4.04       |
|    explained_variance   | 0.72        |
|    learning_rate        | 0.0003      |
|    loss                 | -0.0039     |
|    n_updates            | 1490        |
|    policy_gradient_loss | -0.0249     |
|    std                  | 0.435       |
|    value_loss           | 0.00377     |
-----------------------------------------
-----------------------------------------
| rollout/                |             |
|    ep_len_mean          | 59.6        |
|    ep_rew_mean          | -7.89       |
| time/                   |             |
|    fps                  | 63          |
|    iterations           | 151         |
|    time_elapsed         | 4902        |
|    total_timesteps      | 309248      |
| train/                  |             |
|    approx_kl            | 0.018491186 |
|    clip_fraction        | 0.253       |
|    clip_range           | 0.2         |
|    entropy_loss         | -4.02       |
|    explained_variance   | 0.807       |
|    learning_rate        | 0.0003      |
|    loss                 | -0.0353     |
|    n_updates            | 1500        |
|    policy_gradient_loss | -0.023      |
|    std                  | 0.434       |
|    value_loss           | 0.00281     |
-----------------------------------------
-----------------------------------------
| rollout/                |             |
|    ep_len_mean          | 56.3        |
|    ep_rew_mean          | -5.97       |
| time/                   |             |
|    fps                  | 63          |
|    iterations           | 152         |
|    time_elapsed         | 4936        |
|    total_timesteps      | 311296      |
| train/                  |             |
|    approx_kl            | 0.023002282 |
|    clip_fraction        | 0.28        |
|    clip_range           | 0.2         |
|    entropy_loss         | -4.02       |
|    explained_variance   | 0.609       |
|    learning_rate        | 0.0003      |
|    loss                 | -0.0281     |
|    n_updates            | 1510        |
|    policy_gradient_loss | -0.0288     |
|    std                  | 0.434       |
|    value_loss           | 0.00303     |
-----------------------------------------
-----------------------------------------
| rollout/                |             |
|    ep_len_mean          | 64.7        |
|    ep_rew_mean          | -9.15       |
| time/                   |             |
|    fps                  | 63          |
|    iterations           | 153         |
|    time_elapsed         | 4970        |
|    total_timesteps      | 313344      |
| train/                  |             |
|    approx_kl            | 0.017919209 |
|    clip_fraction        | 0.246       |
|    clip_range           | 0.2         |
|    entropy_loss         | -3.97       |
|    explained_variance   | 0.742       |
|    learning_rate        | 0.0003      |
|    loss                 | -0.0484     |
|    n_updates            | 1520        |
|    policy_gradient_loss | -0.0194     |
|    std                  | 0.43        |
|    value_loss           | 0.00299     |
-----------------------------------------
-----------------------------------------
| rollout/                |             |
|    ep_len_mean          | 66.6        |
|    ep_rew_mean          | -9.34       |
| time/                   |             |
|    fps                  | 63          |
|    iterations           | 154         |
|    time_elapsed         | 5004        |
|    total_timesteps      | 315392      |
| train/                  |             |
|    approx_kl            | 0.020387355 |
|    clip_fraction        | 0.252       |
|    clip_range           | 0.2         |
|    entropy_loss         | -3.92       |
|    explained_variance   | 0.819       |
|    learning_rate        | 0.0003      |
|    loss                 | -0.0605     |
|    n_updates            | 1530        |
|    policy_gradient_loss | -0.0243     |
|    std                  | 0.427       |
|    value_loss           | 0.00233     |
-----------------------------------------
-----------------------------------------
| rollout/                |             |
|    ep_len_mean          | 64.7        |
|    ep_rew_mean          | -8.24       |
| time/                   |             |
|    fps                  | 62          |
|    iterations           | 155         |
|    time_elapsed         | 5040        |
|    total_timesteps      | 317440      |
| train/                  |             |
|    approx_kl            | 0.021564284 |
|    clip_fraction        | 0.248       |
|    clip_range           | 0.2         |
|    entropy_loss         | -3.88       |
|    explained_variance   | 0.655       |
|    learning_rate        | 0.0003      |
|    loss                 | -0.0321     |
|    n_updates            | 1540        |
|    policy_gradient_loss | -0.0232     |
|    std                  | 0.425       |
|    value_loss           | 0.00234     |
-----------------------------------------
-----------------------------------------
| rollout/                |             |
|    ep_len_mean          | 55          |
|    ep_rew_mean          | -5.2        |
| time/                   |             |
|    fps                  | 62          |
|    iterations           | 156         |
|    time_elapsed         | 5075        |
|    total_timesteps      | 319488      |
| train/                  |             |
|    approx_kl            | 0.020722063 |
|    clip_fraction        | 0.258       |
|    clip_range           | 0.2         |
|    entropy_loss         | -3.85       |
|    explained_variance   | 0.81        |
|    learning_rate        | 0.0003      |
|    loss                 | -0.0222     |
|    n_updates            | 1550        |
|    policy_gradient_loss | -0.022      |
|    std                  | 0.423       |
|    value_loss           | 0.00302     |
-----------------------------------------
-----------------------------------------
| rollout/                |             |
|    ep_len_mean          | 59.3        |
|    ep_rew_mean          | -6.61       |
| time/                   |             |
|    fps                  | 62          |
|    iterations           | 157         |
|    time_elapsed         | 5108        |
|    total_timesteps      | 321536      |
| train/                  |             |
|    approx_kl            | 0.021869116 |
|    clip_fraction        | 0.265       |
|    clip_range           | 0.2         |
|    entropy_loss         | -3.83       |
|    explained_variance   | 0.724       |
|    learning_rate        | 0.0003      |
|    loss                 | -0.025      |
|    n_updates            | 1560        |
|    policy_gradient_loss | -0.0177     |
|    std                  | 0.422       |
|    value_loss           | 0.00347     |
-----------------------------------------
-----------------------------------------
| rollout/                |             |
|    ep_len_mean          | 61.6        |
|    ep_rew_mean          | -7.45       |
| time/                   |             |
|    fps                  | 62          |
|    iterations           | 158         |
|    time_elapsed         | 5143        |
|    total_timesteps      | 323584      |
| train/                  |             |
|    approx_kl            | 0.025450766 |
|    clip_fraction        | 0.266       |
|    clip_range           | 0.2         |
|    entropy_loss         | -3.81       |
|    explained_variance   | 0.782       |
|    learning_rate        | 0.0003      |
|    loss                 | -0.0215     |
|    n_updates            | 1570        |
|    policy_gradient_loss | -0.0293     |
|    std                  | 0.42        |
|    value_loss           | 0.00261     |
-----------------------------------------
----------------------------------------
| rollout/                |            |
|    ep_len_mean          | 62         |
|    ep_rew_mean          | -6.54      |
| time/                   |            |
|    fps                  | 62         |
|    iterations           | 159        |
|    time_elapsed         | 5178       |
|    total_timesteps      | 325632     |
| train/                  |            |
|    approx_kl            | 0.01946909 |
|    clip_fraction        | 0.267      |
|    clip_range           | 0.2        |
|    entropy_loss         | -3.75      |
|    explained_variance   | 0.652      |
|    learning_rate        | 0.0003     |
|    loss                 | -0.0367    |
|    n_updates            | 1580       |
|    policy_gradient_loss | -0.022     |
|    std                  | 0.416      |
|    value_loss           | 0.0044     |
----------------------------------------
-----------------------------------------
| rollout/                |             |
|    ep_len_mean          | 58.2        |
|    ep_rew_mean          | -6.02       |
| time/                   |             |
|    fps                  | 62          |
|    iterations           | 160         |
|    time_elapsed         | 5212        |
|    total_timesteps      | 327680      |
| train/                  |             |
|    approx_kl            | 0.020043485 |
|    clip_fraction        | 0.247       |
|    clip_range           | 0.2         |
|    entropy_loss         | -3.7        |
|    explained_variance   | 0.814       |
|    learning_rate        | 0.0003      |
|    loss                 | -0.0243     |
|    n_updates            | 1590        |
|    policy_gradient_loss | -0.0219     |
|    std                  | 0.414       |
|    value_loss           | 0.00259     |
-----------------------------------------
----------------------------------------
| rollout/                |            |
|    ep_len_mean          | 63         |
|    ep_rew_mean          | -7.51      |
| time/                   |            |
|    fps                  | 62         |
|    iterations           | 161        |
|    time_elapsed         | 5246       |
|    total_timesteps      | 329728     |
| train/                  |            |
|    approx_kl            | 0.02494187 |
|    clip_fraction        | 0.27       |
|    clip_range           | 0.2        |
|    entropy_loss         | -3.67      |
|    explained_variance   | 0.873      |
|    learning_rate        | 0.0003     |
|    loss                 | -0.00874   |
|    n_updates            | 1600       |
|    policy_gradient_loss | -0.0202    |
|    std                  | 0.412      |
|    value_loss           | 0.00345    |
----------------------------------------
-----------------------------------------
| rollout/                |             |
|    ep_len_mean          | 63.6        |
|    ep_rew_mean          | -7.88       |
| time/                   |             |
|    fps                  | 62          |
|    iterations           | 162         |
|    time_elapsed         | 5281        |
|    total_timesteps      | 331776      |
| train/                  |             |
|    approx_kl            | 0.026053539 |
|    clip_fraction        | 0.265       |
|    clip_range           | 0.2         |
|    entropy_loss         | -3.63       |
|    explained_variance   | 0.717       |
|    learning_rate        | 0.0003      |
|    loss                 | -0.0463     |
|    n_updates            | 1610        |
|    policy_gradient_loss | -0.0255     |
|    std                  | 0.409       |
|    value_loss           | 0.00294     |
-----------------------------------------
-----------------------------------------
| rollout/                |             |
|    ep_len_mean          | 53.7        |
|    ep_rew_mean          | -5.58       |
| time/                   |             |
|    fps                  | 62          |
|    iterations           | 163         |
|    time_elapsed         | 5316        |
|    total_timesteps      | 333824      |
| train/                  |             |
|    approx_kl            | 0.023221418 |
|    clip_fraction        | 0.262       |
|    clip_range           | 0.2         |
|    entropy_loss         | -3.57       |
|    explained_variance   | 0.711       |
|    learning_rate        | 0.0003      |
|    loss                 | -0.0475     |
|    n_updates            | 1620        |
|    policy_gradient_loss | -0.0242     |
|    std                  | 0.406       |
|    value_loss           | 0.00287     |
-----------------------------------------
-----------------------------------------
| rollout/                |             |
|    ep_len_mean          | 53.8        |
|    ep_rew_mean          | -5.69       |
| time/                   |             |
|    fps                  | 62          |
|    iterations           | 164         |
|    time_elapsed         | 5350        |
|    total_timesteps      | 335872      |
| train/                  |             |
|    approx_kl            | 0.023601204 |
|    clip_fraction        | 0.272       |
|    clip_range           | 0.2         |
|    entropy_loss         | -3.53       |
|    explained_variance   | 0.9         |
|    learning_rate        | 0.0003      |
|    loss                 | -0.0599     |
|    n_updates            | 1630        |
|    policy_gradient_loss | -0.0263     |
|    std                  | 0.403       |
|    value_loss           | 0.00461     |
-----------------------------------------
-----------------------------------------
| rollout/                |             |
|    ep_len_mean          | 52.7        |
|    ep_rew_mean          | -5.74       |
| time/                   |             |
|    fps                  | 62          |
|    iterations           | 165         |
|    time_elapsed         | 5386        |
|    total_timesteps      | 337920      |
| train/                  |             |
|    approx_kl            | 0.024412781 |
|    clip_fraction        | 0.261       |
|    clip_range           | 0.2         |
|    entropy_loss         | -3.5        |
|    explained_variance   | 0.844       |
|    learning_rate        | 0.0003      |
|    loss                 | -0.0449     |
|    n_updates            | 1640        |
|    policy_gradient_loss | -0.0223     |
|    std                  | 0.402       |
|    value_loss           | 0.00335     |
-----------------------------------------
-----------------------------------------
| rollout/                |             |
|    ep_len_mean          | 39.6        |
|    ep_rew_mean          | 0.0312      |
| time/                   |             |
|    fps                  | 62          |
|    iterations           | 166         |
|    time_elapsed         | 5422        |
|    total_timesteps      | 339968      |
| train/                  |             |
|    approx_kl            | 0.022382833 |
|    clip_fraction        | 0.267       |
|    clip_range           | 0.2         |
|    entropy_loss         | -3.47       |
|    explained_variance   | 0.784       |
|    learning_rate        | 0.0003      |
|    loss                 | -0.0196     |
|    n_updates            | 1650        |
|    policy_gradient_loss | -0.0197     |
|    std                  | 0.401       |
|    value_loss           | 0.00489     |
-----------------------------------------
-----------------------------------------
| rollout/                |             |
|    ep_len_mean          | 39.4        |
|    ep_rew_mean          | 0.31        |
| time/                   |             |
|    fps                  | 62          |
|    iterations           | 167         |
|    time_elapsed         | 5458        |
|    total_timesteps      | 342016      |
| train/                  |             |
|    approx_kl            | 0.021945361 |
|    clip_fraction        | 0.245       |
|    clip_range           | 0.2         |
|    entropy_loss         | -3.46       |
|    explained_variance   | 0.716       |
|    learning_rate        | 0.0003      |
|    loss                 | -0.0305     |
|    n_updates            | 1660        |
|    policy_gradient_loss | -0.0214     |
|    std                  | 0.4         |
|    value_loss           | 0.00301     |
-----------------------------------------
-----------------------------------------
| rollout/                |             |
|    ep_len_mean          | 47.1        |
|    ep_rew_mean          | -2.13       |
| time/                   |             |
|    fps                  | 62          |
|    iterations           | 168         |
|    time_elapsed         | 5493        |
|    total_timesteps      | 344064      |
| train/                  |             |
|    approx_kl            | 0.023824213 |
|    clip_fraction        | 0.269       |
|    clip_range           | 0.2         |
|    entropy_loss         | -3.41       |
|    explained_variance   | 0.772       |
|    learning_rate        | 0.0003      |
|    loss                 | -0.0175     |
|    n_updates            | 1670        |
|    policy_gradient_loss | -0.0221     |
|    std                  | 0.397       |
|    value_loss           | 0.00301     |
-----------------------------------------
----------------------------------------
| rollout/                |            |
|    ep_len_mean          | 42.6       |
|    ep_rew_mean          | -0.839     |
| time/                   |            |
|    fps                  | 62         |
|    iterations           | 169        |
|    time_elapsed         | 5529       |
|    total_timesteps      | 346112     |
| train/                  |            |
|    approx_kl            | 0.02107371 |
|    clip_fraction        | 0.275      |
|    clip_range           | 0.2        |
|    entropy_loss         | -3.37      |
|    explained_variance   | 0.819      |
|    learning_rate        | 0.0003     |
|    loss                 | -0.0331    |
|    n_updates            | 1680       |
|    policy_gradient_loss | -0.0231    |
|    std                  | 0.395      |
|    value_loss           | 0.00359    |
----------------------------------------
-----------------------------------------
| rollout/                |             |
|    ep_len_mean          | 34.7        |
|    ep_rew_mean          | 1.42        |
| time/                   |             |
|    fps                  | 62          |
|    iterations           | 170         |
|    time_elapsed         | 5565        |
|    total_timesteps      | 348160      |
| train/                  |             |
|    approx_kl            | 0.023842186 |
|    clip_fraction        | 0.26        |
|    clip_range           | 0.2         |
|    entropy_loss         | -3.35       |
|    explained_variance   | 0.863       |
|    learning_rate        | 0.0003      |
|    loss                 | -0.0425     |
|    n_updates            | 1690        |
|    policy_gradient_loss | -0.0222     |
|    std                  | 0.395       |
|    value_loss           | 0.00222     |
-----------------------------------------
-----------------------------------------
| rollout/                |             |
|    ep_len_mean          | 41          |
|    ep_rew_mean          | -0.992      |
| time/                   |             |
|    fps                  | 62          |
|    iterations           | 171         |
|    time_elapsed         | 5600        |
|    total_timesteps      | 350208      |
| train/                  |             |
|    approx_kl            | 0.026600767 |
|    clip_fraction        | 0.288       |
|    clip_range           | 0.2         |
|    entropy_loss         | -3.33       |
|    explained_variance   | 0.743       |
|    learning_rate        | 0.0003      |
|    loss                 | -0.00614    |
|    n_updates            | 1700        |
|    policy_gradient_loss | -0.025      |
|    std                  | 0.393       |
|    value_loss           | 0.00189     |
-----------------------------------------
-----------------------------------------
| rollout/                |             |
|    ep_len_mean          | 44.5        |
|    ep_rew_mean          | -1.87       |
| time/                   |             |
|    fps                  | 62          |
|    iterations           | 172         |
|    time_elapsed         | 5635        |
|    total_timesteps      | 352256      |
| train/                  |             |
|    approx_kl            | 0.029463798 |
|    clip_fraction        | 0.321       |
|    clip_range           | 0.2         |
|    entropy_loss         | -3.29       |
|    explained_variance   | 0.736       |
|    learning_rate        | 0.0003      |
|    loss                 | -0.0163     |
|    n_updates            | 1710        |
|    policy_gradient_loss | -0.0196     |
|    std                  | 0.39        |
|    value_loss           | 0.00323     |
-----------------------------------------
-----------------------------------------
| rollout/                |             |
|    ep_len_mean          | 52          |
|    ep_rew_mean          | -3.54       |
| time/                   |             |
|    fps                  | 62          |
|    iterations           | 173         |
|    time_elapsed         | 5670        |
|    total_timesteps      | 354304      |
| train/                  |             |
|    approx_kl            | 0.025042724 |
|    clip_fraction        | 0.286       |
|    clip_range           | 0.2         |
|    entropy_loss         | -3.26       |
|    explained_variance   | 0.659       |
|    learning_rate        | 0.0003      |
|    loss                 | -0.026      |
|    n_updates            | 1720        |
|    policy_gradient_loss | -0.0241     |
|    std                  | 0.389       |
|    value_loss           | 0.00266     |
-----------------------------------------
----------------------------------------
| rollout/                |            |
|    ep_len_mean          | 44.8       |
|    ep_rew_mean          | -1.7       |
| time/                   |            |
|    fps                  | 62         |
|    iterations           | 174        |
|    time_elapsed         | 5706       |
|    total_timesteps      | 356352     |
| train/                  |            |
|    approx_kl            | 0.02455562 |
|    clip_fraction        | 0.28       |
|    clip_range           | 0.2        |
|    entropy_loss         | -3.23      |
|    explained_variance   | 0.817      |
|    learning_rate        | 0.0003     |
|    loss                 | -0.056     |
|    n_updates            | 1730       |
|    policy_gradient_loss | -0.021     |
|    std                  | 0.387      |
|    value_loss           | 0.00232    |
----------------------------------------
-----------------------------------------
| rollout/                |             |
|    ep_len_mean          | 39.1        |
|    ep_rew_mean          | -0.902      |
| time/                   |             |
|    fps                  | 62          |
|    iterations           | 175         |
|    time_elapsed         | 5742        |
|    total_timesteps      | 358400      |
| train/                  |             |
|    approx_kl            | 0.025844406 |
|    clip_fraction        | 0.283       |
|    clip_range           | 0.2         |
|    entropy_loss         | -3.17       |
|    explained_variance   | 0.818       |
|    learning_rate        | 0.0003      |
|    loss                 | -0.0352     |
|    n_updates            | 1740        |
|    policy_gradient_loss | -0.0236     |
|    std                  | 0.383       |
|    value_loss           | 0.00285     |
-----------------------------------------
----------------------------------------
| rollout/                |            |
|    ep_len_mean          | 37.8       |
|    ep_rew_mean          | 0.0709     |
| time/                   |            |
|    fps                  | 62         |
|    iterations           | 176        |
|    time_elapsed         | 5778       |
|    total_timesteps      | 360448     |
| train/                  |            |
|    approx_kl            | 0.02613335 |
|    clip_fraction        | 0.283      |
|    clip_range           | 0.2        |
|    entropy_loss         | -3.13      |
|    explained_variance   | 0.904      |
|    learning_rate        | 0.0003     |
|    loss                 | -0.0191    |
|    n_updates            | 1750       |
|    policy_gradient_loss | -0.0245    |
|    std                  | 0.381      |
|    value_loss           | 0.00328    |
----------------------------------------
-----------------------------------------
| rollout/                |             |
|    ep_len_mean          | 39.3        |
|    ep_rew_mean          | 0.268       |
| time/                   |             |
|    fps                  | 62          |
|    iterations           | 177         |
|    time_elapsed         | 5814        |
|    total_timesteps      | 362496      |
| train/                  |             |
|    approx_kl            | 0.031380497 |
|    clip_fraction        | 0.32        |
|    clip_range           | 0.2         |
|    entropy_loss         | -3.1        |
|    explained_variance   | 0.788       |
|    learning_rate        | 0.0003      |
|    loss                 | -0.0204     |
|    n_updates            | 1760        |
|    policy_gradient_loss | -0.023      |
|    std                  | 0.379       |
|    value_loss           | 0.00404     |
-----------------------------------------
-----------------------------------------
| rollout/                |             |
|    ep_len_mean          | 40.5        |
|    ep_rew_mean          | 0.267       |
| time/                   |             |
|    fps                  | 62          |
|    iterations           | 178         |
|    time_elapsed         | 5850        |
|    total_timesteps      | 364544      |
| train/                  |             |
|    approx_kl            | 0.023842432 |
|    clip_fraction        | 0.273       |
|    clip_range           | 0.2         |
|    entropy_loss         | -3.08       |
|    explained_variance   | 0.798       |
|    learning_rate        | 0.0003      |
|    loss                 | -0.0451     |
|    n_updates            | 1770        |
|    policy_gradient_loss | -0.0199     |
|    std                  | 0.379       |
|    value_loss           | 0.00267     |
-----------------------------------------
----------------------------------------
| rollout/                |            |
|    ep_len_mean          | 34         |
|    ep_rew_mean          | 1.26       |
| time/                   |            |
|    fps                  | 62         |
|    iterations           | 179        |
|    time_elapsed         | 5888       |
|    total_timesteps      | 366592     |
| train/                  |            |
|    approx_kl            | 0.02072879 |
|    clip_fraction        | 0.282      |
|    clip_range           | 0.2        |
|    entropy_loss         | -3.06      |
|    explained_variance   | 0.85       |
|    learning_rate        | 0.0003     |
|    loss                 | -0.008     |
|    n_updates            | 1780       |
|    policy_gradient_loss | -0.0244    |
|    std                  | 0.377      |
|    value_loss           | 0.00256    |
----------------------------------------
-----------------------------------------
| rollout/                |             |
|    ep_len_mean          | 30.6        |
|    ep_rew_mean          | 2.44        |
| time/                   |             |
|    fps                  | 62          |
|    iterations           | 180         |
|    time_elapsed         | 5924        |
|    total_timesteps      | 368640      |
| train/                  |             |
|    approx_kl            | 0.025004772 |
|    clip_fraction        | 0.29        |
|    clip_range           | 0.2         |
|    entropy_loss         | -3.01       |
|    explained_variance   | 0.884       |
|    learning_rate        | 0.0003      |
|    loss                 | -0.0237     |
|    n_updates            | 1790        |
|    policy_gradient_loss | -0.0181     |
|    std                  | 0.375       |
|    value_loss           | 0.00351     |
-----------------------------------------
-----------------------------------------
| rollout/                |             |
|    ep_len_mean          | 32.1        |
|    ep_rew_mean          | 2.53        |
| time/                   |             |
|    fps                  | 62          |
|    iterations           | 181         |
|    time_elapsed         | 5961        |
|    total_timesteps      | 370688      |
| train/                  |             |
|    approx_kl            | 0.029320175 |
|    clip_fraction        | 0.291       |
|    clip_range           | 0.2         |
|    entropy_loss         | -2.98       |
|    explained_variance   | 0.79        |
|    learning_rate        | 0.0003      |
|    loss                 | -0.0365     |
|    n_updates            | 1800        |
|    policy_gradient_loss | -0.0302     |
|    std                  | 0.374       |
|    value_loss           | 0.00241     |
-----------------------------------------
-----------------------------------------
| rollout/                |             |
|    ep_len_mean          | 30.4        |
|    ep_rew_mean          | 2.74        |
| time/                   |             |
|    fps                  | 62          |
|    iterations           | 182         |
|    time_elapsed         | 5998        |
|    total_timesteps      | 372736      |
| train/                  |             |
|    approx_kl            | 0.031253215 |
|    clip_fraction        | 0.293       |
|    clip_range           | 0.2         |
|    entropy_loss         | -2.96       |
|    explained_variance   | 0.841       |
|    learning_rate        | 0.0003      |
|    loss                 | -0.0289     |
|    n_updates            | 1810        |
|    policy_gradient_loss | -0.0221     |
|    std                  | 0.373       |
|    value_loss           | 0.00242     |
-----------------------------------------
-----------------------------------------
| rollout/                |             |
|    ep_len_mean          | 36.1        |
|    ep_rew_mean          | 0.95        |
| time/                   |             |
|    fps                  | 62          |
|    iterations           | 183         |
|    time_elapsed         | 6033        |
|    total_timesteps      | 374784      |
| train/                  |             |
|    approx_kl            | 0.026430842 |
|    clip_fraction        | 0.28        |
|    clip_range           | 0.2         |
|    entropy_loss         | -2.92       |
|    explained_variance   | 0.833       |
|    learning_rate        | 0.0003      |
|    loss                 | 0.00135     |
|    n_updates            | 1820        |
|    policy_gradient_loss | -0.0183     |
|    std                  | 0.37        |
|    value_loss           | 0.00191     |
-----------------------------------------
-----------------------------------------
| rollout/                |             |
|    ep_len_mean          | 38.8        |
|    ep_rew_mean          | 0.831       |
| time/                   |             |
|    fps                  | 62          |
|    iterations           | 184         |
|    time_elapsed         | 6071        |
|    total_timesteps      | 376832      |
| train/                  |             |
|    approx_kl            | 0.020812871 |
|    clip_fraction        | 0.262       |
|    clip_range           | 0.2         |
|    entropy_loss         | -2.88       |
|    explained_variance   | 0.854       |
|    learning_rate        | 0.0003      |
|    loss                 | -0.0457     |
|    n_updates            | 1830        |
|    policy_gradient_loss | -0.0174     |
|    std                  | 0.368       |
|    value_loss           | 0.00209     |
-----------------------------------------
-----------------------------------------
| rollout/                |             |
|    ep_len_mean          | 30.4        |
|    ep_rew_mean          | 3.02        |
| time/                   |             |
|    fps                  | 62          |
|    iterations           | 185         |
|    time_elapsed         | 6107        |
|    total_timesteps      | 378880      |
| train/                  |             |
|    approx_kl            | 0.023705093 |
|    clip_fraction        | 0.286       |
|    clip_range           | 0.2         |
|    entropy_loss         | -2.84       |
|    explained_variance   | 0.82        |
|    learning_rate        | 0.0003      |
|    loss                 | -0.0246     |
|    n_updates            | 1840        |
|    policy_gradient_loss | -0.0214     |
|    std                  | 0.366       |
|    value_loss           | 0.00212     |
-----------------------------------------
-----------------------------------------
| rollout/                |             |
|    ep_len_mean          | 28.6        |
|    ep_rew_mean          | 3.63        |
| time/                   |             |
|    fps                  | 61          |
|    iterations           | 186         |
|    time_elapsed         | 6144        |
|    total_timesteps      | 380928      |
| train/                  |             |
|    approx_kl            | 0.020811977 |
|    clip_fraction        | 0.287       |
|    clip_range           | 0.2         |
|    entropy_loss         | -2.82       |
|    explained_variance   | 0.854       |
|    learning_rate        | 0.0003      |
|    loss                 | -0.0486     |
|    n_updates            | 1850        |
|    policy_gradient_loss | -0.0193     |
|    std                  | 0.366       |
|    value_loss           | 0.00304     |
-----------------------------------------
-----------------------------------------
| rollout/                |             |
|    ep_len_mean          | 29.9        |
|    ep_rew_mean          | 3.38        |
| time/                   |             |
|    fps                  | 61          |
|    iterations           | 187         |
|    time_elapsed         | 6181        |
|    total_timesteps      | 382976      |
| train/                  |             |
|    approx_kl            | 0.024248721 |
|    clip_fraction        | 0.29        |
|    clip_range           | 0.2         |
|    entropy_loss         | -2.79       |
|    explained_variance   | 0.747       |
|    learning_rate        | 0.0003      |
|    loss                 | 0.00499     |
|    n_updates            | 1860        |
|    policy_gradient_loss | -0.0155     |
|    std                  | 0.363       |
|    value_loss           | 0.00144     |
-----------------------------------------
-----------------------------------------
| rollout/                |             |
|    ep_len_mean          | 30.2        |
|    ep_rew_mean          | 2.03        |
| time/                   |             |
|    fps                  | 61          |
|    iterations           | 188         |
|    time_elapsed         | 6218        |
|    total_timesteps      | 385024      |
| train/                  |             |
|    approx_kl            | 0.023859475 |
|    clip_fraction        | 0.281       |
|    clip_range           | 0.2         |
|    entropy_loss         | -2.74       |
|    explained_variance   | 0.865       |
|    learning_rate        | 0.0003      |
|    loss                 | -0.0378     |
|    n_updates            | 1870        |
|    policy_gradient_loss | -0.0197     |
|    std                  | 0.361       |
|    value_loss           | 0.00199     |
-----------------------------------------
----------------------------------------
| rollout/                |            |
|    ep_len_mean          | 36.2       |
|    ep_rew_mean          | 0.823      |
| time/                   |            |
|    fps                  | 61         |
|    iterations           | 189        |
|    time_elapsed         | 6254       |
|    total_timesteps      | 387072     |
| train/                  |            |
|    approx_kl            | 0.02667325 |
|    clip_fraction        | 0.305      |
|    clip_range           | 0.2        |
|    entropy_loss         | -2.71      |
|    explained_variance   | 0.908      |
|    learning_rate        | 0.0003     |
|    loss                 | -0.0455    |
|    n_updates            | 1880       |
|    policy_gradient_loss | -0.0162    |
|    std                  | 0.36       |
|    value_loss           | 0.00266    |
----------------------------------------
-----------------------------------------
| rollout/                |             |
|    ep_len_mean          | 36.2        |
|    ep_rew_mean          | 0.837       |
| time/                   |             |
|    fps                  | 61          |
|    iterations           | 190         |
|    time_elapsed         | 6291        |
|    total_timesteps      | 389120      |
| train/                  |             |
|    approx_kl            | 0.026117038 |
|    clip_fraction        | 0.268       |
|    clip_range           | 0.2         |
|    entropy_loss         | -2.68       |
|    explained_variance   | 0.851       |
|    learning_rate        | 0.0003      |
|    loss                 | -0.027      |
|    n_updates            | 1890        |
|    policy_gradient_loss | -0.0243     |
|    std                  | 0.358       |
|    value_loss           | 0.00156     |
-----------------------------------------
-----------------------------------------
| rollout/                |             |
|    ep_len_mean          | 31.4        |
|    ep_rew_mean          | 1.47        |
| time/                   |             |
|    fps                  | 61          |
|    iterations           | 191         |
|    time_elapsed         | 6328        |
|    total_timesteps      | 391168      |
| train/                  |             |
|    approx_kl            | 0.024240993 |
|    clip_fraction        | 0.296       |
|    clip_range           | 0.2         |
|    entropy_loss         | -2.63       |
|    explained_variance   | 0.918       |
|    learning_rate        | 0.0003      |
|    loss                 | -0.0486     |
|    n_updates            | 1900        |
|    policy_gradient_loss | -0.0236     |
|    std                  | 0.355       |
|    value_loss           | 0.00382     |
-----------------------------------------
---------------------------------------
| rollout/                |           |
|    ep_len_mean          | 27.9      |
|    ep_rew_mean          | 2.88      |
| time/                   |           |
|    fps                  | 61        |
|    iterations           | 192       |
|    time_elapsed         | 6367      |
|    total_timesteps      | 393216    |
| train/                  |           |
|    approx_kl            | 0.0312479 |
|    clip_fraction        | 0.32      |
|    clip_range           | 0.2       |
|    entropy_loss         | -2.58     |
|    explained_variance   | 0.914     |
|    learning_rate        | 0.0003    |
|    loss                 | -0.0192   |
|    n_updates            | 1910      |
|    policy_gradient_loss | -0.023    |
|    std                  | 0.353     |
|    value_loss           | 0.00328   |
---------------------------------------
----------------------------------------
| rollout/                |            |
|    ep_len_mean          | 26.4       |
|    ep_rew_mean          | 3.78       |
| time/                   |            |
|    fps                  | 61         |
|    iterations           | 193        |
|    time_elapsed         | 6405       |
|    total_timesteps      | 395264     |
| train/                  |            |
|    approx_kl            | 0.03149613 |
|    clip_fraction        | 0.31       |
|    clip_range           | 0.2        |
|    entropy_loss         | -2.55      |
|    explained_variance   | 0.923      |
|    learning_rate        | 0.0003     |
|    loss                 | -0.0127    |
|    n_updates            | 1920       |
|    policy_gradient_loss | -0.0209    |
|    std                  | 0.351      |
|    value_loss           | 0.00255    |
----------------------------------------
-----------------------------------------
| rollout/                |             |
|    ep_len_mean          | 23.7        |
|    ep_rew_mean          | 4.8         |
| time/                   |             |
|    fps                  | 61          |
|    iterations           | 194         |
|    time_elapsed         | 6443        |
|    total_timesteps      | 397312      |
| train/                  |             |
|    approx_kl            | 0.026869103 |
|    clip_fraction        | 0.29        |
|    clip_range           | 0.2         |
|    entropy_loss         | -2.51       |
|    explained_variance   | 0.865       |
|    learning_rate        | 0.0003      |
|    loss                 | -0.0273     |
|    n_updates            | 1930        |
|    policy_gradient_loss | -0.0193     |
|    std                  | 0.35        |
|    value_loss           | 0.00319     |
-----------------------------------------
-----------------------------------------
| rollout/                |             |
|    ep_len_mean          | 25.4        |
|    ep_rew_mean          | 4.14        |
| time/                   |             |
|    fps                  | 61          |
|    iterations           | 195         |
|    time_elapsed         | 6482        |
|    total_timesteps      | 399360      |
| train/                  |             |
|    approx_kl            | 0.023644172 |
|    clip_fraction        | 0.307       |
|    clip_range           | 0.2         |
|    entropy_loss         | -2.48       |
|    explained_variance   | 0.932       |
|    learning_rate        | 0.0003      |
|    loss                 | -0.0525     |
|    n_updates            | 1940        |
|    policy_gradient_loss | -0.0196     |
|    std                  | 0.348       |
|    value_loss           | 0.00242     |
-----------------------------------------
-----------------------------------------
| rollout/                |             |
|    ep_len_mean          | 24.3        |
|    ep_rew_mean          | 4.82        |
| time/                   |             |
|    fps                  | 61          |
|    iterations           | 196         |
|    time_elapsed         | 6520        |
|    total_timesteps      | 401408      |
| train/                  |             |
|    approx_kl            | 0.025275618 |
|    clip_fraction        | 0.269       |
|    clip_range           | 0.2         |
|    entropy_loss         | -2.48       |
|    explained_variance   | 0.893       |
|    learning_rate        | 0.0003      |
|    loss                 | -0.037      |
|    n_updates            | 1950        |
|    policy_gradient_loss | -0.0153     |
|    std                  | 0.349       |
|    value_loss           | 0.00227     |
-----------------------------------------
saved models/C4_seed2.zip and models/C4_seed2_vecnormalize.pkl
