=== training C3_seed1 for 400000 steps ===
    port 5301
--------------------------------------------------------------
[threshold consistency]
  success distance      = 0.030 m
  force at success      = 5.00 N
  comfort / danger      = 6.0 N / 10.0 N
  >>> OK: the success point lies inside the safe band.
--------------------------------------------------------------
Waiting for connections on port: 5302...
Connected successfully
Using cpu device
----------------------------------
| rollout/           |           |
|    ep_len_mean     | 200       |
|    ep_rew_mean     | -1.26e+03 |
| time/              |           |
|    fps             | 71        |
|    iterations      | 1         |
|    time_elapsed    | 28        |
|    total_timesteps | 2048      |
----------------------------------
-----------------------------------------
| rollout/                |             |
|    ep_len_mean          | 200         |
|    ep_rew_mean          | -1.05e+03   |
| time/                   |             |
|    fps                  | 68          |
|    iterations           | 2           |
|    time_elapsed         | 59          |
|    total_timesteps      | 4096        |
| train/                  |             |
|    approx_kl            | 0.014275323 |
|    clip_fraction        | 0.142       |
|    clip_range           | 0.2         |
|    entropy_loss         | -9.96       |
|    explained_variance   | 0.277       |
|    learning_rate        | 0.0003      |
|    loss                 | 0.00297     |
|    n_updates            | 10          |
|    policy_gradient_loss | -0.0241     |
|    std                  | 1.01        |
|    value_loss           | 0.56        |
-----------------------------------------
-----------------------------------------
| rollout/                |             |
|    ep_len_mean          | 200         |
|    ep_rew_mean          | -999        |
| time/                   |             |
|    fps                  | 68          |
|    iterations           | 3           |
|    time_elapsed         | 90          |
|    total_timesteps      | 6144        |
| train/                  |             |
|    approx_kl            | 0.016571183 |
|    clip_fraction        | 0.192       |
|    clip_range           | 0.2         |
|    entropy_loss         | -9.94       |
|    explained_variance   | 0.562       |
|    learning_rate        | 0.0003      |
|    loss                 | 0.000903    |
|    n_updates            | 20          |
|    policy_gradient_loss | -0.0293     |
|    std                  | 0.999       |
|    value_loss           | 0.0565      |
-----------------------------------------
-----------------------------------------
| rollout/                |             |
|    ep_len_mean          | 200         |
|    ep_rew_mean          | -937        |
| time/                   |             |
|    fps                  | 67          |
|    iterations           | 4           |
|    time_elapsed         | 121         |
|    total_timesteps      | 8192        |
| train/                  |             |
|    approx_kl            | 0.013973617 |
|    clip_fraction        | 0.144       |
|    clip_range           | 0.2         |
|    entropy_loss         | -9.93       |
|    explained_variance   | 0.633       |
|    learning_rate        | 0.0003      |
|    loss                 | -0.0478     |
|    n_updates            | 30          |
|    policy_gradient_loss | -0.0259     |
|    std                  | 1           |
|    value_loss           | 0.0291      |
-----------------------------------------
-----------------------------------------
| rollout/                |             |
|    ep_len_mean          | 200         |
|    ep_rew_mean          | -878        |
| time/                   |             |
|    fps                  | 66          |
|    iterations           | 5           |
|    time_elapsed         | 153         |
|    total_timesteps      | 10240       |
| train/                  |             |
|    approx_kl            | 0.018341333 |
|    clip_fraction        | 0.209       |
|    clip_range           | 0.2         |
|    entropy_loss         | -9.93       |
|    explained_variance   | 0.538       |
|    learning_rate        | 0.0003      |
|    loss                 | -0.0277     |
|    n_updates            | 40          |
|    policy_gradient_loss | -0.0356     |
|    std                  | 1           |
|    value_loss           | 0.0347      |
-----------------------------------------
----------------------------------------
| rollout/                |            |
|    ep_len_mean          | 200        |
|    ep_rew_mean          | -839       |
| time/                   |            |
|    fps                  | 66         |
|    iterations           | 6          |
|    time_elapsed         | 185        |
|    total_timesteps      | 12288      |
| train/                  |            |
|    approx_kl            | 0.01766409 |
|    clip_fraction        | 0.2        |
|    clip_range           | 0.2        |
|    entropy_loss         | -9.9       |
|    explained_variance   | 0.48       |
|    learning_rate        | 0.0003     |
|    loss                 | 0.00437    |
|    n_updates            | 50         |
|    policy_gradient_loss | -0.0317    |
|    std                  | 0.994      |
|    value_loss           | 0.0216     |
----------------------------------------
-----------------------------------------
| rollout/                |             |
|    ep_len_mean          | 200         |
|    ep_rew_mean          | -787        |
| time/                   |             |
|    fps                  | 65          |
|    iterations           | 7           |
|    time_elapsed         | 217         |
|    total_timesteps      | 14336       |
| train/                  |             |
|    approx_kl            | 0.016087007 |
|    clip_fraction        | 0.185       |
|    clip_range           | 0.2         |
|    entropy_loss         | -9.86       |
|    explained_variance   | 0.402       |
|    learning_rate        | 0.0003      |
|    loss                 | 0.000984    |
|    n_updates            | 60          |
|    policy_gradient_loss | -0.0308     |
|    std                  | 0.987       |
|    value_loss           | 0.0203      |
-----------------------------------------
-----------------------------------------
| rollout/                |             |
|    ep_len_mean          | 200         |
|    ep_rew_mean          | -745        |
| time/                   |             |
|    fps                  | 65          |
|    iterations           | 8           |
|    time_elapsed         | 248         |
|    total_timesteps      | 16384       |
| train/                  |             |
|    approx_kl            | 0.015636053 |
|    clip_fraction        | 0.192       |
|    clip_range           | 0.2         |
|    entropy_loss         | -9.84       |
|    explained_variance   | 0.431       |
|    learning_rate        | 0.0003      |
|    loss                 | -0.0426     |
|    n_updates            | 70          |
|    policy_gradient_loss | -0.0309     |
|    std                  | 0.987       |
|    value_loss           | 0.0148      |
-----------------------------------------
------------------------------------------
| rollout/                |              |
|    ep_len_mean          | 200          |
|    ep_rew_mean          | -703         |
| time/                   |              |
|    fps                  | 65           |
|    iterations           | 9            |
|    time_elapsed         | 279          |
|    total_timesteps      | 18432        |
| train/                  |              |
|    approx_kl            | 0.0154736545 |
|    clip_fraction        | 0.183        |
|    clip_range           | 0.2          |
|    entropy_loss         | -9.84        |
|    explained_variance   | 0.485        |
|    learning_rate        | 0.0003       |
|    loss                 | 0.00722      |
|    n_updates            | 80           |
|    policy_gradient_loss | -0.0288      |
|    std                  | 0.988        |
|    value_loss           | 0.00915      |
------------------------------------------
-----------------------------------------
| rollout/                |             |
|    ep_len_mean          | 200         |
|    ep_rew_mean          | -661        |
| time/                   |             |
|    fps                  | 66          |
|    iterations           | 10          |
|    time_elapsed         | 309         |
|    total_timesteps      | 20480       |
| train/                  |             |
|    approx_kl            | 0.017156115 |
|    clip_fraction        | 0.185       |
|    clip_range           | 0.2         |
|    entropy_loss         | -9.85       |
|    explained_variance   | 0.667       |
|    learning_rate        | 0.0003      |
|    loss                 | -0.0317     |
|    n_updates            | 90          |
|    policy_gradient_loss | -0.031      |
|    std                  | 0.988       |
|    value_loss           | 0.00652     |
-----------------------------------------
-----------------------------------------
| rollout/                |             |
|    ep_len_mean          | 200         |
|    ep_rew_mean          | -570        |
| time/                   |             |
|    fps                  | 66          |
|    iterations           | 11          |
|    time_elapsed         | 339         |
|    total_timesteps      | 22528       |
| train/                  |             |
|    approx_kl            | 0.015877426 |
|    clip_fraction        | 0.206       |
|    clip_range           | 0.2         |
|    entropy_loss         | -9.84       |
|    explained_variance   | 0.467       |
|    learning_rate        | 0.0003      |
|    loss                 | -0.0478     |
|    n_updates            | 100         |
|    policy_gradient_loss | -0.033      |
|    std                  | 0.986       |
|    value_loss           | 0.00581     |
-----------------------------------------
-----------------------------------------
| rollout/                |             |
|    ep_len_mean          | 200         |
|    ep_rew_mean          | -514        |
| time/                   |             |
|    fps                  | 66          |
|    iterations           | 12          |
|    time_elapsed         | 369         |
|    total_timesteps      | 24576       |
| train/                  |             |
|    approx_kl            | 0.015117195 |
|    clip_fraction        | 0.166       |
|    clip_range           | 0.2         |
|    entropy_loss         | -9.81       |
|    explained_variance   | 0.222       |
|    learning_rate        | 0.0003      |
|    loss                 | -0.0472     |
|    n_updates            | 110         |
|    policy_gradient_loss | -0.0294     |
|    std                  | 0.981       |
|    value_loss           | 0.00527     |
-----------------------------------------
-----------------------------------------
| rollout/                |             |
|    ep_len_mean          | 200         |
|    ep_rew_mean          | -453        |
| time/                   |             |
|    fps                  | 66          |
|    iterations           | 13          |
|    time_elapsed         | 399         |
|    total_timesteps      | 26624       |
| train/                  |             |
|    approx_kl            | 0.016737953 |
|    clip_fraction        | 0.204       |
|    clip_range           | 0.2         |
|    entropy_loss         | -9.77       |
|    explained_variance   | 0.422       |
|    learning_rate        | 0.0003      |
|    loss                 | -0.0253     |
|    n_updates            | 120         |
|    policy_gradient_loss | -0.032      |
|    std                  | 0.977       |
|    value_loss           | 0.00367     |
-----------------------------------------
-----------------------------------------
| rollout/                |             |
|    ep_len_mean          | 200         |
|    ep_rew_mean          | -401        |
| time/                   |             |
|    fps                  | 66          |
|    iterations           | 14          |
|    time_elapsed         | 430         |
|    total_timesteps      | 28672       |
| train/                  |             |
|    approx_kl            | 0.014530098 |
|    clip_fraction        | 0.16        |
|    clip_range           | 0.2         |
|    entropy_loss         | -9.75       |
|    explained_variance   | 0.103       |
|    learning_rate        | 0.0003      |
|    loss                 | -0.0495     |
|    n_updates            | 130         |
|    policy_gradient_loss | -0.0264     |
|    std                  | 0.972       |
|    value_loss           | 0.00355     |
-----------------------------------------
----------------------------------------
| rollout/                |            |
|    ep_len_mean          | 200        |
|    ep_rew_mean          | -358       |
| time/                   |            |
|    fps                  | 66         |
|    iterations           | 15         |
|    time_elapsed         | 460        |
|    total_timesteps      | 30720      |
| train/                  |            |
|    approx_kl            | 0.01454437 |
|    clip_fraction        | 0.171      |
|    clip_range           | 0.2        |
|    entropy_loss         | -9.72      |
|    explained_variance   | 0.281      |
|    learning_rate        | 0.0003     |
|    loss                 | -0.0242    |
|    n_updates            | 140        |
|    policy_gradient_loss | -0.0283    |
|    std                  | 0.97       |
|    value_loss           | 0.00312    |
----------------------------------------
-----------------------------------------
| rollout/                |             |
|    ep_len_mean          | 200         |
|    ep_rew_mean          | -328        |
| time/                   |             |
|    fps                  | 66          |
|    iterations           | 16          |
|    time_elapsed         | 490         |
|    total_timesteps      | 32768       |
| train/                  |             |
|    approx_kl            | 0.015873097 |
|    clip_fraction        | 0.186       |
|    clip_range           | 0.2         |
|    entropy_loss         | -9.7        |
|    explained_variance   | 0.586       |
|    learning_rate        | 0.0003      |
|    loss                 | 0.0184      |
|    n_updates            | 150         |
|    policy_gradient_loss | -0.0278     |
|    std                  | 0.968       |
|    value_loss           | 0.00278     |
-----------------------------------------
-----------------------------------------
| rollout/                |             |
|    ep_len_mean          | 200         |
|    ep_rew_mean          | -303        |
| time/                   |             |
|    fps                  | 66          |
|    iterations           | 17          |
|    time_elapsed         | 521         |
|    total_timesteps      | 34816       |
| train/                  |             |
|    approx_kl            | 0.016301293 |
|    clip_fraction        | 0.181       |
|    clip_range           | 0.2         |
|    entropy_loss         | -9.68       |
|    explained_variance   | 0.751       |
|    learning_rate        | 0.0003      |
|    loss                 | -0.036      |
|    n_updates            | 160         |
|    policy_gradient_loss | -0.0291     |
|    std                  | 0.965       |
|    value_loss           | 0.00329     |
-----------------------------------------
-----------------------------------------
| rollout/                |             |
|    ep_len_mean          | 200         |
|    ep_rew_mean          | -282        |
| time/                   |             |
|    fps                  | 66          |
|    iterations           | 18          |
|    time_elapsed         | 551         |
|    total_timesteps      | 36864       |
| train/                  |             |
|    approx_kl            | 0.014881313 |
|    clip_fraction        | 0.174       |
|    clip_range           | 0.2         |
|    entropy_loss         | -9.69       |
|    explained_variance   | 0.566       |
|    learning_rate        | 0.0003      |
|    loss                 | -0.034      |
|    n_updates            | 170         |
|    policy_gradient_loss | -0.029      |
|    std                  | 0.969       |
|    value_loss           | 0.00212     |
-----------------------------------------
-----------------------------------------
| rollout/                |             |
|    ep_len_mean          | 200         |
|    ep_rew_mean          | -270        |
| time/                   |             |
|    fps                  | 66          |
|    iterations           | 19          |
|    time_elapsed         | 581         |
|    total_timesteps      | 38912       |
| train/                  |             |
|    approx_kl            | 0.014690713 |
|    clip_fraction        | 0.185       |
|    clip_range           | 0.2         |
|    entropy_loss         | -9.67       |
|    explained_variance   | 0.426       |
|    learning_rate        | 0.0003      |
|    loss                 | -0.0227     |
|    n_updates            | 180         |
|    policy_gradient_loss | -0.0309     |
|    std                  | 0.96        |
|    value_loss           | 0.00159     |
-----------------------------------------
-----------------------------------------
| rollout/                |             |
|    ep_len_mean          | 200         |
|    ep_rew_mean          | -264        |
| time/                   |             |
|    fps                  | 66          |
|    iterations           | 20          |
|    time_elapsed         | 613         |
|    total_timesteps      | 40960       |
| train/                  |             |
|    approx_kl            | 0.017315608 |
|    clip_fraction        | 0.2         |
|    clip_range           | 0.2         |
|    entropy_loss         | -9.63       |
|    explained_variance   | -0.232      |
|    learning_rate        | 0.0003      |
|    loss                 | -0.0702     |
|    n_updates            | 190         |
|    policy_gradient_loss | -0.034      |
|    std                  | 0.958       |
|    value_loss           | 0.00133     |
-----------------------------------------
-----------------------------------------
| rollout/                |             |
|    ep_len_mean          | 200         |
|    ep_rew_mean          | -252        |
| time/                   |             |
|    fps                  | 66          |
|    iterations           | 21          |
|    time_elapsed         | 644         |
|    total_timesteps      | 43008       |
| train/                  |             |
|    approx_kl            | 0.014914216 |
|    clip_fraction        | 0.16        |
|    clip_range           | 0.2         |
|    entropy_loss         | -9.59       |
|    explained_variance   | 0.352       |
|    learning_rate        | 0.0003      |
|    loss                 | -0.0321     |
|    n_updates            | 200         |
|    policy_gradient_loss | -0.0299     |
|    std                  | 0.95        |
|    value_loss           | 0.00244     |
-----------------------------------------
-----------------------------------------
| rollout/                |             |
|    ep_len_mean          | 200         |
|    ep_rew_mean          | -244        |
| time/                   |             |
|    fps                  | 66          |
|    iterations           | 22          |
|    time_elapsed         | 675         |
|    total_timesteps      | 45056       |
| train/                  |             |
|    approx_kl            | 0.013978386 |
|    clip_fraction        | 0.168       |
|    clip_range           | 0.2         |
|    entropy_loss         | -9.56       |
|    explained_variance   | 0.676       |
|    learning_rate        | 0.0003      |
|    loss                 | -0.0621     |
|    n_updates            | 210         |
|    policy_gradient_loss | -0.0275     |
|    std                  | 0.948       |
|    value_loss           | 0.00122     |
-----------------------------------------
-----------------------------------------
| rollout/                |             |
|    ep_len_mean          | 200         |
|    ep_rew_mean          | -237        |
| time/                   |             |
|    fps                  | 66          |
|    iterations           | 23          |
|    time_elapsed         | 706         |
|    total_timesteps      | 47104       |
| train/                  |             |
|    approx_kl            | 0.015139385 |
|    clip_fraction        | 0.171       |
|    clip_range           | 0.2         |
|    entropy_loss         | -9.54       |
|    explained_variance   | 0.617       |
|    learning_rate        | 0.0003      |
|    loss                 | -0.0485     |
|    n_updates            | 220         |
|    policy_gradient_loss | -0.0288     |
|    std                  | 0.945       |
|    value_loss           | 0.00115     |
-----------------------------------------
----------------------------------------
| rollout/                |            |
|    ep_len_mean          | 200        |
|    ep_rew_mean          | -234       |
| time/                   |            |
|    fps                  | 66         |
|    iterations           | 24         |
|    time_elapsed         | 737        |
|    total_timesteps      | 49152      |
| train/                  |            |
|    approx_kl            | 0.01359167 |
|    clip_fraction        | 0.146      |
|    clip_range           | 0.2        |
|    entropy_loss         | -9.52      |
|    explained_variance   | 0.639      |
|    learning_rate        | 0.0003     |
|    loss                 | -0.0526    |
|    n_updates            | 230        |
|    policy_gradient_loss | -0.0274    |
|    std                  | 0.942      |
|    value_loss           | 0.0018     |
----------------------------------------
----------------------------------------
| rollout/                |            |
|    ep_len_mean          | 200        |
|    ep_rew_mean          | -231       |
| time/                   |            |
|    fps                  | 66         |
|    iterations           | 25         |
|    time_elapsed         | 768        |
|    total_timesteps      | 51200      |
| train/                  |            |
|    approx_kl            | 0.01623923 |
|    clip_fraction        | 0.168      |
|    clip_range           | 0.2        |
|    entropy_loss         | -9.5       |
|    explained_variance   | 0.193      |
|    learning_rate        | 0.0003     |
|    loss                 | -0.0342    |
|    n_updates            | 240        |
|    policy_gradient_loss | -0.0302    |
|    std                  | 0.939      |
|    value_loss           | 0.00211    |
----------------------------------------
-----------------------------------------
| rollout/                |             |
|    ep_len_mean          | 200         |
|    ep_rew_mean          | -232        |
| time/                   |             |
|    fps                  | 66          |
|    iterations           | 26          |
|    time_elapsed         | 800         |
|    total_timesteps      | 53248       |
| train/                  |             |
|    approx_kl            | 0.014290777 |
|    clip_fraction        | 0.154       |
|    clip_range           | 0.2         |
|    entropy_loss         | -9.48       |
|    explained_variance   | 0.34        |
|    learning_rate        | 0.0003      |
|    loss                 | -0.0673     |
|    n_updates            | 250         |
|    policy_gradient_loss | -0.028      |
|    std                  | 0.939       |
|    value_loss           | 0.00298     |
-----------------------------------------
-----------------------------------------
| rollout/                |             |
|    ep_len_mean          | 200         |
|    ep_rew_mean          | -225        |
| time/                   |             |
|    fps                  | 66          |
|    iterations           | 27          |
|    time_elapsed         | 832         |
|    total_timesteps      | 55296       |
| train/                  |             |
|    approx_kl            | 0.018415071 |
|    clip_fraction        | 0.199       |
|    clip_range           | 0.2         |
|    entropy_loss         | -9.49       |
|    explained_variance   | 0.75        |
|    learning_rate        | 0.0003      |
|    loss                 | -0.0657     |
|    n_updates            | 260         |
|    policy_gradient_loss | -0.0347     |
|    std                  | 0.939       |
|    value_loss           | 0.00363     |
-----------------------------------------
-----------------------------------------
| rollout/                |             |
|    ep_len_mean          | 200         |
|    ep_rew_mean          | -221        |
| time/                   |             |
|    fps                  | 66          |
|    iterations           | 28          |
|    time_elapsed         | 863         |
|    total_timesteps      | 57344       |
| train/                  |             |
|    approx_kl            | 0.017135147 |
|    clip_fraction        | 0.194       |
|    clip_range           | 0.2         |
|    entropy_loss         | -9.48       |
|    explained_variance   | 0.755       |
|    learning_rate        | 0.0003      |
|    loss                 | -0.0358     |
|    n_updates            | 270         |
|    policy_gradient_loss | -0.03       |
|    std                  | 0.937       |
|    value_loss           | 0.00242     |
-----------------------------------------
-----------------------------------------
| rollout/                |             |
|    ep_len_mean          | 200         |
|    ep_rew_mean          | -215        |
| time/                   |             |
|    fps                  | 66          |
|    iterations           | 29          |
|    time_elapsed         | 895         |
|    total_timesteps      | 59392       |
| train/                  |             |
|    approx_kl            | 0.018296055 |
|    clip_fraction        | 0.205       |
|    clip_range           | 0.2         |
|    entropy_loss         | -9.44       |
|    explained_variance   | 0.659       |
|    learning_rate        | 0.0003      |
|    loss                 | -0.0523     |
|    n_updates            | 280         |
|    policy_gradient_loss | -0.0328     |
|    std                  | 0.929       |
|    value_loss           | 0.00209     |
-----------------------------------------
-----------------------------------------
| rollout/                |             |
|    ep_len_mean          | 200         |
|    ep_rew_mean          | -207        |
| time/                   |             |
|    fps                  | 66          |
|    iterations           | 30          |
|    time_elapsed         | 927         |
|    total_timesteps      | 61440       |
| train/                  |             |
|    approx_kl            | 0.014297946 |
|    clip_fraction        | 0.171       |
|    clip_range           | 0.2         |
|    entropy_loss         | -9.39       |
|    explained_variance   | 0.736       |
|    learning_rate        | 0.0003      |
|    loss                 | -0.0306     |
|    n_updates            | 290         |
|    policy_gradient_loss | -0.0264     |
|    std                  | 0.923       |
|    value_loss           | 0.00169     |
-----------------------------------------
-----------------------------------------
| rollout/                |             |
|    ep_len_mean          | 200         |
|    ep_rew_mean          | -202        |
| time/                   |             |
|    fps                  | 66          |
|    iterations           | 31          |
|    time_elapsed         | 959         |
|    total_timesteps      | 63488       |
| train/                  |             |
|    approx_kl            | 0.015394586 |
|    clip_fraction        | 0.187       |
|    clip_range           | 0.2         |
|    entropy_loss         | -9.36       |
|    explained_variance   | 0.798       |
|    learning_rate        | 0.0003      |
|    loss                 | -0.0603     |
|    n_updates            | 300         |
|    policy_gradient_loss | -0.0313     |
|    std                  | 0.921       |
|    value_loss           | 0.00154     |
-----------------------------------------
----------------------------------------
| rollout/                |            |
|    ep_len_mean          | 199        |
|    ep_rew_mean          | -197       |
| time/                   |            |
|    fps                  | 66         |
|    iterations           | 32         |
|    time_elapsed         | 992        |
|    total_timesteps      | 65536      |
| train/                  |            |
|    approx_kl            | 0.01563497 |
|    clip_fraction        | 0.173      |
|    clip_range           | 0.2        |
|    entropy_loss         | -9.33      |
|    explained_variance   | 0.664      |
|    learning_rate        | 0.0003     |
|    loss                 | -0.0299    |
|    n_updates            | 310        |
|    policy_gradient_loss | -0.0276    |
|    std                  | 0.917      |
|    value_loss           | 0.00123    |
----------------------------------------
-----------------------------------------
| rollout/                |             |
|    ep_len_mean          | 199         |
|    ep_rew_mean          | -193        |
| time/                   |             |
|    fps                  | 65          |
|    iterations           | 33          |
|    time_elapsed         | 1024        |
|    total_timesteps      | 67584       |
| train/                  |             |
|    approx_kl            | 0.013306879 |
|    clip_fraction        | 0.154       |
|    clip_range           | 0.2         |
|    entropy_loss         | -9.31       |
|    explained_variance   | 0.648       |
|    learning_rate        | 0.0003      |
|    loss                 | -0.0503     |
|    n_updates            | 320         |
|    policy_gradient_loss | -0.0236     |
|    std                  | 0.915       |
|    value_loss           | 0.00458     |
-----------------------------------------
----------------------------------------
| rollout/                |            |
|    ep_len_mean          | 199        |
|    ep_rew_mean          | -188       |
| time/                   |            |
|    fps                  | 65         |
|    iterations           | 34         |
|    time_elapsed         | 1057       |
|    total_timesteps      | 69632      |
| train/                  |            |
|    approx_kl            | 0.01484924 |
|    clip_fraction        | 0.185      |
|    clip_range           | 0.2        |
|    entropy_loss         | -9.3       |
|    explained_variance   | 0.741      |
|    learning_rate        | 0.0003     |
|    loss                 | -0.0468    |
|    n_updates            | 330        |
|    policy_gradient_loss | -0.0311    |
|    std                  | 0.914      |
|    value_loss           | 0.00331    |
----------------------------------------
-----------------------------------------
| rollout/                |             |
|    ep_len_mean          | 199         |
|    ep_rew_mean          | -174        |
| time/                   |             |
|    fps                  | 65          |
|    iterations           | 35          |
|    time_elapsed         | 1090        |
|    total_timesteps      | 71680       |
| train/                  |             |
|    approx_kl            | 0.018697022 |
|    clip_fraction        | 0.208       |
|    clip_range           | 0.2         |
|    entropy_loss         | -9.28       |
|    explained_variance   | 0.808       |
|    learning_rate        | 0.0003      |
|    loss                 | -0.0203     |
|    n_updates            | 340         |
|    policy_gradient_loss | -0.0323     |
|    std                  | 0.91        |
|    value_loss           | 0.0024      |
-----------------------------------------
---------------------------------------
| rollout/                |           |
|    ep_len_mean          | 193       |
|    ep_rew_mean          | -160      |
| time/                   |           |
|    fps                  | 65        |
|    iterations           | 36        |
|    time_elapsed         | 1123      |
|    total_timesteps      | 73728     |
| train/                  |           |
|    approx_kl            | 0.0161492 |
|    clip_fraction        | 0.199     |
|    clip_range           | 0.2       |
|    entropy_loss         | -9.26     |
|    explained_variance   | 0.749     |
|    learning_rate        | 0.0003    |
|    loss                 | -0.0421   |
|    n_updates            | 350       |
|    policy_gradient_loss | -0.029    |
|    std                  | 0.907     |
|    value_loss           | 0.0028    |
---------------------------------------
----------------------------------------
| rollout/                |            |
|    ep_len_mean          | 191        |
|    ep_rew_mean          | -149       |
| time/                   |            |
|    fps                  | 65         |
|    iterations           | 37         |
|    time_elapsed         | 1156       |
|    total_timesteps      | 75776      |
| train/                  |            |
|    approx_kl            | 0.01972416 |
|    clip_fraction        | 0.206      |
|    clip_range           | 0.2        |
|    entropy_loss         | -9.18      |
|    explained_variance   | 0.548      |
|    learning_rate        | 0.0003     |
|    loss                 | -0.0274    |
|    n_updates            | 360        |
|    policy_gradient_loss | -0.026     |
|    std                  | 0.893      |
|    value_loss           | 0.0133     |
----------------------------------------
-----------------------------------------
| rollout/                |             |
|    ep_len_mean          | 187         |
|    ep_rew_mean          | -139        |
| time/                   |             |
|    fps                  | 65          |
|    iterations           | 38          |
|    time_elapsed         | 1188        |
|    total_timesteps      | 77824       |
| train/                  |             |
|    approx_kl            | 0.015563374 |
|    clip_fraction        | 0.17        |
|    clip_range           | 0.2         |
|    entropy_loss         | -9.09       |
|    explained_variance   | 0.381       |
|    learning_rate        | 0.0003      |
|    loss                 | -0.0312     |
|    n_updates            | 370         |
|    policy_gradient_loss | -0.0239     |
|    std                  | 0.884       |
|    value_loss           | 0.00975     |
-----------------------------------------
----------------------------------------
| rollout/                |            |
|    ep_len_mean          | 180        |
|    ep_rew_mean          | -130       |
| time/                   |            |
|    fps                  | 65         |
|    iterations           | 39         |
|    time_elapsed         | 1222       |
|    total_timesteps      | 79872      |
| train/                  |            |
|    approx_kl            | 0.01811323 |
|    clip_fraction        | 0.198      |
|    clip_range           | 0.2        |
|    entropy_loss         | -9.04      |
|    explained_variance   | 0.513      |
|    learning_rate        | 0.0003     |
|    loss                 | -0.0064    |
|    n_updates            | 380        |
|    policy_gradient_loss | -0.0236    |
|    std                  | 0.88       |
|    value_loss           | 0.00919    |
----------------------------------------
-----------------------------------------
| rollout/                |             |
|    ep_len_mean          | 176         |
|    ep_rew_mean          | -121        |
| time/                   |             |
|    fps                  | 65          |
|    iterations           | 40          |
|    time_elapsed         | 1255        |
|    total_timesteps      | 81920       |
| train/                  |             |
|    approx_kl            | 0.015327638 |
|    clip_fraction        | 0.175       |
|    clip_range           | 0.2         |
|    entropy_loss         | -9.02       |
|    explained_variance   | 0.695       |
|    learning_rate        | 0.0003      |
|    loss                 | -0.0384     |
|    n_updates            | 390         |
|    policy_gradient_loss | -0.0259     |
|    std                  | 0.88        |
|    value_loss           | 0.0107      |
-----------------------------------------
-----------------------------------------
| rollout/                |             |
|    ep_len_mean          | 172         |
|    ep_rew_mean          | -109        |
| time/                   |             |
|    fps                  | 65          |
|    iterations           | 41          |
|    time_elapsed         | 1288        |
|    total_timesteps      | 83968       |
| train/                  |             |
|    approx_kl            | 0.015286194 |
|    clip_fraction        | 0.175       |
|    clip_range           | 0.2         |
|    entropy_loss         | -9          |
|    explained_variance   | 0.524       |
|    learning_rate        | 0.0003      |
|    loss                 | -0.0209     |
|    n_updates            | 400         |
|    policy_gradient_loss | -0.0221     |
|    std                  | 0.874       |
|    value_loss           | 0.00667     |
-----------------------------------------
-----------------------------------------
| rollout/                |             |
|    ep_len_mean          | 170         |
|    ep_rew_mean          | -99.5       |
| time/                   |             |
|    fps                  | 65          |
|    iterations           | 42          |
|    time_elapsed         | 1321        |
|    total_timesteps      | 86016       |
| train/                  |             |
|    approx_kl            | 0.014372479 |
|    clip_fraction        | 0.172       |
|    clip_range           | 0.2         |
|    entropy_loss         | -8.96       |
|    explained_variance   | 0.686       |
|    learning_rate        | 0.0003      |
|    loss                 | -0.033      |
|    n_updates            | 410         |
|    policy_gradient_loss | -0.0215     |
|    std                  | 0.871       |
|    value_loss           | 0.0108      |
-----------------------------------------
-----------------------------------------
| rollout/                |             |
|    ep_len_mean          | 164         |
|    ep_rew_mean          | -91.9       |
| time/                   |             |
|    fps                  | 65          |
|    iterations           | 43          |
|    time_elapsed         | 1354        |
|    total_timesteps      | 88064       |
| train/                  |             |
|    approx_kl            | 0.015855405 |
|    clip_fraction        | 0.193       |
|    clip_range           | 0.2         |
|    entropy_loss         | -8.91       |
|    explained_variance   | 0.251       |
|    learning_rate        | 0.0003      |
|    loss                 | -0.00562    |
|    n_updates            | 420         |
|    policy_gradient_loss | -0.0229     |
|    std                  | 0.862       |
|    value_loss           | 0.00663     |
-----------------------------------------
----------------------------------------
| rollout/                |            |
|    ep_len_mean          | 155        |
|    ep_rew_mean          | -81.7      |
| time/                   |            |
|    fps                  | 64         |
|    iterations           | 44         |
|    time_elapsed         | 1388       |
|    total_timesteps      | 90112      |
| train/                  |            |
|    approx_kl            | 0.01596142 |
|    clip_fraction        | 0.169      |
|    clip_range           | 0.2        |
|    entropy_loss         | -8.85      |
|    explained_variance   | 0.422      |
|    learning_rate        | 0.0003     |
|    loss                 | -0.0168    |
|    n_updates            | 430        |
|    policy_gradient_loss | -0.0217    |
|    std                  | 0.855      |
|    value_loss           | 0.0112     |
----------------------------------------
------------------------------------------
| rollout/                |              |
|    ep_len_mean          | 153          |
|    ep_rew_mean          | -79.7        |
| time/                   |              |
|    fps                  | 64           |
|    iterations           | 45           |
|    time_elapsed         | 1421         |
|    total_timesteps      | 92160        |
| train/                  |              |
|    approx_kl            | 0.0148708075 |
|    clip_fraction        | 0.168        |
|    clip_range           | 0.2          |
|    entropy_loss         | -8.81        |
|    explained_variance   | 0.359        |
|    learning_rate        | 0.0003       |
|    loss                 | -0.0065      |
|    n_updates            | 440          |
|    policy_gradient_loss | -0.0203      |
|    std                  | 0.852        |
|    value_loss           | 0.0121       |
------------------------------------------
-----------------------------------------
| rollout/                |             |
|    ep_len_mean          | 147         |
|    ep_rew_mean          | -73.4       |
| time/                   |             |
|    fps                  | 64          |
|    iterations           | 46          |
|    time_elapsed         | 1455        |
|    total_timesteps      | 94208       |
| train/                  |             |
|    approx_kl            | 0.014875739 |
|    clip_fraction        | 0.191       |
|    clip_range           | 0.2         |
|    entropy_loss         | -8.77       |
|    explained_variance   | 0.682       |
|    learning_rate        | 0.0003      |
|    loss                 | -0.0412     |
|    n_updates            | 450         |
|    policy_gradient_loss | -0.0244     |
|    std                  | 0.846       |
|    value_loss           | 0.0088      |
-----------------------------------------
-----------------------------------------
| rollout/                |             |
|    ep_len_mean          | 143         |
|    ep_rew_mean          | -69         |
| time/                   |             |
|    fps                  | 64          |
|    iterations           | 47          |
|    time_elapsed         | 1489        |
|    total_timesteps      | 96256       |
| train/                  |             |
|    approx_kl            | 0.018251128 |
|    clip_fraction        | 0.222       |
|    clip_range           | 0.2         |
|    entropy_loss         | -8.74       |
|    explained_variance   | 0.688       |
|    learning_rate        | 0.0003      |
|    loss                 | -0.04       |
|    n_updates            | 460         |
|    policy_gradient_loss | -0.0248     |
|    std                  | 0.844       |
|    value_loss           | 0.0129      |
-----------------------------------------
-----------------------------------------
| rollout/                |             |
|    ep_len_mean          | 136         |
|    ep_rew_mean          | -62.5       |
| time/                   |             |
|    fps                  | 64          |
|    iterations           | 48          |
|    time_elapsed         | 1523        |
|    total_timesteps      | 98304       |
| train/                  |             |
|    approx_kl            | 0.015641293 |
|    clip_fraction        | 0.212       |
|    clip_range           | 0.2         |
|    entropy_loss         | -8.72       |
|    explained_variance   | 0.484       |
|    learning_rate        | 0.0003      |
|    loss                 | -0.0332     |
|    n_updates            | 470         |
|    policy_gradient_loss | -0.0263     |
|    std                  | 0.84        |
|    value_loss           | 0.00807     |
-----------------------------------------
-----------------------------------------
| rollout/                |             |
|    ep_len_mean          | 126         |
|    ep_rew_mean          | -54.1       |
| time/                   |             |
|    fps                  | 64          |
|    iterations           | 49          |
|    time_elapsed         | 1557        |
|    total_timesteps      | 100352      |
| train/                  |             |
|    approx_kl            | 0.013130624 |
|    clip_fraction        | 0.15        |
|    clip_range           | 0.2         |
|    entropy_loss         | -8.69       |
|    explained_variance   | 0.529       |
|    learning_rate        | 0.0003      |
|    loss                 | -0.00697    |
|    n_updates            | 480         |
|    policy_gradient_loss | -0.021      |
|    std                  | 0.837       |
|    value_loss           | 0.0079      |
-----------------------------------------
-----------------------------------------
| rollout/                |             |
|    ep_len_mean          | 123         |
|    ep_rew_mean          | -50.9       |
| time/                   |             |
|    fps                  | 64          |
|    iterations           | 50          |
|    time_elapsed         | 1591        |
|    total_timesteps      | 102400      |
| train/                  |             |
|    approx_kl            | 0.017552089 |
|    clip_fraction        | 0.213       |
|    clip_range           | 0.2         |
|    entropy_loss         | -8.67       |
|    explained_variance   | 0.408       |
|    learning_rate        | 0.0003      |
|    loss                 | -0.0386     |
|    n_updates            | 490         |
|    policy_gradient_loss | -0.0257     |
|    std                  | 0.836       |
|    value_loss           | 0.00897     |
-----------------------------------------
-----------------------------------------
| rollout/                |             |
|    ep_len_mean          | 115         |
|    ep_rew_mean          | -43.9       |
| time/                   |             |
|    fps                  | 64          |
|    iterations           | 51          |
|    time_elapsed         | 1626        |
|    total_timesteps      | 104448      |
| train/                  |             |
|    approx_kl            | 0.013186093 |
|    clip_fraction        | 0.16        |
|    clip_range           | 0.2         |
|    entropy_loss         | -8.67       |
|    explained_variance   | 0.497       |
|    learning_rate        | 0.0003      |
|    loss                 | 0.00932     |
|    n_updates            | 500         |
|    policy_gradient_loss | -0.0205     |
|    std                  | 0.835       |
|    value_loss           | 0.00787     |
-----------------------------------------
-----------------------------------------
| rollout/                |             |
|    ep_len_mean          | 108         |
|    ep_rew_mean          | -37.7       |
| time/                   |             |
|    fps                  | 64          |
|    iterations           | 52          |
|    time_elapsed         | 1660        |
|    total_timesteps      | 106496      |
| train/                  |             |
|    approx_kl            | 0.016142145 |
|    clip_fraction        | 0.177       |
|    clip_range           | 0.2         |
|    entropy_loss         | -8.62       |
|    explained_variance   | 0.625       |
|    learning_rate        | 0.0003      |
|    loss                 | -0.035      |
|    n_updates            | 510         |
|    policy_gradient_loss | -0.024      |
|    std                  | 0.829       |
|    value_loss           | 0.00679     |
-----------------------------------------
-----------------------------------------
| rollout/                |             |
|    ep_len_mean          | 107         |
|    ep_rew_mean          | -36.9       |
| time/                   |             |
|    fps                  | 64          |
|    iterations           | 53          |
|    time_elapsed         | 1694        |
|    total_timesteps      | 108544      |
| train/                  |             |
|    approx_kl            | 0.016095437 |
|    clip_fraction        | 0.188       |
|    clip_range           | 0.2         |
|    entropy_loss         | -8.58       |
|    explained_variance   | 0.444       |
|    learning_rate        | 0.0003      |
|    loss                 | -0.0248     |
|    n_updates            | 520         |
|    policy_gradient_loss | -0.0243     |
|    std                  | 0.823       |
|    value_loss           | 0.00648     |
-----------------------------------------
-----------------------------------------
| rollout/                |             |
|    ep_len_mean          | 103         |
|    ep_rew_mean          | -33.2       |
| time/                   |             |
|    fps                  | 63          |
|    iterations           | 54          |
|    time_elapsed         | 1729        |
|    total_timesteps      | 110592      |
| train/                  |             |
|    approx_kl            | 0.014592521 |
|    clip_fraction        | 0.171       |
|    clip_range           | 0.2         |
|    entropy_loss         | -8.55       |
|    explained_variance   | 0.457       |
|    learning_rate        | 0.0003      |
|    loss                 | -0.0386     |
|    n_updates            | 530         |
|    policy_gradient_loss | -0.0231     |
|    std                  | 0.821       |
|    value_loss           | 0.00631     |
-----------------------------------------
----------------------------------------
| rollout/                |            |
|    ep_len_mean          | 106        |
|    ep_rew_mean          | -34.4      |
| time/                   |            |
|    fps                  | 63         |
|    iterations           | 55         |
|    time_elapsed         | 1763       |
|    total_timesteps      | 112640     |
| train/                  |            |
|    approx_kl            | 0.01909183 |
|    clip_fraction        | 0.207      |
|    clip_range           | 0.2        |
|    entropy_loss         | -8.5       |
|    explained_variance   | 0.366      |
|    learning_rate        | 0.0003     |
|    loss                 | -0.0172    |
|    n_updates            | 540        |
|    policy_gradient_loss | -0.0242    |
|    std                  | 0.813      |
|    value_loss           | 0.00725    |
----------------------------------------
-----------------------------------------
| rollout/                |             |
|    ep_len_mean          | 104         |
|    ep_rew_mean          | -31.4       |
| time/                   |             |
|    fps                  | 63          |
|    iterations           | 56          |
|    time_elapsed         | 1798        |
|    total_timesteps      | 114688      |
| train/                  |             |
|    approx_kl            | 0.014969009 |
|    clip_fraction        | 0.192       |
|    clip_range           | 0.2         |
|    entropy_loss         | -8.45       |
|    explained_variance   | 0.357       |
|    learning_rate        | 0.0003      |
|    loss                 | -0.00738    |
|    n_updates            | 550         |
|    policy_gradient_loss | -0.0249     |
|    std                  | 0.808       |
|    value_loss           | 0.00646     |
-----------------------------------------
-----------------------------------------
| rollout/                |             |
|    ep_len_mean          | 102         |
|    ep_rew_mean          | -32.9       |
| time/                   |             |
|    fps                  | 63          |
|    iterations           | 57          |
|    time_elapsed         | 1832        |
|    total_timesteps      | 116736      |
| train/                  |             |
|    approx_kl            | 0.015268311 |
|    clip_fraction        | 0.19        |
|    clip_range           | 0.2         |
|    entropy_loss         | -8.42       |
|    explained_variance   | 0.475       |
|    learning_rate        | 0.0003      |
|    loss                 | -0.0373     |
|    n_updates            | 560         |
|    policy_gradient_loss | -0.0236     |
|    std                  | 0.805       |
|    value_loss           | 0.00547     |
-----------------------------------------
---------------------------------------
| rollout/                |           |
|    ep_len_mean          | 99.1      |
|    ep_rew_mean          | -33.9     |
| time/                   |           |
|    fps                  | 63        |
|    iterations           | 58        |
|    time_elapsed         | 1867      |
|    total_timesteps      | 118784    |
| train/                  |           |
|    approx_kl            | 0.0172224 |
|    clip_fraction        | 0.206     |
|    clip_range           | 0.2       |
|    entropy_loss         | -8.38     |
|    explained_variance   | 0.699     |
|    learning_rate        | 0.0003    |
|    loss                 | -0.0262   |
|    n_updates            | 570       |
|    policy_gradient_loss | -0.0252   |
|    std                  | 0.801     |
|    value_loss           | 0.0057    |
---------------------------------------
-----------------------------------------
| rollout/                |             |
|    ep_len_mean          | 85          |
|    ep_rew_mean          | -27.9       |
| time/                   |             |
|    fps                  | 63          |
|    iterations           | 59          |
|    time_elapsed         | 1902        |
|    total_timesteps      | 120832      |
| train/                  |             |
|    approx_kl            | 0.015940072 |
|    clip_fraction        | 0.183       |
|    clip_range           | 0.2         |
|    entropy_loss         | -8.33       |
|    explained_variance   | 0.831       |
|    learning_rate        | 0.0003      |
|    loss                 | -0.0475     |
|    n_updates            | 580         |
|    policy_gradient_loss | -0.0264     |
|    std                  | 0.793       |
|    value_loss           | 0.00855     |
-----------------------------------------
-----------------------------------------
| rollout/                |             |
|    ep_len_mean          | 85.7        |
|    ep_rew_mean          | -32.5       |
| time/                   |             |
|    fps                  | 63          |
|    iterations           | 60          |
|    time_elapsed         | 1937        |
|    total_timesteps      | 122880      |
| train/                  |             |
|    approx_kl            | 0.016382053 |
|    clip_fraction        | 0.198       |
|    clip_range           | 0.2         |
|    entropy_loss         | -8.3        |
|    explained_variance   | 0.477       |
|    learning_rate        | 0.0003      |
|    loss                 | -0.0344     |
|    n_updates            | 590         |
|    policy_gradient_loss | -0.0262     |
|    std                  | 0.793       |
|    value_loss           | 0.00622     |
-----------------------------------------
-----------------------------------------
| rollout/                |             |
|    ep_len_mean          | 82.7        |
|    ep_rew_mean          | -29.5       |
| time/                   |             |
|    fps                  | 63          |
|    iterations           | 61          |
|    time_elapsed         | 1972        |
|    total_timesteps      | 124928      |
| train/                  |             |
|    approx_kl            | 0.017468559 |
|    clip_fraction        | 0.167       |
|    clip_range           | 0.2         |
|    entropy_loss         | -8.27       |
|    explained_variance   | 0.846       |
|    learning_rate        | 0.0003      |
|    loss                 | -0.0338     |
|    n_updates            | 600         |
|    policy_gradient_loss | -0.0278     |
|    std                  | 0.787       |
|    value_loss           | 0.00703     |
-----------------------------------------
----------------------------------------
| rollout/                |            |
|    ep_len_mean          | 80.4       |
|    ep_rew_mean          | -25.6      |
| time/                   |            |
|    fps                  | 63         |
|    iterations           | 62         |
|    time_elapsed         | 2007       |
|    total_timesteps      | 126976     |
| train/                  |            |
|    approx_kl            | 0.01673896 |
|    clip_fraction        | 0.196      |
|    clip_range           | 0.2        |
|    entropy_loss         | -8.23      |
|    explained_variance   | 0.338      |
|    learning_rate        | 0.0003     |
|    loss                 | -0.0268    |
|    n_updates            | 610        |
|    policy_gradient_loss | -0.0264    |
|    std                  | 0.784      |
|    value_loss           | 0.0058     |
----------------------------------------
-----------------------------------------
| rollout/                |             |
|    ep_len_mean          | 81.3        |
|    ep_rew_mean          | -26.1       |
| time/                   |             |
|    fps                  | 63          |
|    iterations           | 63          |
|    time_elapsed         | 2042        |
|    total_timesteps      | 129024      |
| train/                  |             |
|    approx_kl            | 0.013917197 |
|    clip_fraction        | 0.169       |
|    clip_range           | 0.2         |
|    entropy_loss         | -8.18       |
|    explained_variance   | 0.409       |
|    learning_rate        | 0.0003      |
|    loss                 | -0.05       |
|    n_updates            | 620         |
|    policy_gradient_loss | -0.0213     |
|    std                  | 0.778       |
|    value_loss           | 0.00499     |
-----------------------------------------
-----------------------------------------
| rollout/                |             |
|    ep_len_mean          | 76.8        |
|    ep_rew_mean          | -19.7       |
| time/                   |             |
|    fps                  | 63          |
|    iterations           | 64          |
|    time_elapsed         | 2077        |
|    total_timesteps      | 131072      |
| train/                  |             |
|    approx_kl            | 0.016489048 |
|    clip_fraction        | 0.187       |
|    clip_range           | 0.2         |
|    entropy_loss         | -8.16       |
|    explained_variance   | 0.491       |
|    learning_rate        | 0.0003      |
|    loss                 | -0.039      |
|    n_updates            | 630         |
|    policy_gradient_loss | -0.0246     |
|    std                  | 0.778       |
|    value_loss           | 0.00473     |
-----------------------------------------
-----------------------------------------
| rollout/                |             |
|    ep_len_mean          | 77.6        |
|    ep_rew_mean          | -20.1       |
| time/                   |             |
|    fps                  | 63          |
|    iterations           | 65          |
|    time_elapsed         | 2111        |
|    total_timesteps      | 133120      |
| train/                  |             |
|    approx_kl            | 0.016615361 |
|    clip_fraction        | 0.2         |
|    clip_range           | 0.2         |
|    entropy_loss         | -8.16       |
|    explained_variance   | 0.48        |
|    learning_rate        | 0.0003      |
|    loss                 | -0.0551     |
|    n_updates            | 640         |
|    policy_gradient_loss | -0.0222     |
|    std                  | 0.778       |
|    value_loss           | 0.00394     |
-----------------------------------------
-----------------------------------------
| rollout/                |             |
|    ep_len_mean          | 79.8        |
|    ep_rew_mean          | -21.8       |
| time/                   |             |
|    fps                  | 62          |
|    iterations           | 66          |
|    time_elapsed         | 2146        |
|    total_timesteps      | 135168      |
| train/                  |             |
|    approx_kl            | 0.015276422 |
|    clip_fraction        | 0.17        |
|    clip_range           | 0.2         |
|    entropy_loss         | -8.13       |
|    explained_variance   | 0.507       |
|    learning_rate        | 0.0003      |
|    loss                 | -0.077      |
|    n_updates            | 650         |
|    policy_gradient_loss | -0.0223     |
|    std                  | 0.773       |
|    value_loss           | 0.00499     |
-----------------------------------------
-----------------------------------------
| rollout/                |             |
|    ep_len_mean          | 77          |
|    ep_rew_mean          | -20.6       |
| time/                   |             |
|    fps                  | 62          |
|    iterations           | 67          |
|    time_elapsed         | 2181        |
|    total_timesteps      | 137216      |
| train/                  |             |
|    approx_kl            | 0.015894737 |
|    clip_fraction        | 0.209       |
|    clip_range           | 0.2         |
|    entropy_loss         | -8.09       |
|    explained_variance   | 0.613       |
|    learning_rate        | 0.0003      |
|    loss                 | -0.0359     |
|    n_updates            | 660         |
|    policy_gradient_loss | -0.0283     |
|    std                  | 0.769       |
|    value_loss           | 0.00576     |
-----------------------------------------
-----------------------------------------
| rollout/                |             |
|    ep_len_mean          | 80.6        |
|    ep_rew_mean          | -22         |
| time/                   |             |
|    fps                  | 62          |
|    iterations           | 68          |
|    time_elapsed         | 2215        |
|    total_timesteps      | 139264      |
| train/                  |             |
|    approx_kl            | 0.017010145 |
|    clip_fraction        | 0.207       |
|    clip_range           | 0.2         |
|    entropy_loss         | -8.04       |
|    explained_variance   | 0.435       |
|    learning_rate        | 0.0003      |
|    loss                 | -0.039      |
|    n_updates            | 670         |
|    policy_gradient_loss | -0.0284     |
|    std                  | 0.763       |
|    value_loss           | 0.00669     |
-----------------------------------------
-----------------------------------------
| rollout/                |             |
|    ep_len_mean          | 77.3        |
|    ep_rew_mean          | -19.2       |
| time/                   |             |
|    fps                  | 62          |
|    iterations           | 69          |
|    time_elapsed         | 2250        |
|    total_timesteps      | 141312      |
| train/                  |             |
|    approx_kl            | 0.016348742 |
|    clip_fraction        | 0.203       |
|    clip_range           | 0.2         |
|    entropy_loss         | -8          |
|    explained_variance   | 0.548       |
|    learning_rate        | 0.0003      |
|    loss                 | -0.0255     |
|    n_updates            | 680         |
|    policy_gradient_loss | -0.0252     |
|    std                  | 0.758       |
|    value_loss           | 0.00449     |
-----------------------------------------
-----------------------------------------
| rollout/                |             |
|    ep_len_mean          | 75.3        |
|    ep_rew_mean          | -17.3       |
| time/                   |             |
|    fps                  | 62          |
|    iterations           | 70          |
|    time_elapsed         | 2285        |
|    total_timesteps      | 143360      |
| train/                  |             |
|    approx_kl            | 0.015700636 |
|    clip_fraction        | 0.19        |
|    clip_range           | 0.2         |
|    entropy_loss         | -7.95       |
|    explained_variance   | 0.428       |
|    learning_rate        | 0.0003      |
|    loss                 | -0.0293     |
|    n_updates            | 690         |
|    policy_gradient_loss | -0.0243     |
|    std                  | 0.753       |
|    value_loss           | 0.00494     |
-----------------------------------------
----------------------------------------
| rollout/                |            |
|    ep_len_mean          | 71         |
|    ep_rew_mean          | -15.3      |
| time/                   |            |
|    fps                  | 62         |
|    iterations           | 71         |
|    time_elapsed         | 2321       |
|    total_timesteps      | 145408     |
| train/                  |            |
|    approx_kl            | 0.01337339 |
|    clip_fraction        | 0.181      |
|    clip_range           | 0.2        |
|    entropy_loss         | -7.89      |
|    explained_variance   | 0.484      |
|    learning_rate        | 0.0003     |
|    loss                 | -0.0437    |
|    n_updates            | 700        |
|    policy_gradient_loss | -0.0233    |
|    std                  | 0.746      |
|    value_loss           | 0.00337    |
----------------------------------------
-----------------------------------------
| rollout/                |             |
|    ep_len_mean          | 68.3        |
|    ep_rew_mean          | -14.9       |
| time/                   |             |
|    fps                  | 62          |
|    iterations           | 72          |
|    time_elapsed         | 2356        |
|    total_timesteps      | 147456      |
| train/                  |             |
|    approx_kl            | 0.014965916 |
|    clip_fraction        | 0.197       |
|    clip_range           | 0.2         |
|    entropy_loss         | -7.86       |
|    explained_variance   | 0.368       |
|    learning_rate        | 0.0003      |
|    loss                 | -0.0433     |
|    n_updates            | 710         |
|    policy_gradient_loss | -0.0256     |
|    std                  | 0.744       |
|    value_loss           | 0.00392     |
-----------------------------------------
-----------------------------------------
| rollout/                |             |
|    ep_len_mean          | 65.6        |
|    ep_rew_mean          | -13.9       |
| time/                   |             |
|    fps                  | 62          |
|    iterations           | 73          |
|    time_elapsed         | 2391        |
|    total_timesteps      | 149504      |
| train/                  |             |
|    approx_kl            | 0.015731005 |
|    clip_fraction        | 0.185       |
|    clip_range           | 0.2         |
|    entropy_loss         | -7.81       |
|    explained_variance   | 0.322       |
|    learning_rate        | 0.0003      |
|    loss                 | -0.0133     |
|    n_updates            | 720         |
|    policy_gradient_loss | -0.0219     |
|    std                  | 0.738       |
|    value_loss           | 0.00518     |
-----------------------------------------
-----------------------------------------
| rollout/                |             |
|    ep_len_mean          | 64.3        |
|    ep_rew_mean          | -13.5       |
| time/                   |             |
|    fps                  | 62          |
|    iterations           | 74          |
|    time_elapsed         | 2427        |
|    total_timesteps      | 151552      |
| train/                  |             |
|    approx_kl            | 0.016059095 |
|    clip_fraction        | 0.207       |
|    clip_range           | 0.2         |
|    entropy_loss         | -7.78       |
|    explained_variance   | 0.44        |
|    learning_rate        | 0.0003      |
|    loss                 | -0.0481     |
|    n_updates            | 730         |
|    policy_gradient_loss | -0.0265     |
|    std                  | 0.736       |
|    value_loss           | 0.00403     |
-----------------------------------------
-----------------------------------------
| rollout/                |             |
|    ep_len_mean          | 57.8        |
|    ep_rew_mean          | -9.78       |
| time/                   |             |
|    fps                  | 62          |
|    iterations           | 75          |
|    time_elapsed         | 2462        |
|    total_timesteps      | 153600      |
| train/                  |             |
|    approx_kl            | 0.014201233 |
|    clip_fraction        | 0.178       |
|    clip_range           | 0.2         |
|    entropy_loss         | -7.75       |
|    explained_variance   | 0.393       |
|    learning_rate        | 0.0003      |
|    loss                 | -0.0369     |
|    n_updates            | 740         |
|    policy_gradient_loss | -0.0233     |
|    std                  | 0.732       |
|    value_loss           | 0.0042      |
-----------------------------------------
-----------------------------------------
| rollout/                |             |
|    ep_len_mean          | 58.7        |
|    ep_rew_mean          | -10.3       |
| time/                   |             |
|    fps                  | 62          |
|    iterations           | 76          |
|    time_elapsed         | 2498        |
|    total_timesteps      | 155648      |
| train/                  |             |
|    approx_kl            | 0.014829797 |
|    clip_fraction        | 0.189       |
|    clip_range           | 0.2         |
|    entropy_loss         | -7.7        |
|    explained_variance   | 0.444       |
|    learning_rate        | 0.0003      |
|    loss                 | 0.00431     |
|    n_updates            | 750         |
|    policy_gradient_loss | -0.0247     |
|    std                  | 0.726       |
|    value_loss           | 0.00378     |
-----------------------------------------
-----------------------------------------
| rollout/                |             |
|    ep_len_mean          | 63.8        |
|    ep_rew_mean          | -11.9       |
| time/                   |             |
|    fps                  | 62          |
|    iterations           | 77          |
|    time_elapsed         | 2532        |
|    total_timesteps      | 157696      |
| train/                  |             |
|    approx_kl            | 0.017225547 |
|    clip_fraction        | 0.196       |
|    clip_range           | 0.2         |
|    entropy_loss         | -7.63       |
|    explained_variance   | 0.448       |
|    learning_rate        | 0.0003      |
|    loss                 | -0.0573     |
|    n_updates            | 760         |
|    policy_gradient_loss | -0.0257     |
|    std                  | 0.718       |
|    value_loss           | 0.00364     |
-----------------------------------------
-----------------------------------------
| rollout/                |             |
|    ep_len_mean          | 62.1        |
|    ep_rew_mean          | -11.2       |
| time/                   |             |
|    fps                  | 62          |
|    iterations           | 78          |
|    time_elapsed         | 2568        |
|    total_timesteps      | 159744      |
| train/                  |             |
|    approx_kl            | 0.018934438 |
|    clip_fraction        | 0.215       |
|    clip_range           | 0.2         |
|    entropy_loss         | -7.58       |
|    explained_variance   | 0.344       |
|    learning_rate        | 0.0003      |
|    loss                 | -0.0173     |
|    n_updates            | 770         |
|    policy_gradient_loss | -0.0245     |
|    std                  | 0.714       |
|    value_loss           | 0.00355     |
-----------------------------------------
-----------------------------------------
| rollout/                |             |
|    ep_len_mean          | 60.4        |
|    ep_rew_mean          | -11.2       |
| time/                   |             |
|    fps                  | 62          |
|    iterations           | 79          |
|    time_elapsed         | 2604        |
|    total_timesteps      | 161792      |
| train/                  |             |
|    approx_kl            | 0.019005941 |
|    clip_fraction        | 0.222       |
|    clip_range           | 0.2         |
|    entropy_loss         | -7.56       |
|    explained_variance   | 0.376       |
|    learning_rate        | 0.0003      |
|    loss                 | -0.0227     |
|    n_updates            | 780         |
|    policy_gradient_loss | -0.0269     |
|    std                  | 0.713       |
|    value_loss           | 0.00466     |
-----------------------------------------
----------------------------------------
| rollout/                |            |
|    ep_len_mean          | 54.2       |
|    ep_rew_mean          | -9.08      |
| time/                   |            |
|    fps                  | 62         |
|    iterations           | 80         |
|    time_elapsed         | 2639       |
|    total_timesteps      | 163840     |
| train/                  |            |
|    approx_kl            | 0.02008427 |
|    clip_fraction        | 0.229      |
|    clip_range           | 0.2        |
|    entropy_loss         | -7.52      |
|    explained_variance   | 0.457      |
|    learning_rate        | 0.0003     |
|    loss                 | -0.0632    |
|    n_updates            | 790        |
|    policy_gradient_loss | -0.0297    |
|    std                  | 0.708      |
|    value_loss           | 0.00498    |
----------------------------------------
-----------------------------------------
| rollout/                |             |
|    ep_len_mean          | 53.9        |
|    ep_rew_mean          | -8.59       |
| time/                   |             |
|    fps                  | 62          |
|    iterations           | 81          |
|    time_elapsed         | 2675        |
|    total_timesteps      | 165888      |
| train/                  |             |
|    approx_kl            | 0.016088191 |
|    clip_fraction        | 0.212       |
|    clip_range           | 0.2         |
|    entropy_loss         | -7.48       |
|    explained_variance   | 0.332       |
|    learning_rate        | 0.0003      |
|    loss                 | -0.0256     |
|    n_updates            | 800         |
|    policy_gradient_loss | -0.0248     |
|    std                  | 0.703       |
|    value_loss           | 0.00417     |
-----------------------------------------
-----------------------------------------
| rollout/                |             |
|    ep_len_mean          | 51          |
|    ep_rew_mean          | -6.68       |
| time/                   |             |
|    fps                  | 61          |
|    iterations           | 82          |
|    time_elapsed         | 2711        |
|    total_timesteps      | 167936      |
| train/                  |             |
|    approx_kl            | 0.017525595 |
|    clip_fraction        | 0.217       |
|    clip_range           | 0.2         |
|    entropy_loss         | -7.44       |
|    explained_variance   | 0.266       |
|    learning_rate        | 0.0003      |
|    loss                 | 0.00755     |
|    n_updates            | 810         |
|    policy_gradient_loss | -0.0251     |
|    std                  | 0.701       |
|    value_loss           | 0.00347     |
-----------------------------------------
-----------------------------------------
| rollout/                |             |
|    ep_len_mean          | 51.3        |
|    ep_rew_mean          | -6.39       |
| time/                   |             |
|    fps                  | 61          |
|    iterations           | 83          |
|    time_elapsed         | 2747        |
|    total_timesteps      | 169984      |
| train/                  |             |
|    approx_kl            | 0.015555659 |
|    clip_fraction        | 0.186       |
|    clip_range           | 0.2         |
|    entropy_loss         | -7.41       |
|    explained_variance   | 0.352       |
|    learning_rate        | 0.0003      |
|    loss                 | -0.0432     |
|    n_updates            | 820         |
|    policy_gradient_loss | -0.0253     |
|    std                  | 0.697       |
|    value_loss           | 0.00343     |
-----------------------------------------
-----------------------------------------
| rollout/                |             |
|    ep_len_mean          | 52.9        |
|    ep_rew_mean          | -7.57       |
| time/                   |             |
|    fps                  | 61          |
|    iterations           | 84          |
|    time_elapsed         | 2783        |
|    total_timesteps      | 172032      |
| train/                  |             |
|    approx_kl            | 0.018382154 |
|    clip_fraction        | 0.196       |
|    clip_range           | 0.2         |
|    entropy_loss         | -7.39       |
|    explained_variance   | 0.287       |
|    learning_rate        | 0.0003      |
|    loss                 | -0.0372     |
|    n_updates            | 830         |
|    policy_gradient_loss | -0.0214     |
|    std                  | 0.695       |
|    value_loss           | 0.00265     |
-----------------------------------------
-----------------------------------------
| rollout/                |             |
|    ep_len_mean          | 50.3        |
|    ep_rew_mean          | -6.38       |
| time/                   |             |
|    fps                  | 61          |
|    iterations           | 85          |
|    time_elapsed         | 2819        |
|    total_timesteps      | 174080      |
| train/                  |             |
|    approx_kl            | 0.018499918 |
|    clip_fraction        | 0.209       |
|    clip_range           | 0.2         |
|    entropy_loss         | -7.37       |
|    explained_variance   | 0.324       |
|    learning_rate        | 0.0003      |
|    loss                 | -0.0443     |
|    n_updates            | 840         |
|    policy_gradient_loss | -0.0276     |
|    std                  | 0.693       |
|    value_loss           | 0.00358     |
-----------------------------------------
-----------------------------------------
| rollout/                |             |
|    ep_len_mean          | 46.8        |
|    ep_rew_mean          | -5.2        |
| time/                   |             |
|    fps                  | 61          |
|    iterations           | 86          |
|    time_elapsed         | 2855        |
|    total_timesteps      | 176128      |
| train/                  |             |
|    approx_kl            | 0.015598971 |
|    clip_fraction        | 0.207       |
|    clip_range           | 0.2         |
|    entropy_loss         | -7.32       |
|    explained_variance   | 0.33        |
|    learning_rate        | 0.0003      |
|    loss                 | -0.0372     |
|    n_updates            | 850         |
|    policy_gradient_loss | -0.0244     |
|    std                  | 0.688       |
|    value_loss           | 0.00271     |
-----------------------------------------
-----------------------------------------
| rollout/                |             |
|    ep_len_mean          | 47.6        |
|    ep_rew_mean          | -5.16       |
| time/                   |             |
|    fps                  | 61          |
|    iterations           | 87          |
|    time_elapsed         | 2891        |
|    total_timesteps      | 178176      |
| train/                  |             |
|    approx_kl            | 0.016075965 |
|    clip_fraction        | 0.217       |
|    clip_range           | 0.2         |
|    entropy_loss         | -7.27       |
|    explained_variance   | 0.323       |
|    learning_rate        | 0.0003      |
|    loss                 | -0.0217     |
|    n_updates            | 860         |
|    policy_gradient_loss | -0.027      |
|    std                  | 0.682       |
|    value_loss           | 0.003       |
-----------------------------------------
----------------------------------------
| rollout/                |            |
|    ep_len_mean          | 47.9       |
|    ep_rew_mean          | -5.36      |
| time/                   |            |
|    fps                  | 61         |
|    iterations           | 88         |
|    time_elapsed         | 2928       |
|    total_timesteps      | 180224     |
| train/                  |            |
|    approx_kl            | 0.01614923 |
|    clip_fraction        | 0.201      |
|    clip_range           | 0.2        |
|    entropy_loss         | -7.23      |
|    explained_variance   | 0.316      |
|    learning_rate        | 0.0003     |
|    loss                 | 0.0036     |
|    n_updates            | 870        |
|    policy_gradient_loss | -0.0247    |
|    std                  | 0.679      |
|    value_loss           | 0.00259    |
----------------------------------------
-----------------------------------------
| rollout/                |             |
|    ep_len_mean          | 50.6        |
|    ep_rew_mean          | -6.43       |
| time/                   |             |
|    fps                  | 61          |
|    iterations           | 89          |
|    time_elapsed         | 2963        |
|    total_timesteps      | 182272      |
| train/                  |             |
|    approx_kl            | 0.018891111 |
|    clip_fraction        | 0.225       |
|    clip_range           | 0.2         |
|    entropy_loss         | -7.17       |
|    explained_variance   | 0.31        |
|    learning_rate        | 0.0003      |
|    loss                 | -0.0273     |
|    n_updates            | 880         |
|    policy_gradient_loss | -0.0247     |
|    std                  | 0.673       |
|    value_loss           | 0.00303     |
-----------------------------------------
----------------------------------------
| rollout/                |            |
|    ep_len_mean          | 48.8       |
|    ep_rew_mean          | -6.67      |
| time/                   |            |
|    fps                  | 61         |
|    iterations           | 90         |
|    time_elapsed         | 3000       |
|    total_timesteps      | 184320     |
| train/                  |            |
|    approx_kl            | 0.01959208 |
|    clip_fraction        | 0.234      |
|    clip_range           | 0.2        |
|    entropy_loss         | -7.13      |
|    explained_variance   | 0.31       |
|    learning_rate        | 0.0003     |
|    loss                 | -0.0522    |
|    n_updates            | 890        |
|    policy_gradient_loss | -0.0304    |
|    std                  | 0.67       |
|    value_loss           | 0.00287    |
----------------------------------------
-----------------------------------------
| rollout/                |             |
|    ep_len_mean          | 47.2        |
|    ep_rew_mean          | -5.75       |
| time/                   |             |
|    fps                  | 61          |
|    iterations           | 91          |
|    time_elapsed         | 3036        |
|    total_timesteps      | 186368      |
| train/                  |             |
|    approx_kl            | 0.018171128 |
|    clip_fraction        | 0.218       |
|    clip_range           | 0.2         |
|    entropy_loss         | -7.08       |
|    explained_variance   | 0.438       |
|    learning_rate        | 0.0003      |
|    loss                 | -0.0464     |
|    n_updates            | 900         |
|    policy_gradient_loss | -0.0301     |
|    std                  | 0.665       |
|    value_loss           | 0.00414     |
-----------------------------------------
-----------------------------------------
| rollout/                |             |
|    ep_len_mean          | 48          |
|    ep_rew_mean          | -5.4        |
| time/                   |             |
|    fps                  | 61          |
|    iterations           | 92          |
|    time_elapsed         | 3072        |
|    total_timesteps      | 188416      |
| train/                  |             |
|    approx_kl            | 0.016508926 |
|    clip_fraction        | 0.226       |
|    clip_range           | 0.2         |
|    entropy_loss         | -7.03       |
|    explained_variance   | 0.289       |
|    learning_rate        | 0.0003      |
|    loss                 | -0.025      |
|    n_updates            | 910         |
|    policy_gradient_loss | -0.0244     |
|    std                  | 0.66        |
|    value_loss           | 0.00227     |
-----------------------------------------
-----------------------------------------
| rollout/                |             |
|    ep_len_mean          | 43.3        |
|    ep_rew_mean          | -3.44       |
| time/                   |             |
|    fps                  | 61          |
|    iterations           | 93          |
|    time_elapsed         | 3109        |
|    total_timesteps      | 190464      |
| train/                  |             |
|    approx_kl            | 0.013961164 |
|    clip_fraction        | 0.195       |
|    clip_range           | 0.2         |
|    entropy_loss         | -6.99       |
|    explained_variance   | 0.181       |
|    learning_rate        | 0.0003      |
|    loss                 | -0.0286     |
|    n_updates            | 920         |
|    policy_gradient_loss | -0.0236     |
|    std                  | 0.658       |
|    value_loss           | 0.00224     |
-----------------------------------------
-----------------------------------------
| rollout/                |             |
|    ep_len_mean          | 39          |
|    ep_rew_mean          | -2.26       |
| time/                   |             |
|    fps                  | 61          |
|    iterations           | 94          |
|    time_elapsed         | 3146        |
|    total_timesteps      | 192512      |
| train/                  |             |
|    approx_kl            | 0.020719226 |
|    clip_fraction        | 0.236       |
|    clip_range           | 0.2         |
|    entropy_loss         | -6.94       |
|    explained_variance   | 0.297       |
|    learning_rate        | 0.0003      |
|    loss                 | -0.0455     |
|    n_updates            | 930         |
|    policy_gradient_loss | -0.029      |
|    std                  | 0.651       |
|    value_loss           | 0.00325     |
-----------------------------------------
-----------------------------------------
| rollout/                |             |
|    ep_len_mean          | 42.5        |
|    ep_rew_mean          | -2.93       |
| time/                   |             |
|    fps                  | 61          |
|    iterations           | 95          |
|    time_elapsed         | 3182        |
|    total_timesteps      | 194560      |
| train/                  |             |
|    approx_kl            | 0.017809916 |
|    clip_fraction        | 0.233       |
|    clip_range           | 0.2         |
|    entropy_loss         | -6.91       |
|    explained_variance   | 0.219       |
|    learning_rate        | 0.0003      |
|    loss                 | -0.0338     |
|    n_updates            | 940         |
|    policy_gradient_loss | -0.0255     |
|    std                  | 0.651       |
|    value_loss           | 0.00255     |
-----------------------------------------
----------------------------------------
| rollout/                |            |
|    ep_len_mean          | 44.2       |
|    ep_rew_mean          | -3.26      |
| time/                   |            |
|    fps                  | 61         |
|    iterations           | 96         |
|    time_elapsed         | 3219       |
|    total_timesteps      | 196608     |
| train/                  |            |
|    approx_kl            | 0.01681913 |
|    clip_fraction        | 0.221      |
|    clip_range           | 0.2        |
|    entropy_loss         | -6.91      |
|    explained_variance   | 0.323      |
|    learning_rate        | 0.0003     |
|    loss                 | -0.0187    |
|    n_updates            | 950        |
|    policy_gradient_loss | -0.0271    |
|    std                  | 0.65       |
|    value_loss           | 0.00196    |
----------------------------------------
----------------------------------------
| rollout/                |            |
|    ep_len_mean          | 40         |
|    ep_rew_mean          | -2.24      |
| time/                   |            |
|    fps                  | 61         |
|    iterations           | 97         |
|    time_elapsed         | 3256       |
|    total_timesteps      | 198656     |
| train/                  |            |
|    approx_kl            | 0.01727937 |
|    clip_fraction        | 0.185      |
|    clip_range           | 0.2        |
|    entropy_loss         | -6.87      |
|    explained_variance   | 0.291      |
|    learning_rate        | 0.0003     |
|    loss                 | -0.0431    |
|    n_updates            | 960        |
|    policy_gradient_loss | -0.0233    |
|    std                  | 0.644      |
|    value_loss           | 0.00225    |
----------------------------------------
-----------------------------------------
| rollout/                |             |
|    ep_len_mean          | 37.3        |
|    ep_rew_mean          | -0.986      |
| time/                   |             |
|    fps                  | 60          |
|    iterations           | 98          |
|    time_elapsed         | 3293        |
|    total_timesteps      | 200704      |
| train/                  |             |
|    approx_kl            | 0.019271772 |
|    clip_fraction        | 0.213       |
|    clip_range           | 0.2         |
|    entropy_loss         | -6.85       |
|    explained_variance   | 0.299       |
|    learning_rate        | 0.0003      |
|    loss                 | -0.0493     |
|    n_updates            | 970         |
|    policy_gradient_loss | -0.0279     |
|    std                  | 0.646       |
|    value_loss           | 0.00233     |
-----------------------------------------
-----------------------------------------
| rollout/                |             |
|    ep_len_mean          | 37.6        |
|    ep_rew_mean          | -1.56       |
| time/                   |             |
|    fps                  | 60          |
|    iterations           | 99          |
|    time_elapsed         | 3330        |
|    total_timesteps      | 202752      |
| train/                  |             |
|    approx_kl            | 0.017538045 |
|    clip_fraction        | 0.212       |
|    clip_range           | 0.2         |
|    entropy_loss         | -6.84       |
|    explained_variance   | 0.226       |
|    learning_rate        | 0.0003      |
|    loss                 | -0.0307     |
|    n_updates            | 980         |
|    policy_gradient_loss | -0.0249     |
|    std                  | 0.642       |
|    value_loss           | 0.00255     |
-----------------------------------------
-----------------------------------------
| rollout/                |             |
|    ep_len_mean          | 40.2        |
|    ep_rew_mean          | -2.74       |
| time/                   |             |
|    fps                  | 60          |
|    iterations           | 100         |
|    time_elapsed         | 3367        |
|    total_timesteps      | 204800      |
| train/                  |             |
|    approx_kl            | 0.018863231 |
|    clip_fraction        | 0.234       |
|    clip_range           | 0.2         |
|    entropy_loss         | -6.8        |
|    explained_variance   | 0.274       |
|    learning_rate        | 0.0003      |
|    loss                 | -0.0307     |
|    n_updates            | 990         |
|    policy_gradient_loss | -0.0252     |
|    std                  | 0.639       |
|    value_loss           | 0.00252     |
-----------------------------------------
-----------------------------------------
| rollout/                |             |
|    ep_len_mean          | 38.1        |
|    ep_rew_mean          | -2.16       |
| time/                   |             |
|    fps                  | 60          |
|    iterations           | 101         |
|    time_elapsed         | 3404        |
|    total_timesteps      | 206848      |
| train/                  |             |
|    approx_kl            | 0.017557774 |
|    clip_fraction        | 0.222       |
|    clip_range           | 0.2         |
|    entropy_loss         | -6.76       |
|    explained_variance   | 0.266       |
|    learning_rate        | 0.0003      |
|    loss                 | -0.041      |
|    n_updates            | 1000        |
|    policy_gradient_loss | -0.0265     |
|    std                  | 0.635       |
|    value_loss           | 0.0026      |
-----------------------------------------
----------------------------------------
| rollout/                |            |
|    ep_len_mean          | 37.1       |
|    ep_rew_mean          | -1.72      |
| time/                   |            |
|    fps                  | 60         |
|    iterations           | 102        |
|    time_elapsed         | 3441       |
|    total_timesteps      | 208896     |
| train/                  |            |
|    approx_kl            | 0.01883243 |
|    clip_fraction        | 0.215      |
|    clip_range           | 0.2        |
|    entropy_loss         | -6.69      |
|    explained_variance   | 0.284      |
|    learning_rate        | 0.0003     |
|    loss                 | -0.0438    |
|    n_updates            | 1010       |
|    policy_gradient_loss | -0.0259    |
|    std                  | 0.629      |
|    value_loss           | 0.00227    |
----------------------------------------
-----------------------------------------
| rollout/                |             |
|    ep_len_mean          | 34.9        |
|    ep_rew_mean          | -1.02       |
| time/                   |             |
|    fps                  | 60          |
|    iterations           | 103         |
|    time_elapsed         | 3479        |
|    total_timesteps      | 210944      |
| train/                  |             |
|    approx_kl            | 0.018253792 |
|    clip_fraction        | 0.221       |
|    clip_range           | 0.2         |
|    entropy_loss         | -6.62       |
|    explained_variance   | 0.281       |
|    learning_rate        | 0.0003      |
|    loss                 | -0.0548     |
|    n_updates            | 1020        |
|    policy_gradient_loss | -0.0265     |
|    std                  | 0.623       |
|    value_loss           | 0.00207     |
-----------------------------------------
-----------------------------------------
| rollout/                |             |
|    ep_len_mean          | 35.7        |
|    ep_rew_mean          | -0.76       |
| time/                   |             |
|    fps                  | 60          |
|    iterations           | 104         |
|    time_elapsed         | 3516        |
|    total_timesteps      | 212992      |
| train/                  |             |
|    approx_kl            | 0.021465056 |
|    clip_fraction        | 0.239       |
|    clip_range           | 0.2         |
|    entropy_loss         | -6.59       |
|    explained_variance   | 0.252       |
|    learning_rate        | 0.0003      |
|    loss                 | -0.0506     |
|    n_updates            | 1030        |
|    policy_gradient_loss | -0.0277     |
|    std                  | 0.621       |
|    value_loss           | 0.00243     |
-----------------------------------------
-----------------------------------------
| rollout/                |             |
|    ep_len_mean          | 36.4        |
|    ep_rew_mean          | -0.86       |
| time/                   |             |
|    fps                  | 60          |
|    iterations           | 105         |
|    time_elapsed         | 3554        |
|    total_timesteps      | 215040      |
| train/                  |             |
|    approx_kl            | 0.018482348 |
|    clip_fraction        | 0.235       |
|    clip_range           | 0.2         |
|    entropy_loss         | -6.53       |
|    explained_variance   | 0.252       |
|    learning_rate        | 0.0003      |
|    loss                 | -0.0288     |
|    n_updates            | 1040        |
|    policy_gradient_loss | -0.0282     |
|    std                  | 0.615       |
|    value_loss           | 0.00193     |
-----------------------------------------
----------------------------------------
| rollout/                |            |
|    ep_len_mean          | 34.4       |
|    ep_rew_mean          | -0.345     |
| time/                   |            |
|    fps                  | 60         |
|    iterations           | 106        |
|    time_elapsed         | 3591       |
|    total_timesteps      | 217088     |
| train/                  |            |
|    approx_kl            | 0.01666183 |
|    clip_fraction        | 0.213      |
|    clip_range           | 0.2        |
|    entropy_loss         | -6.48      |
|    explained_variance   | 0.225      |
|    learning_rate        | 0.0003     |
|    loss                 | -0.0529    |
|    n_updates            | 1050       |
|    policy_gradient_loss | -0.025     |
|    std                  | 0.611      |
|    value_loss           | 0.00223    |
----------------------------------------
-----------------------------------------
| rollout/                |             |
|    ep_len_mean          | 33.9        |
|    ep_rew_mean          | -0.447      |
| time/                   |             |
|    fps                  | 60          |
|    iterations           | 107         |
|    time_elapsed         | 3629        |
|    total_timesteps      | 219136      |
| train/                  |             |
|    approx_kl            | 0.022177497 |
|    clip_fraction        | 0.251       |
|    clip_range           | 0.2         |
|    entropy_loss         | -6.45       |
|    explained_variance   | 0.278       |
|    learning_rate        | 0.0003      |
|    loss                 | -0.0575     |
|    n_updates            | 1060        |
|    policy_gradient_loss | -0.0301     |
|    std                  | 0.61        |
|    value_loss           | 0.00217     |
-----------------------------------------
-----------------------------------------
| rollout/                |             |
|    ep_len_mean          | 34          |
|    ep_rew_mean          | -0.341      |
| time/                   |             |
|    fps                  | 60          |
|    iterations           | 108         |
|    time_elapsed         | 3667        |
|    total_timesteps      | 221184      |
| train/                  |             |
|    approx_kl            | 0.020917851 |
|    clip_fraction        | 0.249       |
|    clip_range           | 0.2         |
|    entropy_loss         | -6.43       |
|    explained_variance   | 0.263       |
|    learning_rate        | 0.0003      |
|    loss                 | -0.0579     |
|    n_updates            | 1070        |
|    policy_gradient_loss | -0.0327     |
|    std                  | 0.607       |
|    value_loss           | 0.0025      |
-----------------------------------------
-----------------------------------------
| rollout/                |             |
|    ep_len_mean          | 33.1        |
|    ep_rew_mean          | 0.239       |
| time/                   |             |
|    fps                  | 60          |
|    iterations           | 109         |
|    time_elapsed         | 3705        |
|    total_timesteps      | 223232      |
| train/                  |             |
|    approx_kl            | 0.018387377 |
|    clip_fraction        | 0.239       |
|    clip_range           | 0.2         |
|    entropy_loss         | -6.39       |
|    explained_variance   | 0.258       |
|    learning_rate        | 0.0003      |
|    loss                 | -0.0484     |
|    n_updates            | 1080        |
|    policy_gradient_loss | -0.0265     |
|    std                  | 0.603       |
|    value_loss           | 0.002       |
-----------------------------------------
----------------------------------------
| rollout/                |            |
|    ep_len_mean          | 31         |
|    ep_rew_mean          | 0.909      |
| time/                   |            |
|    fps                  | 60         |
|    iterations           | 110        |
|    time_elapsed         | 3743       |
|    total_timesteps      | 225280     |
| train/                  |            |
|    approx_kl            | 0.01813091 |
|    clip_fraction        | 0.213      |
|    clip_range           | 0.2        |
|    entropy_loss         | -6.35      |
|    explained_variance   | 0.261      |
|    learning_rate        | 0.0003     |
|    loss                 | -0.0371    |
|    n_updates            | 1090       |
|    policy_gradient_loss | -0.0266    |
|    std                  | 0.6        |
|    value_loss           | 0.00195    |
----------------------------------------
----------------------------------------
| rollout/                |            |
|    ep_len_mean          | 33.6       |
|    ep_rew_mean          | 0.139      |
| time/                   |            |
|    fps                  | 60         |
|    iterations           | 111        |
|    time_elapsed         | 3781       |
|    total_timesteps      | 227328     |
| train/                  |            |
|    approx_kl            | 0.01814329 |
|    clip_fraction        | 0.202      |
|    clip_range           | 0.2        |
|    entropy_loss         | -6.32      |
|    explained_variance   | 0.31       |
|    learning_rate        | 0.0003     |
|    loss                 | -0.0345    |
|    n_updates            | 1100       |
|    policy_gradient_loss | -0.0277    |
|    std                  | 0.598      |
|    value_loss           | 0.00211    |
----------------------------------------
-----------------------------------------
| rollout/                |             |
|    ep_len_mean          | 32          |
|    ep_rew_mean          | 0.975       |
| time/                   |             |
|    fps                  | 60          |
|    iterations           | 112         |
|    time_elapsed         | 3819        |
|    total_timesteps      | 229376      |
| train/                  |             |
|    approx_kl            | 0.017991161 |
|    clip_fraction        | 0.221       |
|    clip_range           | 0.2         |
|    entropy_loss         | -6.28       |
|    explained_variance   | 0.284       |
|    learning_rate        | 0.0003      |
|    loss                 | -0.0469     |
|    n_updates            | 1110        |
|    policy_gradient_loss | -0.0259     |
|    std                  | 0.594       |
|    value_loss           | 0.00231     |
-----------------------------------------
----------------------------------------
| rollout/                |            |
|    ep_len_mean          | 31.1       |
|    ep_rew_mean          | 0.607      |
| time/                   |            |
|    fps                  | 59         |
|    iterations           | 113        |
|    time_elapsed         | 3857       |
|    total_timesteps      | 231424     |
| train/                  |            |
|    approx_kl            | 0.02077178 |
|    clip_fraction        | 0.225      |
|    clip_range           | 0.2        |
|    entropy_loss         | -6.28      |
|    explained_variance   | 0.224      |
|    learning_rate        | 0.0003     |
|    loss                 | -0.0398    |
|    n_updates            | 1120       |
|    policy_gradient_loss | -0.0281    |
|    std                  | 0.596      |
|    value_loss           | 0.00168    |
----------------------------------------
-----------------------------------------
| rollout/                |             |
|    ep_len_mean          | 32.3        |
|    ep_rew_mean          | 0.398       |
| time/                   |             |
|    fps                  | 59          |
|    iterations           | 114         |
|    time_elapsed         | 3895        |
|    total_timesteps      | 233472      |
| train/                  |             |
|    approx_kl            | 0.019951701 |
|    clip_fraction        | 0.255       |
|    clip_range           | 0.2         |
|    entropy_loss         | -6.27       |
|    explained_variance   | 0.288       |
|    learning_rate        | 0.0003      |
|    loss                 | -0.062      |
|    n_updates            | 1130        |
|    policy_gradient_loss | -0.0313     |
|    std                  | 0.593       |
|    value_loss           | 0.00255     |
-----------------------------------------
-----------------------------------------
| rollout/                |             |
|    ep_len_mean          | 32.9        |
|    ep_rew_mean          | 0.517       |
| time/                   |             |
|    fps                  | 59          |
|    iterations           | 115         |
|    time_elapsed         | 3933        |
|    total_timesteps      | 235520      |
| train/                  |             |
|    approx_kl            | 0.018869817 |
|    clip_fraction        | 0.218       |
|    clip_range           | 0.2         |
|    entropy_loss         | -6.24       |
|    explained_variance   | 0.268       |
|    learning_rate        | 0.0003      |
|    loss                 | -0.0648     |
|    n_updates            | 1140        |
|    policy_gradient_loss | -0.0254     |
|    std                  | 0.591       |
|    value_loss           | 0.00179     |
-----------------------------------------
-----------------------------------------
| rollout/                |             |
|    ep_len_mean          | 34.9        |
|    ep_rew_mean          | 0.103       |
| time/                   |             |
|    fps                  | 59          |
|    iterations           | 116         |
|    time_elapsed         | 3970        |
|    total_timesteps      | 237568      |
| train/                  |             |
|    approx_kl            | 0.021485638 |
|    clip_fraction        | 0.256       |
|    clip_range           | 0.2         |
|    entropy_loss         | -6.21       |
|    explained_variance   | 0.275       |
|    learning_rate        | 0.0003      |
|    loss                 | -0.0558     |
|    n_updates            | 1150        |
|    policy_gradient_loss | -0.0261     |
|    std                  | 0.589       |
|    value_loss           | 0.0019      |
-----------------------------------------
----------------------------------------
| rollout/                |            |
|    ep_len_mean          | 34.9       |
|    ep_rew_mean          | 0.0251     |
| time/                   |            |
|    fps                  | 59         |
|    iterations           | 117        |
|    time_elapsed         | 4008       |
|    total_timesteps      | 239616     |
| train/                  |            |
|    approx_kl            | 0.02444312 |
|    clip_fraction        | 0.249      |
|    clip_range           | 0.2        |
|    entropy_loss         | -6.16      |
|    explained_variance   | 0.252      |
|    learning_rate        | 0.0003     |
|    loss                 | -0.0198    |
|    n_updates            | 1160       |
|    policy_gradient_loss | -0.029     |
|    std                  | 0.584      |
|    value_loss           | 0.00212    |
----------------------------------------
-----------------------------------------
| rollout/                |             |
|    ep_len_mean          | 30.2        |
|    ep_rew_mean          | 1.35        |
| time/                   |             |
|    fps                  | 59          |
|    iterations           | 118         |
|    time_elapsed         | 4047        |
|    total_timesteps      | 241664      |
| train/                  |             |
|    approx_kl            | 0.020359267 |
|    clip_fraction        | 0.253       |
|    clip_range           | 0.2         |
|    entropy_loss         | -6.12       |
|    explained_variance   | 0.277       |
|    learning_rate        | 0.0003      |
|    loss                 | -0.0367     |
|    n_updates            | 1170        |
|    policy_gradient_loss | -0.0288     |
|    std                  | 0.581       |
|    value_loss           | 0.00247     |
-----------------------------------------
-----------------------------------------
| rollout/                |             |
|    ep_len_mean          | 28.7        |
|    ep_rew_mean          | 1.36        |
| time/                   |             |
|    fps                  | 59          |
|    iterations           | 119         |
|    time_elapsed         | 4085        |
|    total_timesteps      | 243712      |
| train/                  |             |
|    approx_kl            | 0.019045662 |
|    clip_fraction        | 0.244       |
|    clip_range           | 0.2         |
|    entropy_loss         | -6.11       |
|    explained_variance   | 0.231       |
|    learning_rate        | 0.0003      |
|    loss                 | -0.0123     |
|    n_updates            | 1180        |
|    policy_gradient_loss | -0.0255     |
|    std                  | 0.583       |
|    value_loss           | 0.0023      |
-----------------------------------------
-----------------------------------------
| rollout/                |             |
|    ep_len_mean          | 31.2        |
|    ep_rew_mean          | 0.702       |
| time/                   |             |
|    fps                  | 59          |
|    iterations           | 120         |
|    time_elapsed         | 4123        |
|    total_timesteps      | 245760      |
| train/                  |             |
|    approx_kl            | 0.020424105 |
|    clip_fraction        | 0.23        |
|    clip_range           | 0.2         |
|    entropy_loss         | -6.09       |
|    explained_variance   | 0.283       |
|    learning_rate        | 0.0003      |
|    loss                 | 0.00486     |
|    n_updates            | 1190        |
|    policy_gradient_loss | -0.0289     |
|    std                  | 0.578       |
|    value_loss           | 0.00245     |
-----------------------------------------
-----------------------------------------
| rollout/                |             |
|    ep_len_mean          | 29.9        |
|    ep_rew_mean          | 1.87        |
| time/                   |             |
|    fps                  | 59          |
|    iterations           | 121         |
|    time_elapsed         | 4162        |
|    total_timesteps      | 247808      |
| train/                  |             |
|    approx_kl            | 0.019029008 |
|    clip_fraction        | 0.238       |
|    clip_range           | 0.2         |
|    entropy_loss         | -6.05       |
|    explained_variance   | 0.238       |
|    learning_rate        | 0.0003      |
|    loss                 | -0.0403     |
|    n_updates            | 1200        |
|    policy_gradient_loss | -0.0247     |
|    std                  | 0.576       |
|    value_loss           | 0.00218     |
-----------------------------------------
----------------------------------------
| rollout/                |            |
|    ep_len_mean          | 28.4       |
|    ep_rew_mean          | 2.2        |
| time/                   |            |
|    fps                  | 59         |
|    iterations           | 122        |
|    time_elapsed         | 4201       |
|    total_timesteps      | 249856     |
| train/                  |            |
|    approx_kl            | 0.02019921 |
|    clip_fraction        | 0.256      |
|    clip_range           | 0.2        |
|    entropy_loss         | -6.02      |
|    explained_variance   | 0.197      |
|    learning_rate        | 0.0003     |
|    loss                 | -0.0576    |
|    n_updates            | 1210       |
|    policy_gradient_loss | -0.0278    |
|    std                  | 0.573      |
|    value_loss           | 0.00165    |
----------------------------------------
-----------------------------------------
| rollout/                |             |
|    ep_len_mean          | 27.8        |
|    ep_rew_mean          | 2.52        |
| time/                   |             |
|    fps                  | 59          |
|    iterations           | 123         |
|    time_elapsed         | 4239        |
|    total_timesteps      | 251904      |
| train/                  |             |
|    approx_kl            | 0.020649446 |
|    clip_fraction        | 0.244       |
|    clip_range           | 0.2         |
|    entropy_loss         | -5.99       |
|    explained_variance   | 0.245       |
|    learning_rate        | 0.0003      |
|    loss                 | -0.031      |
|    n_updates            | 1220        |
|    policy_gradient_loss | -0.0264     |
|    std                  | 0.571       |
|    value_loss           | 0.00149     |
-----------------------------------------
-----------------------------------------
| rollout/                |             |
|    ep_len_mean          | 27.5        |
|    ep_rew_mean          | 2.65        |
| time/                   |             |
|    fps                  | 59          |
|    iterations           | 124         |
|    time_elapsed         | 4278        |
|    total_timesteps      | 253952      |
| train/                  |             |
|    approx_kl            | 0.018855657 |
|    clip_fraction        | 0.218       |
|    clip_range           | 0.2         |
|    entropy_loss         | -5.97       |
|    explained_variance   | 0.142       |
|    learning_rate        | 0.0003      |
|    loss                 | -0.0708     |
|    n_updates            | 1230        |
|    policy_gradient_loss | -0.0239     |
|    std                  | 0.569       |
|    value_loss           | 0.00145     |
-----------------------------------------
-----------------------------------------
| rollout/                |             |
|    ep_len_mean          | 28.3        |
|    ep_rew_mean          | 1.99        |
| time/                   |             |
|    fps                  | 59          |
|    iterations           | 125         |
|    time_elapsed         | 4317        |
|    total_timesteps      | 256000      |
| train/                  |             |
|    approx_kl            | 0.018350419 |
|    clip_fraction        | 0.232       |
|    clip_range           | 0.2         |
|    entropy_loss         | -5.95       |
|    explained_variance   | 0.248       |
|    learning_rate        | 0.0003      |
|    loss                 | -0.0204     |
|    n_updates            | 1240        |
|    policy_gradient_loss | -0.0258     |
|    std                  | 0.569       |
|    value_loss           | 0.00159     |
-----------------------------------------
----------------------------------------
| rollout/                |            |
|    ep_len_mean          | 25.1       |
|    ep_rew_mean          | 3.37       |
| time/                   |            |
|    fps                  | 59         |
|    iterations           | 126        |
|    time_elapsed         | 4356       |
|    total_timesteps      | 258048     |
| train/                  |            |
|    approx_kl            | 0.01963757 |
|    clip_fraction        | 0.238      |
|    clip_range           | 0.2        |
|    entropy_loss         | -5.95      |
|    explained_variance   | 0.267      |
|    learning_rate        | 0.0003     |
|    loss                 | -0.0759    |
|    n_updates            | 1250       |
|    policy_gradient_loss | -0.0298    |
|    std                  | 0.567      |
|    value_loss           | 0.00167    |
----------------------------------------
----------------------------------------
| rollout/                |            |
|    ep_len_mean          | 25.5       |
|    ep_rew_mean          | 3.2        |
| time/                   |            |
|    fps                  | 59         |
|    iterations           | 127        |
|    time_elapsed         | 4396       |
|    total_timesteps      | 260096     |
| train/                  |            |
|    approx_kl            | 0.02206843 |
|    clip_fraction        | 0.251      |
|    clip_range           | 0.2        |
|    entropy_loss         | -5.92      |
|    explained_variance   | 0.099      |
|    learning_rate        | 0.0003     |
|    loss                 | -0.0357    |
|    n_updates            | 1260       |
|    policy_gradient_loss | -0.0261    |
|    std                  | 0.565      |
|    value_loss           | 0.00107    |
----------------------------------------
-----------------------------------------
| rollout/                |             |
|    ep_len_mean          | 28.2        |
|    ep_rew_mean          | 2.22        |
| time/                   |             |
|    fps                  | 59          |
|    iterations           | 128         |
|    time_elapsed         | 4434        |
|    total_timesteps      | 262144      |
| train/                  |             |
|    approx_kl            | 0.021536421 |
|    clip_fraction        | 0.249       |
|    clip_range           | 0.2         |
|    entropy_loss         | -5.89       |
|    explained_variance   | 0.21        |
|    learning_rate        | 0.0003      |
|    loss                 | -0.0333     |
|    n_updates            | 1270        |
|    policy_gradient_loss | -0.0289     |
|    std                  | 0.563       |
|    value_loss           | 0.00142     |
-----------------------------------------
----------------------------------------
| rollout/                |            |
|    ep_len_mean          | 27.4       |
|    ep_rew_mean          | 2.6        |
| time/                   |            |
|    fps                  | 59         |
|    iterations           | 129        |
|    time_elapsed         | 4473       |
|    total_timesteps      | 264192     |
| train/                  |            |
|    approx_kl            | 0.02433725 |
|    clip_fraction        | 0.272      |
|    clip_range           | 0.2        |
|    entropy_loss         | -5.87      |
|    explained_variance   | 0.232      |
|    learning_rate        | 0.0003     |
|    loss                 | -0.0513    |
|    n_updates            | 1280       |
|    policy_gradient_loss | -0.0316    |
|    std                  | 0.561      |
|    value_loss           | 0.00169    |
----------------------------------------
-----------------------------------------
| rollout/                |             |
|    ep_len_mean          | 25.9        |
|    ep_rew_mean          | 3.01        |
| time/                   |             |
|    fps                  | 58          |
|    iterations           | 130         |
|    time_elapsed         | 4512        |
|    total_timesteps      | 266240      |
| train/                  |             |
|    approx_kl            | 0.022930365 |
|    clip_fraction        | 0.25        |
|    clip_range           | 0.2         |
|    entropy_loss         | -5.85       |
|    explained_variance   | 0.19        |
|    learning_rate        | 0.0003      |
|    loss                 | -0.0387     |
|    n_updates            | 1290        |
|    policy_gradient_loss | -0.0284     |
|    std                  | 0.559       |
|    value_loss           | 0.00143     |
-----------------------------------------
-----------------------------------------
| rollout/                |             |
|    ep_len_mean          | 24.9        |
|    ep_rew_mean          | 2.95        |
| time/                   |             |
|    fps                  | 58          |
|    iterations           | 131         |
|    time_elapsed         | 4552        |
|    total_timesteps      | 268288      |
| train/                  |             |
|    approx_kl            | 0.021161644 |
|    clip_fraction        | 0.275       |
|    clip_range           | 0.2         |
|    entropy_loss         | -5.8        |
|    explained_variance   | 0.268       |
|    learning_rate        | 0.0003      |
|    loss                 | -0.0399     |
|    n_updates            | 1300        |
|    policy_gradient_loss | -0.0294     |
|    std                  | 0.555       |
|    value_loss           | 0.00143     |
-----------------------------------------
-----------------------------------------
| rollout/                |             |
|    ep_len_mean          | 27.3        |
|    ep_rew_mean          | 2.6         |
| time/                   |             |
|    fps                  | 58          |
|    iterations           | 132         |
|    time_elapsed         | 4590        |
|    total_timesteps      | 270336      |
| train/                  |             |
|    approx_kl            | 0.023428686 |
|    clip_fraction        | 0.236       |
|    clip_range           | 0.2         |
|    entropy_loss         | -5.77       |
|    explained_variance   | 0.207       |
|    learning_rate        | 0.0003      |
|    loss                 | -0.0421     |
|    n_updates            | 1310        |
|    policy_gradient_loss | -0.0275     |
|    std                  | 0.553       |
|    value_loss           | 0.00138     |
-----------------------------------------
-----------------------------------------
| rollout/                |             |
|    ep_len_mean          | 26          |
|    ep_rew_mean          | 2.93        |
| time/                   |             |
|    fps                  | 58          |
|    iterations           | 133         |
|    time_elapsed         | 4630        |
|    total_timesteps      | 272384      |
| train/                  |             |
|    approx_kl            | 0.019419413 |
|    clip_fraction        | 0.237       |
|    clip_range           | 0.2         |
|    entropy_loss         | -5.74       |
|    explained_variance   | 0.235       |
|    learning_rate        | 0.0003      |
|    loss                 | -0.0243     |
|    n_updates            | 1320        |
|    policy_gradient_loss | -0.0259     |
|    std                  | 0.551       |
|    value_loss           | 0.00123     |
-----------------------------------------
-----------------------------------------
| rollout/                |             |
|    ep_len_mean          | 25.4        |
|    ep_rew_mean          | 3.2         |
| time/                   |             |
|    fps                  | 58          |
|    iterations           | 134         |
|    time_elapsed         | 4669        |
|    total_timesteps      | 274432      |
| train/                  |             |
|    approx_kl            | 0.023043593 |
|    clip_fraction        | 0.262       |
|    clip_range           | 0.2         |
|    entropy_loss         | -5.71       |
|    explained_variance   | 0.255       |
|    learning_rate        | 0.0003      |
|    loss                 | -0.0377     |
|    n_updates            | 1330        |
|    policy_gradient_loss | -0.0278     |
|    std                  | 0.548       |
|    value_loss           | 0.00156     |
-----------------------------------------
-----------------------------------------
| rollout/                |             |
|    ep_len_mean          | 25.7        |
|    ep_rew_mean          | 3.01        |
| time/                   |             |
|    fps                  | 58          |
|    iterations           | 135         |
|    time_elapsed         | 4708        |
|    total_timesteps      | 276480      |
| train/                  |             |
|    approx_kl            | 0.023642369 |
|    clip_fraction        | 0.256       |
|    clip_range           | 0.2         |
|    entropy_loss         | -5.67       |
|    explained_variance   | 0.304       |
|    learning_rate        | 0.0003      |
|    loss                 | -0.0157     |
|    n_updates            | 1340        |
|    policy_gradient_loss | -0.0295     |
|    std                  | 0.544       |
|    value_loss           | 0.00153     |
-----------------------------------------
-----------------------------------------
| rollout/                |             |
|    ep_len_mean          | 24.7        |
|    ep_rew_mean          | 3.5         |
| time/                   |             |
|    fps                  | 58          |
|    iterations           | 136         |
|    time_elapsed         | 4748        |
|    total_timesteps      | 278528      |
| train/                  |             |
|    approx_kl            | 0.024803584 |
|    clip_fraction        | 0.268       |
|    clip_range           | 0.2         |
|    entropy_loss         | -5.62       |
|    explained_variance   | 0.308       |
|    learning_rate        | 0.0003      |
|    loss                 | -0.0354     |
|    n_updates            | 1350        |
|    policy_gradient_loss | -0.0309     |
|    std                  | 0.54        |
|    value_loss           | 0.00144     |
-----------------------------------------
-----------------------------------------
| rollout/                |             |
|    ep_len_mean          | 24.3        |
|    ep_rew_mean          | 3.63        |
| time/                   |             |
|    fps                  | 58          |
|    iterations           | 137         |
|    time_elapsed         | 4787        |
|    total_timesteps      | 280576      |
| train/                  |             |
|    approx_kl            | 0.025336426 |
|    clip_fraction        | 0.261       |
|    clip_range           | 0.2         |
|    entropy_loss         | -5.6        |
|    explained_variance   | 0.312       |
|    learning_rate        | 0.0003      |
|    loss                 | -0.0227     |
|    n_updates            | 1360        |
|    policy_gradient_loss | -0.0301     |
|    std                  | 0.541       |
|    value_loss           | 0.00149     |
-----------------------------------------
-----------------------------------------
| rollout/                |             |
|    ep_len_mean          | 26          |
|    ep_rew_mean          | 3.11        |
| time/                   |             |
|    fps                  | 58          |
|    iterations           | 138         |
|    time_elapsed         | 4826        |
|    total_timesteps      | 282624      |
| train/                  |             |
|    approx_kl            | 0.022560947 |
|    clip_fraction        | 0.264       |
|    clip_range           | 0.2         |
|    entropy_loss         | -5.57       |
|    explained_variance   | 0.267       |
|    learning_rate        | 0.0003      |
|    loss                 | -0.0361     |
|    n_updates            | 1370        |
|    policy_gradient_loss | -0.032      |
|    std                  | 0.536       |
|    value_loss           | 0.00142     |
-----------------------------------------
-----------------------------------------
| rollout/                |             |
|    ep_len_mean          | 24.5        |
|    ep_rew_mean          | 3.58        |
| time/                   |             |
|    fps                  | 58          |
|    iterations           | 139         |
|    time_elapsed         | 4866        |
|    total_timesteps      | 284672      |
| train/                  |             |
|    approx_kl            | 0.021863472 |
|    clip_fraction        | 0.249       |
|    clip_range           | 0.2         |
|    entropy_loss         | -5.5        |
|    explained_variance   | 0.311       |
|    learning_rate        | 0.0003      |
|    loss                 | -0.0525     |
|    n_updates            | 1380        |
|    policy_gradient_loss | -0.0283     |
|    std                  | 0.531       |
|    value_loss           | 0.00124     |
-----------------------------------------
----------------------------------------
| rollout/                |            |
|    ep_len_mean          | 23.3       |
|    ep_rew_mean          | 3.81       |
| time/                   |            |
|    fps                  | 58         |
|    iterations           | 140        |
|    time_elapsed         | 4905       |
|    total_timesteps      | 286720     |
| train/                  |            |
|    approx_kl            | 0.02228062 |
|    clip_fraction        | 0.275      |
|    clip_range           | 0.2        |
|    entropy_loss         | -5.47      |
|    explained_variance   | 0.277      |
|    learning_rate        | 0.0003     |
|    loss                 | -0.049     |
|    n_updates            | 1390       |
|    policy_gradient_loss | -0.0285    |
|    std                  | 0.53       |
|    value_loss           | 0.00144    |
----------------------------------------
-----------------------------------------
| rollout/                |             |
|    ep_len_mean          | 22.3        |
|    ep_rew_mean          | 4.16        |
| time/                   |             |
|    fps                  | 58          |
|    iterations           | 141         |
|    time_elapsed         | 4946        |
|    total_timesteps      | 288768      |
| train/                  |             |
|    approx_kl            | 0.020798292 |
|    clip_fraction        | 0.245       |
|    clip_range           | 0.2         |
|    entropy_loss         | -5.44       |
|    explained_variance   | 0.297       |
|    learning_rate        | 0.0003      |
|    loss                 | -0.0405     |
|    n_updates            | 1400        |
|    policy_gradient_loss | -0.0304     |
|    std                  | 0.527       |
|    value_loss           | 0.00135     |
-----------------------------------------
-----------------------------------------
| rollout/                |             |
|    ep_len_mean          | 23.1        |
|    ep_rew_mean          | 4.02        |
| time/                   |             |
|    fps                  | 58          |
|    iterations           | 142         |
|    time_elapsed         | 4985        |
|    total_timesteps      | 290816      |
| train/                  |             |
|    approx_kl            | 0.026319109 |
|    clip_fraction        | 0.3         |
|    clip_range           | 0.2         |
|    entropy_loss         | -5.41       |
|    explained_variance   | 0.266       |
|    learning_rate        | 0.0003      |
|    loss                 | -0.0448     |
|    n_updates            | 1410        |
|    policy_gradient_loss | -0.0294     |
|    std                  | 0.525       |
|    value_loss           | 0.00139     |
-----------------------------------------
----------------------------------------
| rollout/                |            |
|    ep_len_mean          | 24.4       |
|    ep_rew_mean          | 3.5        |
| time/                   |            |
|    fps                  | 58         |
|    iterations           | 143        |
|    time_elapsed         | 5025       |
|    total_timesteps      | 292864     |
| train/                  |            |
|    approx_kl            | 0.02067909 |
|    clip_fraction        | 0.233      |
|    clip_range           | 0.2        |
|    entropy_loss         | -5.38      |
|    explained_variance   | 0.371      |
|    learning_rate        | 0.0003     |
|    loss                 | -0.0562    |
|    n_updates            | 1420       |
|    policy_gradient_loss | -0.0276    |
|    std                  | 0.523      |
|    value_loss           | 0.00119    |
----------------------------------------
----------------------------------------
| rollout/                |            |
|    ep_len_mean          | 24.5       |
|    ep_rew_mean          | 3.45       |
| time/                   |            |
|    fps                  | 58         |
|    iterations           | 144        |
|    time_elapsed         | 5064       |
|    total_timesteps      | 294912     |
| train/                  |            |
|    approx_kl            | 0.02265891 |
|    clip_fraction        | 0.26       |
|    clip_range           | 0.2        |
|    entropy_loss         | -5.34      |
|    explained_variance   | 0.36       |
|    learning_rate        | 0.0003     |
|    loss                 | -0.0365    |
|    n_updates            | 1430       |
|    policy_gradient_loss | -0.0295    |
|    std                  | 0.52       |
|    value_loss           | 0.00181    |
----------------------------------------
-----------------------------------------
| rollout/                |             |
|    ep_len_mean          | 22.4        |
|    ep_rew_mean          | 4.03        |
| time/                   |             |
|    fps                  | 58          |
|    iterations           | 145         |
|    time_elapsed         | 5104        |
|    total_timesteps      | 296960      |
| train/                  |             |
|    approx_kl            | 0.023203807 |
|    clip_fraction        | 0.248       |
|    clip_range           | 0.2         |
|    entropy_loss         | -5.33       |
|    explained_variance   | 0.337       |
|    learning_rate        | 0.0003      |
|    loss                 | -0.00262    |
|    n_updates            | 1440        |
|    policy_gradient_loss | -0.0292     |
|    std                  | 0.52        |
|    value_loss           | 0.00159     |
-----------------------------------------
-----------------------------------------
| rollout/                |             |
|    ep_len_mean          | 20.8        |
|    ep_rew_mean          | 4.82        |
| time/                   |             |
|    fps                  | 58          |
|    iterations           | 146         |
|    time_elapsed         | 5145        |
|    total_timesteps      | 299008      |
| train/                  |             |
|    approx_kl            | 0.023343451 |
|    clip_fraction        | 0.273       |
|    clip_range           | 0.2         |
|    entropy_loss         | -5.3        |
|    explained_variance   | 0.329       |
|    learning_rate        | 0.0003      |
|    loss                 | -0.043      |
|    n_updates            | 1450        |
|    policy_gradient_loss | -0.0303     |
|    std                  | 0.517       |
|    value_loss           | 0.00128     |
-----------------------------------------
----------------------------------------
| rollout/                |            |
|    ep_len_mean          | 22.2       |
|    ep_rew_mean          | 4.41       |
| time/                   |            |
|    fps                  | 58         |
|    iterations           | 147        |
|    time_elapsed         | 5185       |
|    total_timesteps      | 301056     |
| train/                  |            |
|    approx_kl            | 0.02675397 |
|    clip_fraction        | 0.298      |
|    clip_range           | 0.2        |
|    entropy_loss         | -5.25      |
|    explained_variance   | 0.23       |
|    learning_rate        | 0.0003     |
|    loss                 | -0.0461    |
|    n_updates            | 1460       |
|    policy_gradient_loss | -0.0347    |
|    std                  | 0.513      |
|    value_loss           | 0.00109    |
----------------------------------------
---------------------------------------
| rollout/                |           |
|    ep_len_mean          | 24.6      |
|    ep_rew_mean          | 3.62      |
| time/                   |           |
|    fps                  | 58        |
|    iterations           | 148       |
|    time_elapsed         | 5225      |
|    total_timesteps      | 303104    |
| train/                  |           |
|    approx_kl            | 0.0251657 |
|    clip_fraction        | 0.274     |
|    clip_range           | 0.2       |
|    entropy_loss         | -5.22     |
|    explained_variance   | 0.276     |
|    learning_rate        | 0.0003    |
|    loss                 | -0.0485   |
|    n_updates            | 1470      |
|    policy_gradient_loss | -0.0316   |
|    std                  | 0.512     |
|    value_loss           | 0.00131   |
---------------------------------------
-----------------------------------------
| rollout/                |             |
|    ep_len_mean          | 21.1        |
|    ep_rew_mean          | 4.48        |
| time/                   |             |
|    fps                  | 57          |
|    iterations           | 149         |
|    time_elapsed         | 5265        |
|    total_timesteps      | 305152      |
| train/                  |             |
|    approx_kl            | 0.022801146 |
|    clip_fraction        | 0.26        |
|    clip_range           | 0.2         |
|    entropy_loss         | -5.21       |
|    explained_variance   | 0.307       |
|    learning_rate        | 0.0003      |
|    loss                 | -0.0468     |
|    n_updates            | 1480        |
|    policy_gradient_loss | -0.0271     |
|    std                  | 0.511       |
|    value_loss           | 0.00151     |
-----------------------------------------
-----------------------------------------
| rollout/                |             |
|    ep_len_mean          | 22          |
|    ep_rew_mean          | 4.27        |
| time/                   |             |
|    fps                  | 57          |
|    iterations           | 150         |
|    time_elapsed         | 5305        |
|    total_timesteps      | 307200      |
| train/                  |             |
|    approx_kl            | 0.023360953 |
|    clip_fraction        | 0.257       |
|    clip_range           | 0.2         |
|    entropy_loss         | -5.16       |
|    explained_variance   | 0.107       |
|    learning_rate        | 0.0003      |
|    loss                 | -0.0428     |
|    n_updates            | 1490        |
|    policy_gradient_loss | -0.0314     |
|    std                  | 0.506       |
|    value_loss           | 0.00128     |
-----------------------------------------
-----------------------------------------
| rollout/                |             |
|    ep_len_mean          | 21.8        |
|    ep_rew_mean          | 4.35        |
| time/                   |             |
|    fps                  | 57          |
|    iterations           | 151         |
|    time_elapsed         | 5346        |
|    total_timesteps      | 309248      |
| train/                  |             |
|    approx_kl            | 0.026771292 |
|    clip_fraction        | 0.26        |
|    clip_range           | 0.2         |
|    entropy_loss         | -5.13       |
|    explained_variance   | 0.19        |
|    learning_rate        | 0.0003      |
|    loss                 | -0.0596     |
|    n_updates            | 1500        |
|    policy_gradient_loss | -0.0267     |
|    std                  | 0.506       |
|    value_loss           | 0.00122     |
-----------------------------------------
-----------------------------------------
| rollout/                |             |
|    ep_len_mean          | 20.4        |
|    ep_rew_mean          | 4.9         |
| time/                   |             |
|    fps                  | 57          |
|    iterations           | 152         |
|    time_elapsed         | 5387        |
|    total_timesteps      | 311296      |
| train/                  |             |
|    approx_kl            | 0.020949367 |
|    clip_fraction        | 0.257       |
|    clip_range           | 0.2         |
|    entropy_loss         | -5.12       |
|    explained_variance   | 0.181       |
|    learning_rate        | 0.0003      |
|    loss                 | -0.0673     |
|    n_updates            | 1510        |
|    policy_gradient_loss | -0.028      |
|    std                  | 0.505       |
|    value_loss           | 0.00135     |
-----------------------------------------
-----------------------------------------
| rollout/                |             |
|    ep_len_mean          | 20.7        |
|    ep_rew_mean          | 4.96        |
| time/                   |             |
|    fps                  | 57          |
|    iterations           | 153         |
|    time_elapsed         | 5427        |
|    total_timesteps      | 313344      |
| train/                  |             |
|    approx_kl            | 0.022600867 |
|    clip_fraction        | 0.266       |
|    clip_range           | 0.2         |
|    entropy_loss         | -5.09       |
|    explained_variance   | 0.355       |
|    learning_rate        | 0.0003      |
|    loss                 | -0.0513     |
|    n_updates            | 1520        |
|    policy_gradient_loss | -0.0282     |
|    std                  | 0.502       |
|    value_loss           | 0.00104     |
-----------------------------------------
-----------------------------------------
| rollout/                |             |
|    ep_len_mean          | 20.5        |
|    ep_rew_mean          | 5           |
| time/                   |             |
|    fps                  | 57          |
|    iterations           | 154         |
|    time_elapsed         | 5468        |
|    total_timesteps      | 315392      |
| train/                  |             |
|    approx_kl            | 0.026102154 |
|    clip_fraction        | 0.292       |
|    clip_range           | 0.2         |
|    entropy_loss         | -5.04       |
|    explained_variance   | 0.389       |
|    learning_rate        | 0.0003      |
|    loss                 | -0.0399     |
|    n_updates            | 1530        |
|    policy_gradient_loss | -0.0326     |
|    std                  | 0.499       |
|    value_loss           | 0.00118     |
-----------------------------------------
-----------------------------------------
| rollout/                |             |
|    ep_len_mean          | 20.4        |
|    ep_rew_mean          | 5.13        |
| time/                   |             |
|    fps                  | 57          |
|    iterations           | 155         |
|    time_elapsed         | 5509        |
|    total_timesteps      | 317440      |
| train/                  |             |
|    approx_kl            | 0.025147136 |
|    clip_fraction        | 0.287       |
|    clip_range           | 0.2         |
|    entropy_loss         | -5.01       |
|    explained_variance   | 0.253       |
|    learning_rate        | 0.0003      |
|    loss                 | -0.0332     |
|    n_updates            | 1540        |
|    policy_gradient_loss | -0.0293     |
|    std                  | 0.497       |
|    value_loss           | 0.00108     |
-----------------------------------------
-----------------------------------------
| rollout/                |             |
|    ep_len_mean          | 18.8        |
|    ep_rew_mean          | 5.56        |
| time/                   |             |
|    fps                  | 57          |
|    iterations           | 156         |
|    time_elapsed         | 5551        |
|    total_timesteps      | 319488      |
| train/                  |             |
|    approx_kl            | 0.025128473 |
|    clip_fraction        | 0.274       |
|    clip_range           | 0.2         |
|    entropy_loss         | -4.99       |
|    explained_variance   | 0.308       |
|    learning_rate        | 0.0003      |
|    loss                 | -0.0405     |
|    n_updates            | 1550        |
|    policy_gradient_loss | -0.0326     |
|    std                  | 0.495       |
|    value_loss           | 0.0011      |
-----------------------------------------
----------------------------------------
| rollout/                |            |
|    ep_len_mean          | 20.8       |
|    ep_rew_mean          | 4.94       |
| time/                   |            |
|    fps                  | 57         |
|    iterations           | 157        |
|    time_elapsed         | 5592       |
|    total_timesteps      | 321536     |
| train/                  |            |
|    approx_kl            | 0.02543887 |
|    clip_fraction        | 0.274      |
|    clip_range           | 0.2        |
|    entropy_loss         | -4.95      |
|    explained_variance   | 0.313      |
|    learning_rate        | 0.0003     |
|    loss                 | -0.0461    |
|    n_updates            | 1560       |
|    policy_gradient_loss | -0.0299    |
|    std                  | 0.491      |
|    value_loss           | 0.00103    |
----------------------------------------
----------------------------------------
| rollout/                |            |
|    ep_len_mean          | 21.5       |
|    ep_rew_mean          | 4.74       |
| time/                   |            |
|    fps                  | 57         |
|    iterations           | 158        |
|    time_elapsed         | 5632       |
|    total_timesteps      | 323584     |
| train/                  |            |
|    approx_kl            | 0.02955201 |
|    clip_fraction        | 0.301      |
|    clip_range           | 0.2        |
|    entropy_loss         | -4.92      |
|    explained_variance   | 0.256      |
|    learning_rate        | 0.0003     |
|    loss                 | -0.00706   |
|    n_updates            | 1570       |
|    policy_gradient_loss | -0.0324    |
|    std                  | 0.491      |
|    value_loss           | 0.00118    |
----------------------------------------
-----------------------------------------
| rollout/                |             |
|    ep_len_mean          | 19.3        |
|    ep_rew_mean          | 5.44        |
| time/                   |             |
|    fps                  | 57          |
|    iterations           | 159         |
|    time_elapsed         | 5674        |
|    total_timesteps      | 325632      |
| train/                  |             |
|    approx_kl            | 0.026289407 |
|    clip_fraction        | 0.283       |
|    clip_range           | 0.2         |
|    entropy_loss         | -4.89       |
|    explained_variance   | 0.291       |
|    learning_rate        | 0.0003      |
|    loss                 | -0.0371     |
|    n_updates            | 1580        |
|    policy_gradient_loss | -0.0328     |
|    std                  | 0.487       |
|    value_loss           | 0.00124     |
-----------------------------------------
----------------------------------------
| rollout/                |            |
|    ep_len_mean          | 20.3       |
|    ep_rew_mean          | 5.13       |
| time/                   |            |
|    fps                  | 57         |
|    iterations           | 160        |
|    time_elapsed         | 5715       |
|    total_timesteps      | 327680     |
| train/                  |            |
|    approx_kl            | 0.02233609 |
|    clip_fraction        | 0.245      |
|    clip_range           | 0.2        |
|    entropy_loss         | -4.85      |
|    explained_variance   | 0.318      |
|    learning_rate        | 0.0003     |
|    loss                 | -0.0341    |
|    n_updates            | 1590       |
|    policy_gradient_loss | -0.0252    |
|    std                  | 0.486      |
|    value_loss           | 0.000943   |
----------------------------------------
-----------------------------------------
| rollout/                |             |
|    ep_len_mean          | 18.6        |
|    ep_rew_mean          | 5.61        |
| time/                   |             |
|    fps                  | 57          |
|    iterations           | 161         |
|    time_elapsed         | 5756        |
|    total_timesteps      | 329728      |
| train/                  |             |
|    approx_kl            | 0.025395133 |
|    clip_fraction        | 0.272       |
|    clip_range           | 0.2         |
|    entropy_loss         | -4.8        |
|    explained_variance   | 0.414       |
|    learning_rate        | 0.0003      |
|    loss                 | -0.0162     |
|    n_updates            | 1600        |
|    policy_gradient_loss | -0.033      |
|    std                  | 0.482       |
|    value_loss           | 0.00108     |
-----------------------------------------
-----------------------------------------
| rollout/                |             |
|    ep_len_mean          | 19.4        |
|    ep_rew_mean          | 5.49        |
| time/                   |             |
|    fps                  | 57          |
|    iterations           | 162         |
|    time_elapsed         | 5797        |
|    total_timesteps      | 331776      |
| train/                  |             |
|    approx_kl            | 0.024548065 |
|    clip_fraction        | 0.288       |
|    clip_range           | 0.2         |
|    entropy_loss         | -4.76       |
|    explained_variance   | 0.431       |
|    learning_rate        | 0.0003      |
|    loss                 | -0.0322     |
|    n_updates            | 1610        |
|    policy_gradient_loss | -0.0321     |
|    std                  | 0.479       |
|    value_loss           | 0.00101     |
-----------------------------------------
-----------------------------------------
| rollout/                |             |
|    ep_len_mean          | 18.1        |
|    ep_rew_mean          | 5.85        |
| time/                   |             |
|    fps                  | 57          |
|    iterations           | 163         |
|    time_elapsed         | 5839        |
|    total_timesteps      | 333824      |
| train/                  |             |
|    approx_kl            | 0.029090647 |
|    clip_fraction        | 0.302       |
|    clip_range           | 0.2         |
|    entropy_loss         | -4.74       |
|    explained_variance   | 0.443       |
|    learning_rate        | 0.0003      |
|    loss                 | -0.0628     |
|    n_updates            | 1620        |
|    policy_gradient_loss | -0.0322     |
|    std                  | 0.479       |
|    value_loss           | 0.000904    |
-----------------------------------------
-----------------------------------------
| rollout/                |             |
|    ep_len_mean          | 19.5        |
|    ep_rew_mean          | 5.09        |
| time/                   |             |
|    fps                  | 57          |
|    iterations           | 164         |
|    time_elapsed         | 5880        |
|    total_timesteps      | 335872      |
| train/                  |             |
|    approx_kl            | 0.028042648 |
|    clip_fraction        | 0.3         |
|    clip_range           | 0.2         |
|    entropy_loss         | -4.72       |
|    explained_variance   | 0.47        |
|    learning_rate        | 0.0003      |
|    loss                 | -0.0462     |
|    n_updates            | 1630        |
|    policy_gradient_loss | -0.0303     |
|    std                  | 0.477       |
|    value_loss           | 0.000874    |
-----------------------------------------
-----------------------------------------
| rollout/                |             |
|    ep_len_mean          | 19.4        |
|    ep_rew_mean          | 5.42        |
| time/                   |             |
|    fps                  | 57          |
|    iterations           | 165         |
|    time_elapsed         | 5921        |
|    total_timesteps      | 337920      |
| train/                  |             |
|    approx_kl            | 0.026768684 |
|    clip_fraction        | 0.288       |
|    clip_range           | 0.2         |
|    entropy_loss         | -4.69       |
|    explained_variance   | 0.24        |
|    learning_rate        | 0.0003      |
|    loss                 | -0.0762     |
|    n_updates            | 1640        |
|    policy_gradient_loss | -0.0319     |
|    std                  | 0.475       |
|    value_loss           | 0.00128     |
-----------------------------------------
-----------------------------------------
| rollout/                |             |
|    ep_len_mean          | 20          |
|    ep_rew_mean          | 5.11        |
| time/                   |             |
|    fps                  | 57          |
|    iterations           | 166         |
|    time_elapsed         | 5962        |
|    total_timesteps      | 339968      |
| train/                  |             |
|    approx_kl            | 0.025551293 |
|    clip_fraction        | 0.271       |
|    clip_range           | 0.2         |
|    entropy_loss         | -4.64       |
|    explained_variance   | 0.378       |
|    learning_rate        | 0.0003      |
|    loss                 | -0.0566     |
|    n_updates            | 1650        |
|    policy_gradient_loss | -0.0296     |
|    std                  | 0.471       |
|    value_loss           | 0.00103     |
-----------------------------------------
-----------------------------------------
| rollout/                |             |
|    ep_len_mean          | 16.8        |
|    ep_rew_mean          | 6.16        |
| time/                   |             |
|    fps                  | 56          |
|    iterations           | 167         |
|    time_elapsed         | 6005        |
|    total_timesteps      | 342016      |
| train/                  |             |
|    approx_kl            | 0.025323808 |
|    clip_fraction        | 0.306       |
|    clip_range           | 0.2         |
|    entropy_loss         | -4.58       |
|    explained_variance   | 0.276       |
|    learning_rate        | 0.0003      |
|    loss                 | -0.0301     |
|    n_updates            | 1660        |
|    policy_gradient_loss | -0.0302     |
|    std                  | 0.467       |
|    value_loss           | 0.00129     |
-----------------------------------------
-----------------------------------------
| rollout/                |             |
|    ep_len_mean          | 17.8        |
|    ep_rew_mean          | 5.84        |
| time/                   |             |
|    fps                  | 56          |
|    iterations           | 168         |
|    time_elapsed         | 6047        |
|    total_timesteps      | 344064      |
| train/                  |             |
|    approx_kl            | 0.028273582 |
|    clip_fraction        | 0.286       |
|    clip_range           | 0.2         |
|    entropy_loss         | -4.52       |
|    explained_variance   | 0.341       |
|    learning_rate        | 0.0003      |
|    loss                 | -0.0156     |
|    n_updates            | 1670        |
|    policy_gradient_loss | -0.0272     |
|    std                  | 0.462       |
|    value_loss           | 0.00109     |
-----------------------------------------
-----------------------------------------
| rollout/                |             |
|    ep_len_mean          | 18.4        |
|    ep_rew_mean          | 5.9         |
| time/                   |             |
|    fps                  | 56          |
|    iterations           | 169         |
|    time_elapsed         | 6089        |
|    total_timesteps      | 346112      |
| train/                  |             |
|    approx_kl            | 0.026859326 |
|    clip_fraction        | 0.28        |
|    clip_range           | 0.2         |
|    entropy_loss         | -4.49       |
|    explained_variance   | 0.356       |
|    learning_rate        | 0.0003      |
|    loss                 | -0.00815    |
|    n_updates            | 1680        |
|    policy_gradient_loss | -0.0281     |
|    std                  | 0.462       |
|    value_loss           | 0.000989    |
-----------------------------------------
-----------------------------------------
| rollout/                |             |
|    ep_len_mean          | 17.4        |
|    ep_rew_mean          | 6.11        |
| time/                   |             |
|    fps                  | 56          |
|    iterations           | 170         |
|    time_elapsed         | 6131        |
|    total_timesteps      | 348160      |
| train/                  |             |
|    approx_kl            | 0.023543745 |
|    clip_fraction        | 0.286       |
|    clip_range           | 0.2         |
|    entropy_loss         | -4.47       |
|    explained_variance   | 0.413       |
|    learning_rate        | 0.0003      |
|    loss                 | -0.0334     |
|    n_updates            | 1690        |
|    policy_gradient_loss | -0.0272     |
|    std                  | 0.46        |
|    value_loss           | 0.000939    |
-----------------------------------------
-----------------------------------------
| rollout/                |             |
|    ep_len_mean          | 18.7        |
|    ep_rew_mean          | 5.52        |
| time/                   |             |
|    fps                  | 56          |
|    iterations           | 171         |
|    time_elapsed         | 6173        |
|    total_timesteps      | 350208      |
| train/                  |             |
|    approx_kl            | 0.026849322 |
|    clip_fraction        | 0.286       |
|    clip_range           | 0.2         |
|    entropy_loss         | -4.41       |
|    explained_variance   | 0.418       |
|    learning_rate        | 0.0003      |
|    loss                 | -0.0532     |
|    n_updates            | 1700        |
|    policy_gradient_loss | -0.0323     |
|    std                  | 0.455       |
|    value_loss           | 0.00101     |
-----------------------------------------
-----------------------------------------
| rollout/                |             |
|    ep_len_mean          | 17.9        |
|    ep_rew_mean          | 5.97        |
| time/                   |             |
|    fps                  | 56          |
|    iterations           | 172         |
|    time_elapsed         | 6216        |
|    total_timesteps      | 352256      |
| train/                  |             |
|    approx_kl            | 0.025484882 |
|    clip_fraction        | 0.284       |
|    clip_range           | 0.2         |
|    entropy_loss         | -4.36       |
|    explained_variance   | 0.353       |
|    learning_rate        | 0.0003      |
|    loss                 | -0.0249     |
|    n_updates            | 1710        |
|    policy_gradient_loss | -0.0299     |
|    std                  | 0.452       |
|    value_loss           | 0.00127     |
-----------------------------------------
-----------------------------------------
| rollout/                |             |
|    ep_len_mean          | 18.5        |
|    ep_rew_mean          | 5.65        |
| time/                   |             |
|    fps                  | 56          |
|    iterations           | 173         |
|    time_elapsed         | 6258        |
|    total_timesteps      | 354304      |
| train/                  |             |
|    approx_kl            | 0.028737977 |
|    clip_fraction        | 0.29        |
|    clip_range           | 0.2         |
|    entropy_loss         | -4.32       |
|    explained_variance   | 0.348       |
|    learning_rate        | 0.0003      |
|    loss                 | -0.0269     |
|    n_updates            | 1720        |
|    policy_gradient_loss | -0.0303     |
|    std                  | 0.45        |
|    value_loss           | 0.00111     |
-----------------------------------------
-----------------------------------------
| rollout/                |             |
|    ep_len_mean          | 18.5        |
|    ep_rew_mean          | 5.64        |
| time/                   |             |
|    fps                  | 56          |
|    iterations           | 174         |
|    time_elapsed         | 6300        |
|    total_timesteps      | 356352      |
| train/                  |             |
|    approx_kl            | 0.027147213 |
|    clip_fraction        | 0.321       |
|    clip_range           | 0.2         |
|    entropy_loss         | -4.28       |
|    explained_variance   | 0.338       |
|    learning_rate        | 0.0003      |
|    loss                 | -0.0492     |
|    n_updates            | 1730        |
|    policy_gradient_loss | -0.0325     |
|    std                  | 0.448       |
|    value_loss           | 0.00131     |
-----------------------------------------
-----------------------------------------
| rollout/                |             |
|    ep_len_mean          | 18.5        |
|    ep_rew_mean          | 5.77        |
| time/                   |             |
|    fps                  | 56          |
|    iterations           | 175         |
|    time_elapsed         | 6342        |
|    total_timesteps      | 358400      |
| train/                  |             |
|    approx_kl            | 0.028927531 |
|    clip_fraction        | 0.307       |
|    clip_range           | 0.2         |
|    entropy_loss         | -4.24       |
|    explained_variance   | 0.395       |
|    learning_rate        | 0.0003      |
|    loss                 | -0.000359   |
|    n_updates            | 1740        |
|    policy_gradient_loss | -0.0312     |
|    std                  | 0.445       |
|    value_loss           | 0.00138     |
-----------------------------------------
-----------------------------------------
| rollout/                |             |
|    ep_len_mean          | 17.4        |
|    ep_rew_mean          | 5.89        |
| time/                   |             |
|    fps                  | 56          |
|    iterations           | 176         |
|    time_elapsed         | 6384        |
|    total_timesteps      | 360448      |
| train/                  |             |
|    approx_kl            | 0.025568737 |
|    clip_fraction        | 0.291       |
|    clip_range           | 0.2         |
|    entropy_loss         | -4.21       |
|    explained_variance   | 0.345       |
|    learning_rate        | 0.0003      |
|    loss                 | -0.00902    |
|    n_updates            | 1750        |
|    policy_gradient_loss | -0.026      |
|    std                  | 0.444       |
|    value_loss           | 0.00109     |
-----------------------------------------
-----------------------------------------
| rollout/                |             |
|    ep_len_mean          | 16.9        |
|    ep_rew_mean          | 6.21        |
| time/                   |             |
|    fps                  | 56          |
|    iterations           | 177         |
|    time_elapsed         | 6427        |
|    total_timesteps      | 362496      |
| train/                  |             |
|    approx_kl            | 0.027967496 |
|    clip_fraction        | 0.282       |
|    clip_range           | 0.2         |
|    entropy_loss         | -4.14       |
|    explained_variance   | 0.354       |
|    learning_rate        | 0.0003      |
|    loss                 | -0.0328     |
|    n_updates            | 1760        |
|    policy_gradient_loss | -0.0298     |
|    std                  | 0.438       |
|    value_loss           | 0.00115     |
-----------------------------------------
---------------------------------------
| rollout/                |           |
|    ep_len_mean          | 17.9      |
|    ep_rew_mean          | 5.95      |
| time/                   |           |
|    fps                  | 56        |
|    iterations           | 178       |
|    time_elapsed         | 6469      |
|    total_timesteps      | 364544    |
| train/                  |           |
|    approx_kl            | 0.0271894 |
|    clip_fraction        | 0.312     |
|    clip_range           | 0.2       |
|    entropy_loss         | -4.1      |
|    explained_variance   | 0.316     |
|    learning_rate        | 0.0003    |
|    loss                 | -0.0485   |
|    n_updates            | 1770      |
|    policy_gradient_loss | -0.0304   |
|    std                  | 0.437     |
|    value_loss           | 0.000978  |
---------------------------------------
----------------------------------------
| rollout/                |            |
|    ep_len_mean          | 17.2       |
|    ep_rew_mean          | 6.2        |
| time/                   |            |
|    fps                  | 56         |
|    iterations           | 179        |
|    time_elapsed         | 6512       |
|    total_timesteps      | 366592     |
| train/                  |            |
|    approx_kl            | 0.03164564 |
|    clip_fraction        | 0.289      |
|    clip_range           | 0.2        |
|    entropy_loss         | -4.07      |
|    explained_variance   | 0.397      |
|    learning_rate        | 0.0003     |
|    loss                 | -0.045     |
|    n_updates            | 1780       |
|    policy_gradient_loss | -0.0299    |
|    std                  | 0.435      |
|    value_loss           | 0.00102    |
----------------------------------------
-----------------------------------------
| rollout/                |             |
|    ep_len_mean          | 17.5        |
|    ep_rew_mean          | 6.14        |
| time/                   |             |
|    fps                  | 56          |
|    iterations           | 180         |
|    time_elapsed         | 6554        |
|    total_timesteps      | 368640      |
| train/                  |             |
|    approx_kl            | 0.031846836 |
|    clip_fraction        | 0.316       |
|    clip_range           | 0.2         |
|    entropy_loss         | -4.03       |
|    explained_variance   | 0.446       |
|    learning_rate        | 0.0003      |
|    loss                 | -0.0532     |
|    n_updates            | 1790        |
|    policy_gradient_loss | -0.0304     |
|    std                  | 0.432       |
|    value_loss           | 0.00101     |
-----------------------------------------
-----------------------------------------
| rollout/                |             |
|    ep_len_mean          | 17.2        |
|    ep_rew_mean          | 6.14        |
| time/                   |             |
|    fps                  | 56          |
|    iterations           | 181         |
|    time_elapsed         | 6596        |
|    total_timesteps      | 370688      |
| train/                  |             |
|    approx_kl            | 0.027361218 |
|    clip_fraction        | 0.302       |
|    clip_range           | 0.2         |
|    entropy_loss         | -3.99       |
|    explained_variance   | 0.424       |
|    learning_rate        | 0.0003      |
|    loss                 | -0.0205     |
|    n_updates            | 1800        |
|    policy_gradient_loss | -0.0301     |
|    std                  | 0.43        |
|    value_loss           | 0.000944    |
-----------------------------------------
-----------------------------------------
| rollout/                |             |
|    ep_len_mean          | 17.1        |
|    ep_rew_mean          | 6.35        |
| time/                   |             |
|    fps                  | 56          |
|    iterations           | 182         |
|    time_elapsed         | 6639        |
|    total_timesteps      | 372736      |
| train/                  |             |
|    approx_kl            | 0.029108757 |
|    clip_fraction        | 0.302       |
|    clip_range           | 0.2         |
|    entropy_loss         | -3.97       |
|    explained_variance   | 0.482       |
|    learning_rate        | 0.0003      |
|    loss                 | -0.0228     |
|    n_updates            | 1810        |
|    policy_gradient_loss | -0.032      |
|    std                  | 0.429       |
|    value_loss           | 0.00101     |
-----------------------------------------
-----------------------------------------
| rollout/                |             |
|    ep_len_mean          | 16.9        |
|    ep_rew_mean          | 6.25        |
| time/                   |             |
|    fps                  | 56          |
|    iterations           | 183         |
|    time_elapsed         | 6681        |
|    total_timesteps      | 374784      |
| train/                  |             |
|    approx_kl            | 0.027125716 |
|    clip_fraction        | 0.299       |
|    clip_range           | 0.2         |
|    entropy_loss         | -3.94       |
|    explained_variance   | 0.478       |
|    learning_rate        | 0.0003      |
|    loss                 | -0.0319     |
|    n_updates            | 1820        |
|    policy_gradient_loss | -0.031      |
|    std                  | 0.426       |
|    value_loss           | 0.000941    |
-----------------------------------------
-----------------------------------------
| rollout/                |             |
|    ep_len_mean          | 17          |
|    ep_rew_mean          | 6.14        |
| time/                   |             |
|    fps                  | 56          |
|    iterations           | 184         |
|    time_elapsed         | 6724        |
|    total_timesteps      | 376832      |
| train/                  |             |
|    approx_kl            | 0.027557937 |
|    clip_fraction        | 0.303       |
|    clip_range           | 0.2         |
|    entropy_loss         | -3.89       |
|    explained_variance   | 0.425       |
|    learning_rate        | 0.0003      |
|    loss                 | -0.0459     |
|    n_updates            | 1830        |
|    policy_gradient_loss | -0.0318     |
|    std                  | 0.424       |
|    value_loss           | 0.001       |
-----------------------------------------
-----------------------------------------
| rollout/                |             |
|    ep_len_mean          | 17.4        |
|    ep_rew_mean          | 6           |
| time/                   |             |
|    fps                  | 55          |
|    iterations           | 185         |
|    time_elapsed         | 6766        |
|    total_timesteps      | 378880      |
| train/                  |             |
|    approx_kl            | 0.028050054 |
|    clip_fraction        | 0.308       |
|    clip_range           | 0.2         |
|    entropy_loss         | -3.85       |
|    explained_variance   | 0.438       |
|    learning_rate        | 0.0003      |
|    loss                 | -0.0256     |
|    n_updates            | 1840        |
|    policy_gradient_loss | -0.0292     |
|    std                  | 0.422       |
|    value_loss           | 0.000971    |
-----------------------------------------
-----------------------------------------
| rollout/                |             |
|    ep_len_mean          | 16.6        |
|    ep_rew_mean          | 6.42        |
| time/                   |             |
|    fps                  | 55          |
|    iterations           | 186         |
|    time_elapsed         | 6809        |
|    total_timesteps      | 380928      |
| train/                  |             |
|    approx_kl            | 0.028422289 |
|    clip_fraction        | 0.325       |
|    clip_range           | 0.2         |
|    entropy_loss         | -3.82       |
|    explained_variance   | 0.444       |
|    learning_rate        | 0.0003      |
|    loss                 | -0.0579     |
|    n_updates            | 1850        |
|    policy_gradient_loss | -0.0366     |
|    std                  | 0.421       |
|    value_loss           | 0.00102     |
-----------------------------------------
-----------------------------------------
| rollout/                |             |
|    ep_len_mean          | 16          |
|    ep_rew_mean          | 6.64        |
| time/                   |             |
|    fps                  | 55          |
|    iterations           | 187         |
|    time_elapsed         | 6852        |
|    total_timesteps      | 382976      |
| train/                  |             |
|    approx_kl            | 0.032276213 |
|    clip_fraction        | 0.302       |
|    clip_range           | 0.2         |
|    entropy_loss         | -3.81       |
|    explained_variance   | 0.473       |
|    learning_rate        | 0.0003      |
|    loss                 | -0.0301     |
|    n_updates            | 1860        |
|    policy_gradient_loss | -0.0305     |
|    std                  | 0.42        |
|    value_loss           | 0.000847    |
-----------------------------------------
-----------------------------------------
| rollout/                |             |
|    ep_len_mean          | 16.5        |
|    ep_rew_mean          | 6.52        |
| time/                   |             |
|    fps                  | 55          |
|    iterations           | 188         |
|    time_elapsed         | 6895        |
|    total_timesteps      | 385024      |
| train/                  |             |
|    approx_kl            | 0.027703324 |
|    clip_fraction        | 0.305       |
|    clip_range           | 0.2         |
|    entropy_loss         | -3.78       |
|    explained_variance   | 0.535       |
|    learning_rate        | 0.0003      |
|    loss                 | -0.0507     |
|    n_updates            | 1870        |
|    policy_gradient_loss | -0.0249     |
|    std                  | 0.417       |
|    value_loss           | 0.000811    |
-----------------------------------------
-----------------------------------------
| rollout/                |             |
|    ep_len_mean          | 16.6        |
|    ep_rew_mean          | 6.46        |
| time/                   |             |
|    fps                  | 55          |
|    iterations           | 189         |
|    time_elapsed         | 6938        |
|    total_timesteps      | 387072      |
| train/                  |             |
|    approx_kl            | 0.025787845 |
|    clip_fraction        | 0.314       |
|    clip_range           | 0.2         |
|    entropy_loss         | -3.75       |
|    explained_variance   | 0.508       |
|    learning_rate        | 0.0003      |
|    loss                 | -0.0763     |
|    n_updates            | 1880        |
|    policy_gradient_loss | -0.032      |
|    std                  | 0.416       |
|    value_loss           | 0.000773    |
-----------------------------------------
-----------------------------------------
| rollout/                |             |
|    ep_len_mean          | 17          |
|    ep_rew_mean          | 6.34        |
| time/                   |             |
|    fps                  | 55          |
|    iterations           | 190         |
|    time_elapsed         | 6980        |
|    total_timesteps      | 389120      |
| train/                  |             |
|    approx_kl            | 0.028018858 |
|    clip_fraction        | 0.311       |
|    clip_range           | 0.2         |
|    entropy_loss         | -3.7        |
|    explained_variance   | 0.477       |
|    learning_rate        | 0.0003      |
|    loss                 | -0.0296     |
|    n_updates            | 1890        |
|    policy_gradient_loss | -0.032      |
|    std                  | 0.412       |
|    value_loss           | 0.000799    |
-----------------------------------------
-----------------------------------------
| rollout/                |             |
|    ep_len_mean          | 17.3        |
|    ep_rew_mean          | 6.29        |
| time/                   |             |
|    fps                  | 55          |
|    iterations           | 191         |
|    time_elapsed         | 7022        |
|    total_timesteps      | 391168      |
| train/                  |             |
|    approx_kl            | 0.028511949 |
|    clip_fraction        | 0.286       |
|    clip_range           | 0.2         |
|    entropy_loss         | -3.66       |
|    explained_variance   | 0.321       |
|    learning_rate        | 0.0003      |
|    loss                 | 0.00182     |
|    n_updates            | 1900        |
|    policy_gradient_loss | -0.0269     |
|    std                  | 0.411       |
|    value_loss           | 0.0012      |
-----------------------------------------
-----------------------------------------
| rollout/                |             |
|    ep_len_mean          | 15          |
|    ep_rew_mean          | 6.84        |
| time/                   |             |
|    fps                  | 55          |
|    iterations           | 192         |
|    time_elapsed         | 7066        |
|    total_timesteps      | 393216      |
| train/                  |             |
|    approx_kl            | 0.028797384 |
|    clip_fraction        | 0.314       |
|    clip_range           | 0.2         |
|    entropy_loss         | -3.62       |
|    explained_variance   | 0.43        |
|    learning_rate        | 0.0003      |
|    loss                 | -0.0222     |
|    n_updates            | 1910        |
|    policy_gradient_loss | -0.0285     |
|    std                  | 0.408       |
|    value_loss           | 0.00115     |
-----------------------------------------
-----------------------------------------
| rollout/                |             |
|    ep_len_mean          | 15.7        |
|    ep_rew_mean          | 6.55        |
| time/                   |             |
|    fps                  | 55          |
|    iterations           | 193         |
|    time_elapsed         | 7108        |
|    total_timesteps      | 395264      |
| train/                  |             |
|    approx_kl            | 0.025265416 |
|    clip_fraction        | 0.304       |
|    clip_range           | 0.2         |
|    entropy_loss         | -3.6        |
|    explained_variance   | 0.503       |
|    learning_rate        | 0.0003      |
|    loss                 | -0.0363     |
|    n_updates            | 1920        |
|    policy_gradient_loss | -0.0305     |
|    std                  | 0.408       |
|    value_loss           | 0.000854    |
-----------------------------------------
----------------------------------------
| rollout/                |            |
|    ep_len_mean          | 16.2       |
|    ep_rew_mean          | 6.53       |
| time/                   |            |
|    fps                  | 55         |
|    iterations           | 194        |
|    time_elapsed         | 7151       |
|    total_timesteps      | 397312     |
| train/                  |            |
|    approx_kl            | 0.02920252 |
|    clip_fraction        | 0.326      |
|    clip_range           | 0.2        |
|    entropy_loss         | -3.59      |
|    explained_variance   | 0.416      |
|    learning_rate        | 0.0003     |
|    loss                 | -0.0338    |
|    n_updates            | 1930       |
|    policy_gradient_loss | -0.0295    |
|    std                  | 0.406      |
|    value_loss           | 0.00109    |
----------------------------------------
-----------------------------------------
| rollout/                |             |
|    ep_len_mean          | 16.7        |
|    ep_rew_mean          | 6.34        |
| time/                   |             |
|    fps                  | 55          |
|    iterations           | 195         |
|    time_elapsed         | 7194        |
|    total_timesteps      | 399360      |
| train/                  |             |
|    approx_kl            | 0.025485516 |
|    clip_fraction        | 0.302       |
|    clip_range           | 0.2         |
|    entropy_loss         | -3.53       |
|    explained_variance   | 0.469       |
|    learning_rate        | 0.0003      |
|    loss                 | -0.0283     |
|    n_updates            | 1940        |
|    policy_gradient_loss | -0.0302     |
|    std                  | 0.403       |
|    value_loss           | 0.000919    |
-----------------------------------------
-----------------------------------------
| rollout/                |             |
|    ep_len_mean          | 15.9        |
|    ep_rew_mean          | 6.64        |
| time/                   |             |
|    fps                  | 55          |
|    iterations           | 196         |
|    time_elapsed         | 7237        |
|    total_timesteps      | 401408      |
| train/                  |             |
|    approx_kl            | 0.029562525 |
|    clip_fraction        | 0.328       |
|    clip_range           | 0.2         |
|    entropy_loss         | -3.5        |
|    explained_variance   | 0.499       |
|    learning_rate        | 0.0003      |
|    loss                 | -0.0474     |
|    n_updates            | 1950        |
|    policy_gradient_loss | -0.028      |
|    std                  | 0.401       |
|    value_loss           | 0.000839    |
-----------------------------------------
saved models/C3_seed1.zip and models/C3_seed1_vecnormalize.pkl
