=== training C4_seed1 for 400000 steps ===
    port 5401
--------------------------------------------------------------
[threshold consistency]
  success distance      = 0.030 m
  force at success      = 5.00 N
  comfort / danger      = 6.0 N / 10.0 N
  >>> OK: the success point lies inside the safe band.
--------------------------------------------------------------
Waiting for connections on port: 5402...
Connected successfully
Using cpu device
----------------------------------
| rollout/           |           |
|    ep_len_mean     | 200       |
|    ep_rew_mean     | -1.25e+03 |
| time/              |           |
|    fps             | 69        |
|    iterations      | 1         |
|    time_elapsed    | 29        |
|    total_timesteps | 2048      |
----------------------------------
-----------------------------------------
| rollout/                |             |
|    ep_len_mean          | 200         |
|    ep_rew_mean          | -1.05e+03   |
| time/                   |             |
|    fps                  | 64          |
|    iterations           | 2           |
|    time_elapsed         | 63          |
|    total_timesteps      | 4096        |
| train/                  |             |
|    approx_kl            | 0.013563594 |
|    clip_fraction        | 0.14        |
|    clip_range           | 0.2         |
|    entropy_loss         | -9.96       |
|    explained_variance   | 0.299       |
|    learning_rate        | 0.0003      |
|    loss                 | 0.00671     |
|    n_updates            | 10          |
|    policy_gradient_loss | -0.0244     |
|    std                  | 1.01        |
|    value_loss           | 0.57        |
-----------------------------------------
-----------------------------------------
| rollout/                |             |
|    ep_len_mean          | 200         |
|    ep_rew_mean          | -995        |
| time/                   |             |
|    fps                  | 65          |
|    iterations           | 3           |
|    time_elapsed         | 94          |
|    total_timesteps      | 6144        |
| train/                  |             |
|    approx_kl            | 0.017383391 |
|    clip_fraction        | 0.199       |
|    clip_range           | 0.2         |
|    entropy_loss         | -9.95       |
|    explained_variance   | 0.547       |
|    learning_rate        | 0.0003      |
|    loss                 | 0.0039      |
|    n_updates            | 20          |
|    policy_gradient_loss | -0.0303     |
|    std                  | 1           |
|    value_loss           | 0.0589      |
-----------------------------------------
-----------------------------------------
| rollout/                |             |
|    ep_len_mean          | 200         |
|    ep_rew_mean          | -961        |
| time/                   |             |
|    fps                  | 65          |
|    iterations           | 4           |
|    time_elapsed         | 124         |
|    total_timesteps      | 8192        |
| train/                  |             |
|    approx_kl            | 0.013915569 |
|    clip_fraction        | 0.143       |
|    clip_range           | 0.2         |
|    entropy_loss         | -9.95       |
|    explained_variance   | 0.456       |
|    learning_rate        | 0.0003      |
|    loss                 | -0.0263     |
|    n_updates            | 30          |
|    policy_gradient_loss | -0.0254     |
|    std                  | 1           |
|    value_loss           | 0.0314      |
-----------------------------------------
-----------------------------------------
| rollout/                |             |
|    ep_len_mean          | 200         |
|    ep_rew_mean          | -925        |
| time/                   |             |
|    fps                  | 65          |
|    iterations           | 5           |
|    time_elapsed         | 155         |
|    total_timesteps      | 10240       |
| train/                  |             |
|    approx_kl            | 0.017858528 |
|    clip_fraction        | 0.204       |
|    clip_range           | 0.2         |
|    entropy_loss         | -9.95       |
|    explained_variance   | 0.574       |
|    learning_rate        | 0.0003      |
|    loss                 | -0.0428     |
|    n_updates            | 40          |
|    policy_gradient_loss | -0.0341     |
|    std                  | 1           |
|    value_loss           | 0.037       |
-----------------------------------------
-----------------------------------------
| rollout/                |             |
|    ep_len_mean          | 200         |
|    ep_rew_mean          | -886        |
| time/                   |             |
|    fps                  | 65          |
|    iterations           | 6           |
|    time_elapsed         | 187         |
|    total_timesteps      | 12288       |
| train/                  |             |
|    approx_kl            | 0.019903896 |
|    clip_fraction        | 0.217       |
|    clip_range           | 0.2         |
|    entropy_loss         | -9.94       |
|    explained_variance   | 0.663       |
|    learning_rate        | 0.0003      |
|    loss                 | -0.0222     |
|    n_updates            | 50          |
|    policy_gradient_loss | -0.0372     |
|    std                  | 1           |
|    value_loss           | 0.025       |
-----------------------------------------
-----------------------------------------
| rollout/                |             |
|    ep_len_mean          | 200         |
|    ep_rew_mean          | -840        |
| time/                   |             |
|    fps                  | 65          |
|    iterations           | 7           |
|    time_elapsed         | 217         |
|    total_timesteps      | 14336       |
| train/                  |             |
|    approx_kl            | 0.015644116 |
|    clip_fraction        | 0.19        |
|    clip_range           | 0.2         |
|    entropy_loss         | -9.91       |
|    explained_variance   | 0.545       |
|    learning_rate        | 0.0003      |
|    loss                 | 0.00797     |
|    n_updates            | 60          |
|    policy_gradient_loss | -0.0327     |
|    std                  | 0.996       |
|    value_loss           | 0.0228      |
-----------------------------------------
-----------------------------------------
| rollout/                |             |
|    ep_len_mean          | 200         |
|    ep_rew_mean          | -796        |
| time/                   |             |
|    fps                  | 65          |
|    iterations           | 8           |
|    time_elapsed         | 248         |
|    total_timesteps      | 16384       |
| train/                  |             |
|    approx_kl            | 0.014894331 |
|    clip_fraction        | 0.156       |
|    clip_range           | 0.2         |
|    entropy_loss         | -9.88       |
|    explained_variance   | 0.551       |
|    learning_rate        | 0.0003      |
|    loss                 | -0.0374     |
|    n_updates            | 70          |
|    policy_gradient_loss | -0.0302     |
|    std                  | 0.991       |
|    value_loss           | 0.0158      |
-----------------------------------------
-----------------------------------------
| rollout/                |             |
|    ep_len_mean          | 200         |
|    ep_rew_mean          | -754        |
| time/                   |             |
|    fps                  | 65          |
|    iterations           | 9           |
|    time_elapsed         | 279         |
|    total_timesteps      | 18432       |
| train/                  |             |
|    approx_kl            | 0.014326359 |
|    clip_fraction        | 0.171       |
|    clip_range           | 0.2         |
|    entropy_loss         | -9.87       |
|    explained_variance   | 0.36        |
|    learning_rate        | 0.0003      |
|    loss                 | -0.026      |
|    n_updates            | 80          |
|    policy_gradient_loss | -0.0303     |
|    std                  | 0.992       |
|    value_loss           | 0.0138      |
-----------------------------------------
-----------------------------------------
| rollout/                |             |
|    ep_len_mean          | 200         |
|    ep_rew_mean          | -717        |
| time/                   |             |
|    fps                  | 65          |
|    iterations           | 10          |
|    time_elapsed         | 310         |
|    total_timesteps      | 20480       |
| train/                  |             |
|    approx_kl            | 0.016183263 |
|    clip_fraction        | 0.183       |
|    clip_range           | 0.2         |
|    entropy_loss         | -9.87       |
|    explained_variance   | 0.756       |
|    learning_rate        | 0.0003      |
|    loss                 | -0.0193     |
|    n_updates            | 90          |
|    policy_gradient_loss | -0.033      |
|    std                  | 0.991       |
|    value_loss           | 0.00846     |
-----------------------------------------
-----------------------------------------
| rollout/                |             |
|    ep_len_mean          | 200         |
|    ep_rew_mean          | -631        |
| time/                   |             |
|    fps                  | 66          |
|    iterations           | 11          |
|    time_elapsed         | 341         |
|    total_timesteps      | 22528       |
| train/                  |             |
|    approx_kl            | 0.013700099 |
|    clip_fraction        | 0.174       |
|    clip_range           | 0.2         |
|    entropy_loss         | -9.86       |
|    explained_variance   | 0.526       |
|    learning_rate        | 0.0003      |
|    loss                 | -0.0154     |
|    n_updates            | 100         |
|    policy_gradient_loss | -0.0297     |
|    std                  | 0.99        |
|    value_loss           | 0.00934     |
-----------------------------------------
-----------------------------------------
| rollout/                |             |
|    ep_len_mean          | 200         |
|    ep_rew_mean          | -578        |
| time/                   |             |
|    fps                  | 66          |
|    iterations           | 12          |
|    time_elapsed         | 372         |
|    total_timesteps      | 24576       |
| train/                  |             |
|    approx_kl            | 0.015706614 |
|    clip_fraction        | 0.169       |
|    clip_range           | 0.2         |
|    entropy_loss         | -9.84       |
|    explained_variance   | 0.502       |
|    learning_rate        | 0.0003      |
|    loss                 | -0.0692     |
|    n_updates            | 110         |
|    policy_gradient_loss | -0.0284     |
|    std                  | 0.984       |
|    value_loss           | 0.00696     |
-----------------------------------------
-----------------------------------------
| rollout/                |             |
|    ep_len_mean          | 200         |
|    ep_rew_mean          | -519        |
| time/                   |             |
|    fps                  | 66          |
|    iterations           | 13          |
|    time_elapsed         | 402         |
|    total_timesteps      | 26624       |
| train/                  |             |
|    approx_kl            | 0.015582792 |
|    clip_fraction        | 0.177       |
|    clip_range           | 0.2         |
|    entropy_loss         | -9.82       |
|    explained_variance   | 0.549       |
|    learning_rate        | 0.0003      |
|    loss                 | -0.0315     |
|    n_updates            | 120         |
|    policy_gradient_loss | -0.0288     |
|    std                  | 0.983       |
|    value_loss           | 0.00499     |
-----------------------------------------
-----------------------------------------
| rollout/                |             |
|    ep_len_mean          | 200         |
|    ep_rew_mean          | -461        |
| time/                   |             |
|    fps                  | 66          |
|    iterations           | 14          |
|    time_elapsed         | 432         |
|    total_timesteps      | 28672       |
| train/                  |             |
|    approx_kl            | 0.015309779 |
|    clip_fraction        | 0.187       |
|    clip_range           | 0.2         |
|    entropy_loss         | -9.8        |
|    explained_variance   | 0.642       |
|    learning_rate        | 0.0003      |
|    loss                 | -0.0504     |
|    n_updates            | 130         |
|    policy_gradient_loss | -0.028      |
|    std                  | 0.98        |
|    value_loss           | 0.00564     |
-----------------------------------------
-----------------------------------------
| rollout/                |             |
|    ep_len_mean          | 200         |
|    ep_rew_mean          | -407        |
| time/                   |             |
|    fps                  | 66          |
|    iterations           | 15          |
|    time_elapsed         | 462         |
|    total_timesteps      | 30720       |
| train/                  |             |
|    approx_kl            | 0.013948698 |
|    clip_fraction        | 0.168       |
|    clip_range           | 0.2         |
|    entropy_loss         | -9.8        |
|    explained_variance   | 0.783       |
|    learning_rate        | 0.0003      |
|    loss                 | -0.0536     |
|    n_updates            | 140         |
|    policy_gradient_loss | -0.0268     |
|    std                  | 0.983       |
|    value_loss           | 0.00405     |
-----------------------------------------
----------------------------------------
| rollout/                |            |
|    ep_len_mean          | 200        |
|    ep_rew_mean          | -369       |
| time/                   |            |
|    fps                  | 66         |
|    iterations           | 16         |
|    time_elapsed         | 492        |
|    total_timesteps      | 32768      |
| train/                  |            |
|    approx_kl            | 0.01594235 |
|    clip_fraction        | 0.18       |
|    clip_range           | 0.2        |
|    entropy_loss         | -9.8       |
|    explained_variance   | 0.642      |
|    learning_rate        | 0.0003     |
|    loss                 | -0.0125    |
|    n_updates            | 150        |
|    policy_gradient_loss | -0.0299    |
|    std                  | 0.979      |
|    value_loss           | 0.00298    |
----------------------------------------
-----------------------------------------
| rollout/                |             |
|    ep_len_mean          | 200         |
|    ep_rew_mean          | -335        |
| time/                   |             |
|    fps                  | 66          |
|    iterations           | 17          |
|    time_elapsed         | 522         |
|    total_timesteps      | 34816       |
| train/                  |             |
|    approx_kl            | 0.016478792 |
|    clip_fraction        | 0.194       |
|    clip_range           | 0.2         |
|    entropy_loss         | -9.75       |
|    explained_variance   | 0.829       |
|    learning_rate        | 0.0003      |
|    loss                 | -0.0592     |
|    n_updates            | 160         |
|    policy_gradient_loss | -0.0315     |
|    std                  | 0.971       |
|    value_loss           | 0.00211     |
-----------------------------------------
-----------------------------------------
| rollout/                |             |
|    ep_len_mean          | 200         |
|    ep_rew_mean          | -306        |
| time/                   |             |
|    fps                  | 66          |
|    iterations           | 18          |
|    time_elapsed         | 552         |
|    total_timesteps      | 36864       |
| train/                  |             |
|    approx_kl            | 0.015644256 |
|    clip_fraction        | 0.191       |
|    clip_range           | 0.2         |
|    entropy_loss         | -9.71       |
|    explained_variance   | 0.496       |
|    learning_rate        | 0.0003      |
|    loss                 | -0.0422     |
|    n_updates            | 170         |
|    policy_gradient_loss | -0.0306     |
|    std                  | 0.967       |
|    value_loss           | 0.00171     |
-----------------------------------------
-----------------------------------------
| rollout/                |             |
|    ep_len_mean          | 200         |
|    ep_rew_mean          | -289        |
| time/                   |             |
|    fps                  | 66          |
|    iterations           | 19          |
|    time_elapsed         | 582         |
|    total_timesteps      | 38912       |
| train/                  |             |
|    approx_kl            | 0.015262139 |
|    clip_fraction        | 0.176       |
|    clip_range           | 0.2         |
|    entropy_loss         | -9.66       |
|    explained_variance   | -0.171      |
|    learning_rate        | 0.0003      |
|    loss                 | -0.0386     |
|    n_updates            | 180         |
|    policy_gradient_loss | -0.0292     |
|    std                  | 0.96        |
|    value_loss           | 0.00114     |
-----------------------------------------
----------------------------------------
| rollout/                |            |
|    ep_len_mean          | 200        |
|    ep_rew_mean          | -272       |
| time/                   |            |
|    fps                  | 66         |
|    iterations           | 20         |
|    time_elapsed         | 613        |
|    total_timesteps      | 40960      |
| train/                  |            |
|    approx_kl            | 0.01693134 |
|    clip_fraction        | 0.186      |
|    clip_range           | 0.2        |
|    entropy_loss         | -9.63      |
|    explained_variance   | -0.656     |
|    learning_rate        | 0.0003     |
|    loss                 | -0.0403    |
|    n_updates            | 190        |
|    policy_gradient_loss | -0.0322    |
|    std                  | 0.956      |
|    value_loss           | 0.00116    |
----------------------------------------
-----------------------------------------
| rollout/                |             |
|    ep_len_mean          | 200         |
|    ep_rew_mean          | -254        |
| time/                   |             |
|    fps                  | 66          |
|    iterations           | 21          |
|    time_elapsed         | 643         |
|    total_timesteps      | 43008       |
| train/                  |             |
|    approx_kl            | 0.016264671 |
|    clip_fraction        | 0.18        |
|    clip_range           | 0.2         |
|    entropy_loss         | -9.6        |
|    explained_variance   | -0.865      |
|    learning_rate        | 0.0003      |
|    loss                 | -0.0292     |
|    n_updates            | 200         |
|    policy_gradient_loss | -0.0321     |
|    std                  | 0.952       |
|    value_loss           | 0.000818    |
-----------------------------------------
-----------------------------------------
| rollout/                |             |
|    ep_len_mean          | 200         |
|    ep_rew_mean          | -244        |
| time/                   |             |
|    fps                  | 66          |
|    iterations           | 22          |
|    time_elapsed         | 673         |
|    total_timesteps      | 45056       |
| train/                  |             |
|    approx_kl            | 0.016132481 |
|    clip_fraction        | 0.197       |
|    clip_range           | 0.2         |
|    entropy_loss         | -9.55       |
|    explained_variance   | -0.49       |
|    learning_rate        | 0.0003      |
|    loss                 | -0.0351     |
|    n_updates            | 210         |
|    policy_gradient_loss | -0.0321     |
|    std                  | 0.945       |
|    value_loss           | 0.000709    |
-----------------------------------------
----------------------------------------
| rollout/                |            |
|    ep_len_mean          | 200        |
|    ep_rew_mean          | -231       |
| time/                   |            |
|    fps                  | 66         |
|    iterations           | 23         |
|    time_elapsed         | 703        |
|    total_timesteps      | 47104      |
| train/                  |            |
|    approx_kl            | 0.01633418 |
|    clip_fraction        | 0.175      |
|    clip_range           | 0.2        |
|    entropy_loss         | -9.51      |
|    explained_variance   | 0.698      |
|    learning_rate        | 0.0003     |
|    loss                 | -0.032     |
|    n_updates            | 220        |
|    policy_gradient_loss | -0.0283    |
|    std                  | 0.94       |
|    value_loss           | 0.000762   |
----------------------------------------
--------------------------------------
| rollout/                |          |
|    ep_len_mean          | 200      |
|    ep_rew_mean          | -220     |
| time/                   |          |
|    fps                  | 66       |
|    iterations           | 24       |
|    time_elapsed         | 733      |
|    total_timesteps      | 49152    |
| train/                  |          |
|    approx_kl            | 0.015728 |
|    clip_fraction        | 0.185    |
|    clip_range           | 0.2      |
|    entropy_loss         | -9.44    |
|    explained_variance   | -0.203   |
|    learning_rate        | 0.0003   |
|    loss                 | -0.0529  |
|    n_updates            | 230      |
|    policy_gradient_loss | -0.0305  |
|    std                  | 0.928    |
|    value_loss           | 0.000501 |
--------------------------------------
----------------------------------------
| rollout/                |            |
|    ep_len_mean          | 200        |
|    ep_rew_mean          | -211       |
| time/                   |            |
|    fps                  | 67         |
|    iterations           | 25         |
|    time_elapsed         | 763        |
|    total_timesteps      | 51200      |
| train/                  |            |
|    approx_kl            | 0.01442955 |
|    clip_fraction        | 0.181      |
|    clip_range           | 0.2        |
|    entropy_loss         | -9.38      |
|    explained_variance   | -0.152     |
|    learning_rate        | 0.0003     |
|    loss                 | -0.0461    |
|    n_updates            | 240        |
|    policy_gradient_loss | -0.0303    |
|    std                  | 0.921      |
|    value_loss           | 0.000441   |
----------------------------------------
-----------------------------------------
| rollout/                |             |
|    ep_len_mean          | 200         |
|    ep_rew_mean          | -205        |
| time/                   |             |
|    fps                  | 67          |
|    iterations           | 26          |
|    time_elapsed         | 793         |
|    total_timesteps      | 53248       |
| train/                  |             |
|    approx_kl            | 0.015950024 |
|    clip_fraction        | 0.202       |
|    clip_range           | 0.2         |
|    entropy_loss         | -9.32       |
|    explained_variance   | 0.165       |
|    learning_rate        | 0.0003      |
|    loss                 | -0.0318     |
|    n_updates            | 250         |
|    policy_gradient_loss | -0.0319     |
|    std                  | 0.914       |
|    value_loss           | 0.000357    |
-----------------------------------------
-----------------------------------------
| rollout/                |             |
|    ep_len_mean          | 200         |
|    ep_rew_mean          | -198        |
| time/                   |             |
|    fps                  | 67          |
|    iterations           | 27          |
|    time_elapsed         | 823         |
|    total_timesteps      | 55296       |
| train/                  |             |
|    approx_kl            | 0.021242395 |
|    clip_fraction        | 0.232       |
|    clip_range           | 0.2         |
|    entropy_loss         | -9.26       |
|    explained_variance   | 0.165       |
|    learning_rate        | 0.0003      |
|    loss                 | -0.0493     |
|    n_updates            | 260         |
|    policy_gradient_loss | -0.0354     |
|    std                  | 0.906       |
|    value_loss           | 0.000437    |
-----------------------------------------
-----------------------------------------
| rollout/                |             |
|    ep_len_mean          | 200         |
|    ep_rew_mean          | -192        |
| time/                   |             |
|    fps                  | 67          |
|    iterations           | 28          |
|    time_elapsed         | 853         |
|    total_timesteps      | 57344       |
| train/                  |             |
|    approx_kl            | 0.015991054 |
|    clip_fraction        | 0.209       |
|    clip_range           | 0.2         |
|    entropy_loss         | -9.21       |
|    explained_variance   | -0.248      |
|    learning_rate        | 0.0003      |
|    loss                 | -0.00891    |
|    n_updates            | 270         |
|    policy_gradient_loss | -0.0316     |
|    std                  | 0.899       |
|    value_loss           | 0.000318    |
-----------------------------------------
----------------------------------------
| rollout/                |            |
|    ep_len_mean          | 200        |
|    ep_rew_mean          | -185       |
| time/                   |            |
|    fps                  | 67         |
|    iterations           | 29         |
|    time_elapsed         | 883        |
|    total_timesteps      | 59392      |
| train/                  |            |
|    approx_kl            | 0.01561236 |
|    clip_fraction        | 0.208      |
|    clip_range           | 0.2        |
|    entropy_loss         | -9.16      |
|    explained_variance   | 0.0691     |
|    learning_rate        | 0.0003     |
|    loss                 | -0.0479    |
|    n_updates            | 280        |
|    policy_gradient_loss | -0.0312    |
|    std                  | 0.893      |
|    value_loss           | 0.000299   |
----------------------------------------
-----------------------------------------
| rollout/                |             |
|    ep_len_mean          | 200         |
|    ep_rew_mean          | -179        |
| time/                   |             |
|    fps                  | 67          |
|    iterations           | 30          |
|    time_elapsed         | 913         |
|    total_timesteps      | 61440       |
| train/                  |             |
|    approx_kl            | 0.014983101 |
|    clip_fraction        | 0.197       |
|    clip_range           | 0.2         |
|    entropy_loss         | -9.11       |
|    explained_variance   | -0.564      |
|    learning_rate        | 0.0003      |
|    loss                 | -0.0205     |
|    n_updates            | 290         |
|    policy_gradient_loss | -0.0315     |
|    std                  | 0.887       |
|    value_loss           | 0.000356    |
-----------------------------------------
----------------------------------------
| rollout/                |            |
|    ep_len_mean          | 200        |
|    ep_rew_mean          | -173       |
| time/                   |            |
|    fps                  | 67         |
|    iterations           | 31         |
|    time_elapsed         | 943        |
|    total_timesteps      | 63488      |
| train/                  |            |
|    approx_kl            | 0.01738536 |
|    clip_fraction        | 0.21       |
|    clip_range           | 0.2        |
|    entropy_loss         | -9.06      |
|    explained_variance   | -0.746     |
|    learning_rate        | 0.0003     |
|    loss                 | -0.0528    |
|    n_updates            | 300        |
|    policy_gradient_loss | -0.0318    |
|    std                  | 0.881      |
|    value_loss           | 0.0003     |
----------------------------------------
-----------------------------------------
| rollout/                |             |
|    ep_len_mean          | 200         |
|    ep_rew_mean          | -168        |
| time/                   |             |
|    fps                  | 67          |
|    iterations           | 32          |
|    time_elapsed         | 974         |
|    total_timesteps      | 65536       |
| train/                  |             |
|    approx_kl            | 0.014989035 |
|    clip_fraction        | 0.184       |
|    clip_range           | 0.2         |
|    entropy_loss         | -9.01       |
|    explained_variance   | -0.00699    |
|    learning_rate        | 0.0003      |
|    loss                 | -0.0327     |
|    n_updates            | 310         |
|    policy_gradient_loss | -0.0307     |
|    std                  | 0.875       |
|    value_loss           | 0.000271    |
-----------------------------------------
-----------------------------------------
| rollout/                |             |
|    ep_len_mean          | 200         |
|    ep_rew_mean          | -163        |
| time/                   |             |
|    fps                  | 67          |
|    iterations           | 33          |
|    time_elapsed         | 1004        |
|    total_timesteps      | 67584       |
| train/                  |             |
|    approx_kl            | 0.015207157 |
|    clip_fraction        | 0.19        |
|    clip_range           | 0.2         |
|    entropy_loss         | -8.94       |
|    explained_variance   | 0.169       |
|    learning_rate        | 0.0003      |
|    loss                 | -0.0452     |
|    n_updates            | 320         |
|    policy_gradient_loss | -0.0276     |
|    std                  | 0.864       |
|    value_loss           | 0.000251    |
-----------------------------------------
----------------------------------------
| rollout/                |            |
|    ep_len_mean          | 200        |
|    ep_rew_mean          | -159       |
| time/                   |            |
|    fps                  | 67         |
|    iterations           | 34         |
|    time_elapsed         | 1034       |
|    total_timesteps      | 69632      |
| train/                  |            |
|    approx_kl            | 0.01518623 |
|    clip_fraction        | 0.182      |
|    clip_range           | 0.2        |
|    entropy_loss         | -8.87      |
|    explained_variance   | 0.0801     |
|    learning_rate        | 0.0003     |
|    loss                 | -0.0384    |
|    n_updates            | 330        |
|    policy_gradient_loss | -0.0291    |
|    std                  | 0.857      |
|    value_loss           | 0.000237   |
----------------------------------------
-----------------------------------------
| rollout/                |             |
|    ep_len_mean          | 200         |
|    ep_rew_mean          | -156        |
| time/                   |             |
|    fps                  | 67          |
|    iterations           | 35          |
|    time_elapsed         | 1064        |
|    total_timesteps      | 71680       |
| train/                  |             |
|    approx_kl            | 0.015625862 |
|    clip_fraction        | 0.194       |
|    clip_range           | 0.2         |
|    entropy_loss         | -8.8        |
|    explained_variance   | -0.0155     |
|    learning_rate        | 0.0003      |
|    loss                 | -0.0404     |
|    n_updates            | 340         |
|    policy_gradient_loss | -0.031      |
|    std                  | 0.848       |
|    value_loss           | 0.000263    |
-----------------------------------------
-----------------------------------------
| rollout/                |             |
|    ep_len_mean          | 200         |
|    ep_rew_mean          | -151        |
| time/                   |             |
|    fps                  | 67          |
|    iterations           | 36          |
|    time_elapsed         | 1094        |
|    total_timesteps      | 73728       |
| train/                  |             |
|    approx_kl            | 0.016672634 |
|    clip_fraction        | 0.192       |
|    clip_range           | 0.2         |
|    entropy_loss         | -8.74       |
|    explained_variance   | 0.231       |
|    learning_rate        | 0.0003      |
|    loss                 | -0.027      |
|    n_updates            | 350         |
|    policy_gradient_loss | -0.0251     |
|    std                  | 0.84        |
|    value_loss           | 0.000342    |
-----------------------------------------
-----------------------------------------
| rollout/                |             |
|    ep_len_mean          | 200         |
|    ep_rew_mean          | -149        |
| time/                   |             |
|    fps                  | 67          |
|    iterations           | 37          |
|    time_elapsed         | 1124        |
|    total_timesteps      | 75776       |
| train/                  |             |
|    approx_kl            | 0.015264105 |
|    clip_fraction        | 0.178       |
|    clip_range           | 0.2         |
|    entropy_loss         | -8.68       |
|    explained_variance   | 0.38        |
|    learning_rate        | 0.0003      |
|    loss                 | -0.0398     |
|    n_updates            | 360         |
|    policy_gradient_loss | -0.0267     |
|    std                  | 0.834       |
|    value_loss           | 0.000239    |
-----------------------------------------
-----------------------------------------
| rollout/                |             |
|    ep_len_mean          | 200         |
|    ep_rew_mean          | -145        |
| time/                   |             |
|    fps                  | 67          |
|    iterations           | 38          |
|    time_elapsed         | 1154        |
|    total_timesteps      | 77824       |
| train/                  |             |
|    approx_kl            | 0.014228953 |
|    clip_fraction        | 0.175       |
|    clip_range           | 0.2         |
|    entropy_loss         | -8.61       |
|    explained_variance   | 0.687       |
|    learning_rate        | 0.0003      |
|    loss                 | -0.0251     |
|    n_updates            | 370         |
|    policy_gradient_loss | -0.0208     |
|    std                  | 0.824       |
|    value_loss           | 0.000243    |
-----------------------------------------
-----------------------------------------
| rollout/                |             |
|    ep_len_mean          | 200         |
|    ep_rew_mean          | -143        |
| time/                   |             |
|    fps                  | 67          |
|    iterations           | 39          |
|    time_elapsed         | 1184        |
|    total_timesteps      | 79872       |
| train/                  |             |
|    approx_kl            | 0.015771642 |
|    clip_fraction        | 0.203       |
|    clip_range           | 0.2         |
|    entropy_loss         | -8.55       |
|    explained_variance   | 0.0757      |
|    learning_rate        | 0.0003      |
|    loss                 | -0.0213     |
|    n_updates            | 380         |
|    policy_gradient_loss | -0.0288     |
|    std                  | 0.82        |
|    value_loss           | 0.000211    |
-----------------------------------------
-----------------------------------------
| rollout/                |             |
|    ep_len_mean          | 200         |
|    ep_rew_mean          | -140        |
| time/                   |             |
|    fps                  | 67          |
|    iterations           | 40          |
|    time_elapsed         | 1214        |
|    total_timesteps      | 81920       |
| train/                  |             |
|    approx_kl            | 0.015656266 |
|    clip_fraction        | 0.185       |
|    clip_range           | 0.2         |
|    entropy_loss         | -8.51       |
|    explained_variance   | -0.00865    |
|    learning_rate        | 0.0003      |
|    loss                 | -0.0364     |
|    n_updates            | 390         |
|    policy_gradient_loss | -0.0277     |
|    std                  | 0.815       |
|    value_loss           | 0.000203    |
-----------------------------------------
-----------------------------------------
| rollout/                |             |
|    ep_len_mean          | 200         |
|    ep_rew_mean          | -137        |
| time/                   |             |
|    fps                  | 67          |
|    iterations           | 41          |
|    time_elapsed         | 1245        |
|    total_timesteps      | 83968       |
| train/                  |             |
|    approx_kl            | 0.016966585 |
|    clip_fraction        | 0.201       |
|    clip_range           | 0.2         |
|    entropy_loss         | -8.46       |
|    explained_variance   | 0.316       |
|    learning_rate        | 0.0003      |
|    loss                 | -0.0416     |
|    n_updates            | 400         |
|    policy_gradient_loss | -0.025      |
|    std                  | 0.808       |
|    value_loss           | 0.000335    |
-----------------------------------------
-----------------------------------------
| rollout/                |             |
|    ep_len_mean          | 200         |
|    ep_rew_mean          | -137        |
| time/                   |             |
|    fps                  | 67          |
|    iterations           | 42          |
|    time_elapsed         | 1275        |
|    total_timesteps      | 86016       |
| train/                  |             |
|    approx_kl            | 0.013761702 |
|    clip_fraction        | 0.133       |
|    clip_range           | 0.2         |
|    entropy_loss         | -8.43       |
|    explained_variance   | 0.688       |
|    learning_rate        | 0.0003      |
|    loss                 | -0.0178     |
|    n_updates            | 410         |
|    policy_gradient_loss | -0.0112     |
|    std                  | 0.809       |
|    value_loss           | 0.000374    |
-----------------------------------------
----------------------------------------
| rollout/                |            |
|    ep_len_mean          | 200        |
|    ep_rew_mean          | -135       |
| time/                   |            |
|    fps                  | 67         |
|    iterations           | 43         |
|    time_elapsed         | 1305       |
|    total_timesteps      | 88064      |
| train/                  |            |
|    approx_kl            | 0.02027683 |
|    clip_fraction        | 0.246      |
|    clip_range           | 0.2        |
|    entropy_loss         | -8.4       |
|    explained_variance   | 0.704      |
|    learning_rate        | 0.0003     |
|    loss                 | -0.0532    |
|    n_updates            | 420        |
|    policy_gradient_loss | -0.0319    |
|    std                  | 0.802      |
|    value_loss           | 0.000347   |
----------------------------------------
-----------------------------------------
| rollout/                |             |
|    ep_len_mean          | 200         |
|    ep_rew_mean          | -133        |
| time/                   |             |
|    fps                  | 67          |
|    iterations           | 44          |
|    time_elapsed         | 1335        |
|    total_timesteps      | 90112       |
| train/                  |             |
|    approx_kl            | 0.016369358 |
|    clip_fraction        | 0.207       |
|    clip_range           | 0.2         |
|    entropy_loss         | -8.33       |
|    explained_variance   | 0.167       |
|    learning_rate        | 0.0003      |
|    loss                 | -0.0481     |
|    n_updates            | 430         |
|    policy_gradient_loss | -0.0288     |
|    std                  | 0.793       |
|    value_loss           | 0.000186    |
-----------------------------------------
-----------------------------------------
| rollout/                |             |
|    ep_len_mean          | 200         |
|    ep_rew_mean          | -131        |
| time/                   |             |
|    fps                  | 67          |
|    iterations           | 45          |
|    time_elapsed         | 1365        |
|    total_timesteps      | 92160       |
| train/                  |             |
|    approx_kl            | 0.016508939 |
|    clip_fraction        | 0.201       |
|    clip_range           | 0.2         |
|    entropy_loss         | -8.26       |
|    explained_variance   | 0.157       |
|    learning_rate        | 0.0003      |
|    loss                 | -0.0303     |
|    n_updates            | 440         |
|    policy_gradient_loss | -0.0219     |
|    std                  | 0.786       |
|    value_loss           | 0.000379    |
-----------------------------------------
-----------------------------------------
| rollout/                |             |
|    ep_len_mean          | 200         |
|    ep_rew_mean          | -129        |
| time/                   |             |
|    fps                  | 67          |
|    iterations           | 46          |
|    time_elapsed         | 1395        |
|    total_timesteps      | 94208       |
| train/                  |             |
|    approx_kl            | 0.017519353 |
|    clip_fraction        | 0.212       |
|    clip_range           | 0.2         |
|    entropy_loss         | -8.17       |
|    explained_variance   | -0.585      |
|    learning_rate        | 0.0003      |
|    loss                 | -0.046      |
|    n_updates            | 450         |
|    policy_gradient_loss | -0.031      |
|    std                  | 0.774       |
|    value_loss           | 0.000143    |
-----------------------------------------
-----------------------------------------
| rollout/                |             |
|    ep_len_mean          | 200         |
|    ep_rew_mean          | -128        |
| time/                   |             |
|    fps                  | 67          |
|    iterations           | 47          |
|    time_elapsed         | 1425        |
|    total_timesteps      | 96256       |
| train/                  |             |
|    approx_kl            | 0.020050418 |
|    clip_fraction        | 0.247       |
|    clip_range           | 0.2         |
|    entropy_loss         | -8.08       |
|    explained_variance   | 0.402       |
|    learning_rate        | 0.0003      |
|    loss                 | -0.0414     |
|    n_updates            | 460         |
|    policy_gradient_loss | -0.0345     |
|    std                  | 0.764       |
|    value_loss           | 0.000166    |
-----------------------------------------
-----------------------------------------
| rollout/                |             |
|    ep_len_mean          | 200         |
|    ep_rew_mean          | -126        |
| time/                   |             |
|    fps                  | 67          |
|    iterations           | 48          |
|    time_elapsed         | 1455        |
|    total_timesteps      | 98304       |
| train/                  |             |
|    approx_kl            | 0.016266339 |
|    clip_fraction        | 0.199       |
|    clip_range           | 0.2         |
|    entropy_loss         | -8.01       |
|    explained_variance   | 0.112       |
|    learning_rate        | 0.0003      |
|    loss                 | -0.0228     |
|    n_updates            | 470         |
|    policy_gradient_loss | -0.0281     |
|    std                  | 0.757       |
|    value_loss           | 0.000135    |
-----------------------------------------
-----------------------------------------
| rollout/                |             |
|    ep_len_mean          | 200         |
|    ep_rew_mean          | -123        |
| time/                   |             |
|    fps                  | 67          |
|    iterations           | 49          |
|    time_elapsed         | 1486        |
|    total_timesteps      | 100352      |
| train/                  |             |
|    approx_kl            | 0.017770067 |
|    clip_fraction        | 0.196       |
|    clip_range           | 0.2         |
|    entropy_loss         | -7.95       |
|    explained_variance   | 0.26        |
|    learning_rate        | 0.0003      |
|    loss                 | -0.0245     |
|    n_updates            | 480         |
|    policy_gradient_loss | -0.0216     |
|    std                  | 0.752       |
|    value_loss           | 0.000255    |
-----------------------------------------
----------------------------------------
| rollout/                |            |
|    ep_len_mean          | 200        |
|    ep_rew_mean          | -122       |
| time/                   |            |
|    fps                  | 67         |
|    iterations           | 50         |
|    time_elapsed         | 1516       |
|    total_timesteps      | 102400     |
| train/                  |            |
|    approx_kl            | 0.01669348 |
|    clip_fraction        | 0.206      |
|    clip_range           | 0.2        |
|    entropy_loss         | -7.88      |
|    explained_variance   | -0.141     |
|    learning_rate        | 0.0003     |
|    loss                 | -0.0424    |
|    n_updates            | 490        |
|    policy_gradient_loss | -0.0297    |
|    std                  | 0.744      |
|    value_loss           | 0.000133   |
----------------------------------------
-----------------------------------------
| rollout/                |             |
|    ep_len_mean          | 200         |
|    ep_rew_mean          | -118        |
| time/                   |             |
|    fps                  | 67          |
|    iterations           | 51          |
|    time_elapsed         | 1547        |
|    total_timesteps      | 104448      |
| train/                  |             |
|    approx_kl            | 0.018115196 |
|    clip_fraction        | 0.218       |
|    clip_range           | 0.2         |
|    entropy_loss         | -7.78       |
|    explained_variance   | 0.367       |
|    learning_rate        | 0.0003      |
|    loss                 | -0.0381     |
|    n_updates            | 500         |
|    policy_gradient_loss | -0.0294     |
|    std                  | 0.732       |
|    value_loss           | 0.000112    |
-----------------------------------------
-----------------------------------------
| rollout/                |             |
|    ep_len_mean          | 200         |
|    ep_rew_mean          | -117        |
| time/                   |             |
|    fps                  | 67          |
|    iterations           | 52          |
|    time_elapsed         | 1578        |
|    total_timesteps      | 106496      |
| train/                  |             |
|    approx_kl            | 0.018620696 |
|    clip_fraction        | 0.224       |
|    clip_range           | 0.2         |
|    entropy_loss         | -7.72       |
|    explained_variance   | 0.489       |
|    learning_rate        | 0.0003      |
|    loss                 | -0.0382     |
|    n_updates            | 510         |
|    policy_gradient_loss | -0.0285     |
|    std                  | 0.729       |
|    value_loss           | 0.000178    |
-----------------------------------------
-----------------------------------------
| rollout/                |             |
|    ep_len_mean          | 200         |
|    ep_rew_mean          | -115        |
| time/                   |             |
|    fps                  | 67          |
|    iterations           | 53          |
|    time_elapsed         | 1609        |
|    total_timesteps      | 108544      |
| train/                  |             |
|    approx_kl            | 0.014764352 |
|    clip_fraction        | 0.197       |
|    clip_range           | 0.2         |
|    entropy_loss         | -7.69       |
|    explained_variance   | 0.409       |
|    learning_rate        | 0.0003      |
|    loss                 | -0.0317     |
|    n_updates            | 520         |
|    policy_gradient_loss | -0.0138     |
|    std                  | 0.725       |
|    value_loss           | 0.000378    |
-----------------------------------------
-----------------------------------------
| rollout/                |             |
|    ep_len_mean          | 200         |
|    ep_rew_mean          | -112        |
| time/                   |             |
|    fps                  | 67          |
|    iterations           | 54          |
|    time_elapsed         | 1639        |
|    total_timesteps      | 110592      |
| train/                  |             |
|    approx_kl            | 0.017197082 |
|    clip_fraction        | 0.185       |
|    clip_range           | 0.2         |
|    entropy_loss         | -7.67       |
|    explained_variance   | 0.523       |
|    learning_rate        | 0.0003      |
|    loss                 | -0.0385     |
|    n_updates            | 530         |
|    policy_gradient_loss | -0.0195     |
|    std                  | 0.723       |
|    value_loss           | 0.000347    |
-----------------------------------------
-----------------------------------------
| rollout/                |             |
|    ep_len_mean          | 200         |
|    ep_rew_mean          | -110        |
| time/                   |             |
|    fps                  | 67          |
|    iterations           | 55          |
|    time_elapsed         | 1670        |
|    total_timesteps      | 112640      |
| train/                  |             |
|    approx_kl            | 0.017773341 |
|    clip_fraction        | 0.227       |
|    clip_range           | 0.2         |
|    entropy_loss         | -7.64       |
|    explained_variance   | 0.409       |
|    learning_rate        | 0.0003      |
|    loss                 | -0.047      |
|    n_updates            | 540         |
|    policy_gradient_loss | -0.0307     |
|    std                  | 0.72        |
|    value_loss           | 0.000129    |
-----------------------------------------
-----------------------------------------
| rollout/                |             |
|    ep_len_mean          | 200         |
|    ep_rew_mean          | -109        |
| time/                   |             |
|    fps                  | 67          |
|    iterations           | 56          |
|    time_elapsed         | 1701        |
|    total_timesteps      | 114688      |
| train/                  |             |
|    approx_kl            | 0.015994143 |
|    clip_fraction        | 0.194       |
|    clip_range           | 0.2         |
|    entropy_loss         | -7.6        |
|    explained_variance   | 0.325       |
|    learning_rate        | 0.0003      |
|    loss                 | -0.0441     |
|    n_updates            | 550         |
|    policy_gradient_loss | -0.0197     |
|    std                  | 0.716       |
|    value_loss           | 0.000125    |
-----------------------------------------
-----------------------------------------
| rollout/                |             |
|    ep_len_mean          | 200         |
|    ep_rew_mean          | -110        |
| time/                   |             |
|    fps                  | 67          |
|    iterations           | 57          |
|    time_elapsed         | 1732        |
|    total_timesteps      | 116736      |
| train/                  |             |
|    approx_kl            | 0.013416451 |
|    clip_fraction        | 0.178       |
|    clip_range           | 0.2         |
|    entropy_loss         | -7.56       |
|    explained_variance   | 0.331       |
|    learning_rate        | 0.0003      |
|    loss                 | -0.0093     |
|    n_updates            | 560         |
|    policy_gradient_loss | -0.0145     |
|    std                  | 0.71        |
|    value_loss           | 0.000272    |
-----------------------------------------
-----------------------------------------
| rollout/                |             |
|    ep_len_mean          | 200         |
|    ep_rew_mean          | -109        |
| time/                   |             |
|    fps                  | 67          |
|    iterations           | 58          |
|    time_elapsed         | 1763        |
|    total_timesteps      | 118784      |
| train/                  |             |
|    approx_kl            | 0.013945958 |
|    clip_fraction        | 0.188       |
|    clip_range           | 0.2         |
|    entropy_loss         | -7.52       |
|    explained_variance   | 0.659       |
|    learning_rate        | 0.0003      |
|    loss                 | -0.0248     |
|    n_updates            | 570         |
|    policy_gradient_loss | -0.0159     |
|    std                  | 0.709       |
|    value_loss           | 0.000627    |
-----------------------------------------
-----------------------------------------
| rollout/                |             |
|    ep_len_mean          | 200         |
|    ep_rew_mean          | -109        |
| time/                   |             |
|    fps                  | 67          |
|    iterations           | 59          |
|    time_elapsed         | 1795        |
|    total_timesteps      | 120832      |
| train/                  |             |
|    approx_kl            | 0.013771808 |
|    clip_fraction        | 0.182       |
|    clip_range           | 0.2         |
|    entropy_loss         | -7.5        |
|    explained_variance   | 0.756       |
|    learning_rate        | 0.0003      |
|    loss                 | -0.0343     |
|    n_updates            | 580         |
|    policy_gradient_loss | -0.0157     |
|    std                  | 0.705       |
|    value_loss           | 0.00039     |
-----------------------------------------
-----------------------------------------
| rollout/                |             |
|    ep_len_mean          | 200         |
|    ep_rew_mean          | -108        |
| time/                   |             |
|    fps                  | 67          |
|    iterations           | 60          |
|    time_elapsed         | 1826        |
|    total_timesteps      | 122880      |
| train/                  |             |
|    approx_kl            | 0.019100351 |
|    clip_fraction        | 0.194       |
|    clip_range           | 0.2         |
|    entropy_loss         | -7.46       |
|    explained_variance   | 0.741       |
|    learning_rate        | 0.0003      |
|    loss                 | 0.0223      |
|    n_updates            | 590         |
|    policy_gradient_loss | -0.0177     |
|    std                  | 0.702       |
|    value_loss           | 0.000419    |
-----------------------------------------
-----------------------------------------
| rollout/                |             |
|    ep_len_mean          | 200         |
|    ep_rew_mean          | -108        |
| time/                   |             |
|    fps                  | 67          |
|    iterations           | 61          |
|    time_elapsed         | 1857        |
|    total_timesteps      | 124928      |
| train/                  |             |
|    approx_kl            | 0.016119776 |
|    clip_fraction        | 0.202       |
|    clip_range           | 0.2         |
|    entropy_loss         | -7.43       |
|    explained_variance   | 0.637       |
|    learning_rate        | 0.0003      |
|    loss                 | -0.0262     |
|    n_updates            | 600         |
|    policy_gradient_loss | -0.0211     |
|    std                  | 0.698       |
|    value_loss           | 0.000334    |
-----------------------------------------
-----------------------------------------
| rollout/                |             |
|    ep_len_mean          | 200         |
|    ep_rew_mean          | -107        |
| time/                   |             |
|    fps                  | 67          |
|    iterations           | 62          |
|    time_elapsed         | 1888        |
|    total_timesteps      | 126976      |
| train/                  |             |
|    approx_kl            | 0.016035005 |
|    clip_fraction        | 0.201       |
|    clip_range           | 0.2         |
|    entropy_loss         | -7.39       |
|    explained_variance   | 0.863       |
|    learning_rate        | 0.0003      |
|    loss                 | -0.0101     |
|    n_updates            | 610         |
|    policy_gradient_loss | -0.0195     |
|    std                  | 0.694       |
|    value_loss           | 0.000673    |
-----------------------------------------
-----------------------------------------
| rollout/                |             |
|    ep_len_mean          | 200         |
|    ep_rew_mean          | -105        |
| time/                   |             |
|    fps                  | 67          |
|    iterations           | 63          |
|    time_elapsed         | 1918        |
|    total_timesteps      | 129024      |
| train/                  |             |
|    approx_kl            | 0.017804997 |
|    clip_fraction        | 0.193       |
|    clip_range           | 0.2         |
|    entropy_loss         | -7.34       |
|    explained_variance   | 0.24        |
|    learning_rate        | 0.0003      |
|    loss                 | -0.0478     |
|    n_updates            | 620         |
|    policy_gradient_loss | -0.0244     |
|    std                  | 0.69        |
|    value_loss           | 0.000241    |
-----------------------------------------
-----------------------------------------
| rollout/                |             |
|    ep_len_mean          | 200         |
|    ep_rew_mean          | -106        |
| time/                   |             |
|    fps                  | 67          |
|    iterations           | 64          |
|    time_elapsed         | 1950        |
|    total_timesteps      | 131072      |
| train/                  |             |
|    approx_kl            | 0.016130008 |
|    clip_fraction        | 0.199       |
|    clip_range           | 0.2         |
|    entropy_loss         | -7.3        |
|    explained_variance   | 0.729       |
|    learning_rate        | 0.0003      |
|    loss                 | -0.0334     |
|    n_updates            | 630         |
|    policy_gradient_loss | -0.0195     |
|    std                  | 0.685       |
|    value_loss           | 0.000189    |
-----------------------------------------
----------------------------------------
| rollout/                |            |
|    ep_len_mean          | 200        |
|    ep_rew_mean          | -105       |
| time/                   |            |
|    fps                  | 67         |
|    iterations           | 65         |
|    time_elapsed         | 1981       |
|    total_timesteps      | 133120     |
| train/                  |            |
|    approx_kl            | 0.01357781 |
|    clip_fraction        | 0.191      |
|    clip_range           | 0.2        |
|    entropy_loss         | -7.24      |
|    explained_variance   | 0.631      |
|    learning_rate        | 0.0003     |
|    loss                 | -0.00748   |
|    n_updates            | 640        |
|    policy_gradient_loss | -0.0138    |
|    std                  | 0.68       |
|    value_loss           | 0.000463   |
----------------------------------------
----------------------------------------
| rollout/                |            |
|    ep_len_mean          | 200        |
|    ep_rew_mean          | -104       |
| time/                   |            |
|    fps                  | 67         |
|    iterations           | 66         |
|    time_elapsed         | 2012       |
|    total_timesteps      | 135168     |
| train/                  |            |
|    approx_kl            | 0.01877213 |
|    clip_fraction        | 0.219      |
|    clip_range           | 0.2        |
|    entropy_loss         | -7.16      |
|    explained_variance   | 0.661      |
|    learning_rate        | 0.0003     |
|    loss                 | -0.0498    |
|    n_updates            | 650        |
|    policy_gradient_loss | -0.0235    |
|    std                  | 0.67       |
|    value_loss           | 0.000367   |
----------------------------------------
-----------------------------------------
| rollout/                |             |
|    ep_len_mean          | 200         |
|    ep_rew_mean          | -101        |
| time/                   |             |
|    fps                  | 67          |
|    iterations           | 67          |
|    time_elapsed         | 2042        |
|    total_timesteps      | 137216      |
| train/                  |             |
|    approx_kl            | 0.017963722 |
|    clip_fraction        | 0.215       |
|    clip_range           | 0.2         |
|    entropy_loss         | -7.09       |
|    explained_variance   | 0.783       |
|    learning_rate        | 0.0003      |
|    loss                 | -0.0443     |
|    n_updates            | 660         |
|    policy_gradient_loss | -0.0211     |
|    std                  | 0.666       |
|    value_loss           | 0.000307    |
-----------------------------------------
-----------------------------------------
| rollout/                |             |
|    ep_len_mean          | 200         |
|    ep_rew_mean          | -99.5       |
| time/                   |             |
|    fps                  | 67          |
|    iterations           | 68          |
|    time_elapsed         | 2073        |
|    total_timesteps      | 139264      |
| train/                  |             |
|    approx_kl            | 0.016568942 |
|    clip_fraction        | 0.207       |
|    clip_range           | 0.2         |
|    entropy_loss         | -7.05       |
|    explained_variance   | 0.168       |
|    learning_rate        | 0.0003      |
|    loss                 | -0.0359     |
|    n_updates            | 670         |
|    policy_gradient_loss | -0.0208     |
|    std                  | 0.662       |
|    value_loss           | 0.000247    |
-----------------------------------------
-----------------------------------------
| rollout/                |             |
|    ep_len_mean          | 200         |
|    ep_rew_mean          | -97.8       |
| time/                   |             |
|    fps                  | 67          |
|    iterations           | 69          |
|    time_elapsed         | 2104        |
|    total_timesteps      | 141312      |
| train/                  |             |
|    approx_kl            | 0.017862977 |
|    clip_fraction        | 0.223       |
|    clip_range           | 0.2         |
|    entropy_loss         | -7.01       |
|    explained_variance   | 0.657       |
|    learning_rate        | 0.0003      |
|    loss                 | -0.0257     |
|    n_updates            | 680         |
|    policy_gradient_loss | -0.0171     |
|    std                  | 0.658       |
|    value_loss           | 0.000301    |
-----------------------------------------
-----------------------------------------
| rollout/                |             |
|    ep_len_mean          | 200         |
|    ep_rew_mean          | -97.1       |
| time/                   |             |
|    fps                  | 67          |
|    iterations           | 70          |
|    time_elapsed         | 2135        |
|    total_timesteps      | 143360      |
| train/                  |             |
|    approx_kl            | 0.019476486 |
|    clip_fraction        | 0.235       |
|    clip_range           | 0.2         |
|    entropy_loss         | -6.94       |
|    explained_variance   | 0.653       |
|    learning_rate        | 0.0003      |
|    loss                 | -0.025      |
|    n_updates            | 690         |
|    policy_gradient_loss | -0.0247     |
|    std                  | 0.649       |
|    value_loss           | 0.000238    |
-----------------------------------------
-----------------------------------------
| rollout/                |             |
|    ep_len_mean          | 200         |
|    ep_rew_mean          | -95         |
| time/                   |             |
|    fps                  | 67          |
|    iterations           | 71          |
|    time_elapsed         | 2166        |
|    total_timesteps      | 145408      |
| train/                  |             |
|    approx_kl            | 0.019873967 |
|    clip_fraction        | 0.228       |
|    clip_range           | 0.2         |
|    entropy_loss         | -6.84       |
|    explained_variance   | 0.244       |
|    learning_rate        | 0.0003      |
|    loss                 | -0.0571     |
|    n_updates            | 700         |
|    policy_gradient_loss | -0.0285     |
|    std                  | 0.642       |
|    value_loss           | 0.0002      |
-----------------------------------------
-----------------------------------------
| rollout/                |             |
|    ep_len_mean          | 200         |
|    ep_rew_mean          | -94.5       |
| time/                   |             |
|    fps                  | 67          |
|    iterations           | 72          |
|    time_elapsed         | 2197        |
|    total_timesteps      | 147456      |
| train/                  |             |
|    approx_kl            | 0.017265186 |
|    clip_fraction        | 0.212       |
|    clip_range           | 0.2         |
|    entropy_loss         | -6.76       |
|    explained_variance   | 0.402       |
|    learning_rate        | 0.0003      |
|    loss                 | -0.0191     |
|    n_updates            | 710         |
|    policy_gradient_loss | -0.0183     |
|    std                  | 0.633       |
|    value_loss           | 0.000153    |
-----------------------------------------
-----------------------------------------
| rollout/                |             |
|    ep_len_mean          | 200         |
|    ep_rew_mean          | -93.6       |
| time/                   |             |
|    fps                  | 67          |
|    iterations           | 73          |
|    time_elapsed         | 2228        |
|    total_timesteps      | 149504      |
| train/                  |             |
|    approx_kl            | 0.017761415 |
|    clip_fraction        | 0.209       |
|    clip_range           | 0.2         |
|    entropy_loss         | -6.71       |
|    explained_variance   | 0.528       |
|    learning_rate        | 0.0003      |
|    loss                 | -0.0208     |
|    n_updates            | 720         |
|    policy_gradient_loss | -0.0146     |
|    std                  | 0.632       |
|    value_loss           | 0.000252    |
-----------------------------------------
----------------------------------------
| rollout/                |            |
|    ep_len_mean          | 200        |
|    ep_rew_mean          | -92.9      |
| time/                   |            |
|    fps                  | 67         |
|    iterations           | 74         |
|    time_elapsed         | 2259       |
|    total_timesteps      | 151552     |
| train/                  |            |
|    approx_kl            | 0.01573312 |
|    clip_fraction        | 0.204      |
|    clip_range           | 0.2        |
|    entropy_loss         | -6.7       |
|    explained_variance   | 0.71       |
|    learning_rate        | 0.0003     |
|    loss                 | -0.00756   |
|    n_updates            | 730        |
|    policy_gradient_loss | -0.0146    |
|    std                  | 0.631      |
|    value_loss           | 0.000396   |
----------------------------------------
----------------------------------------
| rollout/                |            |
|    ep_len_mean          | 200        |
|    ep_rew_mean          | -91.3      |
| time/                   |            |
|    fps                  | 67         |
|    iterations           | 75         |
|    time_elapsed         | 2291       |
|    total_timesteps      | 153600     |
| train/                  |            |
|    approx_kl            | 0.01885402 |
|    clip_fraction        | 0.237      |
|    clip_range           | 0.2        |
|    entropy_loss         | -6.66      |
|    explained_variance   | 0.759      |
|    learning_rate        | 0.0003     |
|    loss                 | -0.0543    |
|    n_updates            | 740        |
|    policy_gradient_loss | -0.0221    |
|    std                  | 0.625      |
|    value_loss           | 0.000334   |
----------------------------------------
-----------------------------------------
| rollout/                |             |
|    ep_len_mean          | 200         |
|    ep_rew_mean          | -90.4       |
| time/                   |             |
|    fps                  | 67          |
|    iterations           | 76          |
|    time_elapsed         | 2321        |
|    total_timesteps      | 155648      |
| train/                  |             |
|    approx_kl            | 0.021642184 |
|    clip_fraction        | 0.259       |
|    clip_range           | 0.2         |
|    entropy_loss         | -6.59       |
|    explained_variance   | -0.695      |
|    learning_rate        | 0.0003      |
|    loss                 | -0.029      |
|    n_updates            | 750         |
|    policy_gradient_loss | -0.0241     |
|    std                  | 0.62        |
|    value_loss           | 0.000156    |
-----------------------------------------
-----------------------------------------
| rollout/                |             |
|    ep_len_mean          | 200         |
|    ep_rew_mean          | -89.2       |
| time/                   |             |
|    fps                  | 67          |
|    iterations           | 77          |
|    time_elapsed         | 2352        |
|    total_timesteps      | 157696      |
| train/                  |             |
|    approx_kl            | 0.018723842 |
|    clip_fraction        | 0.22        |
|    clip_range           | 0.2         |
|    entropy_loss         | -6.52       |
|    explained_variance   | 0.45        |
|    learning_rate        | 0.0003      |
|    loss                 | 0.0243      |
|    n_updates            | 760         |
|    policy_gradient_loss | -0.0171     |
|    std                  | 0.614       |
|    value_loss           | 0.000208    |
-----------------------------------------
-----------------------------------------
| rollout/                |             |
|    ep_len_mean          | 200         |
|    ep_rew_mean          | -89.1       |
| time/                   |             |
|    fps                  | 67          |
|    iterations           | 78          |
|    time_elapsed         | 2383        |
|    total_timesteps      | 159744      |
| train/                  |             |
|    approx_kl            | 0.020322084 |
|    clip_fraction        | 0.209       |
|    clip_range           | 0.2         |
|    entropy_loss         | -6.46       |
|    explained_variance   | 0.52        |
|    learning_rate        | 0.0003      |
|    loss                 | -0.0376     |
|    n_updates            | 770         |
|    policy_gradient_loss | -0.0207     |
|    std                  | 0.609       |
|    value_loss           | 0.000238    |
-----------------------------------------
-----------------------------------------
| rollout/                |             |
|    ep_len_mean          | 200         |
|    ep_rew_mean          | -87.9       |
| time/                   |             |
|    fps                  | 67          |
|    iterations           | 79          |
|    time_elapsed         | 2414        |
|    total_timesteps      | 161792      |
| train/                  |             |
|    approx_kl            | 0.020208472 |
|    clip_fraction        | 0.228       |
|    clip_range           | 0.2         |
|    entropy_loss         | -6.42       |
|    explained_variance   | 0.815       |
|    learning_rate        | 0.0003      |
|    loss                 | -0.0123     |
|    n_updates            | 780         |
|    policy_gradient_loss | -0.0189     |
|    std                  | 0.608       |
|    value_loss           | 0.000599    |
-----------------------------------------
-----------------------------------------
| rollout/                |             |
|    ep_len_mean          | 200         |
|    ep_rew_mean          | -87         |
| time/                   |             |
|    fps                  | 66          |
|    iterations           | 80          |
|    time_elapsed         | 2445        |
|    total_timesteps      | 163840      |
| train/                  |             |
|    approx_kl            | 0.017604195 |
|    clip_fraction        | 0.214       |
|    clip_range           | 0.2         |
|    entropy_loss         | -6.37       |
|    explained_variance   | 0.2         |
|    learning_rate        | 0.0003      |
|    loss                 | -0.0504     |
|    n_updates            | 790         |
|    policy_gradient_loss | -0.0251     |
|    std                  | 0.601       |
|    value_loss           | 0.000138    |
-----------------------------------------
----------------------------------------
| rollout/                |            |
|    ep_len_mean          | 200        |
|    ep_rew_mean          | -86.7      |
| time/                   |            |
|    fps                  | 66         |
|    iterations           | 81         |
|    time_elapsed         | 2477       |
|    total_timesteps      | 165888     |
| train/                  |            |
|    approx_kl            | 0.01753216 |
|    clip_fraction        | 0.222      |
|    clip_range           | 0.2        |
|    entropy_loss         | -6.29      |
|    explained_variance   | -0.204     |
|    learning_rate        | 0.0003     |
|    loss                 | -0.0235    |
|    n_updates            | 800        |
|    policy_gradient_loss | -0.0253    |
|    std                  | 0.594      |
|    value_loss           | 0.0001     |
----------------------------------------
-----------------------------------------
| rollout/                |             |
|    ep_len_mean          | 200         |
|    ep_rew_mean          | -85.5       |
| time/                   |             |
|    fps                  | 66          |
|    iterations           | 82          |
|    time_elapsed         | 2508        |
|    total_timesteps      | 167936      |
| train/                  |             |
|    approx_kl            | 0.018386364 |
|    clip_fraction        | 0.214       |
|    clip_range           | 0.2         |
|    entropy_loss         | -6.25       |
|    explained_variance   | 0.301       |
|    learning_rate        | 0.0003      |
|    loss                 | -0.0187     |
|    n_updates            | 810         |
|    policy_gradient_loss | -0.0104     |
|    std                  | 0.594       |
|    value_loss           | 0.000333    |
-----------------------------------------
----------------------------------------
| rollout/                |            |
|    ep_len_mean          | 198        |
|    ep_rew_mean          | -83.6      |
| time/                   |            |
|    fps                  | 66         |
|    iterations           | 83         |
|    time_elapsed         | 2540       |
|    total_timesteps      | 169984     |
| train/                  |            |
|    approx_kl            | 0.02057741 |
|    clip_fraction        | 0.261      |
|    clip_range           | 0.2        |
|    entropy_loss         | -6.18      |
|    explained_variance   | -0.165     |
|    learning_rate        | 0.0003     |
|    loss                 | -0.0334    |
|    n_updates            | 820        |
|    policy_gradient_loss | -0.0299    |
|    std                  | 0.584      |
|    value_loss           | 0.000115   |
----------------------------------------
-----------------------------------------
| rollout/                |             |
|    ep_len_mean          | 197         |
|    ep_rew_mean          | -82.4       |
| time/                   |             |
|    fps                  | 66          |
|    iterations           | 84          |
|    time_elapsed         | 2572        |
|    total_timesteps      | 172032      |
| train/                  |             |
|    approx_kl            | 0.021194004 |
|    clip_fraction        | 0.251       |
|    clip_range           | 0.2         |
|    entropy_loss         | -6.13       |
|    explained_variance   | 0.214       |
|    learning_rate        | 0.0003      |
|    loss                 | -0.0297     |
|    n_updates            | 830         |
|    policy_gradient_loss | -0.0109     |
|    std                  | 0.583       |
|    value_loss           | 0.00166     |
-----------------------------------------
-----------------------------------------
| rollout/                |             |
|    ep_len_mean          | 197         |
|    ep_rew_mean          | -82.9       |
| time/                   |             |
|    fps                  | 66          |
|    iterations           | 85          |
|    time_elapsed         | 2604        |
|    total_timesteps      | 174080      |
| train/                  |             |
|    approx_kl            | 0.016961794 |
|    clip_fraction        | 0.222       |
|    clip_range           | 0.2         |
|    entropy_loss         | -6.09       |
|    explained_variance   | 0.351       |
|    learning_rate        | 0.0003      |
|    loss                 | -0.0471     |
|    n_updates            | 840         |
|    policy_gradient_loss | -0.0144     |
|    std                  | 0.578       |
|    value_loss           | 0.00175     |
-----------------------------------------
-----------------------------------------
| rollout/                |             |
|    ep_len_mean          | 197         |
|    ep_rew_mean          | -82.8       |
| time/                   |             |
|    fps                  | 66          |
|    iterations           | 86          |
|    time_elapsed         | 2637        |
|    total_timesteps      | 176128      |
| train/                  |             |
|    approx_kl            | 0.024580149 |
|    clip_fraction        | 0.22        |
|    clip_range           | 0.2         |
|    entropy_loss         | -6.06       |
|    explained_variance   | -0.118      |
|    learning_rate        | 0.0003      |
|    loss                 | -0.0158     |
|    n_updates            | 850         |
|    policy_gradient_loss | -0.0178     |
|    std                  | 0.577       |
|    value_loss           | 0.00102     |
-----------------------------------------
----------------------------------------
| rollout/                |            |
|    ep_len_mean          | 197        |
|    ep_rew_mean          | -83.5      |
| time/                   |            |
|    fps                  | 66         |
|    iterations           | 87         |
|    time_elapsed         | 2670       |
|    total_timesteps      | 178176     |
| train/                  |            |
|    approx_kl            | 0.01964036 |
|    clip_fraction        | 0.227      |
|    clip_range           | 0.2        |
|    entropy_loss         | -6.03      |
|    explained_variance   | 0.613      |
|    learning_rate        | 0.0003     |
|    loss                 | -0.022     |
|    n_updates            | 860        |
|    policy_gradient_loss | -0.0211    |
|    std                  | 0.573      |
|    value_loss           | 0.000562   |
----------------------------------------
-----------------------------------------
| rollout/                |             |
|    ep_len_mean          | 197         |
|    ep_rew_mean          | -82.9       |
| time/                   |             |
|    fps                  | 66          |
|    iterations           | 88          |
|    time_elapsed         | 2702        |
|    total_timesteps      | 180224      |
| train/                  |             |
|    approx_kl            | 0.013534086 |
|    clip_fraction        | 0.183       |
|    clip_range           | 0.2         |
|    entropy_loss         | -5.99       |
|    explained_variance   | 0.674       |
|    learning_rate        | 0.0003      |
|    loss                 | -0.016      |
|    n_updates            | 870         |
|    policy_gradient_loss | -0.0154     |
|    std                  | 0.571       |
|    value_loss           | 0.000706    |
-----------------------------------------
-----------------------------------------
| rollout/                |             |
|    ep_len_mean          | 197         |
|    ep_rew_mean          | -83.7       |
| time/                   |             |
|    fps                  | 66          |
|    iterations           | 89          |
|    time_elapsed         | 2735        |
|    total_timesteps      | 182272      |
| train/                  |             |
|    approx_kl            | 0.021067549 |
|    clip_fraction        | 0.265       |
|    clip_range           | 0.2         |
|    entropy_loss         | -5.95       |
|    explained_variance   | 0.812       |
|    learning_rate        | 0.0003      |
|    loss                 | -0.0233     |
|    n_updates            | 880         |
|    policy_gradient_loss | -0.0207     |
|    std                  | 0.568       |
|    value_loss           | 0.000916    |
-----------------------------------------
-----------------------------------------
| rollout/                |             |
|    ep_len_mean          | 197         |
|    ep_rew_mean          | -83.5       |
| time/                   |             |
|    fps                  | 66          |
|    iterations           | 90          |
|    time_elapsed         | 2767        |
|    total_timesteps      | 184320      |
| train/                  |             |
|    approx_kl            | 0.019151993 |
|    clip_fraction        | 0.228       |
|    clip_range           | 0.2         |
|    entropy_loss         | -5.92       |
|    explained_variance   | 0.602       |
|    learning_rate        | 0.0003      |
|    loss                 | 0.0076      |
|    n_updates            | 890         |
|    policy_gradient_loss | -0.0146     |
|    std                  | 0.567       |
|    value_loss           | 0.00247     |
-----------------------------------------
-----------------------------------------
| rollout/                |             |
|    ep_len_mean          | 197         |
|    ep_rew_mean          | -83.6       |
| time/                   |             |
|    fps                  | 66          |
|    iterations           | 91          |
|    time_elapsed         | 2800        |
|    total_timesteps      | 186368      |
| train/                  |             |
|    approx_kl            | 0.017367376 |
|    clip_fraction        | 0.207       |
|    clip_range           | 0.2         |
|    entropy_loss         | -5.9        |
|    explained_variance   | 0.439       |
|    learning_rate        | 0.0003      |
|    loss                 | -0.0484     |
|    n_updates            | 900         |
|    policy_gradient_loss | -0.0212     |
|    std                  | 0.562       |
|    value_loss           | 0.000668    |
-----------------------------------------
-----------------------------------------
| rollout/                |             |
|    ep_len_mean          | 197         |
|    ep_rew_mean          | -83.7       |
| time/                   |             |
|    fps                  | 66          |
|    iterations           | 92          |
|    time_elapsed         | 2832        |
|    total_timesteps      | 188416      |
| train/                  |             |
|    approx_kl            | 0.017086482 |
|    clip_fraction        | 0.219       |
|    clip_range           | 0.2         |
|    entropy_loss         | -5.84       |
|    explained_variance   | 0.697       |
|    learning_rate        | 0.0003      |
|    loss                 | -0.022      |
|    n_updates            | 910         |
|    policy_gradient_loss | -0.0175     |
|    std                  | 0.559       |
|    value_loss           | 0.000735    |
-----------------------------------------
-----------------------------------------
| rollout/                |             |
|    ep_len_mean          | 197         |
|    ep_rew_mean          | -84.3       |
| time/                   |             |
|    fps                  | 66          |
|    iterations           | 93          |
|    time_elapsed         | 2865        |
|    total_timesteps      | 190464      |
| train/                  |             |
|    approx_kl            | 0.017714862 |
|    clip_fraction        | 0.225       |
|    clip_range           | 0.2         |
|    entropy_loss         | -5.82       |
|    explained_variance   | 0.682       |
|    learning_rate        | 0.0003      |
|    loss                 | -0.0044     |
|    n_updates            | 920         |
|    policy_gradient_loss | -0.0233     |
|    std                  | 0.559       |
|    value_loss           | 0.000416    |
-----------------------------------------
-----------------------------------------
| rollout/                |             |
|    ep_len_mean          | 197         |
|    ep_rew_mean          | -82.7       |
| time/                   |             |
|    fps                  | 66          |
|    iterations           | 94          |
|    time_elapsed         | 2898        |
|    total_timesteps      | 192512      |
| train/                  |             |
|    approx_kl            | 0.018430822 |
|    clip_fraction        | 0.246       |
|    clip_range           | 0.2         |
|    entropy_loss         | -5.78       |
|    explained_variance   | 0.595       |
|    learning_rate        | 0.0003      |
|    loss                 | -0.00499    |
|    n_updates            | 930         |
|    policy_gradient_loss | -0.0166     |
|    std                  | 0.554       |
|    value_loss           | 0.00277     |
-----------------------------------------
----------------------------------------
| rollout/                |            |
|    ep_len_mean          | 193        |
|    ep_rew_mean          | -80.9      |
| time/                   |            |
|    fps                  | 66         |
|    iterations           | 95         |
|    time_elapsed         | 2931       |
|    total_timesteps      | 194560     |
| train/                  |            |
|    approx_kl            | 0.02327983 |
|    clip_fraction        | 0.28       |
|    clip_range           | 0.2        |
|    entropy_loss         | -5.75      |
|    explained_variance   | 0.243      |
|    learning_rate        | 0.0003     |
|    loss                 | -0.0381    |
|    n_updates            | 940        |
|    policy_gradient_loss | -0.0186    |
|    std                  | 0.553      |
|    value_loss           | 0.00438    |
----------------------------------------
-----------------------------------------
| rollout/                |             |
|    ep_len_mean          | 191         |
|    ep_rew_mean          | -77.3       |
| time/                   |             |
|    fps                  | 66          |
|    iterations           | 96          |
|    time_elapsed         | 2964        |
|    total_timesteps      | 196608      |
| train/                  |             |
|    approx_kl            | 0.027669009 |
|    clip_fraction        | 0.272       |
|    clip_range           | 0.2         |
|    entropy_loss         | -5.71       |
|    explained_variance   | 0.693       |
|    learning_rate        | 0.0003      |
|    loss                 | 0.0147      |
|    n_updates            | 950         |
|    policy_gradient_loss | -0.0189     |
|    std                  | 0.548       |
|    value_loss           | 0.00598     |
-----------------------------------------
-----------------------------------------
| rollout/                |             |
|    ep_len_mean          | 188         |
|    ep_rew_mean          | -75.4       |
| time/                   |             |
|    fps                  | 66          |
|    iterations           | 97          |
|    time_elapsed         | 2997        |
|    total_timesteps      | 198656      |
| train/                  |             |
|    approx_kl            | 0.025676483 |
|    clip_fraction        | 0.257       |
|    clip_range           | 0.2         |
|    entropy_loss         | -5.64       |
|    explained_variance   | 0.352       |
|    learning_rate        | 0.0003      |
|    loss                 | -0.0146     |
|    n_updates            | 960         |
|    policy_gradient_loss | -0.0189     |
|    std                  | 0.542       |
|    value_loss           | 0.00482     |
-----------------------------------------
-----------------------------------------
| rollout/                |             |
|    ep_len_mean          | 186         |
|    ep_rew_mean          | -73         |
| time/                   |             |
|    fps                  | 66          |
|    iterations           | 98          |
|    time_elapsed         | 3030        |
|    total_timesteps      | 200704      |
| train/                  |             |
|    approx_kl            | 0.021777425 |
|    clip_fraction        | 0.255       |
|    clip_range           | 0.2         |
|    entropy_loss         | -5.59       |
|    explained_variance   | 0.59        |
|    learning_rate        | 0.0003      |
|    loss                 | -0.0128     |
|    n_updates            | 970         |
|    policy_gradient_loss | -0.0206     |
|    std                  | 0.54        |
|    value_loss           | 0.00429     |
-----------------------------------------
-----------------------------------------
| rollout/                |             |
|    ep_len_mean          | 179         |
|    ep_rew_mean          | -69.3       |
| time/                   |             |
|    fps                  | 66          |
|    iterations           | 99          |
|    time_elapsed         | 3063        |
|    total_timesteps      | 202752      |
| train/                  |             |
|    approx_kl            | 0.025429387 |
|    clip_fraction        | 0.276       |
|    clip_range           | 0.2         |
|    entropy_loss         | -5.53       |
|    explained_variance   | 0.634       |
|    learning_rate        | 0.0003      |
|    loss                 | -0.0313     |
|    n_updates            | 980         |
|    policy_gradient_loss | -0.0196     |
|    std                  | 0.534       |
|    value_loss           | 0.00446     |
-----------------------------------------
-----------------------------------------
| rollout/                |             |
|    ep_len_mean          | 176         |
|    ep_rew_mean          | -67.8       |
| time/                   |             |
|    fps                  | 66          |
|    iterations           | 100         |
|    time_elapsed         | 3096        |
|    total_timesteps      | 204800      |
| train/                  |             |
|    approx_kl            | 0.022316892 |
|    clip_fraction        | 0.253       |
|    clip_range           | 0.2         |
|    entropy_loss         | -5.45       |
|    explained_variance   | 0.54        |
|    learning_rate        | 0.0003      |
|    loss                 | -0.0403     |
|    n_updates            | 990         |
|    policy_gradient_loss | -0.0214     |
|    std                  | 0.529       |
|    value_loss           | 0.00695     |
-----------------------------------------
-----------------------------------------
| rollout/                |             |
|    ep_len_mean          | 175         |
|    ep_rew_mean          | -67.3       |
| time/                   |             |
|    fps                  | 66          |
|    iterations           | 101         |
|    time_elapsed         | 3129        |
|    total_timesteps      | 206848      |
| train/                  |             |
|    approx_kl            | 0.016747534 |
|    clip_fraction        | 0.239       |
|    clip_range           | 0.2         |
|    entropy_loss         | -5.39       |
|    explained_variance   | 0.702       |
|    learning_rate        | 0.0003      |
|    loss                 | -0.0133     |
|    n_updates            | 1000        |
|    policy_gradient_loss | -0.0205     |
|    std                  | 0.525       |
|    value_loss           | 0.00557     |
-----------------------------------------
---------------------------------------
| rollout/                |           |
|    ep_len_mean          | 171       |
|    ep_rew_mean          | -65.5     |
| time/                   |           |
|    fps                  | 66        |
|    iterations           | 102       |
|    time_elapsed         | 3162      |
|    total_timesteps      | 208896    |
| train/                  |           |
|    approx_kl            | 0.0240505 |
|    clip_fraction        | 0.257     |
|    clip_range           | 0.2       |
|    entropy_loss         | -5.35     |
|    explained_variance   | 0.796     |
|    learning_rate        | 0.0003    |
|    loss                 | -0.0283   |
|    n_updates            | 1010      |
|    policy_gradient_loss | -0.0263   |
|    std                  | 0.522     |
|    value_loss           | 0.0058    |
---------------------------------------
----------------------------------------
| rollout/                |            |
|    ep_len_mean          | 164        |
|    ep_rew_mean          | -62        |
| time/                   |            |
|    fps                  | 65         |
|    iterations           | 103        |
|    time_elapsed         | 3196       |
|    total_timesteps      | 210944     |
| train/                  |            |
|    approx_kl            | 0.02037684 |
|    clip_fraction        | 0.265      |
|    clip_range           | 0.2        |
|    entropy_loss         | -5.33      |
|    explained_variance   | 0.712      |
|    learning_rate        | 0.0003     |
|    loss                 | -0.0414    |
|    n_updates            | 1020       |
|    policy_gradient_loss | -0.0213    |
|    std                  | 0.523      |
|    value_loss           | 0.00552    |
----------------------------------------
-----------------------------------------
| rollout/                |             |
|    ep_len_mean          | 159         |
|    ep_rew_mean          | -62.3       |
| time/                   |             |
|    fps                  | 65          |
|    iterations           | 104         |
|    time_elapsed         | 3229        |
|    total_timesteps      | 212992      |
| train/                  |             |
|    approx_kl            | 0.020971425 |
|    clip_fraction        | 0.263       |
|    clip_range           | 0.2         |
|    entropy_loss         | -5.32       |
|    explained_variance   | 0.661       |
|    learning_rate        | 0.0003      |
|    loss                 | 0.00911     |
|    n_updates            | 1030        |
|    policy_gradient_loss | -0.0205     |
|    std                  | 0.52        |
|    value_loss           | 0.00769     |
-----------------------------------------
-----------------------------------------
| rollout/                |             |
|    ep_len_mean          | 146         |
|    ep_rew_mean          | -55.1       |
| time/                   |             |
|    fps                  | 65          |
|    iterations           | 105         |
|    time_elapsed         | 3263        |
|    total_timesteps      | 215040      |
| train/                  |             |
|    approx_kl            | 0.021083884 |
|    clip_fraction        | 0.267       |
|    clip_range           | 0.2         |
|    entropy_loss         | -5.3        |
|    explained_variance   | 0.658       |
|    learning_rate        | 0.0003      |
|    loss                 | -0.00483    |
|    n_updates            | 1040        |
|    policy_gradient_loss | -0.0195     |
|    std                  | 0.521       |
|    value_loss           | 0.00985     |
-----------------------------------------
-----------------------------------------
| rollout/                |             |
|    ep_len_mean          | 142         |
|    ep_rew_mean          | -53.3       |
| time/                   |             |
|    fps                  | 65          |
|    iterations           | 106         |
|    time_elapsed         | 3296        |
|    total_timesteps      | 217088      |
| train/                  |             |
|    approx_kl            | 0.023117758 |
|    clip_fraction        | 0.281       |
|    clip_range           | 0.2         |
|    entropy_loss         | -5.28       |
|    explained_variance   | 0.772       |
|    learning_rate        | 0.0003      |
|    loss                 | -0.0239     |
|    n_updates            | 1050        |
|    policy_gradient_loss | -0.0279     |
|    std                  | 0.518       |
|    value_loss           | 0.0109      |
-----------------------------------------
-----------------------------------------
| rollout/                |             |
|    ep_len_mean          | 139         |
|    ep_rew_mean          | -50.8       |
| time/                   |             |
|    fps                  | 65          |
|    iterations           | 107         |
|    time_elapsed         | 3329        |
|    total_timesteps      | 219136      |
| train/                  |             |
|    approx_kl            | 0.022711178 |
|    clip_fraction        | 0.273       |
|    clip_range           | 0.2         |
|    entropy_loss         | -5.23       |
|    explained_variance   | 0.861       |
|    learning_rate        | 0.0003      |
|    loss                 | -0.0489     |
|    n_updates            | 1060        |
|    policy_gradient_loss | -0.0214     |
|    std                  | 0.515       |
|    value_loss           | 0.00588     |
-----------------------------------------
-----------------------------------------
| rollout/                |             |
|    ep_len_mean          | 138         |
|    ep_rew_mean          | -50.2       |
| time/                   |             |
|    fps                  | 65          |
|    iterations           | 108         |
|    time_elapsed         | 3363        |
|    total_timesteps      | 221184      |
| train/                  |             |
|    approx_kl            | 0.020202143 |
|    clip_fraction        | 0.244       |
|    clip_range           | 0.2         |
|    entropy_loss         | -5.17       |
|    explained_variance   | 0.804       |
|    learning_rate        | 0.0003      |
|    loss                 | -0.00573    |
|    n_updates            | 1070        |
|    policy_gradient_loss | -0.0186     |
|    std                  | 0.51        |
|    value_loss           | 0.00572     |
-----------------------------------------
-----------------------------------------
| rollout/                |             |
|    ep_len_mean          | 136         |
|    ep_rew_mean          | -49.4       |
| time/                   |             |
|    fps                  | 65          |
|    iterations           | 109         |
|    time_elapsed         | 3396        |
|    total_timesteps      | 223232      |
| train/                  |             |
|    approx_kl            | 0.029133907 |
|    clip_fraction        | 0.279       |
|    clip_range           | 0.2         |
|    entropy_loss         | -5.11       |
|    explained_variance   | 0.757       |
|    learning_rate        | 0.0003      |
|    loss                 | -0.0491     |
|    n_updates            | 1080        |
|    policy_gradient_loss | -0.0195     |
|    std                  | 0.506       |
|    value_loss           | 0.00513     |
-----------------------------------------
-----------------------------------------
| rollout/                |             |
|    ep_len_mean          | 135         |
|    ep_rew_mean          | -48         |
| time/                   |             |
|    fps                  | 65          |
|    iterations           | 110         |
|    time_elapsed         | 3430        |
|    total_timesteps      | 225280      |
| train/                  |             |
|    approx_kl            | 0.021287847 |
|    clip_fraction        | 0.241       |
|    clip_range           | 0.2         |
|    entropy_loss         | -5.08       |
|    explained_variance   | 0.806       |
|    learning_rate        | 0.0003      |
|    loss                 | -0.0243     |
|    n_updates            | 1090        |
|    policy_gradient_loss | -0.018      |
|    std                  | 0.504       |
|    value_loss           | 0.00567     |
-----------------------------------------
-----------------------------------------
| rollout/                |             |
|    ep_len_mean          | 131         |
|    ep_rew_mean          | -45.1       |
| time/                   |             |
|    fps                  | 65          |
|    iterations           | 111         |
|    time_elapsed         | 3463        |
|    total_timesteps      | 227328      |
| train/                  |             |
|    approx_kl            | 0.020918377 |
|    clip_fraction        | 0.261       |
|    clip_range           | 0.2         |
|    entropy_loss         | -5.04       |
|    explained_variance   | 0.671       |
|    learning_rate        | 0.0003      |
|    loss                 | -0.0139     |
|    n_updates            | 1100        |
|    policy_gradient_loss | -0.0221     |
|    std                  | 0.501       |
|    value_loss           | 0.00854     |
-----------------------------------------
-----------------------------------------
| rollout/                |             |
|    ep_len_mean          | 135         |
|    ep_rew_mean          | -47.3       |
| time/                   |             |
|    fps                  | 65          |
|    iterations           | 112         |
|    time_elapsed         | 3496        |
|    total_timesteps      | 229376      |
| train/                  |             |
|    approx_kl            | 0.020429788 |
|    clip_fraction        | 0.246       |
|    clip_range           | 0.2         |
|    entropy_loss         | -5          |
|    explained_variance   | 0.711       |
|    learning_rate        | 0.0003      |
|    loss                 | -0.0615     |
|    n_updates            | 1110        |
|    policy_gradient_loss | -0.0204     |
|    std                  | 0.499       |
|    value_loss           | 0.00792     |
-----------------------------------------
-----------------------------------------
| rollout/                |             |
|    ep_len_mean          | 135         |
|    ep_rew_mean          | -46.9       |
| time/                   |             |
|    fps                  | 65          |
|    iterations           | 113         |
|    time_elapsed         | 3530        |
|    total_timesteps      | 231424      |
| train/                  |             |
|    approx_kl            | 0.025092924 |
|    clip_fraction        | 0.272       |
|    clip_range           | 0.2         |
|    entropy_loss         | -4.96       |
|    explained_variance   | 0.758       |
|    learning_rate        | 0.0003      |
|    loss                 | -0.0326     |
|    n_updates            | 1120        |
|    policy_gradient_loss | -0.024      |
|    std                  | 0.495       |
|    value_loss           | 0.00859     |
-----------------------------------------
-----------------------------------------
| rollout/                |             |
|    ep_len_mean          | 132         |
|    ep_rew_mean          | -44.5       |
| time/                   |             |
|    fps                  | 65          |
|    iterations           | 114         |
|    time_elapsed         | 3563        |
|    total_timesteps      | 233472      |
| train/                  |             |
|    approx_kl            | 0.019650262 |
|    clip_fraction        | 0.249       |
|    clip_range           | 0.2         |
|    entropy_loss         | -4.94       |
|    explained_variance   | 0.696       |
|    learning_rate        | 0.0003      |
|    loss                 | -0.0381     |
|    n_updates            | 1130        |
|    policy_gradient_loss | -0.023      |
|    std                  | 0.496       |
|    value_loss           | 0.00784     |
-----------------------------------------
-----------------------------------------
| rollout/                |             |
|    ep_len_mean          | 132         |
|    ep_rew_mean          | -44.5       |
| time/                   |             |
|    fps                  | 65          |
|    iterations           | 115         |
|    time_elapsed         | 3596        |
|    total_timesteps      | 235520      |
| train/                  |             |
|    approx_kl            | 0.027233656 |
|    clip_fraction        | 0.275       |
|    clip_range           | 0.2         |
|    entropy_loss         | -4.94       |
|    explained_variance   | 0.856       |
|    learning_rate        | 0.0003      |
|    loss                 | -0.0512     |
|    n_updates            | 1140        |
|    policy_gradient_loss | -0.0256     |
|    std                  | 0.496       |
|    value_loss           | 0.00566     |
-----------------------------------------
-----------------------------------------
| rollout/                |             |
|    ep_len_mean          | 135         |
|    ep_rew_mean          | -45.7       |
| time/                   |             |
|    fps                  | 65          |
|    iterations           | 116         |
|    time_elapsed         | 3629        |
|    total_timesteps      | 237568      |
| train/                  |             |
|    approx_kl            | 0.018956084 |
|    clip_fraction        | 0.262       |
|    clip_range           | 0.2         |
|    entropy_loss         | -4.92       |
|    explained_variance   | 0.792       |
|    learning_rate        | 0.0003      |
|    loss                 | -0.0572     |
|    n_updates            | 1150        |
|    policy_gradient_loss | -0.0222     |
|    std                  | 0.494       |
|    value_loss           | 0.0054      |
-----------------------------------------
-----------------------------------------
| rollout/                |             |
|    ep_len_mean          | 127         |
|    ep_rew_mean          | -43.5       |
| time/                   |             |
|    fps                  | 65          |
|    iterations           | 117         |
|    time_elapsed         | 3663        |
|    total_timesteps      | 239616      |
| train/                  |             |
|    approx_kl            | 0.020324117 |
|    clip_fraction        | 0.238       |
|    clip_range           | 0.2         |
|    entropy_loss         | -4.88       |
|    explained_variance   | 0.789       |
|    learning_rate        | 0.0003      |
|    loss                 | 0.0272      |
|    n_updates            | 1160        |
|    policy_gradient_loss | -0.0206     |
|    std                  | 0.491       |
|    value_loss           | 0.00579     |
-----------------------------------------
-----------------------------------------
| rollout/                |             |
|    ep_len_mean          | 133         |
|    ep_rew_mean          | -46.9       |
| time/                   |             |
|    fps                  | 65          |
|    iterations           | 118         |
|    time_elapsed         | 3696        |
|    total_timesteps      | 241664      |
| train/                  |             |
|    approx_kl            | 0.023367897 |
|    clip_fraction        | 0.279       |
|    clip_range           | 0.2         |
|    entropy_loss         | -4.82       |
|    explained_variance   | 0.815       |
|    learning_rate        | 0.0003      |
|    loss                 | -0.023      |
|    n_updates            | 1170        |
|    policy_gradient_loss | -0.0256     |
|    std                  | 0.487       |
|    value_loss           | 0.0125      |
-----------------------------------------
----------------------------------------
| rollout/                |            |
|    ep_len_mean          | 131        |
|    ep_rew_mean          | -45.3      |
| time/                   |            |
|    fps                  | 65         |
|    iterations           | 119        |
|    time_elapsed         | 3730       |
|    total_timesteps      | 243712     |
| train/                  |            |
|    approx_kl            | 0.02099156 |
|    clip_fraction        | 0.26       |
|    clip_range           | 0.2        |
|    entropy_loss         | -4.8       |
|    explained_variance   | 0.857      |
|    learning_rate        | 0.0003     |
|    loss                 | -0.0476    |
|    n_updates            | 1180       |
|    policy_gradient_loss | -0.0204    |
|    std                  | 0.487      |
|    value_loss           | 0.00565    |
----------------------------------------
-----------------------------------------
| rollout/                |             |
|    ep_len_mean          | 124         |
|    ep_rew_mean          | -42.3       |
| time/                   |             |
|    fps                  | 65          |
|    iterations           | 120         |
|    time_elapsed         | 3763        |
|    total_timesteps      | 245760      |
| train/                  |             |
|    approx_kl            | 0.019797776 |
|    clip_fraction        | 0.244       |
|    clip_range           | 0.2         |
|    entropy_loss         | -4.77       |
|    explained_variance   | 0.715       |
|    learning_rate        | 0.0003      |
|    loss                 | -0.0515     |
|    n_updates            | 1190        |
|    policy_gradient_loss | -0.0188     |
|    std                  | 0.483       |
|    value_loss           | 0.00803     |
-----------------------------------------
-----------------------------------------
| rollout/                |             |
|    ep_len_mean          | 114         |
|    ep_rew_mean          | -36.6       |
| time/                   |             |
|    fps                  | 65          |
|    iterations           | 121         |
|    time_elapsed         | 3797        |
|    total_timesteps      | 247808      |
| train/                  |             |
|    approx_kl            | 0.019624062 |
|    clip_fraction        | 0.258       |
|    clip_range           | 0.2         |
|    entropy_loss         | -4.71       |
|    explained_variance   | 0.848       |
|    learning_rate        | 0.0003      |
|    loss                 | -0.0057     |
|    n_updates            | 1200        |
|    policy_gradient_loss | -0.0199     |
|    std                  | 0.48        |
|    value_loss           | 0.00657     |
-----------------------------------------
-----------------------------------------
| rollout/                |             |
|    ep_len_mean          | 118         |
|    ep_rew_mean          | -37.3       |
| time/                   |             |
|    fps                  | 65          |
|    iterations           | 122         |
|    time_elapsed         | 3830        |
|    total_timesteps      | 249856      |
| train/                  |             |
|    approx_kl            | 0.023251917 |
|    clip_fraction        | 0.242       |
|    clip_range           | 0.2         |
|    entropy_loss         | -4.67       |
|    explained_variance   | 0.551       |
|    learning_rate        | 0.0003      |
|    loss                 | -0.00317    |
|    n_updates            | 1210        |
|    policy_gradient_loss | -0.0203     |
|    std                  | 0.476       |
|    value_loss           | 0.00569     |
-----------------------------------------
-----------------------------------------
| rollout/                |             |
|    ep_len_mean          | 116         |
|    ep_rew_mean          | -35.2       |
| time/                   |             |
|    fps                  | 65          |
|    iterations           | 123         |
|    time_elapsed         | 3864        |
|    total_timesteps      | 251904      |
| train/                  |             |
|    approx_kl            | 0.021691207 |
|    clip_fraction        | 0.252       |
|    clip_range           | 0.2         |
|    entropy_loss         | -4.63       |
|    explained_variance   | 0.864       |
|    learning_rate        | 0.0003      |
|    loss                 | -0.051      |
|    n_updates            | 1220        |
|    policy_gradient_loss | -0.0231     |
|    std                  | 0.474       |
|    value_loss           | 0.00545     |
-----------------------------------------
-----------------------------------------
| rollout/                |             |
|    ep_len_mean          | 111         |
|    ep_rew_mean          | -32.3       |
| time/                   |             |
|    fps                  | 65          |
|    iterations           | 124         |
|    time_elapsed         | 3897        |
|    total_timesteps      | 253952      |
| train/                  |             |
|    approx_kl            | 0.021546476 |
|    clip_fraction        | 0.247       |
|    clip_range           | 0.2         |
|    entropy_loss         | -4.6        |
|    explained_variance   | 0.621       |
|    learning_rate        | 0.0003      |
|    loss                 | -0.0451     |
|    n_updates            | 1230        |
|    policy_gradient_loss | -0.0168     |
|    std                  | 0.473       |
|    value_loss           | 0.00506     |
-----------------------------------------
-----------------------------------------
| rollout/                |             |
|    ep_len_mean          | 105         |
|    ep_rew_mean          | -29.2       |
| time/                   |             |
|    fps                  | 65          |
|    iterations           | 125         |
|    time_elapsed         | 3931        |
|    total_timesteps      | 256000      |
| train/                  |             |
|    approx_kl            | 0.021775546 |
|    clip_fraction        | 0.25        |
|    clip_range           | 0.2         |
|    entropy_loss         | -4.56       |
|    explained_variance   | 0.836       |
|    learning_rate        | 0.0003      |
|    loss                 | -0.0171     |
|    n_updates            | 1240        |
|    policy_gradient_loss | -0.0205     |
|    std                  | 0.47        |
|    value_loss           | 0.00633     |
-----------------------------------------
-----------------------------------------
| rollout/                |             |
|    ep_len_mean          | 107         |
|    ep_rew_mean          | -29.9       |
| time/                   |             |
|    fps                  | 65          |
|    iterations           | 126         |
|    time_elapsed         | 3965        |
|    total_timesteps      | 258048      |
| train/                  |             |
|    approx_kl            | 0.025589194 |
|    clip_fraction        | 0.272       |
|    clip_range           | 0.2         |
|    entropy_loss         | -4.52       |
|    explained_variance   | 0.659       |
|    learning_rate        | 0.0003      |
|    loss                 | -0.0217     |
|    n_updates            | 1250        |
|    policy_gradient_loss | -0.0224     |
|    std                  | 0.467       |
|    value_loss           | 0.00625     |
-----------------------------------------
-----------------------------------------
| rollout/                |             |
|    ep_len_mean          | 105         |
|    ep_rew_mean          | -29.8       |
| time/                   |             |
|    fps                  | 65          |
|    iterations           | 127         |
|    time_elapsed         | 3998        |
|    total_timesteps      | 260096      |
| train/                  |             |
|    approx_kl            | 0.021354761 |
|    clip_fraction        | 0.251       |
|    clip_range           | 0.2         |
|    entropy_loss         | -4.48       |
|    explained_variance   | 0.893       |
|    learning_rate        | 0.0003      |
|    loss                 | -0.0101     |
|    n_updates            | 1260        |
|    policy_gradient_loss | -0.0204     |
|    std                  | 0.465       |
|    value_loss           | 0.00405     |
-----------------------------------------
-----------------------------------------
| rollout/                |             |
|    ep_len_mean          | 110         |
|    ep_rew_mean          | -30.3       |
| time/                   |             |
|    fps                  | 65          |
|    iterations           | 128         |
|    time_elapsed         | 4031        |
|    total_timesteps      | 262144      |
| train/                  |             |
|    approx_kl            | 0.023591856 |
|    clip_fraction        | 0.275       |
|    clip_range           | 0.2         |
|    entropy_loss         | -4.47       |
|    explained_variance   | 0.849       |
|    learning_rate        | 0.0003      |
|    loss                 | -0.047      |
|    n_updates            | 1270        |
|    policy_gradient_loss | -0.0225     |
|    std                  | 0.465       |
|    value_loss           | 0.00453     |
-----------------------------------------
-----------------------------------------
| rollout/                |             |
|    ep_len_mean          | 105         |
|    ep_rew_mean          | -27.7       |
| time/                   |             |
|    fps                  | 64          |
|    iterations           | 129         |
|    time_elapsed         | 4065        |
|    total_timesteps      | 264192      |
| train/                  |             |
|    approx_kl            | 0.024995938 |
|    clip_fraction        | 0.328       |
|    clip_range           | 0.2         |
|    entropy_loss         | -4.42       |
|    explained_variance   | 0.859       |
|    learning_rate        | 0.0003      |
|    loss                 | -0.00365    |
|    n_updates            | 1280        |
|    policy_gradient_loss | -0.0193     |
|    std                  | 0.459       |
|    value_loss           | 0.00356     |
-----------------------------------------
-----------------------------------------
| rollout/                |             |
|    ep_len_mean          | 107         |
|    ep_rew_mean          | -27.9       |
| time/                   |             |
|    fps                  | 64          |
|    iterations           | 130         |
|    time_elapsed         | 4098        |
|    total_timesteps      | 266240      |
| train/                  |             |
|    approx_kl            | 0.020819865 |
|    clip_fraction        | 0.275       |
|    clip_range           | 0.2         |
|    entropy_loss         | -4.38       |
|    explained_variance   | 0.754       |
|    learning_rate        | 0.0003      |
|    loss                 | -0.0154     |
|    n_updates            | 1290        |
|    policy_gradient_loss | -0.0246     |
|    std                  | 0.459       |
|    value_loss           | 0.00626     |
-----------------------------------------
-----------------------------------------
| rollout/                |             |
|    ep_len_mean          | 107         |
|    ep_rew_mean          | -27.3       |
| time/                   |             |
|    fps                  | 64          |
|    iterations           | 131         |
|    time_elapsed         | 4132        |
|    total_timesteps      | 268288      |
| train/                  |             |
|    approx_kl            | 0.022813449 |
|    clip_fraction        | 0.26        |
|    clip_range           | 0.2         |
|    entropy_loss         | -4.36       |
|    explained_variance   | 0.653       |
|    learning_rate        | 0.0003      |
|    loss                 | -0.0517     |
|    n_updates            | 1300        |
|    policy_gradient_loss | -0.0168     |
|    std                  | 0.457       |
|    value_loss           | 0.00588     |
-----------------------------------------
----------------------------------------
| rollout/                |            |
|    ep_len_mean          | 95.8       |
|    ep_rew_mean          | -22.7      |
| time/                   |            |
|    fps                  | 64         |
|    iterations           | 132        |
|    time_elapsed         | 4166       |
|    total_timesteps      | 270336     |
| train/                  |            |
|    approx_kl            | 0.02242687 |
|    clip_fraction        | 0.279      |
|    clip_range           | 0.2        |
|    entropy_loss         | -4.33      |
|    explained_variance   | 0.794      |
|    learning_rate        | 0.0003     |
|    loss                 | -0.0467    |
|    n_updates            | 1310       |
|    policy_gradient_loss | -0.0193    |
|    std                  | 0.456      |
|    value_loss           | 0.00376    |
----------------------------------------
-----------------------------------------
| rollout/                |             |
|    ep_len_mean          | 85.4        |
|    ep_rew_mean          | -18.2       |
| time/                   |             |
|    fps                  | 64          |
|    iterations           | 133         |
|    time_elapsed         | 4200        |
|    total_timesteps      | 272384      |
| train/                  |             |
|    approx_kl            | 0.020429464 |
|    clip_fraction        | 0.246       |
|    clip_range           | 0.2         |
|    entropy_loss         | -4.3        |
|    explained_variance   | 0.72        |
|    learning_rate        | 0.0003      |
|    loss                 | -0.0183     |
|    n_updates            | 1320        |
|    policy_gradient_loss | -0.0189     |
|    std                  | 0.453       |
|    value_loss           | 0.00851     |
-----------------------------------------
-----------------------------------------
| rollout/                |             |
|    ep_len_mean          | 81.6        |
|    ep_rew_mean          | -16.9       |
| time/                   |             |
|    fps                  | 64          |
|    iterations           | 134         |
|    time_elapsed         | 4234        |
|    total_timesteps      | 274432      |
| train/                  |             |
|    approx_kl            | 0.023415439 |
|    clip_fraction        | 0.29        |
|    clip_range           | 0.2         |
|    entropy_loss         | -4.27       |
|    explained_variance   | 0.792       |
|    learning_rate        | 0.0003      |
|    loss                 | -0.0447     |
|    n_updates            | 1330        |
|    policy_gradient_loss | -0.0233     |
|    std                  | 0.452       |
|    value_loss           | 0.00666     |
-----------------------------------------
-----------------------------------------
| rollout/                |             |
|    ep_len_mean          | 76.8        |
|    ep_rew_mean          | -15.7       |
| time/                   |             |
|    fps                  | 64          |
|    iterations           | 135         |
|    time_elapsed         | 4268        |
|    total_timesteps      | 276480      |
| train/                  |             |
|    approx_kl            | 0.020920778 |
|    clip_fraction        | 0.275       |
|    clip_range           | 0.2         |
|    entropy_loss         | -4.25       |
|    explained_variance   | 0.749       |
|    learning_rate        | 0.0003      |
|    loss                 | -0.0425     |
|    n_updates            | 1340        |
|    policy_gradient_loss | -0.023      |
|    std                  | 0.45        |
|    value_loss           | 0.0049      |
-----------------------------------------
---------------------------------------
| rollout/                |           |
|    ep_len_mean          | 83.6      |
|    ep_rew_mean          | -17.5     |
| time/                   |           |
|    fps                  | 64        |
|    iterations           | 136       |
|    time_elapsed         | 4301      |
|    total_timesteps      | 278528    |
| train/                  |           |
|    approx_kl            | 0.0254552 |
|    clip_fraction        | 0.275     |
|    clip_range           | 0.2       |
|    entropy_loss         | -4.25     |
|    explained_variance   | 0.752     |
|    learning_rate        | 0.0003    |
|    loss                 | -0.0399   |
|    n_updates            | 1350      |
|    policy_gradient_loss | -0.0249   |
|    std                  | 0.451     |
|    value_loss           | 0.0057    |
---------------------------------------
-----------------------------------------
| rollout/                |             |
|    ep_len_mean          | 88.7        |
|    ep_rew_mean          | -19.7       |
| time/                   |             |
|    fps                  | 64          |
|    iterations           | 137         |
|    time_elapsed         | 4335        |
|    total_timesteps      | 280576      |
| train/                  |             |
|    approx_kl            | 0.025937146 |
|    clip_fraction        | 0.296       |
|    clip_range           | 0.2         |
|    entropy_loss         | -4.26       |
|    explained_variance   | 0.589       |
|    learning_rate        | 0.0003      |
|    loss                 | -0.0463     |
|    n_updates            | 1360        |
|    policy_gradient_loss | -0.0212     |
|    std                  | 0.451       |
|    value_loss           | 0.00504     |
-----------------------------------------
-----------------------------------------
| rollout/                |             |
|    ep_len_mean          | 98.3        |
|    ep_rew_mean          | -23         |
| time/                   |             |
|    fps                  | 64          |
|    iterations           | 138         |
|    time_elapsed         | 4368        |
|    total_timesteps      | 282624      |
| train/                  |             |
|    approx_kl            | 0.022412118 |
|    clip_fraction        | 0.272       |
|    clip_range           | 0.2         |
|    entropy_loss         | -4.25       |
|    explained_variance   | 0.801       |
|    learning_rate        | 0.0003      |
|    loss                 | 0.0203      |
|    n_updates            | 1370        |
|    policy_gradient_loss | -0.0205     |
|    std                  | 0.451       |
|    value_loss           | 0.00473     |
-----------------------------------------
-----------------------------------------
| rollout/                |             |
|    ep_len_mean          | 104         |
|    ep_rew_mean          | -25.1       |
| time/                   |             |
|    fps                  | 64          |
|    iterations           | 139         |
|    time_elapsed         | 4402        |
|    total_timesteps      | 284672      |
| train/                  |             |
|    approx_kl            | 0.026411016 |
|    clip_fraction        | 0.276       |
|    clip_range           | 0.2         |
|    entropy_loss         | -4.22       |
|    explained_variance   | 0.812       |
|    learning_rate        | 0.0003      |
|    loss                 | 0.00378     |
|    n_updates            | 1380        |
|    policy_gradient_loss | -0.019      |
|    std                  | 0.448       |
|    value_loss           | 0.00415     |
-----------------------------------------
-----------------------------------------
| rollout/                |             |
|    ep_len_mean          | 114         |
|    ep_rew_mean          | -27.9       |
| time/                   |             |
|    fps                  | 64          |
|    iterations           | 140         |
|    time_elapsed         | 4435        |
|    total_timesteps      | 286720      |
| train/                  |             |
|    approx_kl            | 0.023390714 |
|    clip_fraction        | 0.284       |
|    clip_range           | 0.2         |
|    entropy_loss         | -4.18       |
|    explained_variance   | 0.751       |
|    learning_rate        | 0.0003      |
|    loss                 | -0.0302     |
|    n_updates            | 1390        |
|    policy_gradient_loss | -0.0235     |
|    std                  | 0.446       |
|    value_loss           | 0.00409     |
-----------------------------------------
-----------------------------------------
| rollout/                |             |
|    ep_len_mean          | 108         |
|    ep_rew_mean          | -27.5       |
| time/                   |             |
|    fps                  | 64          |
|    iterations           | 141         |
|    time_elapsed         | 4469        |
|    total_timesteps      | 288768      |
| train/                  |             |
|    approx_kl            | 0.020993091 |
|    clip_fraction        | 0.258       |
|    clip_range           | 0.2         |
|    entropy_loss         | -4.18       |
|    explained_variance   | 0.71        |
|    learning_rate        | 0.0003      |
|    loss                 | -0.0345     |
|    n_updates            | 1400        |
|    policy_gradient_loss | -0.0228     |
|    std                  | 0.447       |
|    value_loss           | 0.00338     |
-----------------------------------------
-----------------------------------------
| rollout/                |             |
|    ep_len_mean          | 102         |
|    ep_rew_mean          | -24.4       |
| time/                   |             |
|    fps                  | 64          |
|    iterations           | 142         |
|    time_elapsed         | 4503        |
|    total_timesteps      | 290816      |
| train/                  |             |
|    approx_kl            | 0.021036495 |
|    clip_fraction        | 0.278       |
|    clip_range           | 0.2         |
|    entropy_loss         | -4.18       |
|    explained_variance   | 0.841       |
|    learning_rate        | 0.0003      |
|    loss                 | -0.0403     |
|    n_updates            | 1410        |
|    policy_gradient_loss | -0.0189     |
|    std                  | 0.446       |
|    value_loss           | 0.0079      |
-----------------------------------------
-----------------------------------------
| rollout/                |             |
|    ep_len_mean          | 86.3        |
|    ep_rew_mean          | -20.9       |
| time/                   |             |
|    fps                  | 64          |
|    iterations           | 143         |
|    time_elapsed         | 4537        |
|    total_timesteps      | 292864      |
| train/                  |             |
|    approx_kl            | 0.019481763 |
|    clip_fraction        | 0.269       |
|    clip_range           | 0.2         |
|    entropy_loss         | -4.16       |
|    explained_variance   | 0.695       |
|    learning_rate        | 0.0003      |
|    loss                 | -0.0388     |
|    n_updates            | 1420        |
|    policy_gradient_loss | -0.0232     |
|    std                  | 0.446       |
|    value_loss           | 0.00607     |
-----------------------------------------
-----------------------------------------
| rollout/                |             |
|    ep_len_mean          | 81.1        |
|    ep_rew_mean          | -19.6       |
| time/                   |             |
|    fps                  | 64          |
|    iterations           | 144         |
|    time_elapsed         | 4571        |
|    total_timesteps      | 294912      |
| train/                  |             |
|    approx_kl            | 0.021282181 |
|    clip_fraction        | 0.244       |
|    clip_range           | 0.2         |
|    entropy_loss         | -4.19       |
|    explained_variance   | 0.905       |
|    learning_rate        | 0.0003      |
|    loss                 | -0.0303     |
|    n_updates            | 1430        |
|    policy_gradient_loss | -0.0231     |
|    std                  | 0.448       |
|    value_loss           | 0.00857     |
-----------------------------------------
-----------------------------------------
| rollout/                |             |
|    ep_len_mean          | 83.3        |
|    ep_rew_mean          | -18.4       |
| time/                   |             |
|    fps                  | 64          |
|    iterations           | 145         |
|    time_elapsed         | 4604        |
|    total_timesteps      | 296960      |
| train/                  |             |
|    approx_kl            | 0.026773162 |
|    clip_fraction        | 0.263       |
|    clip_range           | 0.2         |
|    entropy_loss         | -4.21       |
|    explained_variance   | 0.802       |
|    learning_rate        | 0.0003      |
|    loss                 | -0.0275     |
|    n_updates            | 1440        |
|    policy_gradient_loss | -0.0229     |
|    std                  | 0.449       |
|    value_loss           | 0.00369     |
-----------------------------------------
----------------------------------------
| rollout/                |            |
|    ep_len_mean          | 79.2       |
|    ep_rew_mean          | -16.7      |
| time/                   |            |
|    fps                  | 64         |
|    iterations           | 146        |
|    time_elapsed         | 4639       |
|    total_timesteps      | 299008     |
| train/                  |            |
|    approx_kl            | 0.03298387 |
|    clip_fraction        | 0.303      |
|    clip_range           | 0.2        |
|    entropy_loss         | -4.2       |
|    explained_variance   | 0.853      |
|    learning_rate        | 0.0003     |
|    loss                 | 0.000104   |
|    n_updates            | 1450       |
|    policy_gradient_loss | -0.023     |
|    std                  | 0.446      |
|    value_loss           | 0.00423    |
----------------------------------------
-----------------------------------------
| rollout/                |             |
|    ep_len_mean          | 84.9        |
|    ep_rew_mean          | -18.2       |
| time/                   |             |
|    fps                  | 64          |
|    iterations           | 147         |
|    time_elapsed         | 4673        |
|    total_timesteps      | 301056      |
| train/                  |             |
|    approx_kl            | 0.020538937 |
|    clip_fraction        | 0.245       |
|    clip_range           | 0.2         |
|    entropy_loss         | -4.19       |
|    explained_variance   | 0.789       |
|    learning_rate        | 0.0003      |
|    loss                 | -0.0474     |
|    n_updates            | 1460        |
|    policy_gradient_loss | -0.019      |
|    std                  | 0.448       |
|    value_loss           | 0.00662     |
-----------------------------------------
-----------------------------------------
| rollout/                |             |
|    ep_len_mean          | 83.4        |
|    ep_rew_mean          | -16.7       |
| time/                   |             |
|    fps                  | 64          |
|    iterations           | 148         |
|    time_elapsed         | 4706        |
|    total_timesteps      | 303104      |
| train/                  |             |
|    approx_kl            | 0.024819935 |
|    clip_fraction        | 0.281       |
|    clip_range           | 0.2         |
|    entropy_loss         | -4.18       |
|    explained_variance   | 0.857       |
|    learning_rate        | 0.0003      |
|    loss                 | -0.0349     |
|    n_updates            | 1470        |
|    policy_gradient_loss | -0.0257     |
|    std                  | 0.446       |
|    value_loss           | 0.00528     |
-----------------------------------------
-----------------------------------------
| rollout/                |             |
|    ep_len_mean          | 75.5        |
|    ep_rew_mean          | -12.8       |
| time/                   |             |
|    fps                  | 64          |
|    iterations           | 149         |
|    time_elapsed         | 4740        |
|    total_timesteps      | 305152      |
| train/                  |             |
|    approx_kl            | 0.020938627 |
|    clip_fraction        | 0.257       |
|    clip_range           | 0.2         |
|    entropy_loss         | -4.14       |
|    explained_variance   | 0.763       |
|    learning_rate        | 0.0003      |
|    loss                 | -0.0554     |
|    n_updates            | 1480        |
|    policy_gradient_loss | -0.0236     |
|    std                  | 0.444       |
|    value_loss           | 0.00349     |
-----------------------------------------
-----------------------------------------
| rollout/                |             |
|    ep_len_mean          | 75.2        |
|    ep_rew_mean          | -12.9       |
| time/                   |             |
|    fps                  | 64          |
|    iterations           | 150         |
|    time_elapsed         | 4775        |
|    total_timesteps      | 307200      |
| train/                  |             |
|    approx_kl            | 0.018546458 |
|    clip_fraction        | 0.223       |
|    clip_range           | 0.2         |
|    entropy_loss         | -4.05       |
|    explained_variance   | 0.639       |
|    learning_rate        | 0.0003      |
|    loss                 | -0.0272     |
|    n_updates            | 1490        |
|    policy_gradient_loss | -0.0215     |
|    std                  | 0.436       |
|    value_loss           | 0.00266     |
-----------------------------------------
-----------------------------------------
| rollout/                |             |
|    ep_len_mean          | 85.5        |
|    ep_rew_mean          | -17.3       |
| time/                   |             |
|    fps                  | 64          |
|    iterations           | 151         |
|    time_elapsed         | 4808        |
|    total_timesteps      | 309248      |
| train/                  |             |
|    approx_kl            | 0.021503396 |
|    clip_fraction        | 0.289       |
|    clip_range           | 0.2         |
|    entropy_loss         | -3.97       |
|    explained_variance   | 0.738       |
|    learning_rate        | 0.0003      |
|    loss                 | -0.0384     |
|    n_updates            | 1500        |
|    policy_gradient_loss | -0.0223     |
|    std                  | 0.433       |
|    value_loss           | 0.00421     |
-----------------------------------------
-----------------------------------------
| rollout/                |             |
|    ep_len_mean          | 89.7        |
|    ep_rew_mean          | -19.1       |
| time/                   |             |
|    fps                  | 64          |
|    iterations           | 152         |
|    time_elapsed         | 4842        |
|    total_timesteps      | 311296      |
| train/                  |             |
|    approx_kl            | 0.018554956 |
|    clip_fraction        | 0.251       |
|    clip_range           | 0.2         |
|    entropy_loss         | -3.95       |
|    explained_variance   | 0.738       |
|    learning_rate        | 0.0003      |
|    loss                 | -0.0277     |
|    n_updates            | 1510        |
|    policy_gradient_loss | -0.0168     |
|    std                  | 0.432       |
|    value_loss           | 0.00214     |
-----------------------------------------
-----------------------------------------
| rollout/                |             |
|    ep_len_mean          | 91.4        |
|    ep_rew_mean          | -21.3       |
| time/                   |             |
|    fps                  | 64          |
|    iterations           | 153         |
|    time_elapsed         | 4875        |
|    total_timesteps      | 313344      |
| train/                  |             |
|    approx_kl            | 0.025349893 |
|    clip_fraction        | 0.277       |
|    clip_range           | 0.2         |
|    entropy_loss         | -3.94       |
|    explained_variance   | 0.802       |
|    learning_rate        | 0.0003      |
|    loss                 | -0.0185     |
|    n_updates            | 1520        |
|    policy_gradient_loss | -0.0217     |
|    std                  | 0.432       |
|    value_loss           | 0.00345     |
-----------------------------------------
-----------------------------------------
| rollout/                |             |
|    ep_len_mean          | 92.2        |
|    ep_rew_mean          | -22         |
| time/                   |             |
|    fps                  | 64          |
|    iterations           | 154         |
|    time_elapsed         | 4909        |
|    total_timesteps      | 315392      |
| train/                  |             |
|    approx_kl            | 0.027207766 |
|    clip_fraction        | 0.281       |
|    clip_range           | 0.2         |
|    entropy_loss         | -3.9        |
|    explained_variance   | 0.622       |
|    learning_rate        | 0.0003      |
|    loss                 | -0.0348     |
|    n_updates            | 1530        |
|    policy_gradient_loss | -0.024      |
|    std                  | 0.427       |
|    value_loss           | 0.00363     |
-----------------------------------------
-----------------------------------------
| rollout/                |             |
|    ep_len_mean          | 85.6        |
|    ep_rew_mean          | -19.9       |
| time/                   |             |
|    fps                  | 64          |
|    iterations           | 155         |
|    time_elapsed         | 4943        |
|    total_timesteps      | 317440      |
| train/                  |             |
|    approx_kl            | 0.027689584 |
|    clip_fraction        | 0.283       |
|    clip_range           | 0.2         |
|    entropy_loss         | -3.85       |
|    explained_variance   | 0.657       |
|    learning_rate        | 0.0003      |
|    loss                 | -0.0191     |
|    n_updates            | 1540        |
|    policy_gradient_loss | -0.0256     |
|    std                  | 0.425       |
|    value_loss           | 0.00516     |
-----------------------------------------
-----------------------------------------
| rollout/                |             |
|    ep_len_mean          | 70.8        |
|    ep_rew_mean          | -13.6       |
| time/                   |             |
|    fps                  | 64          |
|    iterations           | 156         |
|    time_elapsed         | 4978        |
|    total_timesteps      | 319488      |
| train/                  |             |
|    approx_kl            | 0.021921352 |
|    clip_fraction        | 0.235       |
|    clip_range           | 0.2         |
|    entropy_loss         | -3.81       |
|    explained_variance   | 0.81        |
|    learning_rate        | 0.0003      |
|    loss                 | -0.0433     |
|    n_updates            | 1550        |
|    policy_gradient_loss | -0.0222     |
|    std                  | 0.422       |
|    value_loss           | 0.00481     |
-----------------------------------------
-----------------------------------------
| rollout/                |             |
|    ep_len_mean          | 61          |
|    ep_rew_mean          | -10.1       |
| time/                   |             |
|    fps                  | 64          |
|    iterations           | 157         |
|    time_elapsed         | 5013        |
|    total_timesteps      | 321536      |
| train/                  |             |
|    approx_kl            | 0.019781698 |
|    clip_fraction        | 0.24        |
|    clip_range           | 0.2         |
|    entropy_loss         | -3.77       |
|    explained_variance   | 0.683       |
|    learning_rate        | 0.0003      |
|    loss                 | -0.0559     |
|    n_updates            | 1560        |
|    policy_gradient_loss | -0.0241     |
|    std                  | 0.42        |
|    value_loss           | 0.00328     |
-----------------------------------------
-----------------------------------------
| rollout/                |             |
|    ep_len_mean          | 63          |
|    ep_rew_mean          | -9.25       |
| time/                   |             |
|    fps                  | 64          |
|    iterations           | 158         |
|    time_elapsed         | 5046        |
|    total_timesteps      | 323584      |
| train/                  |             |
|    approx_kl            | 0.023272187 |
|    clip_fraction        | 0.268       |
|    clip_range           | 0.2         |
|    entropy_loss         | -3.74       |
|    explained_variance   | 0.857       |
|    learning_rate        | 0.0003      |
|    loss                 | -0.0236     |
|    n_updates            | 1570        |
|    policy_gradient_loss | -0.0247     |
|    std                  | 0.419       |
|    value_loss           | 0.00429     |
-----------------------------------------
-----------------------------------------
| rollout/                |             |
|    ep_len_mean          | 70.4        |
|    ep_rew_mean          | -11.6       |
| time/                   |             |
|    fps                  | 64          |
|    iterations           | 159         |
|    time_elapsed         | 5080        |
|    total_timesteps      | 325632      |
| train/                  |             |
|    approx_kl            | 0.023269624 |
|    clip_fraction        | 0.272       |
|    clip_range           | 0.2         |
|    entropy_loss         | -3.72       |
|    explained_variance   | 0.791       |
|    learning_rate        | 0.0003      |
|    loss                 | -0.0486     |
|    n_updates            | 1580        |
|    policy_gradient_loss | -0.0256     |
|    std                  | 0.418       |
|    value_loss           | 0.00314     |
-----------------------------------------
-----------------------------------------
| rollout/                |             |
|    ep_len_mean          | 75.5        |
|    ep_rew_mean          | -13         |
| time/                   |             |
|    fps                  | 64          |
|    iterations           | 160         |
|    time_elapsed         | 5114        |
|    total_timesteps      | 327680      |
| train/                  |             |
|    approx_kl            | 0.023203924 |
|    clip_fraction        | 0.27        |
|    clip_range           | 0.2         |
|    entropy_loss         | -3.69       |
|    explained_variance   | 0.628       |
|    learning_rate        | 0.0003      |
|    loss                 | -0.0357     |
|    n_updates            | 1590        |
|    policy_gradient_loss | -0.0216     |
|    std                  | 0.416       |
|    value_loss           | 0.00317     |
-----------------------------------------
----------------------------------------
| rollout/                |            |
|    ep_len_mean          | 79.8       |
|    ep_rew_mean          | -14.2      |
| time/                   |            |
|    fps                  | 64         |
|    iterations           | 161        |
|    time_elapsed         | 5148       |
|    total_timesteps      | 329728     |
| train/                  |            |
|    approx_kl            | 0.02722701 |
|    clip_fraction        | 0.285      |
|    clip_range           | 0.2        |
|    entropy_loss         | -3.65      |
|    explained_variance   | 0.817      |
|    learning_rate        | 0.0003     |
|    loss                 | -0.0335    |
|    n_updates            | 1600       |
|    policy_gradient_loss | -0.0259    |
|    std                  | 0.414      |
|    value_loss           | 0.00261    |
----------------------------------------
-----------------------------------------
| rollout/                |             |
|    ep_len_mean          | 77.6        |
|    ep_rew_mean          | -13.4       |
| time/                   |             |
|    fps                  | 64          |
|    iterations           | 162         |
|    time_elapsed         | 5182        |
|    total_timesteps      | 331776      |
| train/                  |             |
|    approx_kl            | 0.024086554 |
|    clip_fraction        | 0.272       |
|    clip_range           | 0.2         |
|    entropy_loss         | -3.64       |
|    explained_variance   | 0.842       |
|    learning_rate        | 0.0003      |
|    loss                 | -0.0411     |
|    n_updates            | 1610        |
|    policy_gradient_loss | -0.0207     |
|    std                  | 0.414       |
|    value_loss           | 0.00414     |
-----------------------------------------
-----------------------------------------
| rollout/                |             |
|    ep_len_mean          | 72.3        |
|    ep_rew_mean          | -12.7       |
| time/                   |             |
|    fps                  | 63          |
|    iterations           | 163         |
|    time_elapsed         | 5217        |
|    total_timesteps      | 333824      |
| train/                  |             |
|    approx_kl            | 0.026738763 |
|    clip_fraction        | 0.276       |
|    clip_range           | 0.2         |
|    entropy_loss         | -3.61       |
|    explained_variance   | 0.834       |
|    learning_rate        | 0.0003      |
|    loss                 | -0.0249     |
|    n_updates            | 1620        |
|    policy_gradient_loss | -0.023      |
|    std                  | 0.411       |
|    value_loss           | 0.00269     |
-----------------------------------------
----------------------------------------
| rollout/                |            |
|    ep_len_mean          | 65.4       |
|    ep_rew_mean          | -9.77      |
| time/                   |            |
|    fps                  | 63         |
|    iterations           | 164        |
|    time_elapsed         | 5251       |
|    total_timesteps      | 335872     |
| train/                  |            |
|    approx_kl            | 0.02256003 |
|    clip_fraction        | 0.237      |
|    clip_range           | 0.2        |
|    entropy_loss         | -3.57      |
|    explained_variance   | 0.858      |
|    learning_rate        | 0.0003     |
|    loss                 | -0.0444    |
|    n_updates            | 1630       |
|    policy_gradient_loss | -0.0217    |
|    std                  | 0.409      |
|    value_loss           | 0.00647    |
----------------------------------------
-----------------------------------------
| rollout/                |             |
|    ep_len_mean          | 61.3        |
|    ep_rew_mean          | -9.36       |
| time/                   |             |
|    fps                  | 63          |
|    iterations           | 165         |
|    time_elapsed         | 5285        |
|    total_timesteps      | 337920      |
| train/                  |             |
|    approx_kl            | 0.022698006 |
|    clip_fraction        | 0.288       |
|    clip_range           | 0.2         |
|    entropy_loss         | -3.55       |
|    explained_variance   | 0.858       |
|    learning_rate        | 0.0003      |
|    loss                 | -0.0384     |
|    n_updates            | 1640        |
|    policy_gradient_loss | -0.0211     |
|    std                  | 0.409       |
|    value_loss           | 0.00363     |
-----------------------------------------
-----------------------------------------
| rollout/                |             |
|    ep_len_mean          | 64.9        |
|    ep_rew_mean          | -10.9       |
| time/                   |             |
|    fps                  | 63          |
|    iterations           | 166         |
|    time_elapsed         | 5320        |
|    total_timesteps      | 339968      |
| train/                  |             |
|    approx_kl            | 0.025389344 |
|    clip_fraction        | 0.276       |
|    clip_range           | 0.2         |
|    entropy_loss         | -3.55       |
|    explained_variance   | 0.752       |
|    learning_rate        | 0.0003      |
|    loss                 | 0.00643     |
|    n_updates            | 1650        |
|    policy_gradient_loss | -0.0234     |
|    std                  | 0.409       |
|    value_loss           | 0.00438     |
-----------------------------------------
----------------------------------------
| rollout/                |            |
|    ep_len_mean          | 71.4       |
|    ep_rew_mean          | -13        |
| time/                   |            |
|    fps                  | 63         |
|    iterations           | 167        |
|    time_elapsed         | 5353       |
|    total_timesteps      | 342016     |
| train/                  |            |
|    approx_kl            | 0.02382274 |
|    clip_fraction        | 0.308      |
|    clip_range           | 0.2        |
|    entropy_loss         | -3.51      |
|    explained_variance   | 0.874      |
|    learning_rate        | 0.0003     |
|    loss                 | 0.000463   |
|    n_updates            | 1660       |
|    policy_gradient_loss | -0.0232    |
|    std                  | 0.405      |
|    value_loss           | 0.00436    |
----------------------------------------
-----------------------------------------
| rollout/                |             |
|    ep_len_mean          | 74.9        |
|    ep_rew_mean          | -15.4       |
| time/                   |             |
|    fps                  | 63          |
|    iterations           | 168         |
|    time_elapsed         | 5388        |
|    total_timesteps      | 344064      |
| train/                  |             |
|    approx_kl            | 0.022023756 |
|    clip_fraction        | 0.279       |
|    clip_range           | 0.2         |
|    entropy_loss         | -3.46       |
|    explained_variance   | 0.905       |
|    learning_rate        | 0.0003      |
|    loss                 | -0.0515     |
|    n_updates            | 1670        |
|    policy_gradient_loss | -0.0231     |
|    std                  | 0.403       |
|    value_loss           | 0.00433     |
-----------------------------------------
-----------------------------------------
| rollout/                |             |
|    ep_len_mean          | 64.7        |
|    ep_rew_mean          | -10.6       |
| time/                   |             |
|    fps                  | 63          |
|    iterations           | 169         |
|    time_elapsed         | 5422        |
|    total_timesteps      | 346112      |
| train/                  |             |
|    approx_kl            | 0.020001633 |
|    clip_fraction        | 0.245       |
|    clip_range           | 0.2         |
|    entropy_loss         | -3.43       |
|    explained_variance   | 0.886       |
|    learning_rate        | 0.0003      |
|    loss                 | -0.0315     |
|    n_updates            | 1680        |
|    policy_gradient_loss | -0.0222     |
|    std                  | 0.401       |
|    value_loss           | 0.00569     |
-----------------------------------------
-----------------------------------------
| rollout/                |             |
|    ep_len_mean          | 69.3        |
|    ep_rew_mean          | -12.3       |
| time/                   |             |
|    fps                  | 63          |
|    iterations           | 170         |
|    time_elapsed         | 5457        |
|    total_timesteps      | 348160      |
| train/                  |             |
|    approx_kl            | 0.022224568 |
|    clip_fraction        | 0.255       |
|    clip_range           | 0.2         |
|    entropy_loss         | -3.42       |
|    explained_variance   | 0.755       |
|    learning_rate        | 0.0003      |
|    loss                 | -0.00643    |
|    n_updates            | 1690        |
|    policy_gradient_loss | -0.0211     |
|    std                  | 0.402       |
|    value_loss           | 0.00583     |
-----------------------------------------
-----------------------------------------
| rollout/                |             |
|    ep_len_mean          | 64.3        |
|    ep_rew_mean          | -9.8        |
| time/                   |             |
|    fps                  | 63          |
|    iterations           | 171         |
|    time_elapsed         | 5491        |
|    total_timesteps      | 350208      |
| train/                  |             |
|    approx_kl            | 0.027328428 |
|    clip_fraction        | 0.286       |
|    clip_range           | 0.2         |
|    entropy_loss         | -3.39       |
|    explained_variance   | 0.829       |
|    learning_rate        | 0.0003      |
|    loss                 | -0.043      |
|    n_updates            | 1700        |
|    policy_gradient_loss | -0.0196     |
|    std                  | 0.399       |
|    value_loss           | 0.0059      |
-----------------------------------------
-----------------------------------------
| rollout/                |             |
|    ep_len_mean          | 56.6        |
|    ep_rew_mean          | -7.12       |
| time/                   |             |
|    fps                  | 63          |
|    iterations           | 172         |
|    time_elapsed         | 5526        |
|    total_timesteps      | 352256      |
| train/                  |             |
|    approx_kl            | 0.023757938 |
|    clip_fraction        | 0.282       |
|    clip_range           | 0.2         |
|    entropy_loss         | -3.38       |
|    explained_variance   | 0.856       |
|    learning_rate        | 0.0003      |
|    loss                 | -0.0354     |
|    n_updates            | 1710        |
|    policy_gradient_loss | -0.0243     |
|    std                  | 0.398       |
|    value_loss           | 0.00571     |
-----------------------------------------
-----------------------------------------
| rollout/                |             |
|    ep_len_mean          | 55.4        |
|    ep_rew_mean          | -6.67       |
| time/                   |             |
|    fps                  | 63          |
|    iterations           | 173         |
|    time_elapsed         | 5561        |
|    total_timesteps      | 354304      |
| train/                  |             |
|    approx_kl            | 0.021706786 |
|    clip_fraction        | 0.246       |
|    clip_range           | 0.2         |
|    entropy_loss         | -3.37       |
|    explained_variance   | 0.687       |
|    learning_rate        | 0.0003      |
|    loss                 | -0.0307     |
|    n_updates            | 1720        |
|    policy_gradient_loss | -0.0238     |
|    std                  | 0.397       |
|    value_loss           | 0.00416     |
-----------------------------------------
----------------------------------------
| rollout/                |            |
|    ep_len_mean          | 52.2       |
|    ep_rew_mean          | -5.93      |
| time/                   |            |
|    fps                  | 63         |
|    iterations           | 174        |
|    time_elapsed         | 5596       |
|    total_timesteps      | 356352     |
| train/                  |            |
|    approx_kl            | 0.02757926 |
|    clip_fraction        | 0.287      |
|    clip_range           | 0.2        |
|    entropy_loss         | -3.33      |
|    explained_variance   | 0.767      |
|    learning_rate        | 0.0003     |
|    loss                 | -0.043     |
|    n_updates            | 1730       |
|    policy_gradient_loss | -0.0208    |
|    std                  | 0.395      |
|    value_loss           | 0.0049     |
----------------------------------------
-----------------------------------------
| rollout/                |             |
|    ep_len_mean          | 55.5        |
|    ep_rew_mean          | -6.75       |
| time/                   |             |
|    fps                  | 63          |
|    iterations           | 175         |
|    time_elapsed         | 5631        |
|    total_timesteps      | 358400      |
| train/                  |             |
|    approx_kl            | 0.024590634 |
|    clip_fraction        | 0.314       |
|    clip_range           | 0.2         |
|    entropy_loss         | -3.3        |
|    explained_variance   | 0.876       |
|    learning_rate        | 0.0003      |
|    loss                 | -0.000412   |
|    n_updates            | 1740        |
|    policy_gradient_loss | -0.0254     |
|    std                  | 0.394       |
|    value_loss           | 0.00668     |
-----------------------------------------
-----------------------------------------
| rollout/                |             |
|    ep_len_mean          | 52.9        |
|    ep_rew_mean          | -6.23       |
| time/                   |             |
|    fps                  | 63          |
|    iterations           | 176         |
|    time_elapsed         | 5666        |
|    total_timesteps      | 360448      |
| train/                  |             |
|    approx_kl            | 0.020868842 |
|    clip_fraction        | 0.243       |
|    clip_range           | 0.2         |
|    entropy_loss         | -3.28       |
|    explained_variance   | 0.836       |
|    learning_rate        | 0.0003      |
|    loss                 | -0.00869    |
|    n_updates            | 1750        |
|    policy_gradient_loss | -0.0211     |
|    std                  | 0.392       |
|    value_loss           | 0.00453     |
-----------------------------------------
----------------------------------------
| rollout/                |            |
|    ep_len_mean          | 55.8       |
|    ep_rew_mean          | -6.5       |
| time/                   |            |
|    fps                  | 63         |
|    iterations           | 177        |
|    time_elapsed         | 5700       |
|    total_timesteps      | 362496     |
| train/                  |            |
|    approx_kl            | 0.02392153 |
|    clip_fraction        | 0.303      |
|    clip_range           | 0.2        |
|    entropy_loss         | -3.26      |
|    explained_variance   | 0.827      |
|    learning_rate        | 0.0003     |
|    loss                 | -0.0243    |
|    n_updates            | 1760       |
|    policy_gradient_loss | -0.0249    |
|    std                  | 0.392      |
|    value_loss           | 0.00451    |
----------------------------------------
----------------------------------------
| rollout/                |            |
|    ep_len_mean          | 49.2       |
|    ep_rew_mean          | -4.01      |
| time/                   |            |
|    fps                  | 63         |
|    iterations           | 178        |
|    time_elapsed         | 5736       |
|    total_timesteps      | 364544     |
| train/                  |            |
|    approx_kl            | 0.02266835 |
|    clip_fraction        | 0.303      |
|    clip_range           | 0.2        |
|    entropy_loss         | -3.25      |
|    explained_variance   | 0.742      |
|    learning_rate        | 0.0003     |
|    loss                 | -0.0205    |
|    n_updates            | 1770       |
|    policy_gradient_loss | -0.0231    |
|    std                  | 0.391      |
|    value_loss           | 0.00344    |
----------------------------------------
-----------------------------------------
| rollout/                |             |
|    ep_len_mean          | 47.4        |
|    ep_rew_mean          | -4.88       |
| time/                   |             |
|    fps                  | 63          |
|    iterations           | 179         |
|    time_elapsed         | 5771        |
|    total_timesteps      | 366592      |
| train/                  |             |
|    approx_kl            | 0.019529074 |
|    clip_fraction        | 0.275       |
|    clip_range           | 0.2         |
|    entropy_loss         | -3.22       |
|    explained_variance   | 0.639       |
|    learning_rate        | 0.0003      |
|    loss                 | -0.0479     |
|    n_updates            | 1780        |
|    policy_gradient_loss | -0.0193     |
|    std                  | 0.39        |
|    value_loss           | 0.00466     |
-----------------------------------------
----------------------------------------
| rollout/                |            |
|    ep_len_mean          | 46         |
|    ep_rew_mean          | -4.28      |
| time/                   |            |
|    fps                  | 63         |
|    iterations           | 180        |
|    time_elapsed         | 5807       |
|    total_timesteps      | 368640     |
| train/                  |            |
|    approx_kl            | 0.02460572 |
|    clip_fraction        | 0.27       |
|    clip_range           | 0.2        |
|    entropy_loss         | -3.2       |
|    explained_variance   | 0.752      |
|    learning_rate        | 0.0003     |
|    loss                 | -0.0255    |
|    n_updates            | 1790       |
|    policy_gradient_loss | -0.0145    |
|    std                  | 0.388      |
|    value_loss           | 0.0036     |
----------------------------------------
----------------------------------------
| rollout/                |            |
|    ep_len_mean          | 41.5       |
|    ep_rew_mean          | -1.71      |
| time/                   |            |
|    fps                  | 63         |
|    iterations           | 181        |
|    time_elapsed         | 5842       |
|    total_timesteps      | 370688     |
| train/                  |            |
|    approx_kl            | 0.02314344 |
|    clip_fraction        | 0.287      |
|    clip_range           | 0.2        |
|    entropy_loss         | -3.18      |
|    explained_variance   | 0.775      |
|    learning_rate        | 0.0003     |
|    loss                 | -0.0142    |
|    n_updates            | 1800       |
|    policy_gradient_loss | -0.0228    |
|    std                  | 0.388      |
|    value_loss           | 0.00364    |
----------------------------------------
-----------------------------------------
| rollout/                |             |
|    ep_len_mean          | 46.4        |
|    ep_rew_mean          | -3.63       |
| time/                   |             |
|    fps                  | 63          |
|    iterations           | 182         |
|    time_elapsed         | 5877        |
|    total_timesteps      | 372736      |
| train/                  |             |
|    approx_kl            | 0.031828485 |
|    clip_fraction        | 0.315       |
|    clip_range           | 0.2         |
|    entropy_loss         | -3.17       |
|    explained_variance   | 0.682       |
|    learning_rate        | 0.0003      |
|    loss                 | -0.0574     |
|    n_updates            | 1810        |
|    policy_gradient_loss | -0.0239     |
|    std                  | 0.387       |
|    value_loss           | 0.00347     |
-----------------------------------------
-----------------------------------------
| rollout/                |             |
|    ep_len_mean          | 52          |
|    ep_rew_mean          | -5.83       |
| time/                   |             |
|    fps                  | 63          |
|    iterations           | 183         |
|    time_elapsed         | 5912        |
|    total_timesteps      | 374784      |
| train/                  |             |
|    approx_kl            | 0.026849441 |
|    clip_fraction        | 0.283       |
|    clip_range           | 0.2         |
|    entropy_loss         | -3.15       |
|    explained_variance   | 0.734       |
|    learning_rate        | 0.0003      |
|    loss                 | -0.0384     |
|    n_updates            | 1820        |
|    policy_gradient_loss | -0.0209     |
|    std                  | 0.386       |
|    value_loss           | 0.00428     |
-----------------------------------------
-----------------------------------------
| rollout/                |             |
|    ep_len_mean          | 52.3        |
|    ep_rew_mean          | -5.34       |
| time/                   |             |
|    fps                  | 63          |
|    iterations           | 184         |
|    time_elapsed         | 5946        |
|    total_timesteps      | 376832      |
| train/                  |             |
|    approx_kl            | 0.023351867 |
|    clip_fraction        | 0.269       |
|    clip_range           | 0.2         |
|    entropy_loss         | -3.12       |
|    explained_variance   | 0.821       |
|    learning_rate        | 0.0003      |
|    loss                 | -0.0139     |
|    n_updates            | 1830        |
|    policy_gradient_loss | -0.0237     |
|    std                  | 0.384       |
|    value_loss           | 0.00307     |
-----------------------------------------
----------------------------------------
| rollout/                |            |
|    ep_len_mean          | 51.8       |
|    ep_rew_mean          | -4.93      |
| time/                   |            |
|    fps                  | 63         |
|    iterations           | 185        |
|    time_elapsed         | 5982       |
|    total_timesteps      | 378880     |
| train/                  |            |
|    approx_kl            | 0.02180202 |
|    clip_fraction        | 0.252      |
|    clip_range           | 0.2        |
|    entropy_loss         | -3.08      |
|    explained_variance   | 0.85       |
|    learning_rate        | 0.0003     |
|    loss                 | -0.0315    |
|    n_updates            | 1840       |
|    policy_gradient_loss | -0.0213    |
|    std                  | 0.382      |
|    value_loss           | 0.00358    |
----------------------------------------
-----------------------------------------
| rollout/                |             |
|    ep_len_mean          | 46.6        |
|    ep_rew_mean          | -3.69       |
| time/                   |             |
|    fps                  | 63          |
|    iterations           | 186         |
|    time_elapsed         | 6017        |
|    total_timesteps      | 380928      |
| train/                  |             |
|    approx_kl            | 0.028819244 |
|    clip_fraction        | 0.293       |
|    clip_range           | 0.2         |
|    entropy_loss         | -3.06       |
|    explained_variance   | 0.803       |
|    learning_rate        | 0.0003      |
|    loss                 | -0.0551     |
|    n_updates            | 1850        |
|    policy_gradient_loss | -0.0265     |
|    std                  | 0.382       |
|    value_loss           | 0.00423     |
-----------------------------------------
-----------------------------------------
| rollout/                |             |
|    ep_len_mean          | 48          |
|    ep_rew_mean          | -4.93       |
| time/                   |             |
|    fps                  | 63          |
|    iterations           | 187         |
|    time_elapsed         | 6052        |
|    total_timesteps      | 382976      |
| train/                  |             |
|    approx_kl            | 0.028542755 |
|    clip_fraction        | 0.298       |
|    clip_range           | 0.2         |
|    entropy_loss         | -3.05       |
|    explained_variance   | 0.817       |
|    learning_rate        | 0.0003      |
|    loss                 | -0.0331     |
|    n_updates            | 1860        |
|    policy_gradient_loss | -0.0243     |
|    std                  | 0.381       |
|    value_loss           | 0.00473     |
-----------------------------------------
-----------------------------------------
| rollout/                |             |
|    ep_len_mean          | 42.2        |
|    ep_rew_mean          | -2.15       |
| time/                   |             |
|    fps                  | 63          |
|    iterations           | 188         |
|    time_elapsed         | 6088        |
|    total_timesteps      | 385024      |
| train/                  |             |
|    approx_kl            | 0.023675911 |
|    clip_fraction        | 0.263       |
|    clip_range           | 0.2         |
|    entropy_loss         | -3.01       |
|    explained_variance   | 0.878       |
|    learning_rate        | 0.0003      |
|    loss                 | -0.0361     |
|    n_updates            | 1870        |
|    policy_gradient_loss | -0.0251     |
|    std                  | 0.378       |
|    value_loss           | 0.00434     |
-----------------------------------------
-----------------------------------------
| rollout/                |             |
|    ep_len_mean          | 37.9        |
|    ep_rew_mean          | -0.205      |
| time/                   |             |
|    fps                  | 63          |
|    iterations           | 189         |
|    time_elapsed         | 6124        |
|    total_timesteps      | 387072      |
| train/                  |             |
|    approx_kl            | 0.021943172 |
|    clip_fraction        | 0.286       |
|    clip_range           | 0.2         |
|    entropy_loss         | -2.97       |
|    explained_variance   | 0.489       |
|    learning_rate        | 0.0003      |
|    loss                 | -0.0345     |
|    n_updates            | 1880        |
|    policy_gradient_loss | -0.0198     |
|    std                  | 0.376       |
|    value_loss           | 0.00315     |
-----------------------------------------
-----------------------------------------
| rollout/                |             |
|    ep_len_mean          | 42.4        |
|    ep_rew_mean          | -3.03       |
| time/                   |             |
|    fps                  | 63          |
|    iterations           | 190         |
|    time_elapsed         | 6160        |
|    total_timesteps      | 389120      |
| train/                  |             |
|    approx_kl            | 0.025584558 |
|    clip_fraction        | 0.294       |
|    clip_range           | 0.2         |
|    entropy_loss         | -2.96       |
|    explained_variance   | 0.828       |
|    learning_rate        | 0.0003      |
|    loss                 | -0.0362     |
|    n_updates            | 1890        |
|    policy_gradient_loss | -0.0186     |
|    std                  | 0.376       |
|    value_loss           | 0.00407     |
-----------------------------------------
-----------------------------------------
| rollout/                |             |
|    ep_len_mean          | 44.7        |
|    ep_rew_mean          | -3.57       |
| time/                   |             |
|    fps                  | 63          |
|    iterations           | 191         |
|    time_elapsed         | 6195        |
|    total_timesteps      | 391168      |
| train/                  |             |
|    approx_kl            | 0.027014814 |
|    clip_fraction        | 0.289       |
|    clip_range           | 0.2         |
|    entropy_loss         | -2.96       |
|    explained_variance   | 0.796       |
|    learning_rate        | 0.0003      |
|    loss                 | -0.0312     |
|    n_updates            | 1900        |
|    policy_gradient_loss | -0.0223     |
|    std                  | 0.376       |
|    value_loss           | 0.00378     |
-----------------------------------------
-----------------------------------------
| rollout/                |             |
|    ep_len_mean          | 51.8        |
|    ep_rew_mean          | -5.75       |
| time/                   |             |
|    fps                  | 63          |
|    iterations           | 192         |
|    time_elapsed         | 6230        |
|    total_timesteps      | 393216      |
| train/                  |             |
|    approx_kl            | 0.019515019 |
|    clip_fraction        | 0.28        |
|    clip_range           | 0.2         |
|    entropy_loss         | -2.95       |
|    explained_variance   | 0.825       |
|    learning_rate        | 0.0003      |
|    loss                 | -0.0612     |
|    n_updates            | 1910        |
|    policy_gradient_loss | -0.0243     |
|    std                  | 0.375       |
|    value_loss           | 0.00287     |
-----------------------------------------
-----------------------------------------
| rollout/                |             |
|    ep_len_mean          | 50.2        |
|    ep_rew_mean          | -4.33       |
| time/                   |             |
|    fps                  | 63          |
|    iterations           | 193         |
|    time_elapsed         | 6266        |
|    total_timesteps      | 395264      |
| train/                  |             |
|    approx_kl            | 0.028517496 |
|    clip_fraction        | 0.313       |
|    clip_range           | 0.2         |
|    entropy_loss         | -2.92       |
|    explained_variance   | 0.812       |
|    learning_rate        | 0.0003      |
|    loss                 | -0.00778    |
|    n_updates            | 1920        |
|    policy_gradient_loss | -0.0213     |
|    std                  | 0.374       |
|    value_loss           | 0.00367     |
-----------------------------------------
-----------------------------------------
| rollout/                |             |
|    ep_len_mean          | 43.6        |
|    ep_rew_mean          | -3.35       |
| time/                   |             |
|    fps                  | 63          |
|    iterations           | 194         |
|    time_elapsed         | 6302        |
|    total_timesteps      | 397312      |
| train/                  |             |
|    approx_kl            | 0.028055519 |
|    clip_fraction        | 0.297       |
|    clip_range           | 0.2         |
|    entropy_loss         | -2.9        |
|    explained_variance   | 0.728       |
|    learning_rate        | 0.0003      |
|    loss                 | -0.0322     |
|    n_updates            | 1930        |
|    policy_gradient_loss | -0.0252     |
|    std                  | 0.374       |
|    value_loss           | 0.00391     |
-----------------------------------------
-----------------------------------------
| rollout/                |             |
|    ep_len_mean          | 37          |
|    ep_rew_mean          | -0.424      |
| time/                   |             |
|    fps                  | 63          |
|    iterations           | 195         |
|    time_elapsed         | 6338        |
|    total_timesteps      | 399360      |
| train/                  |             |
|    approx_kl            | 0.026314452 |
|    clip_fraction        | 0.276       |
|    clip_range           | 0.2         |
|    entropy_loss         | -2.88       |
|    explained_variance   | 0.84        |
|    learning_rate        | 0.0003      |
|    loss                 | -0.0238     |
|    n_updates            | 1940        |
|    policy_gradient_loss | -0.0177     |
|    std                  | 0.372       |
|    value_loss           | 0.00251     |
-----------------------------------------
-----------------------------------------
| rollout/                |             |
|    ep_len_mean          | 41.9        |
|    ep_rew_mean          | -2.7        |
| time/                   |             |
|    fps                  | 62          |
|    iterations           | 196         |
|    time_elapsed         | 6374        |
|    total_timesteps      | 401408      |
| train/                  |             |
|    approx_kl            | 0.026436538 |
|    clip_fraction        | 0.316       |
|    clip_range           | 0.2         |
|    entropy_loss         | -2.83       |
|    explained_variance   | 0.677       |
|    learning_rate        | 0.0003      |
|    loss                 | -0.0559     |
|    n_updates            | 1950        |
|    policy_gradient_loss | -0.0222     |
|    std                  | 0.37        |
|    value_loss           | 0.00529     |
-----------------------------------------
saved models/C4_seed1.zip and models/C4_seed1_vecnormalize.pkl
