=== training C1_seed2 for 400000 steps ===
    port 5102
--------------------------------------------------------------
[threshold consistency]
  success distance      = 0.030 m
  force at success      = 5.00 N
  comfort / danger      = 6.0 N / 10.0 N
  >>> OK: the success point lies inside the safe band.
--------------------------------------------------------------
Waiting for connections on port: 5103...
Connected successfully
Using cpu device
---------------------------------
| rollout/           |          |
|    ep_len_mean     | 200      |
|    ep_rew_mean     | -918     |
| time/              |          |
|    fps             | 72       |
|    iterations      | 1        |
|    time_elapsed    | 28       |
|    total_timesteps | 2048     |
---------------------------------
-----------------------------------------
| rollout/                |             |
|    ep_len_mean          | 200         |
|    ep_rew_mean          | -1.09e+03   |
| time/                   |             |
|    fps                  | 70          |
|    iterations           | 2           |
|    time_elapsed         | 58          |
|    total_timesteps      | 4096        |
| train/                  |             |
|    approx_kl            | 0.015249795 |
|    clip_fraction        | 0.136       |
|    clip_range           | 0.2         |
|    entropy_loss         | -9.93       |
|    explained_variance   | 0.329       |
|    learning_rate        | 0.0003      |
|    loss                 | -0.0306     |
|    n_updates            | 10          |
|    policy_gradient_loss | -0.0255     |
|    std                  | 0.999       |
|    value_loss           | 0.524       |
-----------------------------------------
-----------------------------------------
| rollout/                |             |
|    ep_len_mean          | 200         |
|    ep_rew_mean          | -1.09e+03   |
| time/                   |             |
|    fps                  | 69          |
|    iterations           | 3           |
|    time_elapsed         | 87          |
|    total_timesteps      | 6144        |
| train/                  |             |
|    approx_kl            | 0.015565844 |
|    clip_fraction        | 0.169       |
|    clip_range           | 0.2         |
|    entropy_loss         | -9.92       |
|    explained_variance   | 0.754       |
|    learning_rate        | 0.0003      |
|    loss                 | -0.0138     |
|    n_updates            | 20          |
|    policy_gradient_loss | -0.0283     |
|    std                  | 0.996       |
|    value_loss           | 0.0645      |
-----------------------------------------
----------------------------------------
| rollout/                |            |
|    ep_len_mean          | 200        |
|    ep_rew_mean          | -1.08e+03  |
| time/                   |            |
|    fps                  | 69         |
|    iterations           | 4          |
|    time_elapsed         | 117        |
|    total_timesteps      | 8192       |
| train/                  |            |
|    approx_kl            | 0.01914129 |
|    clip_fraction        | 0.226      |
|    clip_range           | 0.2        |
|    entropy_loss         | -9.88      |
|    explained_variance   | 0.497      |
|    learning_rate        | 0.0003     |
|    loss                 | -0.0455    |
|    n_updates            | 30         |
|    policy_gradient_loss | -0.0342    |
|    std                  | 0.99       |
|    value_loss           | 0.0441     |
----------------------------------------
-----------------------------------------
| rollout/                |             |
|    ep_len_mean          | 200         |
|    ep_rew_mean          | -1.02e+03   |
| time/                   |             |
|    fps                  | 69          |
|    iterations           | 5           |
|    time_elapsed         | 147         |
|    total_timesteps      | 10240       |
| train/                  |             |
|    approx_kl            | 0.015161719 |
|    clip_fraction        | 0.172       |
|    clip_range           | 0.2         |
|    entropy_loss         | -9.85       |
|    explained_variance   | 0.68        |
|    learning_rate        | 0.0003      |
|    loss                 | -0.0505     |
|    n_updates            | 40          |
|    policy_gradient_loss | -0.0283     |
|    std                  | 0.987       |
|    value_loss           | 0.0229      |
-----------------------------------------
-----------------------------------------
| rollout/                |             |
|    ep_len_mean          | 200         |
|    ep_rew_mean          | -964        |
| time/                   |             |
|    fps                  | 69          |
|    iterations           | 6           |
|    time_elapsed         | 177         |
|    total_timesteps      | 12288       |
| train/                  |             |
|    approx_kl            | 0.019747514 |
|    clip_fraction        | 0.202       |
|    clip_range           | 0.2         |
|    entropy_loss         | -9.82       |
|    explained_variance   | 0.191       |
|    learning_rate        | 0.0003      |
|    loss                 | -0.0437     |
|    n_updates            | 50          |
|    policy_gradient_loss | -0.034      |
|    std                  | 0.983       |
|    value_loss           | 0.0216      |
-----------------------------------------
-----------------------------------------
| rollout/                |             |
|    ep_len_mean          | 200         |
|    ep_rew_mean          | -915        |
| time/                   |             |
|    fps                  | 69          |
|    iterations           | 7           |
|    time_elapsed         | 207         |
|    total_timesteps      | 14336       |
| train/                  |             |
|    approx_kl            | 0.019685699 |
|    clip_fraction        | 0.229       |
|    clip_range           | 0.2         |
|    entropy_loss         | -9.8        |
|    explained_variance   | 0.523       |
|    learning_rate        | 0.0003      |
|    loss                 | -0.0376     |
|    n_updates            | 60          |
|    policy_gradient_loss | -0.0349     |
|    std                  | 0.979       |
|    value_loss           | 0.0164      |
-----------------------------------------
-----------------------------------------
| rollout/                |             |
|    ep_len_mean          | 200         |
|    ep_rew_mean          | -855        |
| time/                   |             |
|    fps                  | 69          |
|    iterations           | 8           |
|    time_elapsed         | 237         |
|    total_timesteps      | 16384       |
| train/                  |             |
|    approx_kl            | 0.015699869 |
|    clip_fraction        | 0.18        |
|    clip_range           | 0.2         |
|    entropy_loss         | -9.78       |
|    explained_variance   | 0.488       |
|    learning_rate        | 0.0003      |
|    loss                 | -0.0591     |
|    n_updates            | 70          |
|    policy_gradient_loss | -0.0303     |
|    std                  | 0.978       |
|    value_loss           | 0.0127      |
-----------------------------------------
-----------------------------------------
| rollout/                |             |
|    ep_len_mean          | 200         |
|    ep_rew_mean          | -804        |
| time/                   |             |
|    fps                  | 68          |
|    iterations           | 9           |
|    time_elapsed         | 267         |
|    total_timesteps      | 18432       |
| train/                  |             |
|    approx_kl            | 0.017617224 |
|    clip_fraction        | 0.202       |
|    clip_range           | 0.2         |
|    entropy_loss         | -9.75       |
|    explained_variance   | 0.727       |
|    learning_rate        | 0.0003      |
|    loss                 | -0.058      |
|    n_updates            | 80          |
|    policy_gradient_loss | -0.0349     |
|    std                  | 0.973       |
|    value_loss           | 0.00903     |
-----------------------------------------
-----------------------------------------
| rollout/                |             |
|    ep_len_mean          | 200         |
|    ep_rew_mean          | -760        |
| time/                   |             |
|    fps                  | 68          |
|    iterations           | 10          |
|    time_elapsed         | 297         |
|    total_timesteps      | 20480       |
| train/                  |             |
|    approx_kl            | 0.017299108 |
|    clip_fraction        | 0.202       |
|    clip_range           | 0.2         |
|    entropy_loss         | -9.76       |
|    explained_variance   | 0.102       |
|    learning_rate        | 0.0003      |
|    loss                 | -0.0709     |
|    n_updates            | 90          |
|    policy_gradient_loss | -0.0313     |
|    std                  | 0.977       |
|    value_loss           | 0.00745     |
-----------------------------------------
-----------------------------------------
| rollout/                |             |
|    ep_len_mean          | 200         |
|    ep_rew_mean          | -698        |
| time/                   |             |
|    fps                  | 68          |
|    iterations           | 11          |
|    time_elapsed         | 326         |
|    total_timesteps      | 22528       |
| train/                  |             |
|    approx_kl            | 0.015887653 |
|    clip_fraction        | 0.165       |
|    clip_range           | 0.2         |
|    entropy_loss         | -9.75       |
|    explained_variance   | 0.0157      |
|    learning_rate        | 0.0003      |
|    loss                 | -0.0155     |
|    n_updates            | 100         |
|    policy_gradient_loss | -0.0267     |
|    std                  | 0.973       |
|    value_loss           | 0.00476     |
-----------------------------------------
----------------------------------------
| rollout/                |            |
|    ep_len_mean          | 200        |
|    ep_rew_mean          | -606       |
| time/                   |            |
|    fps                  | 68         |
|    iterations           | 12         |
|    time_elapsed         | 356        |
|    total_timesteps      | 24576      |
| train/                  |            |
|    approx_kl            | 0.01663341 |
|    clip_fraction        | 0.186      |
|    clip_range           | 0.2        |
|    entropy_loss         | -9.73      |
|    explained_variance   | 0.0409     |
|    learning_rate        | 0.0003     |
|    loss                 | -0.0661    |
|    n_updates            | 110        |
|    policy_gradient_loss | -0.0298    |
|    std                  | 0.971      |
|    value_loss           | 0.00472    |
----------------------------------------
----------------------------------------
| rollout/                |            |
|    ep_len_mean          | 200        |
|    ep_rew_mean          | -510       |
| time/                   |            |
|    fps                  | 68         |
|    iterations           | 13         |
|    time_elapsed         | 386        |
|    total_timesteps      | 26624      |
| train/                  |            |
|    approx_kl            | 0.01523232 |
|    clip_fraction        | 0.18       |
|    clip_range           | 0.2        |
|    entropy_loss         | -9.73      |
|    explained_variance   | 0.389      |
|    learning_rate        | 0.0003     |
|    loss                 | -0.0635    |
|    n_updates            | 120        |
|    policy_gradient_loss | -0.031     |
|    std                  | 0.971      |
|    value_loss           | 0.00293    |
----------------------------------------
-----------------------------------------
| rollout/                |             |
|    ep_len_mean          | 200         |
|    ep_rew_mean          | -444        |
| time/                   |             |
|    fps                  | 68          |
|    iterations           | 14          |
|    time_elapsed         | 416         |
|    total_timesteps      | 28672       |
| train/                  |             |
|    approx_kl            | 0.013636854 |
|    clip_fraction        | 0.149       |
|    clip_range           | 0.2         |
|    entropy_loss         | -9.69       |
|    explained_variance   | -0.296      |
|    learning_rate        | 0.0003      |
|    loss                 | -0.045      |
|    n_updates            | 130         |
|    policy_gradient_loss | -0.0248     |
|    std                  | 0.963       |
|    value_loss           | 0.00258     |
-----------------------------------------
-----------------------------------------
| rollout/                |             |
|    ep_len_mean          | 200         |
|    ep_rew_mean          | -385        |
| time/                   |             |
|    fps                  | 68          |
|    iterations           | 15          |
|    time_elapsed         | 446         |
|    total_timesteps      | 30720       |
| train/                  |             |
|    approx_kl            | 0.017938564 |
|    clip_fraction        | 0.184       |
|    clip_range           | 0.2         |
|    entropy_loss         | -9.62       |
|    explained_variance   | 0.0422      |
|    learning_rate        | 0.0003      |
|    loss                 | -0.056      |
|    n_updates            | 140         |
|    policy_gradient_loss | -0.0338     |
|    std                  | 0.95        |
|    value_loss           | 0.00188     |
-----------------------------------------
-----------------------------------------
| rollout/                |             |
|    ep_len_mean          | 200         |
|    ep_rew_mean          | -347        |
| time/                   |             |
|    fps                  | 68          |
|    iterations           | 16          |
|    time_elapsed         | 477         |
|    total_timesteps      | 32768       |
| train/                  |             |
|    approx_kl            | 0.015651636 |
|    clip_fraction        | 0.188       |
|    clip_range           | 0.2         |
|    entropy_loss         | -9.54       |
|    explained_variance   | 0.0423      |
|    learning_rate        | 0.0003      |
|    loss                 | -0.0565     |
|    n_updates            | 150         |
|    policy_gradient_loss | -0.0309     |
|    std                  | 0.943       |
|    value_loss           | 0.0015      |
-----------------------------------------
-----------------------------------------
| rollout/                |             |
|    ep_len_mean          | 200         |
|    ep_rew_mean          | -311        |
| time/                   |             |
|    fps                  | 68          |
|    iterations           | 17          |
|    time_elapsed         | 508         |
|    total_timesteps      | 34816       |
| train/                  |             |
|    approx_kl            | 0.016558101 |
|    clip_fraction        | 0.186       |
|    clip_range           | 0.2         |
|    entropy_loss         | -9.5        |
|    explained_variance   | 0.366       |
|    learning_rate        | 0.0003      |
|    loss                 | -0.0489     |
|    n_updates            | 160         |
|    policy_gradient_loss | -0.0315     |
|    std                  | 0.937       |
|    value_loss           | 0.00128     |
-----------------------------------------
-----------------------------------------
| rollout/                |             |
|    ep_len_mean          | 200         |
|    ep_rew_mean          | -288        |
| time/                   |             |
|    fps                  | 68          |
|    iterations           | 18          |
|    time_elapsed         | 539         |
|    total_timesteps      | 36864       |
| train/                  |             |
|    approx_kl            | 0.018350314 |
|    clip_fraction        | 0.225       |
|    clip_range           | 0.2         |
|    entropy_loss         | -9.46       |
|    explained_variance   | 0.686       |
|    learning_rate        | 0.0003      |
|    loss                 | -0.0528     |
|    n_updates            | 170         |
|    policy_gradient_loss | -0.0352     |
|    std                  | 0.933       |
|    value_loss           | 0.00138     |
-----------------------------------------
-----------------------------------------
| rollout/                |             |
|    ep_len_mean          | 200         |
|    ep_rew_mean          | -264        |
| time/                   |             |
|    fps                  | 68          |
|    iterations           | 19          |
|    time_elapsed         | 569         |
|    total_timesteps      | 38912       |
| train/                  |             |
|    approx_kl            | 0.016931482 |
|    clip_fraction        | 0.216       |
|    clip_range           | 0.2         |
|    entropy_loss         | -9.42       |
|    explained_variance   | 0.436       |
|    learning_rate        | 0.0003      |
|    loss                 | -0.0437     |
|    n_updates            | 180         |
|    policy_gradient_loss | -0.0335     |
|    std                  | 0.928       |
|    value_loss           | 0.00117     |
-----------------------------------------
----------------------------------------
| rollout/                |            |
|    ep_len_mean          | 200        |
|    ep_rew_mean          | -246       |
| time/                   |            |
|    fps                  | 68         |
|    iterations           | 20         |
|    time_elapsed         | 601        |
|    total_timesteps      | 40960      |
| train/                  |            |
|    approx_kl            | 0.01857829 |
|    clip_fraction        | 0.218      |
|    clip_range           | 0.2        |
|    entropy_loss         | -9.4       |
|    explained_variance   | 0.837      |
|    learning_rate        | 0.0003     |
|    loss                 | -0.0609    |
|    n_updates            | 190        |
|    policy_gradient_loss | -0.0329    |
|    std                  | 0.925      |
|    value_loss           | 0.000986   |
----------------------------------------
----------------------------------------
| rollout/                |            |
|    ep_len_mean          | 197        |
|    ep_rew_mean          | -227       |
| time/                   |            |
|    fps                  | 67         |
|    iterations           | 21         |
|    time_elapsed         | 633        |
|    total_timesteps      | 43008      |
| train/                  |            |
|    approx_kl            | 0.01669554 |
|    clip_fraction        | 0.193      |
|    clip_range           | 0.2        |
|    entropy_loss         | -9.38      |
|    explained_variance   | 0.388      |
|    learning_rate        | 0.0003     |
|    loss                 | -0.0202    |
|    n_updates            | 200        |
|    policy_gradient_loss | -0.03      |
|    std                  | 0.923      |
|    value_loss           | 0.00112    |
----------------------------------------
-----------------------------------------
| rollout/                |             |
|    ep_len_mean          | 197         |
|    ep_rew_mean          | -218        |
| time/                   |             |
|    fps                  | 67          |
|    iterations           | 22          |
|    time_elapsed         | 665         |
|    total_timesteps      | 45056       |
| train/                  |             |
|    approx_kl            | 0.015239918 |
|    clip_fraction        | 0.18        |
|    clip_range           | 0.2         |
|    entropy_loss         | -9.35       |
|    explained_variance   | 0.138       |
|    learning_rate        | 0.0003      |
|    loss                 | -0.0331     |
|    n_updates            | 210         |
|    policy_gradient_loss | -0.0238     |
|    std                  | 0.919       |
|    value_loss           | 0.00544     |
-----------------------------------------
-----------------------------------------
| rollout/                |             |
|    ep_len_mean          | 196         |
|    ep_rew_mean          | -204        |
| time/                   |             |
|    fps                  | 67          |
|    iterations           | 23          |
|    time_elapsed         | 697         |
|    total_timesteps      | 47104       |
| train/                  |             |
|    approx_kl            | 0.013166305 |
|    clip_fraction        | 0.153       |
|    clip_range           | 0.2         |
|    entropy_loss         | -9.31       |
|    explained_variance   | 0.373       |
|    learning_rate        | 0.0003      |
|    loss                 | -0.0403     |
|    n_updates            | 220         |
|    policy_gradient_loss | -0.0243     |
|    std                  | 0.913       |
|    value_loss           | 0.00225     |
-----------------------------------------
----------------------------------------
| rollout/                |            |
|    ep_len_mean          | 195        |
|    ep_rew_mean          | -190       |
| time/                   |            |
|    fps                  | 67         |
|    iterations           | 24         |
|    time_elapsed         | 729        |
|    total_timesteps      | 49152      |
| train/                  |            |
|    approx_kl            | 0.01987857 |
|    clip_fraction        | 0.215      |
|    clip_range           | 0.2        |
|    entropy_loss         | -9.25      |
|    explained_variance   | 0.438      |
|    learning_rate        | 0.0003     |
|    loss                 | -0.00965   |
|    n_updates            | 230        |
|    policy_gradient_loss | -0.0301    |
|    std                  | 0.905      |
|    value_loss           | 0.00411    |
----------------------------------------
-----------------------------------------
| rollout/                |             |
|    ep_len_mean          | 194         |
|    ep_rew_mean          | -180        |
| time/                   |             |
|    fps                  | 67          |
|    iterations           | 25          |
|    time_elapsed         | 761         |
|    total_timesteps      | 51200       |
| train/                  |             |
|    approx_kl            | 0.018421125 |
|    clip_fraction        | 0.198       |
|    clip_range           | 0.2         |
|    entropy_loss         | -9.2        |
|    explained_variance   | 0.337       |
|    learning_rate        | 0.0003      |
|    loss                 | -0.0482     |
|    n_updates            | 240         |
|    policy_gradient_loss | -0.0252     |
|    std                  | 0.898       |
|    value_loss           | 0.00452     |
-----------------------------------------
-----------------------------------------
| rollout/                |             |
|    ep_len_mean          | 193         |
|    ep_rew_mean          | -171        |
| time/                   |             |
|    fps                  | 67          |
|    iterations           | 26          |
|    time_elapsed         | 794         |
|    total_timesteps      | 53248       |
| train/                  |             |
|    approx_kl            | 0.014863582 |
|    clip_fraction        | 0.18        |
|    clip_range           | 0.2         |
|    entropy_loss         | -9.16       |
|    explained_variance   | 0.589       |
|    learning_rate        | 0.0003      |
|    loss                 | -0.0532     |
|    n_updates            | 250         |
|    policy_gradient_loss | -0.0276     |
|    std                  | 0.894       |
|    value_loss           | 0.00414     |
-----------------------------------------
-----------------------------------------
| rollout/                |             |
|    ep_len_mean          | 191         |
|    ep_rew_mean          | -165        |
| time/                   |             |
|    fps                  | 66          |
|    iterations           | 27          |
|    time_elapsed         | 827         |
|    total_timesteps      | 55296       |
| train/                  |             |
|    approx_kl            | 0.014979813 |
|    clip_fraction        | 0.182       |
|    clip_range           | 0.2         |
|    entropy_loss         | -9.16       |
|    explained_variance   | 0.49        |
|    learning_rate        | 0.0003      |
|    loss                 | -0.029      |
|    n_updates            | 260         |
|    policy_gradient_loss | -0.0239     |
|    std                  | 0.896       |
|    value_loss           | 0.00365     |
-----------------------------------------
-----------------------------------------
| rollout/                |             |
|    ep_len_mean          | 190         |
|    ep_rew_mean          | -156        |
| time/                   |             |
|    fps                  | 66          |
|    iterations           | 28          |
|    time_elapsed         | 860         |
|    total_timesteps      | 57344       |
| train/                  |             |
|    approx_kl            | 0.015965011 |
|    clip_fraction        | 0.19        |
|    clip_range           | 0.2         |
|    entropy_loss         | -9.16       |
|    explained_variance   | 0.393       |
|    learning_rate        | 0.0003      |
|    loss                 | -0.0663     |
|    n_updates            | 270         |
|    policy_gradient_loss | -0.0282     |
|    std                  | 0.896       |
|    value_loss           | 0.00467     |
-----------------------------------------
-----------------------------------------
| rollout/                |             |
|    ep_len_mean          | 185         |
|    ep_rew_mean          | -145        |
| time/                   |             |
|    fps                  | 66          |
|    iterations           | 29          |
|    time_elapsed         | 893         |
|    total_timesteps      | 59392       |
| train/                  |             |
|    approx_kl            | 0.018603757 |
|    clip_fraction        | 0.206       |
|    clip_range           | 0.2         |
|    entropy_loss         | -9.13       |
|    explained_variance   | 0.7         |
|    learning_rate        | 0.0003      |
|    loss                 | -0.051      |
|    n_updates            | 280         |
|    policy_gradient_loss | -0.0319     |
|    std                  | 0.889       |
|    value_loss           | 0.00424     |
-----------------------------------------
-----------------------------------------
| rollout/                |             |
|    ep_len_mean          | 186         |
|    ep_rew_mean          | -140        |
| time/                   |             |
|    fps                  | 66          |
|    iterations           | 30          |
|    time_elapsed         | 926         |
|    total_timesteps      | 61440       |
| train/                  |             |
|    approx_kl            | 0.015176328 |
|    clip_fraction        | 0.2         |
|    clip_range           | 0.2         |
|    entropy_loss         | -9.07       |
|    explained_variance   | 0.455       |
|    learning_rate        | 0.0003      |
|    loss                 | -0.0322     |
|    n_updates            | 290         |
|    policy_gradient_loss | -0.0289     |
|    std                  | 0.882       |
|    value_loss           | 0.00622     |
-----------------------------------------
-----------------------------------------
| rollout/                |             |
|    ep_len_mean          | 178         |
|    ep_rew_mean          | -128        |
| time/                   |             |
|    fps                  | 66          |
|    iterations           | 31          |
|    time_elapsed         | 960         |
|    total_timesteps      | 63488       |
| train/                  |             |
|    approx_kl            | 0.016403893 |
|    clip_fraction        | 0.181       |
|    clip_range           | 0.2         |
|    entropy_loss         | -9.04       |
|    explained_variance   | 0.668       |
|    learning_rate        | 0.0003      |
|    loss                 | -0.0414     |
|    n_updates            | 300         |
|    policy_gradient_loss | -0.0289     |
|    std                  | 0.88        |
|    value_loss           | 0.00449     |
-----------------------------------------
-----------------------------------------
| rollout/                |             |
|    ep_len_mean          | 178         |
|    ep_rew_mean          | -121        |
| time/                   |             |
|    fps                  | 65          |
|    iterations           | 32          |
|    time_elapsed         | 993         |
|    total_timesteps      | 65536       |
| train/                  |             |
|    approx_kl            | 0.016896673 |
|    clip_fraction        | 0.191       |
|    clip_range           | 0.2         |
|    entropy_loss         | -8.99       |
|    explained_variance   | 0.357       |
|    learning_rate        | 0.0003      |
|    loss                 | -0.0183     |
|    n_updates            | 310         |
|    policy_gradient_loss | -0.0274     |
|    std                  | 0.873       |
|    value_loss           | 0.00813     |
-----------------------------------------
-----------------------------------------
| rollout/                |             |
|    ep_len_mean          | 169         |
|    ep_rew_mean          | -109        |
| time/                   |             |
|    fps                  | 65          |
|    iterations           | 33          |
|    time_elapsed         | 1027        |
|    total_timesteps      | 67584       |
| train/                  |             |
|    approx_kl            | 0.014872359 |
|    clip_fraction        | 0.181       |
|    clip_range           | 0.2         |
|    entropy_loss         | -8.96       |
|    explained_variance   | 0.739       |
|    learning_rate        | 0.0003      |
|    loss                 | -0.0403     |
|    n_updates            | 320         |
|    policy_gradient_loss | -0.0265     |
|    std                  | 0.87        |
|    value_loss           | 0.00553     |
-----------------------------------------
-----------------------------------------
| rollout/                |             |
|    ep_len_mean          | 163         |
|    ep_rew_mean          | -102        |
| time/                   |             |
|    fps                  | 65          |
|    iterations           | 34          |
|    time_elapsed         | 1060        |
|    total_timesteps      | 69632       |
| train/                  |             |
|    approx_kl            | 0.016836025 |
|    clip_fraction        | 0.205       |
|    clip_range           | 0.2         |
|    entropy_loss         | -8.92       |
|    explained_variance   | 0.412       |
|    learning_rate        | 0.0003      |
|    loss                 | -0.0281     |
|    n_updates            | 330         |
|    policy_gradient_loss | -0.0293     |
|    std                  | 0.864       |
|    value_loss           | 0.00881     |
-----------------------------------------
-----------------------------------------
| rollout/                |             |
|    ep_len_mean          | 156         |
|    ep_rew_mean          | -98         |
| time/                   |             |
|    fps                  | 65          |
|    iterations           | 35          |
|    time_elapsed         | 1094        |
|    total_timesteps      | 71680       |
| train/                  |             |
|    approx_kl            | 0.016061515 |
|    clip_fraction        | 0.183       |
|    clip_range           | 0.2         |
|    entropy_loss         | -8.87       |
|    explained_variance   | 0.337       |
|    learning_rate        | 0.0003      |
|    loss                 | -0.0171     |
|    n_updates            | 340         |
|    policy_gradient_loss | -0.0269     |
|    std                  | 0.858       |
|    value_loss           | 0.00664     |
-----------------------------------------
-----------------------------------------
| rollout/                |             |
|    ep_len_mean          | 145         |
|    ep_rew_mean          | -87.8       |
| time/                   |             |
|    fps                  | 65          |
|    iterations           | 36          |
|    time_elapsed         | 1128        |
|    total_timesteps      | 73728       |
| train/                  |             |
|    approx_kl            | 0.018260285 |
|    clip_fraction        | 0.202       |
|    clip_range           | 0.2         |
|    entropy_loss         | -8.82       |
|    explained_variance   | 0.687       |
|    learning_rate        | 0.0003      |
|    loss                 | -0.031      |
|    n_updates            | 350         |
|    policy_gradient_loss | -0.0307     |
|    std                  | 0.852       |
|    value_loss           | 0.00806     |
-----------------------------------------
-----------------------------------------
| rollout/                |             |
|    ep_len_mean          | 135         |
|    ep_rew_mean          | -77.6       |
| time/                   |             |
|    fps                  | 65          |
|    iterations           | 37          |
|    time_elapsed         | 1161        |
|    total_timesteps      | 75776       |
| train/                  |             |
|    approx_kl            | 0.015165537 |
|    clip_fraction        | 0.191       |
|    clip_range           | 0.2         |
|    entropy_loss         | -8.79       |
|    explained_variance   | 0.576       |
|    learning_rate        | 0.0003      |
|    loss                 | -0.0103     |
|    n_updates            | 360         |
|    policy_gradient_loss | -0.0254     |
|    std                  | 0.848       |
|    value_loss           | 0.0102      |
-----------------------------------------
-----------------------------------------
| rollout/                |             |
|    ep_len_mean          | 133         |
|    ep_rew_mean          | -76.2       |
| time/                   |             |
|    fps                  | 65          |
|    iterations           | 38          |
|    time_elapsed         | 1195        |
|    total_timesteps      | 77824       |
| train/                  |             |
|    approx_kl            | 0.016699607 |
|    clip_fraction        | 0.186       |
|    clip_range           | 0.2         |
|    entropy_loss         | -8.75       |
|    explained_variance   | 0.428       |
|    learning_rate        | 0.0003      |
|    loss                 | -0.0313     |
|    n_updates            | 370         |
|    policy_gradient_loss | -0.0256     |
|    std                  | 0.843       |
|    value_loss           | 0.00995     |
-----------------------------------------
---------------------------------------
| rollout/                |           |
|    ep_len_mean          | 124       |
|    ep_rew_mean          | -82.8     |
| time/                   |           |
|    fps                  | 64        |
|    iterations           | 39        |
|    time_elapsed         | 1229      |
|    total_timesteps      | 79872     |
| train/                  |           |
|    approx_kl            | 0.0145887 |
|    clip_fraction        | 0.188     |
|    clip_range           | 0.2       |
|    entropy_loss         | -8.71     |
|    explained_variance   | 0.35      |
|    learning_rate        | 0.0003    |
|    loss                 | -0.024    |
|    n_updates            | 380       |
|    policy_gradient_loss | -0.0231   |
|    std                  | 0.84      |
|    value_loss           | 0.00983   |
---------------------------------------
----------------------------------------
| rollout/                |            |
|    ep_len_mean          | 119        |
|    ep_rew_mean          | -75.5      |
| time/                   |            |
|    fps                  | 64         |
|    iterations           | 40         |
|    time_elapsed         | 1262       |
|    total_timesteps      | 81920      |
| train/                  |            |
|    approx_kl            | 0.01920667 |
|    clip_fraction        | 0.174      |
|    clip_range           | 0.2        |
|    entropy_loss         | -8.7       |
|    explained_variance   | 0.453      |
|    learning_rate        | 0.0003     |
|    loss                 | -0.0384    |
|    n_updates            | 390        |
|    policy_gradient_loss | -0.027     |
|    std                  | 0.839      |
|    value_loss           | 0.0166     |
----------------------------------------
-----------------------------------------
| rollout/                |             |
|    ep_len_mean          | 116         |
|    ep_rew_mean          | -68.6       |
| time/                   |             |
|    fps                  | 64          |
|    iterations           | 41          |
|    time_elapsed         | 1296        |
|    total_timesteps      | 83968       |
| train/                  |             |
|    approx_kl            | 0.014464745 |
|    clip_fraction        | 0.2         |
|    clip_range           | 0.2         |
|    entropy_loss         | -8.65       |
|    explained_variance   | 0.409       |
|    learning_rate        | 0.0003      |
|    loss                 | -0.0275     |
|    n_updates            | 400         |
|    policy_gradient_loss | -0.0247     |
|    std                  | 0.831       |
|    value_loss           | 0.00823     |
-----------------------------------------
---------------------------------------
| rollout/                |           |
|    ep_len_mean          | 105       |
|    ep_rew_mean          | -60       |
| time/                   |           |
|    fps                  | 64        |
|    iterations           | 42        |
|    time_elapsed         | 1330      |
|    total_timesteps      | 86016     |
| train/                  |           |
|    approx_kl            | 0.0181328 |
|    clip_fraction        | 0.218     |
|    clip_range           | 0.2       |
|    entropy_loss         | -8.6      |
|    explained_variance   | 0.416     |
|    learning_rate        | 0.0003    |
|    loss                 | -0.0271   |
|    n_updates            | 410       |
|    policy_gradient_loss | -0.0312   |
|    std                  | 0.825     |
|    value_loss           | 0.00997   |
---------------------------------------
----------------------------------------
| rollout/                |            |
|    ep_len_mean          | 101        |
|    ep_rew_mean          | -57.1      |
| time/                   |            |
|    fps                  | 64         |
|    iterations           | 43         |
|    time_elapsed         | 1364       |
|    total_timesteps      | 88064      |
| train/                  |            |
|    approx_kl            | 0.01780872 |
|    clip_fraction        | 0.199      |
|    clip_range           | 0.2        |
|    entropy_loss         | -8.57      |
|    explained_variance   | 0.403      |
|    learning_rate        | 0.0003     |
|    loss                 | -0.0142    |
|    n_updates            | 420        |
|    policy_gradient_loss | -0.0252    |
|    std                  | 0.823      |
|    value_loss           | 0.00996    |
----------------------------------------
-----------------------------------------
| rollout/                |             |
|    ep_len_mean          | 99.8        |
|    ep_rew_mean          | -43.6       |
| time/                   |             |
|    fps                  | 64          |
|    iterations           | 44          |
|    time_elapsed         | 1398        |
|    total_timesteps      | 90112       |
| train/                  |             |
|    approx_kl            | 0.015550192 |
|    clip_fraction        | 0.183       |
|    clip_range           | 0.2         |
|    entropy_loss         | -8.55       |
|    explained_variance   | 0.377       |
|    learning_rate        | 0.0003      |
|    loss                 | -0.0129     |
|    n_updates            | 430         |
|    policy_gradient_loss | -0.027      |
|    std                  | 0.822       |
|    value_loss           | 0.00917     |
-----------------------------------------
-----------------------------------------
| rollout/                |             |
|    ep_len_mean          | 92.7        |
|    ep_rew_mean          | -42.9       |
| time/                   |             |
|    fps                  | 64          |
|    iterations           | 45          |
|    time_elapsed         | 1433        |
|    total_timesteps      | 92160       |
| train/                  |             |
|    approx_kl            | 0.015985783 |
|    clip_fraction        | 0.182       |
|    clip_range           | 0.2         |
|    entropy_loss         | -8.49       |
|    explained_variance   | 0.361       |
|    learning_rate        | 0.0003      |
|    loss                 | -0.0349     |
|    n_updates            | 440         |
|    policy_gradient_loss | -0.029      |
|    std                  | 0.812       |
|    value_loss           | 0.0106      |
-----------------------------------------
------------------------------------------
| rollout/                |              |
|    ep_len_mean          | 88.5         |
|    ep_rew_mean          | -40.6        |
| time/                   |              |
|    fps                  | 64           |
|    iterations           | 46           |
|    time_elapsed         | 1468         |
|    total_timesteps      | 94208        |
| train/                  |              |
|    approx_kl            | 0.0150129665 |
|    clip_fraction        | 0.177        |
|    clip_range           | 0.2          |
|    entropy_loss         | -8.42        |
|    explained_variance   | 0.791        |
|    learning_rate        | 0.0003       |
|    loss                 | -0.0248      |
|    n_updates            | 450          |
|    policy_gradient_loss | -0.0271      |
|    std                  | 0.805        |
|    value_loss           | 0.0101       |
------------------------------------------
-----------------------------------------
| rollout/                |             |
|    ep_len_mean          | 81.1        |
|    ep_rew_mean          | -33.1       |
| time/                   |             |
|    fps                  | 64          |
|    iterations           | 47          |
|    time_elapsed         | 1502        |
|    total_timesteps      | 96256       |
| train/                  |             |
|    approx_kl            | 0.013996496 |
|    clip_fraction        | 0.171       |
|    clip_range           | 0.2         |
|    entropy_loss         | -8.38       |
|    explained_variance   | 0.46        |
|    learning_rate        | 0.0003      |
|    loss                 | -0.0572     |
|    n_updates            | 460         |
|    policy_gradient_loss | -0.0239     |
|    std                  | 0.803       |
|    value_loss           | 0.00742     |
-----------------------------------------
-----------------------------------------
| rollout/                |             |
|    ep_len_mean          | 67.8        |
|    ep_rew_mean          | -20.6       |
| time/                   |             |
|    fps                  | 63          |
|    iterations           | 48          |
|    time_elapsed         | 1537        |
|    total_timesteps      | 98304       |
| train/                  |             |
|    approx_kl            | 0.014033872 |
|    clip_fraction        | 0.167       |
|    clip_range           | 0.2         |
|    entropy_loss         | -8.34       |
|    explained_variance   | 0.325       |
|    learning_rate        | 0.0003      |
|    loss                 | -0.0151     |
|    n_updates            | 470         |
|    policy_gradient_loss | -0.0213     |
|    std                  | 0.797       |
|    value_loss           | 0.00717     |
-----------------------------------------
------------------------------------------
| rollout/                |              |
|    ep_len_mean          | 68.6         |
|    ep_rew_mean          | -22.6        |
| time/                   |              |
|    fps                  | 63           |
|    iterations           | 49           |
|    time_elapsed         | 1572         |
|    total_timesteps      | 100352       |
| train/                  |              |
|    approx_kl            | 0.0154379485 |
|    clip_fraction        | 0.193        |
|    clip_range           | 0.2          |
|    entropy_loss         | -8.28        |
|    explained_variance   | 0.403        |
|    learning_rate        | 0.0003       |
|    loss                 | -0.00215     |
|    n_updates            | 480          |
|    policy_gradient_loss | -0.0267      |
|    std                  | 0.79         |
|    value_loss           | 0.00716      |
------------------------------------------
-----------------------------------------
| rollout/                |             |
|    ep_len_mean          | 58.5        |
|    ep_rew_mean          | -16.7       |
| time/                   |             |
|    fps                  | 63          |
|    iterations           | 50          |
|    time_elapsed         | 1608        |
|    total_timesteps      | 102400      |
| train/                  |             |
|    approx_kl            | 0.016317671 |
|    clip_fraction        | 0.185       |
|    clip_range           | 0.2         |
|    entropy_loss         | -8.21       |
|    explained_variance   | 0.809       |
|    learning_rate        | 0.0003      |
|    loss                 | -0.0336     |
|    n_updates            | 490         |
|    policy_gradient_loss | -0.0257     |
|    std                  | 0.78        |
|    value_loss           | 0.00607     |
-----------------------------------------
-----------------------------------------
| rollout/                |             |
|    ep_len_mean          | 52.6        |
|    ep_rew_mean          | -11.6       |
| time/                   |             |
|    fps                  | 63          |
|    iterations           | 51          |
|    time_elapsed         | 1643        |
|    total_timesteps      | 104448      |
| train/                  |             |
|    approx_kl            | 0.017362606 |
|    clip_fraction        | 0.196       |
|    clip_range           | 0.2         |
|    entropy_loss         | -8.13       |
|    explained_variance   | 0.335       |
|    learning_rate        | 0.0003      |
|    loss                 | -0.0224     |
|    n_updates            | 500         |
|    policy_gradient_loss | -0.0283     |
|    std                  | 0.772       |
|    value_loss           | 0.0044      |
-----------------------------------------
-----------------------------------------
| rollout/                |             |
|    ep_len_mean          | 51.1        |
|    ep_rew_mean          | -12.6       |
| time/                   |             |
|    fps                  | 63          |
|    iterations           | 52          |
|    time_elapsed         | 1679        |
|    total_timesteps      | 106496      |
| train/                  |             |
|    approx_kl            | 0.016324418 |
|    clip_fraction        | 0.179       |
|    clip_range           | 0.2         |
|    entropy_loss         | -8.07       |
|    explained_variance   | 0.366       |
|    learning_rate        | 0.0003      |
|    loss                 | -0.044      |
|    n_updates            | 510         |
|    policy_gradient_loss | -0.0274     |
|    std                  | 0.766       |
|    value_loss           | 0.00492     |
-----------------------------------------
-----------------------------------------
| rollout/                |             |
|    ep_len_mean          | 51.8        |
|    ep_rew_mean          | -11.9       |
| time/                   |             |
|    fps                  | 63          |
|    iterations           | 53          |
|    time_elapsed         | 1714        |
|    total_timesteps      | 108544      |
| train/                  |             |
|    approx_kl            | 0.015781334 |
|    clip_fraction        | 0.176       |
|    clip_range           | 0.2         |
|    entropy_loss         | -8.03       |
|    explained_variance   | 0.424       |
|    learning_rate        | 0.0003      |
|    loss                 | -0.0192     |
|    n_updates            | 520         |
|    policy_gradient_loss | -0.0253     |
|    std                  | 0.764       |
|    value_loss           | 0.00555     |
-----------------------------------------
-----------------------------------------
| rollout/                |             |
|    ep_len_mean          | 47.8        |
|    ep_rew_mean          | -9.25       |
| time/                   |             |
|    fps                  | 63          |
|    iterations           | 54          |
|    time_elapsed         | 1751        |
|    total_timesteps      | 110592      |
| train/                  |             |
|    approx_kl            | 0.017495044 |
|    clip_fraction        | 0.2         |
|    clip_range           | 0.2         |
|    entropy_loss         | -8          |
|    explained_variance   | 0.383       |
|    learning_rate        | 0.0003      |
|    loss                 | -0.0679     |
|    n_updates            | 530         |
|    policy_gradient_loss | -0.025      |
|    std                  | 0.76        |
|    value_loss           | 0.00422     |
-----------------------------------------
----------------------------------------
| rollout/                |            |
|    ep_len_mean          | 45.1       |
|    ep_rew_mean          | -7.26      |
| time/                   |            |
|    fps                  | 62         |
|    iterations           | 55         |
|    time_elapsed         | 1787       |
|    total_timesteps      | 112640     |
| train/                  |            |
|    approx_kl            | 0.01603419 |
|    clip_fraction        | 0.184      |
|    clip_range           | 0.2        |
|    entropy_loss         | -7.98      |
|    explained_variance   | 0.441      |
|    learning_rate        | 0.0003     |
|    loss                 | -0.0401    |
|    n_updates            | 540        |
|    policy_gradient_loss | -0.0256    |
|    std                  | 0.759      |
|    value_loss           | 0.00512    |
----------------------------------------
-----------------------------------------
| rollout/                |             |
|    ep_len_mean          | 48.3        |
|    ep_rew_mean          | -8.82       |
| time/                   |             |
|    fps                  | 62          |
|    iterations           | 56          |
|    time_elapsed         | 1824        |
|    total_timesteps      | 114688      |
| train/                  |             |
|    approx_kl            | 0.013461926 |
|    clip_fraction        | 0.186       |
|    clip_range           | 0.2         |
|    entropy_loss         | -7.95       |
|    explained_variance   | 0.395       |
|    learning_rate        | 0.0003      |
|    loss                 | -0.000698   |
|    n_updates            | 550         |
|    policy_gradient_loss | -0.0249     |
|    std                  | 0.755       |
|    value_loss           | 0.00321     |
-----------------------------------------
-----------------------------------------
| rollout/                |             |
|    ep_len_mean          | 41.8        |
|    ep_rew_mean          | -6.37       |
| time/                   |             |
|    fps                  | 62          |
|    iterations           | 57          |
|    time_elapsed         | 1861        |
|    total_timesteps      | 116736      |
| train/                  |             |
|    approx_kl            | 0.015833054 |
|    clip_fraction        | 0.182       |
|    clip_range           | 0.2         |
|    entropy_loss         | -7.91       |
|    explained_variance   | 0.393       |
|    learning_rate        | 0.0003      |
|    loss                 | -0.0423     |
|    n_updates            | 560         |
|    policy_gradient_loss | -0.0255     |
|    std                  | 0.749       |
|    value_loss           | 0.00401     |
-----------------------------------------
-----------------------------------------
| rollout/                |             |
|    ep_len_mean          | 43.9        |
|    ep_rew_mean          | -6.17       |
| time/                   |             |
|    fps                  | 62          |
|    iterations           | 58          |
|    time_elapsed         | 1897        |
|    total_timesteps      | 118784      |
| train/                  |             |
|    approx_kl            | 0.017956091 |
|    clip_fraction        | 0.241       |
|    clip_range           | 0.2         |
|    entropy_loss         | -7.85       |
|    explained_variance   | 0.25        |
|    learning_rate        | 0.0003      |
|    loss                 | -0.0353     |
|    n_updates            | 570         |
|    policy_gradient_loss | -0.0274     |
|    std                  | 0.743       |
|    value_loss           | 0.00359     |
-----------------------------------------
----------------------------------------
| rollout/                |            |
|    ep_len_mean          | 44.1       |
|    ep_rew_mean          | -6.73      |
| time/                   |            |
|    fps                  | 62         |
|    iterations           | 59         |
|    time_elapsed         | 1933       |
|    total_timesteps      | 120832     |
| train/                  |            |
|    approx_kl            | 0.01788915 |
|    clip_fraction        | 0.199      |
|    clip_range           | 0.2        |
|    entropy_loss         | -7.79      |
|    explained_variance   | 0.252      |
|    learning_rate        | 0.0003     |
|    loss                 | -0.0439    |
|    n_updates            | 580        |
|    policy_gradient_loss | -0.0277    |
|    std                  | 0.738      |
|    value_loss           | 0.0034     |
----------------------------------------
----------------------------------------
| rollout/                |            |
|    ep_len_mean          | 42.3       |
|    ep_rew_mean          | -7.23      |
| time/                   |            |
|    fps                  | 62         |
|    iterations           | 60         |
|    time_elapsed         | 1970       |
|    total_timesteps      | 122880     |
| train/                  |            |
|    approx_kl            | 0.01771459 |
|    clip_fraction        | 0.208      |
|    clip_range           | 0.2        |
|    entropy_loss         | -7.75      |
|    explained_variance   | 0.382      |
|    learning_rate        | 0.0003     |
|    loss                 | -0.0525    |
|    n_updates            | 590        |
|    policy_gradient_loss | -0.0302    |
|    std                  | 0.734      |
|    value_loss           | 0.00363    |
----------------------------------------
-----------------------------------------
| rollout/                |             |
|    ep_len_mean          | 38.9        |
|    ep_rew_mean          | -4.57       |
| time/                   |             |
|    fps                  | 62          |
|    iterations           | 61          |
|    time_elapsed         | 2007        |
|    total_timesteps      | 124928      |
| train/                  |             |
|    approx_kl            | 0.015280239 |
|    clip_fraction        | 0.191       |
|    clip_range           | 0.2         |
|    entropy_loss         | -7.68       |
|    explained_variance   | 0.367       |
|    learning_rate        | 0.0003      |
|    loss                 | -0.0485     |
|    n_updates            | 600         |
|    policy_gradient_loss | -0.0277     |
|    std                  | 0.725       |
|    value_loss           | 0.00318     |
-----------------------------------------
-----------------------------------------
| rollout/                |             |
|    ep_len_mean          | 33.3        |
|    ep_rew_mean          | -1.52       |
| time/                   |             |
|    fps                  | 62          |
|    iterations           | 62          |
|    time_elapsed         | 2045        |
|    total_timesteps      | 126976      |
| train/                  |             |
|    approx_kl            | 0.014904277 |
|    clip_fraction        | 0.182       |
|    clip_range           | 0.2         |
|    entropy_loss         | -7.61       |
|    explained_variance   | 0.317       |
|    learning_rate        | 0.0003      |
|    loss                 | -0.0638     |
|    n_updates            | 610         |
|    policy_gradient_loss | -0.0239     |
|    std                  | 0.72        |
|    value_loss           | 0.00273     |
-----------------------------------------
-----------------------------------------
| rollout/                |             |
|    ep_len_mean          | 32.4        |
|    ep_rew_mean          | -0.786      |
| time/                   |             |
|    fps                  | 61          |
|    iterations           | 63          |
|    time_elapsed         | 2083        |
|    total_timesteps      | 129024      |
| train/                  |             |
|    approx_kl            | 0.020767035 |
|    clip_fraction        | 0.233       |
|    clip_range           | 0.2         |
|    entropy_loss         | -7.54       |
|    explained_variance   | 0.243       |
|    learning_rate        | 0.0003      |
|    loss                 | -0.0353     |
|    n_updates            | 620         |
|    policy_gradient_loss | -0.0292     |
|    std                  | 0.712       |
|    value_loss           | 0.00282     |
-----------------------------------------
-----------------------------------------
| rollout/                |             |
|    ep_len_mean          | 30.7        |
|    ep_rew_mean          | -0.648      |
| time/                   |             |
|    fps                  | 61          |
|    iterations           | 64          |
|    time_elapsed         | 2121        |
|    total_timesteps      | 131072      |
| train/                  |             |
|    approx_kl            | 0.016603922 |
|    clip_fraction        | 0.192       |
|    clip_range           | 0.2         |
|    entropy_loss         | -7.49       |
|    explained_variance   | 0.317       |
|    learning_rate        | 0.0003      |
|    loss                 | -0.0195     |
|    n_updates            | 630         |
|    policy_gradient_loss | -0.0256     |
|    std                  | 0.708       |
|    value_loss           | 0.00194     |
-----------------------------------------
-----------------------------------------
| rollout/                |             |
|    ep_len_mean          | 34.5        |
|    ep_rew_mean          | -2.51       |
| time/                   |             |
|    fps                  | 61          |
|    iterations           | 65          |
|    time_elapsed         | 2161        |
|    total_timesteps      | 133120      |
| train/                  |             |
|    approx_kl            | 0.017616222 |
|    clip_fraction        | 0.216       |
|    clip_range           | 0.2         |
|    entropy_loss         | -7.44       |
|    explained_variance   | 0.224       |
|    learning_rate        | 0.0003      |
|    loss                 | -0.0233     |
|    n_updates            | 640         |
|    policy_gradient_loss | -0.028      |
|    std                  | 0.702       |
|    value_loss           | 0.00239     |
-----------------------------------------
-----------------------------------------
| rollout/                |             |
|    ep_len_mean          | 26.6        |
|    ep_rew_mean          | 1.16        |
| time/                   |             |
|    fps                  | 61          |
|    iterations           | 66          |
|    time_elapsed         | 2203        |
|    total_timesteps      | 135168      |
| train/                  |             |
|    approx_kl            | 0.016406875 |
|    clip_fraction        | 0.21        |
|    clip_range           | 0.2         |
|    entropy_loss         | -7.39       |
|    explained_variance   | 0.332       |
|    learning_rate        | 0.0003      |
|    loss                 | -0.0351     |
|    n_updates            | 650         |
|    policy_gradient_loss | -0.0265     |
|    std                  | 0.698       |
|    value_loss           | 0.0025      |
-----------------------------------------
----------------------------------------
| rollout/                |            |
|    ep_len_mean          | 27.9       |
|    ep_rew_mean          | 0.226      |
| time/                   |            |
|    fps                  | 61         |
|    iterations           | 67         |
|    time_elapsed         | 2245       |
|    total_timesteps      | 137216     |
| train/                  |            |
|    approx_kl            | 0.01692829 |
|    clip_fraction        | 0.218      |
|    clip_range           | 0.2        |
|    entropy_loss         | -7.38      |
|    explained_variance   | 0.344      |
|    learning_rate        | 0.0003     |
|    loss                 | -0.011     |
|    n_updates            | 660        |
|    policy_gradient_loss | -0.0286    |
|    std                  | 0.698      |
|    value_loss           | 0.00205    |
----------------------------------------
-----------------------------------------
| rollout/                |             |
|    ep_len_mean          | 28.7        |
|    ep_rew_mean          | 0.338       |
| time/                   |             |
|    fps                  | 60          |
|    iterations           | 68          |
|    time_elapsed         | 2285        |
|    total_timesteps      | 139264      |
| train/                  |             |
|    approx_kl            | 0.016928688 |
|    clip_fraction        | 0.211       |
|    clip_range           | 0.2         |
|    entropy_loss         | -7.33       |
|    explained_variance   | 0.23        |
|    learning_rate        | 0.0003      |
|    loss                 | -0.0292     |
|    n_updates            | 670         |
|    policy_gradient_loss | -0.0281     |
|    std                  | 0.692       |
|    value_loss           | 0.00301     |
-----------------------------------------
-----------------------------------------
| rollout/                |             |
|    ep_len_mean          | 29.4        |
|    ep_rew_mean          | 0.372       |
| time/                   |             |
|    fps                  | 60          |
|    iterations           | 69          |
|    time_elapsed         | 2326        |
|    total_timesteps      | 141312      |
| train/                  |             |
|    approx_kl            | 0.017230332 |
|    clip_fraction        | 0.195       |
|    clip_range           | 0.2         |
|    entropy_loss         | -7.27       |
|    explained_variance   | 0.28        |
|    learning_rate        | 0.0003      |
|    loss                 | -0.0545     |
|    n_updates            | 680         |
|    policy_gradient_loss | -0.0265     |
|    std                  | 0.686       |
|    value_loss           | 0.00249     |
-----------------------------------------
-----------------------------------------
| rollout/                |             |
|    ep_len_mean          | 28.6        |
|    ep_rew_mean          | 0.573       |
| time/                   |             |
|    fps                  | 60          |
|    iterations           | 70          |
|    time_elapsed         | 2369        |
|    total_timesteps      | 143360      |
| train/                  |             |
|    approx_kl            | 0.016270217 |
|    clip_fraction        | 0.199       |
|    clip_range           | 0.2         |
|    entropy_loss         | -7.21       |
|    explained_variance   | 0.246       |
|    learning_rate        | 0.0003      |
|    loss                 | -0.0559     |
|    n_updates            | 690         |
|    policy_gradient_loss | -0.0297     |
|    std                  | 0.681       |
|    value_loss           | 0.00247     |
-----------------------------------------
-----------------------------------------
| rollout/                |             |
|    ep_len_mean          | 25.5        |
|    ep_rew_mean          | 1.78        |
| time/                   |             |
|    fps                  | 60          |
|    iterations           | 71          |
|    time_elapsed         | 2408        |
|    total_timesteps      | 145408      |
| train/                  |             |
|    approx_kl            | 0.017928857 |
|    clip_fraction        | 0.205       |
|    clip_range           | 0.2         |
|    entropy_loss         | -7.18       |
|    explained_variance   | 0.294       |
|    learning_rate        | 0.0003      |
|    loss                 | -0.0509     |
|    n_updates            | 700         |
|    policy_gradient_loss | -0.0294     |
|    std                  | 0.678       |
|    value_loss           | 0.00262     |
-----------------------------------------
-----------------------------------------
| rollout/                |             |
|    ep_len_mean          | 24.7        |
|    ep_rew_mean          | 2.42        |
| time/                   |             |
|    fps                  | 60          |
|    iterations           | 72          |
|    time_elapsed         | 2448        |
|    total_timesteps      | 147456      |
| train/                  |             |
|    approx_kl            | 0.016469635 |
|    clip_fraction        | 0.193       |
|    clip_range           | 0.2         |
|    entropy_loss         | -7.12       |
|    explained_variance   | 0.0664      |
|    learning_rate        | 0.0003      |
|    loss                 | -0.0239     |
|    n_updates            | 710         |
|    policy_gradient_loss | -0.0251     |
|    std                  | 0.671       |
|    value_loss           | 0.00172     |
-----------------------------------------
-----------------------------------------
| rollout/                |             |
|    ep_len_mean          | 26.7        |
|    ep_rew_mean          | 1.87        |
| time/                   |             |
|    fps                  | 60          |
|    iterations           | 73          |
|    time_elapsed         | 2487        |
|    total_timesteps      | 149504      |
| train/                  |             |
|    approx_kl            | 0.019421516 |
|    clip_fraction        | 0.222       |
|    clip_range           | 0.2         |
|    entropy_loss         | -7.1        |
|    explained_variance   | 0.163       |
|    learning_rate        | 0.0003      |
|    loss                 | -0.0217     |
|    n_updates            | 720         |
|    policy_gradient_loss | -0.0255     |
|    std                  | 0.672       |
|    value_loss           | 0.00149     |
-----------------------------------------
----------------------------------------
| rollout/                |            |
|    ep_len_mean          | 22.2       |
|    ep_rew_mean          | 3.41       |
| time/                   |            |
|    fps                  | 59         |
|    iterations           | 74         |
|    time_elapsed         | 2527       |
|    total_timesteps      | 151552     |
| train/                  |            |
|    approx_kl            | 0.01721981 |
|    clip_fraction        | 0.211      |
|    clip_range           | 0.2        |
|    entropy_loss         | -7.1       |
|    explained_variance   | 0.451      |
|    learning_rate        | 0.0003     |
|    loss                 | -0.0291    |
|    n_updates            | 730        |
|    policy_gradient_loss | -0.0292    |
|    std                  | 0.673      |
|    value_loss           | 0.00141    |
----------------------------------------
-----------------------------------------
| rollout/                |             |
|    ep_len_mean          | 27.1        |
|    ep_rew_mean          | 1.43        |
| time/                   |             |
|    fps                  | 59          |
|    iterations           | 75          |
|    time_elapsed         | 2565        |
|    total_timesteps      | 153600      |
| train/                  |             |
|    approx_kl            | 0.020407736 |
|    clip_fraction        | 0.226       |
|    clip_range           | 0.2         |
|    entropy_loss         | -7.07       |
|    explained_variance   | 0.0927      |
|    learning_rate        | 0.0003      |
|    loss                 | -0.0414     |
|    n_updates            | 740         |
|    policy_gradient_loss | -0.0261     |
|    std                  | 0.668       |
|    value_loss           | 0.0016      |
-----------------------------------------
-----------------------------------------
| rollout/                |             |
|    ep_len_mean          | 24.8        |
|    ep_rew_mean          | 2.03        |
| time/                   |             |
|    fps                  | 59          |
|    iterations           | 76          |
|    time_elapsed         | 2605        |
|    total_timesteps      | 155648      |
| train/                  |             |
|    approx_kl            | 0.016272007 |
|    clip_fraction        | 0.203       |
|    clip_range           | 0.2         |
|    entropy_loss         | -7.03       |
|    explained_variance   | 0.335       |
|    learning_rate        | 0.0003      |
|    loss                 | -0.0534     |
|    n_updates            | 750         |
|    policy_gradient_loss | -0.0277     |
|    std                  | 0.666       |
|    value_loss           | 0.00187     |
-----------------------------------------
-----------------------------------------
| rollout/                |             |
|    ep_len_mean          | 25.1        |
|    ep_rew_mean          | 2.21        |
| time/                   |             |
|    fps                  | 59          |
|    iterations           | 77          |
|    time_elapsed         | 2644        |
|    total_timesteps      | 157696      |
| train/                  |             |
|    approx_kl            | 0.020626303 |
|    clip_fraction        | 0.238       |
|    clip_range           | 0.2         |
|    entropy_loss         | -6.99       |
|    explained_variance   | 0.188       |
|    learning_rate        | 0.0003      |
|    loss                 | -0.0682     |
|    n_updates            | 760         |
|    policy_gradient_loss | -0.027      |
|    std                  | 0.661       |
|    value_loss           | 0.00154     |
-----------------------------------------
-----------------------------------------
| rollout/                |             |
|    ep_len_mean          | 24          |
|    ep_rew_mean          | 3.17        |
| time/                   |             |
|    fps                  | 59          |
|    iterations           | 78          |
|    time_elapsed         | 2684        |
|    total_timesteps      | 159744      |
| train/                  |             |
|    approx_kl            | 0.016012346 |
|    clip_fraction        | 0.196       |
|    clip_range           | 0.2         |
|    entropy_loss         | -6.94       |
|    explained_variance   | 0.25        |
|    learning_rate        | 0.0003      |
|    loss                 | -0.0532     |
|    n_updates            | 770         |
|    policy_gradient_loss | -0.0239     |
|    std                  | 0.656       |
|    value_loss           | 0.00132     |
-----------------------------------------
-----------------------------------------
| rollout/                |             |
|    ep_len_mean          | 22.1        |
|    ep_rew_mean          | 3.6         |
| time/                   |             |
|    fps                  | 59          |
|    iterations           | 79          |
|    time_elapsed         | 2724        |
|    total_timesteps      | 161792      |
| train/                  |             |
|    approx_kl            | 0.020550957 |
|    clip_fraction        | 0.234       |
|    clip_range           | 0.2         |
|    entropy_loss         | -6.89       |
|    explained_variance   | 0.504       |
|    learning_rate        | 0.0003      |
|    loss                 | -0.0574     |
|    n_updates            | 780         |
|    policy_gradient_loss | -0.0303     |
|    std                  | 0.652       |
|    value_loss           | 0.00147     |
-----------------------------------------
-----------------------------------------
| rollout/                |             |
|    ep_len_mean          | 22.5        |
|    ep_rew_mean          | 3.71        |
| time/                   |             |
|    fps                  | 59          |
|    iterations           | 80          |
|    time_elapsed         | 2765        |
|    total_timesteps      | 163840      |
| train/                  |             |
|    approx_kl            | 0.017424006 |
|    clip_fraction        | 0.211       |
|    clip_range           | 0.2         |
|    entropy_loss         | -6.85       |
|    explained_variance   | 0.242       |
|    learning_rate        | 0.0003      |
|    loss                 | -0.0374     |
|    n_updates            | 790         |
|    policy_gradient_loss | -0.0254     |
|    std                  | 0.648       |
|    value_loss           | 0.00159     |
-----------------------------------------
-----------------------------------------
| rollout/                |             |
|    ep_len_mean          | 22.4        |
|    ep_rew_mean          | 3.57        |
| time/                   |             |
|    fps                  | 59          |
|    iterations           | 81          |
|    time_elapsed         | 2805        |
|    total_timesteps      | 165888      |
| train/                  |             |
|    approx_kl            | 0.019728996 |
|    clip_fraction        | 0.243       |
|    clip_range           | 0.2         |
|    entropy_loss         | -6.82       |
|    explained_variance   | 0.145       |
|    learning_rate        | 0.0003      |
|    loss                 | -0.0545     |
|    n_updates            | 800         |
|    policy_gradient_loss | -0.0318     |
|    std                  | 0.646       |
|    value_loss           | 0.00134     |
-----------------------------------------
-----------------------------------------
| rollout/                |             |
|    ep_len_mean          | 20.9        |
|    ep_rew_mean          | 4.28        |
| time/                   |             |
|    fps                  | 59          |
|    iterations           | 82          |
|    time_elapsed         | 2846        |
|    total_timesteps      | 167936      |
| train/                  |             |
|    approx_kl            | 0.019658815 |
|    clip_fraction        | 0.246       |
|    clip_range           | 0.2         |
|    entropy_loss         | -6.78       |
|    explained_variance   | 0.22        |
|    learning_rate        | 0.0003      |
|    loss                 | -0.0505     |
|    n_updates            | 810         |
|    policy_gradient_loss | -0.0289     |
|    std                  | 0.642       |
|    value_loss           | 0.000943    |
-----------------------------------------
-----------------------------------------
| rollout/                |             |
|    ep_len_mean          | 20.1        |
|    ep_rew_mean          | 4.71        |
| time/                   |             |
|    fps                  | 58          |
|    iterations           | 83          |
|    time_elapsed         | 2887        |
|    total_timesteps      | 169984      |
| train/                  |             |
|    approx_kl            | 0.021809941 |
|    clip_fraction        | 0.253       |
|    clip_range           | 0.2         |
|    entropy_loss         | -6.72       |
|    explained_variance   | 0.268       |
|    learning_rate        | 0.0003      |
|    loss                 | -0.0478     |
|    n_updates            | 820         |
|    policy_gradient_loss | -0.029      |
|    std                  | 0.637       |
|    value_loss           | 0.00117     |
-----------------------------------------
-----------------------------------------
| rollout/                |             |
|    ep_len_mean          | 21.7        |
|    ep_rew_mean          | 4.05        |
| time/                   |             |
|    fps                  | 58          |
|    iterations           | 84          |
|    time_elapsed         | 2927        |
|    total_timesteps      | 172032      |
| train/                  |             |
|    approx_kl            | 0.021044228 |
|    clip_fraction        | 0.225       |
|    clip_range           | 0.2         |
|    entropy_loss         | -6.72       |
|    explained_variance   | 0.229       |
|    learning_rate        | 0.0003      |
|    loss                 | -0.067      |
|    n_updates            | 830         |
|    policy_gradient_loss | -0.0281     |
|    std                  | 0.639       |
|    value_loss           | 0.00069     |
-----------------------------------------
----------------------------------------
| rollout/                |            |
|    ep_len_mean          | 19.6       |
|    ep_rew_mean          | 4.77       |
| time/                   |            |
|    fps                  | 58         |
|    iterations           | 85         |
|    time_elapsed         | 2969       |
|    total_timesteps      | 174080     |
| train/                  |            |
|    approx_kl            | 0.01859045 |
|    clip_fraction        | 0.212      |
|    clip_range           | 0.2        |
|    entropy_loss         | -6.7       |
|    explained_variance   | 0.203      |
|    learning_rate        | 0.0003     |
|    loss                 | -0.0193    |
|    n_updates            | 840        |
|    policy_gradient_loss | -0.0279    |
|    std                  | 0.634      |
|    value_loss           | 0.000908   |
----------------------------------------
-----------------------------------------
| rollout/                |             |
|    ep_len_mean          | 20.4        |
|    ep_rew_mean          | 4.45        |
| time/                   |             |
|    fps                  | 58          |
|    iterations           | 86          |
|    time_elapsed         | 3010        |
|    total_timesteps      | 176128      |
| train/                  |             |
|    approx_kl            | 0.019902427 |
|    clip_fraction        | 0.236       |
|    clip_range           | 0.2         |
|    entropy_loss         | -6.65       |
|    explained_variance   | 0.203       |
|    learning_rate        | 0.0003      |
|    loss                 | -0.055      |
|    n_updates            | 850         |
|    policy_gradient_loss | -0.026      |
|    std                  | 0.63        |
|    value_loss           | 0.000991    |
-----------------------------------------
-----------------------------------------
| rollout/                |             |
|    ep_len_mean          | 18.9        |
|    ep_rew_mean          | 5.16        |
| time/                   |             |
|    fps                  | 58          |
|    iterations           | 87          |
|    time_elapsed         | 3051        |
|    total_timesteps      | 178176      |
| train/                  |             |
|    approx_kl            | 0.017665297 |
|    clip_fraction        | 0.224       |
|    clip_range           | 0.2         |
|    entropy_loss         | -6.6        |
|    explained_variance   | 0.255       |
|    learning_rate        | 0.0003      |
|    loss                 | -0.0376     |
|    n_updates            | 860         |
|    policy_gradient_loss | -0.0282     |
|    std                  | 0.626       |
|    value_loss           | 0.000977    |
-----------------------------------------
-----------------------------------------
| rollout/                |             |
|    ep_len_mean          | 19.2        |
|    ep_rew_mean          | 4.46        |
| time/                   |             |
|    fps                  | 58          |
|    iterations           | 88          |
|    time_elapsed         | 3092        |
|    total_timesteps      | 180224      |
| train/                  |             |
|    approx_kl            | 0.017746672 |
|    clip_fraction        | 0.217       |
|    clip_range           | 0.2         |
|    entropy_loss         | -6.55       |
|    explained_variance   | 0.245       |
|    learning_rate        | 0.0003      |
|    loss                 | -0.0276     |
|    n_updates            | 870         |
|    policy_gradient_loss | -0.0245     |
|    std                  | 0.622       |
|    value_loss           | 0.000704    |
-----------------------------------------
-----------------------------------------
| rollout/                |             |
|    ep_len_mean          | 17.7        |
|    ep_rew_mean          | 5.38        |
| time/                   |             |
|    fps                  | 58          |
|    iterations           | 89          |
|    time_elapsed         | 3135        |
|    total_timesteps      | 182272      |
| train/                  |             |
|    approx_kl            | 0.018987855 |
|    clip_fraction        | 0.224       |
|    clip_range           | 0.2         |
|    entropy_loss         | -6.52       |
|    explained_variance   | 0.438       |
|    learning_rate        | 0.0003      |
|    loss                 | -0.0133     |
|    n_updates            | 880         |
|    policy_gradient_loss | -0.0242     |
|    std                  | 0.62        |
|    value_loss           | 0.00128     |
-----------------------------------------
-----------------------------------------
| rollout/                |             |
|    ep_len_mean          | 19.9        |
|    ep_rew_mean          | 4.9         |
| time/                   |             |
|    fps                  | 58          |
|    iterations           | 90          |
|    time_elapsed         | 3176        |
|    total_timesteps      | 184320      |
| train/                  |             |
|    approx_kl            | 0.019483563 |
|    clip_fraction        | 0.232       |
|    clip_range           | 0.2         |
|    entropy_loss         | -6.47       |
|    explained_variance   | 0.229       |
|    learning_rate        | 0.0003      |
|    loss                 | -0.0502     |
|    n_updates            | 890         |
|    policy_gradient_loss | -0.0305     |
|    std                  | 0.614       |
|    value_loss           | 0.000874    |
-----------------------------------------
-----------------------------------------
| rollout/                |             |
|    ep_len_mean          | 18.9        |
|    ep_rew_mean          | 4.99        |
| time/                   |             |
|    fps                  | 57          |
|    iterations           | 91          |
|    time_elapsed         | 3218        |
|    total_timesteps      | 186368      |
| train/                  |             |
|    approx_kl            | 0.022097487 |
|    clip_fraction        | 0.241       |
|    clip_range           | 0.2         |
|    entropy_loss         | -6.41       |
|    explained_variance   | 0.265       |
|    learning_rate        | 0.0003      |
|    loss                 | -0.0579     |
|    n_updates            | 900         |
|    policy_gradient_loss | -0.0303     |
|    std                  | 0.611       |
|    value_loss           | 0.000859    |
-----------------------------------------
----------------------------------------
| rollout/                |            |
|    ep_len_mean          | 18.4       |
|    ep_rew_mean          | 5.32       |
| time/                   |            |
|    fps                  | 57         |
|    iterations           | 92         |
|    time_elapsed         | 3259       |
|    total_timesteps      | 188416     |
| train/                  |            |
|    approx_kl            | 0.01882029 |
|    clip_fraction        | 0.231      |
|    clip_range           | 0.2        |
|    entropy_loss         | -6.36      |
|    explained_variance   | 0.196      |
|    learning_rate        | 0.0003     |
|    loss                 | -0.0272    |
|    n_updates            | 910        |
|    policy_gradient_loss | -0.0283    |
|    std                  | 0.605      |
|    value_loss           | 0.000866   |
----------------------------------------
-----------------------------------------
| rollout/                |             |
|    ep_len_mean          | 17.3        |
|    ep_rew_mean          | 5.63        |
| time/                   |             |
|    fps                  | 57          |
|    iterations           | 93          |
|    time_elapsed         | 3301        |
|    total_timesteps      | 190464      |
| train/                  |             |
|    approx_kl            | 0.020993024 |
|    clip_fraction        | 0.255       |
|    clip_range           | 0.2         |
|    entropy_loss         | -6.3        |
|    explained_variance   | 0.299       |
|    learning_rate        | 0.0003      |
|    loss                 | -0.0328     |
|    n_updates            | 920         |
|    policy_gradient_loss | -0.0284     |
|    std                  | 0.601       |
|    value_loss           | 0.000764    |
-----------------------------------------
-----------------------------------------
| rollout/                |             |
|    ep_len_mean          | 18.6        |
|    ep_rew_mean          | 5.36        |
| time/                   |             |
|    fps                  | 57          |
|    iterations           | 94          |
|    time_elapsed         | 3343        |
|    total_timesteps      | 192512      |
| train/                  |             |
|    approx_kl            | 0.020132178 |
|    clip_fraction        | 0.234       |
|    clip_range           | 0.2         |
|    entropy_loss         | -6.26       |
|    explained_variance   | 0.244       |
|    learning_rate        | 0.0003      |
|    loss                 | -0.0341     |
|    n_updates            | 930         |
|    policy_gradient_loss | -0.026      |
|    std                  | 0.597       |
|    value_loss           | 0.000695    |
-----------------------------------------
-----------------------------------------
| rollout/                |             |
|    ep_len_mean          | 17.3        |
|    ep_rew_mean          | 5.6         |
| time/                   |             |
|    fps                  | 57          |
|    iterations           | 95          |
|    time_elapsed         | 3385        |
|    total_timesteps      | 194560      |
| train/                  |             |
|    approx_kl            | 0.019052098 |
|    clip_fraction        | 0.244       |
|    clip_range           | 0.2         |
|    entropy_loss         | -6.19       |
|    explained_variance   | 0.286       |
|    learning_rate        | 0.0003      |
|    loss                 | -0.054      |
|    n_updates            | 940         |
|    policy_gradient_loss | -0.0295     |
|    std                  | 0.591       |
|    value_loss           | 0.000692    |
-----------------------------------------
-----------------------------------------
| rollout/                |             |
|    ep_len_mean          | 18.2        |
|    ep_rew_mean          | 5.66        |
| time/                   |             |
|    fps                  | 57          |
|    iterations           | 96          |
|    time_elapsed         | 3427        |
|    total_timesteps      | 196608      |
| train/                  |             |
|    approx_kl            | 0.022626527 |
|    clip_fraction        | 0.259       |
|    clip_range           | 0.2         |
|    entropy_loss         | -6.13       |
|    explained_variance   | 0.266       |
|    learning_rate        | 0.0003      |
|    loss                 | -0.0497     |
|    n_updates            | 950         |
|    policy_gradient_loss | -0.0276     |
|    std                  | 0.586       |
|    value_loss           | 0.000858    |
-----------------------------------------
-----------------------------------------
| rollout/                |             |
|    ep_len_mean          | 18.8        |
|    ep_rew_mean          | 5.11        |
| time/                   |             |
|    fps                  | 57          |
|    iterations           | 97          |
|    time_elapsed         | 3469        |
|    total_timesteps      | 198656      |
| train/                  |             |
|    approx_kl            | 0.023099357 |
|    clip_fraction        | 0.252       |
|    clip_range           | 0.2         |
|    entropy_loss         | -6.11       |
|    explained_variance   | 0.238       |
|    learning_rate        | 0.0003      |
|    loss                 | -0.0527     |
|    n_updates            | 960         |
|    policy_gradient_loss | -0.0278     |
|    std                  | 0.586       |
|    value_loss           | 0.000768    |
-----------------------------------------
-----------------------------------------
| rollout/                |             |
|    ep_len_mean          | 17.9        |
|    ep_rew_mean          | 5.49        |
| time/                   |             |
|    fps                  | 57          |
|    iterations           | 98          |
|    time_elapsed         | 3511        |
|    total_timesteps      | 200704      |
| train/                  |             |
|    approx_kl            | 0.023314537 |
|    clip_fraction        | 0.254       |
|    clip_range           | 0.2         |
|    entropy_loss         | -6.09       |
|    explained_variance   | 0.189       |
|    learning_rate        | 0.0003      |
|    loss                 | -0.0361     |
|    n_updates            | 970         |
|    policy_gradient_loss | -0.026      |
|    std                  | 0.583       |
|    value_loss           | 0.00105     |
-----------------------------------------
-----------------------------------------
| rollout/                |             |
|    ep_len_mean          | 17.3        |
|    ep_rew_mean          | 5.77        |
| time/                   |             |
|    fps                  | 57          |
|    iterations           | 99          |
|    time_elapsed         | 3554        |
|    total_timesteps      | 202752      |
| train/                  |             |
|    approx_kl            | 0.019231433 |
|    clip_fraction        | 0.255       |
|    clip_range           | 0.2         |
|    entropy_loss         | -6.03       |
|    explained_variance   | 0.27        |
|    learning_rate        | 0.0003      |
|    loss                 | -0.0314     |
|    n_updates            | 980         |
|    policy_gradient_loss | -0.0276     |
|    std                  | 0.577       |
|    value_loss           | 0.000917    |
-----------------------------------------
-----------------------------------------
| rollout/                |             |
|    ep_len_mean          | 18.3        |
|    ep_rew_mean          | 5.47        |
| time/                   |             |
|    fps                  | 56          |
|    iterations           | 100         |
|    time_elapsed         | 3596        |
|    total_timesteps      | 204800      |
| train/                  |             |
|    approx_kl            | 0.023257053 |
|    clip_fraction        | 0.256       |
|    clip_range           | 0.2         |
|    entropy_loss         | -5.98       |
|    explained_variance   | 0.277       |
|    learning_rate        | 0.0003      |
|    loss                 | -0.0134     |
|    n_updates            | 990         |
|    policy_gradient_loss | -0.0263     |
|    std                  | 0.574       |
|    value_loss           | 0.000754    |
-----------------------------------------
-----------------------------------------
| rollout/                |             |
|    ep_len_mean          | 17.3        |
|    ep_rew_mean          | 5.9         |
| time/                   |             |
|    fps                  | 56          |
|    iterations           | 101         |
|    time_elapsed         | 3638        |
|    total_timesteps      | 206848      |
| train/                  |             |
|    approx_kl            | 0.020850856 |
|    clip_fraction        | 0.25        |
|    clip_range           | 0.2         |
|    entropy_loss         | -5.93       |
|    explained_variance   | 0.221       |
|    learning_rate        | 0.0003      |
|    loss                 | -0.0629     |
|    n_updates            | 1000        |
|    policy_gradient_loss | -0.0294     |
|    std                  | 0.571       |
|    value_loss           | 0.000793    |
-----------------------------------------
-----------------------------------------
| rollout/                |             |
|    ep_len_mean          | 17.1        |
|    ep_rew_mean          | 6.19        |
| time/                   |             |
|    fps                  | 56          |
|    iterations           | 102         |
|    time_elapsed         | 3680        |
|    total_timesteps      | 208896      |
| train/                  |             |
|    approx_kl            | 0.021535948 |
|    clip_fraction        | 0.257       |
|    clip_range           | 0.2         |
|    entropy_loss         | -5.89       |
|    explained_variance   | 0.33        |
|    learning_rate        | 0.0003      |
|    loss                 | -0.0318     |
|    n_updates            | 1010        |
|    policy_gradient_loss | -0.027      |
|    std                  | 0.567       |
|    value_loss           | 0.00071     |
-----------------------------------------
-----------------------------------------
| rollout/                |             |
|    ep_len_mean          | 16.9        |
|    ep_rew_mean          | 6.12        |
| time/                   |             |
|    fps                  | 56          |
|    iterations           | 103         |
|    time_elapsed         | 3723        |
|    total_timesteps      | 210944      |
| train/                  |             |
|    approx_kl            | 0.022536147 |
|    clip_fraction        | 0.255       |
|    clip_range           | 0.2         |
|    entropy_loss         | -5.84       |
|    explained_variance   | 0.368       |
|    learning_rate        | 0.0003      |
|    loss                 | -0.0178     |
|    n_updates            | 1020        |
|    policy_gradient_loss | -0.0263     |
|    std                  | 0.564       |
|    value_loss           | 0.000556    |
-----------------------------------------
-----------------------------------------
| rollout/                |             |
|    ep_len_mean          | 17.9        |
|    ep_rew_mean          | 5.95        |
| time/                   |             |
|    fps                  | 56          |
|    iterations           | 104         |
|    time_elapsed         | 3765        |
|    total_timesteps      | 212992      |
| train/                  |             |
|    approx_kl            | 0.022967838 |
|    clip_fraction        | 0.257       |
|    clip_range           | 0.2         |
|    entropy_loss         | -5.8        |
|    explained_variance   | 0.355       |
|    learning_rate        | 0.0003      |
|    loss                 | -0.0356     |
|    n_updates            | 1030        |
|    policy_gradient_loss | -0.0313     |
|    std                  | 0.561       |
|    value_loss           | 0.000564    |
-----------------------------------------
-----------------------------------------
| rollout/                |             |
|    ep_len_mean          | 16.9        |
|    ep_rew_mean          | 5.85        |
| time/                   |             |
|    fps                  | 56          |
|    iterations           | 105         |
|    time_elapsed         | 3808        |
|    total_timesteps      | 215040      |
| train/                  |             |
|    approx_kl            | 0.020544503 |
|    clip_fraction        | 0.247       |
|    clip_range           | 0.2         |
|    entropy_loss         | -5.77       |
|    explained_variance   | 0.427       |
|    learning_rate        | 0.0003      |
|    loss                 | -0.0389     |
|    n_updates            | 1040        |
|    policy_gradient_loss | -0.0282     |
|    std                  | 0.558       |
|    value_loss           | 0.000629    |
-----------------------------------------
-----------------------------------------
| rollout/                |             |
|    ep_len_mean          | 17          |
|    ep_rew_mean          | 5.94        |
| time/                   |             |
|    fps                  | 56          |
|    iterations           | 106         |
|    time_elapsed         | 3850        |
|    total_timesteps      | 217088      |
| train/                  |             |
|    approx_kl            | 0.021643005 |
|    clip_fraction        | 0.278       |
|    clip_range           | 0.2         |
|    entropy_loss         | -5.75       |
|    explained_variance   | 0.355       |
|    learning_rate        | 0.0003      |
|    loss                 | -0.0457     |
|    n_updates            | 1050        |
|    policy_gradient_loss | -0.0304     |
|    std                  | 0.556       |
|    value_loss           | 0.00085     |
-----------------------------------------
-----------------------------------------
| rollout/                |             |
|    ep_len_mean          | 15.7        |
|    ep_rew_mean          | 6.57        |
| time/                   |             |
|    fps                  | 56          |
|    iterations           | 107         |
|    time_elapsed         | 3893        |
|    total_timesteps      | 219136      |
| train/                  |             |
|    approx_kl            | 0.018659132 |
|    clip_fraction        | 0.238       |
|    clip_range           | 0.2         |
|    entropy_loss         | -5.73       |
|    explained_variance   | 0.195       |
|    learning_rate        | 0.0003      |
|    loss                 | -0.0525     |
|    n_updates            | 1060        |
|    policy_gradient_loss | -0.0255     |
|    std                  | 0.554       |
|    value_loss           | 0.000821    |
-----------------------------------------
-----------------------------------------
| rollout/                |             |
|    ep_len_mean          | 15.4        |
|    ep_rew_mean          | 6.7         |
| time/                   |             |
|    fps                  | 56          |
|    iterations           | 108         |
|    time_elapsed         | 3936        |
|    total_timesteps      | 221184      |
| train/                  |             |
|    approx_kl            | 0.020571293 |
|    clip_fraction        | 0.234       |
|    clip_range           | 0.2         |
|    entropy_loss         | -5.7        |
|    explained_variance   | 0.388       |
|    learning_rate        | 0.0003      |
|    loss                 | -0.0373     |
|    n_updates            | 1070        |
|    policy_gradient_loss | -0.0253     |
|    std                  | 0.551       |
|    value_loss           | 0.000488    |
-----------------------------------------
----------------------------------------
| rollout/                |            |
|    ep_len_mean          | 15.9       |
|    ep_rew_mean          | 6.37       |
| time/                   |            |
|    fps                  | 56         |
|    iterations           | 109        |
|    time_elapsed         | 3980       |
|    total_timesteps      | 223232     |
| train/                  |            |
|    approx_kl            | 0.02388803 |
|    clip_fraction        | 0.276      |
|    clip_range           | 0.2        |
|    entropy_loss         | -5.67      |
|    explained_variance   | 0.448      |
|    learning_rate        | 0.0003     |
|    loss                 | -0.0449    |
|    n_updates            | 1080       |
|    policy_gradient_loss | -0.0273    |
|    std                  | 0.55       |
|    value_loss           | 0.000523   |
----------------------------------------
-----------------------------------------
| rollout/                |             |
|    ep_len_mean          | 17.5        |
|    ep_rew_mean          | 5.83        |
| time/                   |             |
|    fps                  | 55          |
|    iterations           | 110         |
|    time_elapsed         | 4023        |
|    total_timesteps      | 225280      |
| train/                  |             |
|    approx_kl            | 0.023070835 |
|    clip_fraction        | 0.255       |
|    clip_range           | 0.2         |
|    entropy_loss         | -5.64       |
|    explained_variance   | 0.343       |
|    learning_rate        | 0.0003      |
|    loss                 | -0.0803     |
|    n_updates            | 1090        |
|    policy_gradient_loss | -0.0239     |
|    std                  | 0.546       |
|    value_loss           | 0.000692    |
-----------------------------------------
-----------------------------------------
| rollout/                |             |
|    ep_len_mean          | 16.2        |
|    ep_rew_mean          | 6.34        |
| time/                   |             |
|    fps                  | 55          |
|    iterations           | 111         |
|    time_elapsed         | 4066        |
|    total_timesteps      | 227328      |
| train/                  |             |
|    approx_kl            | 0.023767948 |
|    clip_fraction        | 0.262       |
|    clip_range           | 0.2         |
|    entropy_loss         | -5.59       |
|    explained_variance   | 0.315       |
|    learning_rate        | 0.0003      |
|    loss                 | -0.0334     |
|    n_updates            | 1100        |
|    policy_gradient_loss | -0.0281     |
|    std                  | 0.543       |
|    value_loss           | 0.000706    |
-----------------------------------------
-----------------------------------------
| rollout/                |             |
|    ep_len_mean          | 16.2        |
|    ep_rew_mean          | 6.3         |
| time/                   |             |
|    fps                  | 55          |
|    iterations           | 112         |
|    time_elapsed         | 4109        |
|    total_timesteps      | 229376      |
| train/                  |             |
|    approx_kl            | 0.023068473 |
|    clip_fraction        | 0.262       |
|    clip_range           | 0.2         |
|    entropy_loss         | -5.54       |
|    explained_variance   | 0.432       |
|    learning_rate        | 0.0003      |
|    loss                 | -0.0413     |
|    n_updates            | 1110        |
|    policy_gradient_loss | -0.0263     |
|    std                  | 0.538       |
|    value_loss           | 0.000523    |
-----------------------------------------
-----------------------------------------
| rollout/                |             |
|    ep_len_mean          | 17          |
|    ep_rew_mean          | 6.09        |
| time/                   |             |
|    fps                  | 55          |
|    iterations           | 113         |
|    time_elapsed         | 4151        |
|    total_timesteps      | 231424      |
| train/                  |             |
|    approx_kl            | 0.024447545 |
|    clip_fraction        | 0.27        |
|    clip_range           | 0.2         |
|    entropy_loss         | -5.51       |
|    explained_variance   | 0.34        |
|    learning_rate        | 0.0003      |
|    loss                 | -0.0551     |
|    n_updates            | 1120        |
|    policy_gradient_loss | -0.0287     |
|    std                  | 0.537       |
|    value_loss           | 0.000885    |
-----------------------------------------
-----------------------------------------
| rollout/                |             |
|    ep_len_mean          | 16          |
|    ep_rew_mean          | 6.41        |
| time/                   |             |
|    fps                  | 55          |
|    iterations           | 114         |
|    time_elapsed         | 4194        |
|    total_timesteps      | 233472      |
| train/                  |             |
|    approx_kl            | 0.021729963 |
|    clip_fraction        | 0.278       |
|    clip_range           | 0.2         |
|    entropy_loss         | -5.49       |
|    explained_variance   | 0.371       |
|    learning_rate        | 0.0003      |
|    loss                 | -0.0277     |
|    n_updates            | 1130        |
|    policy_gradient_loss | -0.0277     |
|    std                  | 0.536       |
|    value_loss           | 0.000789    |
-----------------------------------------
-----------------------------------------
| rollout/                |             |
|    ep_len_mean          | 15          |
|    ep_rew_mean          | 6.81        |
| time/                   |             |
|    fps                  | 55          |
|    iterations           | 115         |
|    time_elapsed         | 4238        |
|    total_timesteps      | 235520      |
| train/                  |             |
|    approx_kl            | 0.023085747 |
|    clip_fraction        | 0.272       |
|    clip_range           | 0.2         |
|    entropy_loss         | -5.46       |
|    explained_variance   | 0.347       |
|    learning_rate        | 0.0003      |
|    loss                 | -0.028      |
|    n_updates            | 1140        |
|    policy_gradient_loss | -0.0302     |
|    std                  | 0.533       |
|    value_loss           | 0.000653    |
-----------------------------------------
-----------------------------------------
| rollout/                |             |
|    ep_len_mean          | 14.9        |
|    ep_rew_mean          | 6.85        |
| time/                   |             |
|    fps                  | 55          |
|    iterations           | 116         |
|    time_elapsed         | 4281        |
|    total_timesteps      | 237568      |
| train/                  |             |
|    approx_kl            | 0.022863477 |
|    clip_fraction        | 0.275       |
|    clip_range           | 0.2         |
|    entropy_loss         | -5.42       |
|    explained_variance   | 0.489       |
|    learning_rate        | 0.0003      |
|    loss                 | -0.0311     |
|    n_updates            | 1150        |
|    policy_gradient_loss | -0.0278     |
|    std                  | 0.53        |
|    value_loss           | 0.000415    |
-----------------------------------------
-----------------------------------------
| rollout/                |             |
|    ep_len_mean          | 15.4        |
|    ep_rew_mean          | 6.66        |
| time/                   |             |
|    fps                  | 55          |
|    iterations           | 117         |
|    time_elapsed         | 4325        |
|    total_timesteps      | 239616      |
| train/                  |             |
|    approx_kl            | 0.022492494 |
|    clip_fraction        | 0.268       |
|    clip_range           | 0.2         |
|    entropy_loss         | -5.38       |
|    explained_variance   | 0.602       |
|    learning_rate        | 0.0003      |
|    loss                 | -0.0386     |
|    n_updates            | 1160        |
|    policy_gradient_loss | -0.0282     |
|    std                  | 0.527       |
|    value_loss           | 0.000381    |
-----------------------------------------
-----------------------------------------
| rollout/                |             |
|    ep_len_mean          | 14.7        |
|    ep_rew_mean          | 6.96        |
| time/                   |             |
|    fps                  | 55          |
|    iterations           | 118         |
|    time_elapsed         | 4369        |
|    total_timesteps      | 241664      |
| train/                  |             |
|    approx_kl            | 0.025748568 |
|    clip_fraction        | 0.266       |
|    clip_range           | 0.2         |
|    entropy_loss         | -5.33       |
|    explained_variance   | 0.502       |
|    learning_rate        | 0.0003      |
|    loss                 | -0.0593     |
|    n_updates            | 1170        |
|    policy_gradient_loss | -0.0296     |
|    std                  | 0.523       |
|    value_loss           | 0.000562    |
-----------------------------------------
-----------------------------------------
| rollout/                |             |
|    ep_len_mean          | 15.4        |
|    ep_rew_mean          | 6.75        |
| time/                   |             |
|    fps                  | 55          |
|    iterations           | 119         |
|    time_elapsed         | 4412        |
|    total_timesteps      | 243712      |
| train/                  |             |
|    approx_kl            | 0.025958247 |
|    clip_fraction        | 0.283       |
|    clip_range           | 0.2         |
|    entropy_loss         | -5.28       |
|    explained_variance   | 0.587       |
|    learning_rate        | 0.0003      |
|    loss                 | -0.0373     |
|    n_updates            | 1180        |
|    policy_gradient_loss | -0.0292     |
|    std                  | 0.519       |
|    value_loss           | 0.000401    |
-----------------------------------------
-----------------------------------------
| rollout/                |             |
|    ep_len_mean          | 14.6        |
|    ep_rew_mean          | 6.94        |
| time/                   |             |
|    fps                  | 55          |
|    iterations           | 120         |
|    time_elapsed         | 4456        |
|    total_timesteps      | 245760      |
| train/                  |             |
|    approx_kl            | 0.027834574 |
|    clip_fraction        | 0.272       |
|    clip_range           | 0.2         |
|    entropy_loss         | -5.22       |
|    explained_variance   | 0.555       |
|    learning_rate        | 0.0003      |
|    loss                 | -0.034      |
|    n_updates            | 1190        |
|    policy_gradient_loss | -0.0303     |
|    std                  | 0.515       |
|    value_loss           | 0.000432    |
-----------------------------------------
-----------------------------------------
| rollout/                |             |
|    ep_len_mean          | 14.9        |
|    ep_rew_mean          | 6.89        |
| time/                   |             |
|    fps                  | 55          |
|    iterations           | 121         |
|    time_elapsed         | 4500        |
|    total_timesteps      | 247808      |
| train/                  |             |
|    approx_kl            | 0.024059419 |
|    clip_fraction        | 0.269       |
|    clip_range           | 0.2         |
|    entropy_loss         | -5.17       |
|    explained_variance   | 0.567       |
|    learning_rate        | 0.0003      |
|    loss                 | -0.0265     |
|    n_updates            | 1200        |
|    policy_gradient_loss | -0.0273     |
|    std                  | 0.513       |
|    value_loss           | 0.000407    |
-----------------------------------------
----------------------------------------
| rollout/                |            |
|    ep_len_mean          | 15         |
|    ep_rew_mean          | 6.99       |
| time/                   |            |
|    fps                  | 54         |
|    iterations           | 122        |
|    time_elapsed         | 4543       |
|    total_timesteps      | 249856     |
| train/                  |            |
|    approx_kl            | 0.05952378 |
|    clip_fraction        | 0.246      |
|    clip_range           | 0.2        |
|    entropy_loss         | -5.14      |
|    explained_variance   | 0.502      |
|    learning_rate        | 0.0003     |
|    loss                 | -0.0294    |
|    n_updates            | 1210       |
|    policy_gradient_loss | -0.0232    |
|    std                  | 0.51       |
|    value_loss           | 0.00151    |
----------------------------------------
-----------------------------------------
| rollout/                |             |
|    ep_len_mean          | 14.5        |
|    ep_rew_mean          | 7.16        |
| time/                   |             |
|    fps                  | 54          |
|    iterations           | 123         |
|    time_elapsed         | 4587        |
|    total_timesteps      | 251904      |
| train/                  |             |
|    approx_kl            | 0.025980234 |
|    clip_fraction        | 0.297       |
|    clip_range           | 0.2         |
|    entropy_loss         | -5.1        |
|    explained_variance   | 0.637       |
|    learning_rate        | 0.0003      |
|    loss                 | -0.024      |
|    n_updates            | 1220        |
|    policy_gradient_loss | -0.0332     |
|    std                  | 0.508       |
|    value_loss           | 0.000598    |
-----------------------------------------
-----------------------------------------
| rollout/                |             |
|    ep_len_mean          | 14.6        |
|    ep_rew_mean          | 7.06        |
| time/                   |             |
|    fps                  | 54          |
|    iterations           | 124         |
|    time_elapsed         | 4631        |
|    total_timesteps      | 253952      |
| train/                  |             |
|    approx_kl            | 0.026054796 |
|    clip_fraction        | 0.269       |
|    clip_range           | 0.2         |
|    entropy_loss         | -5.07       |
|    explained_variance   | 0.491       |
|    learning_rate        | 0.0003      |
|    loss                 | -0.0127     |
|    n_updates            | 1230        |
|    policy_gradient_loss | -0.0277     |
|    std                  | 0.506       |
|    value_loss           | 0.000583    |
-----------------------------------------
----------------------------------------
| rollout/                |            |
|    ep_len_mean          | 15.2       |
|    ep_rew_mean          | 6.89       |
| time/                   |            |
|    fps                  | 54         |
|    iterations           | 125        |
|    time_elapsed         | 4674       |
|    total_timesteps      | 256000     |
| train/                  |            |
|    approx_kl            | 0.02436624 |
|    clip_fraction        | 0.266      |
|    clip_range           | 0.2        |
|    entropy_loss         | -5.04      |
|    explained_variance   | 0.469      |
|    learning_rate        | 0.0003     |
|    loss                 | -0.00562   |
|    n_updates            | 1240       |
|    policy_gradient_loss | -0.0255    |
|    std                  | 0.505      |
|    value_loss           | 0.000568   |
----------------------------------------
----------------------------------------
| rollout/                |            |
|    ep_len_mean          | 14.4       |
|    ep_rew_mean          | 7.19       |
| time/                   |            |
|    fps                  | 54         |
|    iterations           | 126        |
|    time_elapsed         | 4719       |
|    total_timesteps      | 258048     |
| train/                  |            |
|    approx_kl            | 0.02465868 |
|    clip_fraction        | 0.294      |
|    clip_range           | 0.2        |
|    entropy_loss         | -5         |
|    explained_variance   | 0.553      |
|    learning_rate        | 0.0003     |
|    loss                 | -0.0314    |
|    n_updates            | 1250       |
|    policy_gradient_loss | -0.0281    |
|    std                  | 0.501      |
|    value_loss           | 0.000553   |
----------------------------------------
-----------------------------------------
| rollout/                |             |
|    ep_len_mean          | 14.7        |
|    ep_rew_mean          | 7.2         |
| time/                   |             |
|    fps                  | 54          |
|    iterations           | 127         |
|    time_elapsed         | 4762        |
|    total_timesteps      | 260096      |
| train/                  |             |
|    approx_kl            | 0.022698285 |
|    clip_fraction        | 0.273       |
|    clip_range           | 0.2         |
|    entropy_loss         | -4.95       |
|    explained_variance   | 0.528       |
|    learning_rate        | 0.0003      |
|    loss                 | -0.0314     |
|    n_updates            | 1260        |
|    policy_gradient_loss | -0.0269     |
|    std                  | 0.497       |
|    value_loss           | 0.000459    |
-----------------------------------------
---------------------------------------
| rollout/                |           |
|    ep_len_mean          | 13.9      |
|    ep_rew_mean          | 7.28      |
| time/                   |           |
|    fps                  | 54        |
|    iterations           | 128       |
|    time_elapsed         | 4807      |
|    total_timesteps      | 262144    |
| train/                  |           |
|    approx_kl            | 0.0289991 |
|    clip_fraction        | 0.297     |
|    clip_range           | 0.2       |
|    entropy_loss         | -4.91     |
|    explained_variance   | 0.551     |
|    learning_rate        | 0.0003    |
|    loss                 | -0.0301   |
|    n_updates            | 1270      |
|    policy_gradient_loss | -0.0285   |
|    std                  | 0.496     |
|    value_loss           | 0.000619  |
---------------------------------------
----------------------------------------
| rollout/                |            |
|    ep_len_mean          | 14.5       |
|    ep_rew_mean          | 7.07       |
| time/                   |            |
|    fps                  | 54         |
|    iterations           | 129        |
|    time_elapsed         | 4851       |
|    total_timesteps      | 264192     |
| train/                  |            |
|    approx_kl            | 0.02293037 |
|    clip_fraction        | 0.277      |
|    clip_range           | 0.2        |
|    entropy_loss         | -4.9       |
|    explained_variance   | 0.567      |
|    learning_rate        | 0.0003     |
|    loss                 | -0.0213    |
|    n_updates            | 1280       |
|    policy_gradient_loss | -0.0263    |
|    std                  | 0.495      |
|    value_loss           | 0.00055    |
----------------------------------------
-----------------------------------------
| rollout/                |             |
|    ep_len_mean          | 15.8        |
|    ep_rew_mean          | 6.66        |
| time/                   |             |
|    fps                  | 54          |
|    iterations           | 130         |
|    time_elapsed         | 4895        |
|    total_timesteps      | 266240      |
| train/                  |             |
|    approx_kl            | 0.026952228 |
|    clip_fraction        | 0.264       |
|    clip_range           | 0.2         |
|    entropy_loss         | -4.88       |
|    explained_variance   | 0.569       |
|    learning_rate        | 0.0003      |
|    loss                 | -0.0416     |
|    n_updates            | 1290        |
|    policy_gradient_loss | -0.0259     |
|    std                  | 0.493       |
|    value_loss           | 0.000569    |
-----------------------------------------
-----------------------------------------
| rollout/                |             |
|    ep_len_mean          | 14.6        |
|    ep_rew_mean          | 7.23        |
| time/                   |             |
|    fps                  | 54          |
|    iterations           | 131         |
|    time_elapsed         | 4939        |
|    total_timesteps      | 268288      |
| train/                  |             |
|    approx_kl            | 0.025793027 |
|    clip_fraction        | 0.282       |
|    clip_range           | 0.2         |
|    entropy_loss         | -4.84       |
|    explained_variance   | 0.502       |
|    learning_rate        | 0.0003      |
|    loss                 | -0.0299     |
|    n_updates            | 1300        |
|    policy_gradient_loss | -0.0297     |
|    std                  | 0.49        |
|    value_loss           | 0.000671    |
-----------------------------------------
-----------------------------------------
| rollout/                |             |
|    ep_len_mean          | 13.4        |
|    ep_rew_mean          | 7.61        |
| time/                   |             |
|    fps                  | 54          |
|    iterations           | 132         |
|    time_elapsed         | 4984        |
|    total_timesteps      | 270336      |
| train/                  |             |
|    approx_kl            | 0.026031785 |
|    clip_fraction        | 0.277       |
|    clip_range           | 0.2         |
|    entropy_loss         | -4.79       |
|    explained_variance   | 0.542       |
|    learning_rate        | 0.0003      |
|    loss                 | -0.0489     |
|    n_updates            | 1310        |
|    policy_gradient_loss | -0.0253     |
|    std                  | 0.486       |
|    value_loss           | 0.000467    |
-----------------------------------------
-----------------------------------------
| rollout/                |             |
|    ep_len_mean          | 13.3        |
|    ep_rew_mean          | 7.62        |
| time/                   |             |
|    fps                  | 54          |
|    iterations           | 133         |
|    time_elapsed         | 5029        |
|    total_timesteps      | 272384      |
| train/                  |             |
|    approx_kl            | 0.026722327 |
|    clip_fraction        | 0.272       |
|    clip_range           | 0.2         |
|    entropy_loss         | -4.74       |
|    explained_variance   | 0.675       |
|    learning_rate        | 0.0003      |
|    loss                 | -0.0139     |
|    n_updates            | 1320        |
|    policy_gradient_loss | -0.0242     |
|    std                  | 0.483       |
|    value_loss           | 0.000408    |
-----------------------------------------
-----------------------------------------
| rollout/                |             |
|    ep_len_mean          | 14.9        |
|    ep_rew_mean          | 7.1         |
| time/                   |             |
|    fps                  | 54          |
|    iterations           | 134         |
|    time_elapsed         | 5073        |
|    total_timesteps      | 274432      |
| train/                  |             |
|    approx_kl            | 0.022286136 |
|    clip_fraction        | 0.281       |
|    clip_range           | 0.2         |
|    entropy_loss         | -4.69       |
|    explained_variance   | 0.663       |
|    learning_rate        | 0.0003      |
|    loss                 | -0.0338     |
|    n_updates            | 1330        |
|    policy_gradient_loss | -0.0237     |
|    std                  | 0.481       |
|    value_loss           | 0.000361    |
-----------------------------------------
-----------------------------------------
| rollout/                |             |
|    ep_len_mean          | 14.3        |
|    ep_rew_mean          | 7.33        |
| time/                   |             |
|    fps                  | 54          |
|    iterations           | 135         |
|    time_elapsed         | 5118        |
|    total_timesteps      | 276480      |
| train/                  |             |
|    approx_kl            | 0.024501707 |
|    clip_fraction        | 0.289       |
|    clip_range           | 0.2         |
|    entropy_loss         | -4.66       |
|    explained_variance   | 0.557       |
|    learning_rate        | 0.0003      |
|    loss                 | -0.0138     |
|    n_updates            | 1340        |
|    policy_gradient_loss | -0.0264     |
|    std                  | 0.479       |
|    value_loss           | 0.000504    |
-----------------------------------------
-----------------------------------------
| rollout/                |             |
|    ep_len_mean          | 15          |
|    ep_rew_mean          | 6.85        |
| time/                   |             |
|    fps                  | 53          |
|    iterations           | 136         |
|    time_elapsed         | 5162        |
|    total_timesteps      | 278528      |
| train/                  |             |
|    approx_kl            | 0.023838412 |
|    clip_fraction        | 0.276       |
|    clip_range           | 0.2         |
|    entropy_loss         | -4.62       |
|    explained_variance   | 0.622       |
|    learning_rate        | 0.0003      |
|    loss                 | -0.0165     |
|    n_updates            | 1350        |
|    policy_gradient_loss | -0.0271     |
|    std                  | 0.475       |
|    value_loss           | 0.000421    |
-----------------------------------------
-----------------------------------------
| rollout/                |             |
|    ep_len_mean          | 13.5        |
|    ep_rew_mean          | 7.51        |
| time/                   |             |
|    fps                  | 53          |
|    iterations           | 137         |
|    time_elapsed         | 5206        |
|    total_timesteps      | 280576      |
| train/                  |             |
|    approx_kl            | 0.024332788 |
|    clip_fraction        | 0.289       |
|    clip_range           | 0.2         |
|    entropy_loss         | -4.58       |
|    explained_variance   | 0.477       |
|    learning_rate        | 0.0003      |
|    loss                 | -0.0126     |
|    n_updates            | 1360        |
|    policy_gradient_loss | -0.0334     |
|    std                  | 0.473       |
|    value_loss           | 0.000737    |
-----------------------------------------
-----------------------------------------
| rollout/                |             |
|    ep_len_mean          | 14.4        |
|    ep_rew_mean          | 7.14        |
| time/                   |             |
|    fps                  | 53          |
|    iterations           | 138         |
|    time_elapsed         | 5251        |
|    total_timesteps      | 282624      |
| train/                  |             |
|    approx_kl            | 0.023944857 |
|    clip_fraction        | 0.29        |
|    clip_range           | 0.2         |
|    entropy_loss         | -4.54       |
|    explained_variance   | 0.562       |
|    learning_rate        | 0.0003      |
|    loss                 | -0.0539     |
|    n_updates            | 1370        |
|    policy_gradient_loss | -0.0288     |
|    std                  | 0.47        |
|    value_loss           | 0.000449    |
-----------------------------------------
---------------------------------------
| rollout/                |           |
|    ep_len_mean          | 13.3      |
|    ep_rew_mean          | 7.63      |
| time/                   |           |
|    fps                  | 53        |
|    iterations           | 139       |
|    time_elapsed         | 5292      |
|    total_timesteps      | 284672    |
| train/                  |           |
|    approx_kl            | 0.0277264 |
|    clip_fraction        | 0.314     |
|    clip_range           | 0.2       |
|    entropy_loss         | -4.48     |
|    explained_variance   | 0.52      |
|    learning_rate        | 0.0003    |
|    loss                 | -0.0239   |
|    n_updates            | 1380      |
|    policy_gradient_loss | -0.0302   |
|    std                  | 0.465     |
|    value_loss           | 0.000559  |
---------------------------------------
-----------------------------------------
| rollout/                |             |
|    ep_len_mean          | 13.9        |
|    ep_rew_mean          | 7.32        |
| time/                   |             |
|    fps                  | 53          |
|    iterations           | 140         |
|    time_elapsed         | 5331        |
|    total_timesteps      | 286720      |
| train/                  |             |
|    approx_kl            | 0.027042314 |
|    clip_fraction        | 0.295       |
|    clip_range           | 0.2         |
|    entropy_loss         | -4.45       |
|    explained_variance   | 0.625       |
|    learning_rate        | 0.0003      |
|    loss                 | -0.0548     |
|    n_updates            | 1390        |
|    policy_gradient_loss | -0.0286     |
|    std                  | 0.465       |
|    value_loss           | 0.0004      |
-----------------------------------------
-----------------------------------------
| rollout/                |             |
|    ep_len_mean          | 13.4        |
|    ep_rew_mean          | 7.63        |
| time/                   |             |
|    fps                  | 53          |
|    iterations           | 141         |
|    time_elapsed         | 5371        |
|    total_timesteps      | 288768      |
| train/                  |             |
|    approx_kl            | 0.025987582 |
|    clip_fraction        | 0.323       |
|    clip_range           | 0.2         |
|    entropy_loss         | -4.42       |
|    explained_variance   | 0.56        |
|    learning_rate        | 0.0003      |
|    loss                 | -0.0383     |
|    n_updates            | 1400        |
|    policy_gradient_loss | -0.0299     |
|    std                  | 0.461       |
|    value_loss           | 0.00053     |
-----------------------------------------
-----------------------------------------
| rollout/                |             |
|    ep_len_mean          | 13.3        |
|    ep_rew_mean          | 7.7         |
| time/                   |             |
|    fps                  | 53          |
|    iterations           | 142         |
|    time_elapsed         | 5411        |
|    total_timesteps      | 290816      |
| train/                  |             |
|    approx_kl            | 0.023051143 |
|    clip_fraction        | 0.275       |
|    clip_range           | 0.2         |
|    entropy_loss         | -4.38       |
|    explained_variance   | 0.646       |
|    learning_rate        | 0.0003      |
|    loss                 | -0.0585     |
|    n_updates            | 1410        |
|    policy_gradient_loss | -0.0234     |
|    std                  | 0.46        |
|    value_loss           | 0.000388    |
-----------------------------------------
----------------------------------------
| rollout/                |            |
|    ep_len_mean          | 13.4       |
|    ep_rew_mean          | 7.68       |
| time/                   |            |
|    fps                  | 53         |
|    iterations           | 143        |
|    time_elapsed         | 5451       |
|    total_timesteps      | 292864     |
| train/                  |            |
|    approx_kl            | 0.02855412 |
|    clip_fraction        | 0.315      |
|    clip_range           | 0.2        |
|    entropy_loss         | -4.36      |
|    explained_variance   | 0.652      |
|    learning_rate        | 0.0003     |
|    loss                 | -0.0338    |
|    n_updates            | 1420       |
|    policy_gradient_loss | -0.0298    |
|    std                  | 0.458      |
|    value_loss           | 0.000424   |
----------------------------------------
-----------------------------------------
| rollout/                |             |
|    ep_len_mean          | 13          |
|    ep_rew_mean          | 7.78        |
| time/                   |             |
|    fps                  | 53          |
|    iterations           | 144         |
|    time_elapsed         | 5491        |
|    total_timesteps      | 294912      |
| train/                  |             |
|    approx_kl            | 0.024464812 |
|    clip_fraction        | 0.305       |
|    clip_range           | 0.2         |
|    entropy_loss         | -4.33       |
|    explained_variance   | 0.636       |
|    learning_rate        | 0.0003      |
|    loss                 | -0.039      |
|    n_updates            | 1430        |
|    policy_gradient_loss | -0.028      |
|    std                  | 0.456       |
|    value_loss           | 0.000535    |
-----------------------------------------
-----------------------------------------
| rollout/                |             |
|    ep_len_mean          | 13.6        |
|    ep_rew_mean          | 7.4         |
| time/                   |             |
|    fps                  | 53          |
|    iterations           | 145         |
|    time_elapsed         | 5531        |
|    total_timesteps      | 296960      |
| train/                  |             |
|    approx_kl            | 0.025172904 |
|    clip_fraction        | 0.295       |
|    clip_range           | 0.2         |
|    entropy_loss         | -4.27       |
|    explained_variance   | 0.714       |
|    learning_rate        | 0.0003      |
|    loss                 | -0.0272     |
|    n_updates            | 1440        |
|    policy_gradient_loss | -0.0271     |
|    std                  | 0.452       |
|    value_loss           | 0.000335    |
-----------------------------------------
-----------------------------------------
| rollout/                |             |
|    ep_len_mean          | 13.1        |
|    ep_rew_mean          | 7.71        |
| time/                   |             |
|    fps                  | 53          |
|    iterations           | 146         |
|    time_elapsed         | 5571        |
|    total_timesteps      | 299008      |
| train/                  |             |
|    approx_kl            | 0.026829422 |
|    clip_fraction        | 0.288       |
|    clip_range           | 0.2         |
|    entropy_loss         | -4.21       |
|    explained_variance   | 0.574       |
|    learning_rate        | 0.0003      |
|    loss                 | 0.0137      |
|    n_updates            | 1450        |
|    policy_gradient_loss | -0.0252     |
|    std                  | 0.449       |
|    value_loss           | 0.0005      |
-----------------------------------------
-----------------------------------------
| rollout/                |             |
|    ep_len_mean          | 13.2        |
|    ep_rew_mean          | 7.67        |
| time/                   |             |
|    fps                  | 53          |
|    iterations           | 147         |
|    time_elapsed         | 5611        |
|    total_timesteps      | 301056      |
| train/                  |             |
|    approx_kl            | 0.026193418 |
|    clip_fraction        | 0.306       |
|    clip_range           | 0.2         |
|    entropy_loss         | -4.17       |
|    explained_variance   | 0.717       |
|    learning_rate        | 0.0003      |
|    loss                 | -0.0513     |
|    n_updates            | 1460        |
|    policy_gradient_loss | -0.0286     |
|    std                  | 0.446       |
|    value_loss           | 0.000326    |
-----------------------------------------
-----------------------------------------
| rollout/                |             |
|    ep_len_mean          | 13.7        |
|    ep_rew_mean          | 7.57        |
| time/                   |             |
|    fps                  | 53          |
|    iterations           | 148         |
|    time_elapsed         | 5651        |
|    total_timesteps      | 303104      |
| train/                  |             |
|    approx_kl            | 0.026834322 |
|    clip_fraction        | 0.313       |
|    clip_range           | 0.2         |
|    entropy_loss         | -4.11       |
|    explained_variance   | 0.66        |
|    learning_rate        | 0.0003      |
|    loss                 | -0.0513     |
|    n_updates            | 1470        |
|    policy_gradient_loss | -0.0278     |
|    std                  | 0.442       |
|    value_loss           | 0.000411    |
-----------------------------------------
-----------------------------------------
| rollout/                |             |
|    ep_len_mean          | 13.8        |
|    ep_rew_mean          | 7.42        |
| time/                   |             |
|    fps                  | 53          |
|    iterations           | 149         |
|    time_elapsed         | 5690        |
|    total_timesteps      | 305152      |
| train/                  |             |
|    approx_kl            | 0.026538137 |
|    clip_fraction        | 0.288       |
|    clip_range           | 0.2         |
|    entropy_loss         | -4.02       |
|    explained_variance   | 0.679       |
|    learning_rate        | 0.0003      |
|    loss                 | -0.0568     |
|    n_updates            | 1480        |
|    policy_gradient_loss | -0.0254     |
|    std                  | 0.437       |
|    value_loss           | 0.000426    |
-----------------------------------------
----------------------------------------
| rollout/                |            |
|    ep_len_mean          | 13.3       |
|    ep_rew_mean          | 7.66       |
| time/                   |            |
|    fps                  | 53         |
|    iterations           | 150        |
|    time_elapsed         | 5730       |
|    total_timesteps      | 307200     |
| train/                  |            |
|    approx_kl            | 0.02927868 |
|    clip_fraction        | 0.303      |
|    clip_range           | 0.2        |
|    entropy_loss         | -3.93      |
|    explained_variance   | 0.59       |
|    learning_rate        | 0.0003     |
|    loss                 | -0.0413    |
|    n_updates            | 1490       |
|    policy_gradient_loss | -0.0318    |
|    std                  | 0.431      |
|    value_loss           | 0.000586   |
----------------------------------------
-----------------------------------------
| rollout/                |             |
|    ep_len_mean          | 13.1        |
|    ep_rew_mean          | 7.76        |
| time/                   |             |
|    fps                  | 53          |
|    iterations           | 151         |
|    time_elapsed         | 5771        |
|    total_timesteps      | 309248      |
| train/                  |             |
|    approx_kl            | 0.028899617 |
|    clip_fraction        | 0.302       |
|    clip_range           | 0.2         |
|    entropy_loss         | -3.85       |
|    explained_variance   | 0.619       |
|    learning_rate        | 0.0003      |
|    loss                 | -0.0346     |
|    n_updates            | 1500        |
|    policy_gradient_loss | -0.026      |
|    std                  | 0.427       |
|    value_loss           | 0.000484    |
-----------------------------------------
-----------------------------------------
| rollout/                |             |
|    ep_len_mean          | 14.1        |
|    ep_rew_mean          | 7.35        |
| time/                   |             |
|    fps                  | 53          |
|    iterations           | 152         |
|    time_elapsed         | 5810        |
|    total_timesteps      | 311296      |
| train/                  |             |
|    approx_kl            | 0.027590737 |
|    clip_fraction        | 0.319       |
|    clip_range           | 0.2         |
|    entropy_loss         | -3.8        |
|    explained_variance   | 0.692       |
|    learning_rate        | 0.0003      |
|    loss                 | -0.0366     |
|    n_updates            | 1510        |
|    policy_gradient_loss | -0.0223     |
|    std                  | 0.424       |
|    value_loss           | 0.000373    |
-----------------------------------------
----------------------------------------
| rollout/                |            |
|    ep_len_mean          | 12.6       |
|    ep_rew_mean          | 7.93       |
| time/                   |            |
|    fps                  | 53         |
|    iterations           | 153        |
|    time_elapsed         | 5851       |
|    total_timesteps      | 313344     |
| train/                  |            |
|    approx_kl            | 0.02738937 |
|    clip_fraction        | 0.326      |
|    clip_range           | 0.2        |
|    entropy_loss         | -3.76      |
|    explained_variance   | 0.611      |
|    learning_rate        | 0.0003     |
|    loss                 | -0.0516    |
|    n_updates            | 1520       |
|    policy_gradient_loss | -0.0288    |
|    std                  | 0.422      |
|    value_loss           | 0.00074    |
----------------------------------------
----------------------------------------
| rollout/                |            |
|    ep_len_mean          | 12.7       |
|    ep_rew_mean          | 7.9        |
| time/                   |            |
|    fps                  | 53         |
|    iterations           | 154        |
|    time_elapsed         | 5891       |
|    total_timesteps      | 315392     |
| train/                  |            |
|    approx_kl            | 0.03255566 |
|    clip_fraction        | 0.329      |
|    clip_range           | 0.2        |
|    entropy_loss         | -3.74      |
|    explained_variance   | 0.676      |
|    learning_rate        | 0.0003     |
|    loss                 | -0.0293    |
|    n_updates            | 1530       |
|    policy_gradient_loss | -0.0214    |
|    std                  | 0.421      |
|    value_loss           | 0.000391   |
----------------------------------------
-----------------------------------------
| rollout/                |             |
|    ep_len_mean          | 13.2        |
|    ep_rew_mean          | 7.85        |
| time/                   |             |
|    fps                  | 53          |
|    iterations           | 155         |
|    time_elapsed         | 5931        |
|    total_timesteps      | 317440      |
| train/                  |             |
|    approx_kl            | 0.034403153 |
|    clip_fraction        | 0.328       |
|    clip_range           | 0.2         |
|    entropy_loss         | -3.69       |
|    explained_variance   | 0.701       |
|    learning_rate        | 0.0003      |
|    loss                 | -0.000729   |
|    n_updates            | 1540        |
|    policy_gradient_loss | -0.0283     |
|    std                  | 0.418       |
|    value_loss           | 0.000385    |
-----------------------------------------
-----------------------------------------
| rollout/                |             |
|    ep_len_mean          | 13.1        |
|    ep_rew_mean          | 7.82        |
| time/                   |             |
|    fps                  | 53          |
|    iterations           | 156         |
|    time_elapsed         | 5972        |
|    total_timesteps      | 319488      |
| train/                  |             |
|    approx_kl            | 0.028431427 |
|    clip_fraction        | 0.312       |
|    clip_range           | 0.2         |
|    entropy_loss         | -3.64       |
|    explained_variance   | 0.713       |
|    learning_rate        | 0.0003      |
|    loss                 | -0.0113     |
|    n_updates            | 1550        |
|    policy_gradient_loss | -0.0265     |
|    std                  | 0.415       |
|    value_loss           | 0.000386    |
-----------------------------------------
-----------------------------------------
| rollout/                |             |
|    ep_len_mean          | 12.5        |
|    ep_rew_mean          | 8.05        |
| time/                   |             |
|    fps                  | 53          |
|    iterations           | 157         |
|    time_elapsed         | 6012        |
|    total_timesteps      | 321536      |
| train/                  |             |
|    approx_kl            | 0.026268091 |
|    clip_fraction        | 0.311       |
|    clip_range           | 0.2         |
|    entropy_loss         | -3.59       |
|    explained_variance   | 0.688       |
|    learning_rate        | 0.0003      |
|    loss                 | -0.0403     |
|    n_updates            | 1560        |
|    policy_gradient_loss | -0.0251     |
|    std                  | 0.412       |
|    value_loss           | 0.000407    |
-----------------------------------------
-----------------------------------------
| rollout/                |             |
|    ep_len_mean          | 13.8        |
|    ep_rew_mean          | 6.66        |
| time/                   |             |
|    fps                  | 53          |
|    iterations           | 158         |
|    time_elapsed         | 6052        |
|    total_timesteps      | 323584      |
| train/                  |             |
|    approx_kl            | 0.027576089 |
|    clip_fraction        | 0.314       |
|    clip_range           | 0.2         |
|    entropy_loss         | -3.53       |
|    explained_variance   | 0.707       |
|    learning_rate        | 0.0003      |
|    loss                 | -0.0524     |
|    n_updates            | 1570        |
|    policy_gradient_loss | -0.0246     |
|    std                  | 0.408       |
|    value_loss           | 0.000386    |
-----------------------------------------
-----------------------------------------
| rollout/                |             |
|    ep_len_mean          | 12.5        |
|    ep_rew_mean          | 8.07        |
| time/                   |             |
|    fps                  | 53          |
|    iterations           | 159         |
|    time_elapsed         | 6092        |
|    total_timesteps      | 325632      |
| train/                  |             |
|    approx_kl            | 0.122344166 |
|    clip_fraction        | 0.308       |
|    clip_range           | 0.2         |
|    entropy_loss         | -3.47       |
|    explained_variance   | 0.645       |
|    learning_rate        | 0.0003      |
|    loss                 | -0.0388     |
|    n_updates            | 1580        |
|    policy_gradient_loss | -0.0323     |
|    std                  | 0.404       |
|    value_loss           | 0.00132     |
-----------------------------------------
-----------------------------------------
| rollout/                |             |
|    ep_len_mean          | 12.8        |
|    ep_rew_mean          | 7.9         |
| time/                   |             |
|    fps                  | 53          |
|    iterations           | 160         |
|    time_elapsed         | 6133        |
|    total_timesteps      | 327680      |
| train/                  |             |
|    approx_kl            | 0.024961116 |
|    clip_fraction        | 0.293       |
|    clip_range           | 0.2         |
|    entropy_loss         | -3.42       |
|    explained_variance   | 0.69        |
|    learning_rate        | 0.0003      |
|    loss                 | -0.0432     |
|    n_updates            | 1590        |
|    policy_gradient_loss | -0.0212     |
|    std                  | 0.402       |
|    value_loss           | 0.00037     |
-----------------------------------------
-----------------------------------------
| rollout/                |             |
|    ep_len_mean          | 12.8        |
|    ep_rew_mean          | 7.82        |
| time/                   |             |
|    fps                  | 53          |
|    iterations           | 161         |
|    time_elapsed         | 6173        |
|    total_timesteps      | 329728      |
| train/                  |             |
|    approx_kl            | 0.033393398 |
|    clip_fraction        | 0.318       |
|    clip_range           | 0.2         |
|    entropy_loss         | -3.41       |
|    explained_variance   | 0.666       |
|    learning_rate        | 0.0003      |
|    loss                 | -0.0216     |
|    n_updates            | 1600        |
|    policy_gradient_loss | -0.0235     |
|    std                  | 0.403       |
|    value_loss           | 0.000372    |
-----------------------------------------
-----------------------------------------
| rollout/                |             |
|    ep_len_mean          | 13.2        |
|    ep_rew_mean          | 7.84        |
| time/                   |             |
|    fps                  | 53          |
|    iterations           | 162         |
|    time_elapsed         | 6213        |
|    total_timesteps      | 331776      |
| train/                  |             |
|    approx_kl            | 0.028771695 |
|    clip_fraction        | 0.316       |
|    clip_range           | 0.2         |
|    entropy_loss         | -3.41       |
|    explained_variance   | 0.627       |
|    learning_rate        | 0.0003      |
|    loss                 | -0.0389     |
|    n_updates            | 1610        |
|    policy_gradient_loss | -0.025      |
|    std                  | 0.403       |
|    value_loss           | 0.000523    |
-----------------------------------------
-----------------------------------------
| rollout/                |             |
|    ep_len_mean          | 12.8        |
|    ep_rew_mean          | 7.97        |
| time/                   |             |
|    fps                  | 53          |
|    iterations           | 163         |
|    time_elapsed         | 6253        |
|    total_timesteps      | 333824      |
| train/                  |             |
|    approx_kl            | 0.029970001 |
|    clip_fraction        | 0.317       |
|    clip_range           | 0.2         |
|    entropy_loss         | -3.37       |
|    explained_variance   | 0.664       |
|    learning_rate        | 0.0003      |
|    loss                 | -0.0422     |
|    n_updates            | 1620        |
|    policy_gradient_loss | -0.0284     |
|    std                  | 0.401       |
|    value_loss           | 0.000451    |
-----------------------------------------
-----------------------------------------
| rollout/                |             |
|    ep_len_mean          | 12.6        |
|    ep_rew_mean          | 8.08        |
| time/                   |             |
|    fps                  | 53          |
|    iterations           | 164         |
|    time_elapsed         | 6294        |
|    total_timesteps      | 335872      |
| train/                  |             |
|    approx_kl            | 0.029812295 |
|    clip_fraction        | 0.326       |
|    clip_range           | 0.2         |
|    entropy_loss         | -3.34       |
|    explained_variance   | 0.723       |
|    learning_rate        | 0.0003      |
|    loss                 | -0.0528     |
|    n_updates            | 1630        |
|    policy_gradient_loss | -0.0249     |
|    std                  | 0.4         |
|    value_loss           | 0.000371    |
-----------------------------------------
-----------------------------------------
| rollout/                |             |
|    ep_len_mean          | 13.1        |
|    ep_rew_mean          | 7.82        |
| time/                   |             |
|    fps                  | 53          |
|    iterations           | 165         |
|    time_elapsed         | 6334        |
|    total_timesteps      | 337920      |
| train/                  |             |
|    approx_kl            | 0.030836318 |
|    clip_fraction        | 0.299       |
|    clip_range           | 0.2         |
|    entropy_loss         | -3.32       |
|    explained_variance   | 0.708       |
|    learning_rate        | 0.0003      |
|    loss                 | -0.0354     |
|    n_updates            | 1640        |
|    policy_gradient_loss | -0.0222     |
|    std                  | 0.398       |
|    value_loss           | 0.000454    |
-----------------------------------------
-----------------------------------------
| rollout/                |             |
|    ep_len_mean          | 12.6        |
|    ep_rew_mean          | 8           |
| time/                   |             |
|    fps                  | 53          |
|    iterations           | 166         |
|    time_elapsed         | 6375        |
|    total_timesteps      | 339968      |
| train/                  |             |
|    approx_kl            | 0.028369434 |
|    clip_fraction        | 0.313       |
|    clip_range           | 0.2         |
|    entropy_loss         | -3.3        |
|    explained_variance   | 0.669       |
|    learning_rate        | 0.0003      |
|    loss                 | -0.0807     |
|    n_updates            | 1650        |
|    policy_gradient_loss | -0.0238     |
|    std                  | 0.398       |
|    value_loss           | 0.000501    |
-----------------------------------------
-----------------------------------------
| rollout/                |             |
|    ep_len_mean          | 12.6        |
|    ep_rew_mean          | 8.07        |
| time/                   |             |
|    fps                  | 53          |
|    iterations           | 167         |
|    time_elapsed         | 6415        |
|    total_timesteps      | 342016      |
| train/                  |             |
|    approx_kl            | 0.031034723 |
|    clip_fraction        | 0.331       |
|    clip_range           | 0.2         |
|    entropy_loss         | -3.25       |
|    explained_variance   | 0.685       |
|    learning_rate        | 0.0003      |
|    loss                 | -0.043      |
|    n_updates            | 1660        |
|    policy_gradient_loss | -0.0204     |
|    std                  | 0.394       |
|    value_loss           | 0.000398    |
-----------------------------------------
-----------------------------------------
| rollout/                |             |
|    ep_len_mean          | 12.2        |
|    ep_rew_mean          | 8.11        |
| time/                   |             |
|    fps                  | 53          |
|    iterations           | 168         |
|    time_elapsed         | 6456        |
|    total_timesteps      | 344064      |
| train/                  |             |
|    approx_kl            | 0.029738523 |
|    clip_fraction        | 0.312       |
|    clip_range           | 0.2         |
|    entropy_loss         | -3.2        |
|    explained_variance   | 0.719       |
|    learning_rate        | 0.0003      |
|    loss                 | -0.0624     |
|    n_updates            | 1670        |
|    policy_gradient_loss | -0.0222     |
|    std                  | 0.392       |
|    value_loss           | 0.000404    |
-----------------------------------------
-----------------------------------------
| rollout/                |             |
|    ep_len_mean          | 12.1        |
|    ep_rew_mean          | 8.23        |
| time/                   |             |
|    fps                  | 53          |
|    iterations           | 169         |
|    time_elapsed         | 6497        |
|    total_timesteps      | 346112      |
| train/                  |             |
|    approx_kl            | 0.030655768 |
|    clip_fraction        | 0.32        |
|    clip_range           | 0.2         |
|    entropy_loss         | -3.16       |
|    explained_variance   | 0.772       |
|    learning_rate        | 0.0003      |
|    loss                 | -0.048      |
|    n_updates            | 1680        |
|    policy_gradient_loss | -0.0251     |
|    std                  | 0.389       |
|    value_loss           | 0.000313    |
-----------------------------------------
-----------------------------------------
| rollout/                |             |
|    ep_len_mean          | 12.3        |
|    ep_rew_mean          | 8.03        |
| time/                   |             |
|    fps                  | 53          |
|    iterations           | 170         |
|    time_elapsed         | 6538        |
|    total_timesteps      | 348160      |
| train/                  |             |
|    approx_kl            | 0.027350053 |
|    clip_fraction        | 0.317       |
|    clip_range           | 0.2         |
|    entropy_loss         | -3.12       |
|    explained_variance   | 0.782       |
|    learning_rate        | 0.0003      |
|    loss                 | -0.011      |
|    n_updates            | 1690        |
|    policy_gradient_loss | -0.0198     |
|    std                  | 0.386       |
|    value_loss           | 0.000331    |
-----------------------------------------
-----------------------------------------
| rollout/                |             |
|    ep_len_mean          | 12.6        |
|    ep_rew_mean          | 8.08        |
| time/                   |             |
|    fps                  | 53          |
|    iterations           | 171         |
|    time_elapsed         | 6579        |
|    total_timesteps      | 350208      |
| train/                  |             |
|    approx_kl            | 0.039313257 |
|    clip_fraction        | 0.352       |
|    clip_range           | 0.2         |
|    entropy_loss         | -3.06       |
|    explained_variance   | 0.714       |
|    learning_rate        | 0.0003      |
|    loss                 | -0.0526     |
|    n_updates            | 1700        |
|    policy_gradient_loss | -0.0289     |
|    std                  | 0.383       |
|    value_loss           | 0.000415    |
-----------------------------------------
-----------------------------------------
| rollout/                |             |
|    ep_len_mean          | 12.8        |
|    ep_rew_mean          | 7.99        |
| time/                   |             |
|    fps                  | 53          |
|    iterations           | 172         |
|    time_elapsed         | 6619        |
|    total_timesteps      | 352256      |
| train/                  |             |
|    approx_kl            | 0.031533033 |
|    clip_fraction        | 0.331       |
|    clip_range           | 0.2         |
|    entropy_loss         | -2.98       |
|    explained_variance   | 0.729       |
|    learning_rate        | 0.0003      |
|    loss                 | -0.0282     |
|    n_updates            | 1710        |
|    policy_gradient_loss | -0.0231     |
|    std                  | 0.378       |
|    value_loss           | 0.000411    |
-----------------------------------------
-----------------------------------------
| rollout/                |             |
|    ep_len_mean          | 12.5        |
|    ep_rew_mean          | 8.01        |
| time/                   |             |
|    fps                  | 53          |
|    iterations           | 173         |
|    time_elapsed         | 6660        |
|    total_timesteps      | 354304      |
| train/                  |             |
|    approx_kl            | 0.034216754 |
|    clip_fraction        | 0.352       |
|    clip_range           | 0.2         |
|    entropy_loss         | -2.94       |
|    explained_variance   | 0.748       |
|    learning_rate        | 0.0003      |
|    loss                 | -0.035      |
|    n_updates            | 1720        |
|    policy_gradient_loss | -0.0234     |
|    std                  | 0.378       |
|    value_loss           | 0.0004      |
-----------------------------------------
-----------------------------------------
| rollout/                |             |
|    ep_len_mean          | 12.3        |
|    ep_rew_mean          | 8.18        |
| time/                   |             |
|    fps                  | 53          |
|    iterations           | 174         |
|    time_elapsed         | 6700        |
|    total_timesteps      | 356352      |
| train/                  |             |
|    approx_kl            | 0.038123146 |
|    clip_fraction        | 0.369       |
|    clip_range           | 0.2         |
|    entropy_loss         | -2.9        |
|    explained_variance   | 0.693       |
|    learning_rate        | 0.0003      |
|    loss                 | -0.0496     |
|    n_updates            | 1730        |
|    policy_gradient_loss | -0.0306     |
|    std                  | 0.374       |
|    value_loss           | 0.000443    |
-----------------------------------------
-----------------------------------------
| rollout/                |             |
|    ep_len_mean          | 12.1        |
|    ep_rew_mean          | 8.24        |
| time/                   |             |
|    fps                  | 53          |
|    iterations           | 175         |
|    time_elapsed         | 6741        |
|    total_timesteps      | 358400      |
| train/                  |             |
|    approx_kl            | 0.034842234 |
|    clip_fraction        | 0.337       |
|    clip_range           | 0.2         |
|    entropy_loss         | -2.87       |
|    explained_variance   | 0.723       |
|    learning_rate        | 0.0003      |
|    loss                 | -0.0309     |
|    n_updates            | 1740        |
|    policy_gradient_loss | -0.0232     |
|    std                  | 0.373       |
|    value_loss           | 0.000398    |
-----------------------------------------
-----------------------------------------
| rollout/                |             |
|    ep_len_mean          | 12.3        |
|    ep_rew_mean          | 8.17        |
| time/                   |             |
|    fps                  | 53          |
|    iterations           | 176         |
|    time_elapsed         | 6782        |
|    total_timesteps      | 360448      |
| train/                  |             |
|    approx_kl            | 0.030421909 |
|    clip_fraction        | 0.337       |
|    clip_range           | 0.2         |
|    entropy_loss         | -2.84       |
|    explained_variance   | 0.752       |
|    learning_rate        | 0.0003      |
|    loss                 | -0.0356     |
|    n_updates            | 1750        |
|    policy_gradient_loss | -0.0238     |
|    std                  | 0.372       |
|    value_loss           | 0.00037     |
-----------------------------------------
-----------------------------------------
| rollout/                |             |
|    ep_len_mean          | 12.8        |
|    ep_rew_mean          | 8.1         |
| time/                   |             |
|    fps                  | 53          |
|    iterations           | 177         |
|    time_elapsed         | 6822        |
|    total_timesteps      | 362496      |
| train/                  |             |
|    approx_kl            | 0.030989796 |
|    clip_fraction        | 0.329       |
|    clip_range           | 0.2         |
|    entropy_loss         | -2.79       |
|    explained_variance   | 0.785       |
|    learning_rate        | 0.0003      |
|    loss                 | -0.0517     |
|    n_updates            | 1760        |
|    policy_gradient_loss | -0.0213     |
|    std                  | 0.369       |
|    value_loss           | 0.000338    |
-----------------------------------------
-----------------------------------------
| rollout/                |             |
|    ep_len_mean          | 12          |
|    ep_rew_mean          | 8.24        |
| time/                   |             |
|    fps                  | 53          |
|    iterations           | 178         |
|    time_elapsed         | 6863        |
|    total_timesteps      | 364544      |
| train/                  |             |
|    approx_kl            | 0.032166693 |
|    clip_fraction        | 0.356       |
|    clip_range           | 0.2         |
|    entropy_loss         | -2.76       |
|    explained_variance   | 0.748       |
|    learning_rate        | 0.0003      |
|    loss                 | -0.0331     |
|    n_updates            | 1770        |
|    policy_gradient_loss | -0.0233     |
|    std                  | 0.368       |
|    value_loss           | 0.000387    |
-----------------------------------------
-----------------------------------------
| rollout/                |             |
|    ep_len_mean          | 12.5        |
|    ep_rew_mean          | 8.2         |
| time/                   |             |
|    fps                  | 53          |
|    iterations           | 179         |
|    time_elapsed         | 6904        |
|    total_timesteps      | 366592      |
| train/                  |             |
|    approx_kl            | 0.029337266 |
|    clip_fraction        | 0.32        |
|    clip_range           | 0.2         |
|    entropy_loss         | -2.72       |
|    explained_variance   | 0.794       |
|    learning_rate        | 0.0003      |
|    loss                 | -0.0292     |
|    n_updates            | 1780        |
|    policy_gradient_loss | -0.0219     |
|    std                  | 0.364       |
|    value_loss           | 0.000294    |
-----------------------------------------
-----------------------------------------
| rollout/                |             |
|    ep_len_mean          | 12.2        |
|    ep_rew_mean          | 8.26        |
| time/                   |             |
|    fps                  | 53          |
|    iterations           | 180         |
|    time_elapsed         | 6945        |
|    total_timesteps      | 368640      |
| train/                  |             |
|    approx_kl            | 0.031205166 |
|    clip_fraction        | 0.325       |
|    clip_range           | 0.2         |
|    entropy_loss         | -2.68       |
|    explained_variance   | 0.787       |
|    learning_rate        | 0.0003      |
|    loss                 | 0.0106      |
|    n_updates            | 1790        |
|    policy_gradient_loss | -0.0221     |
|    std                  | 0.364       |
|    value_loss           | 0.000343    |
-----------------------------------------
-----------------------------------------
| rollout/                |             |
|    ep_len_mean          | 12.2        |
|    ep_rew_mean          | 8.22        |
| time/                   |             |
|    fps                  | 53          |
|    iterations           | 181         |
|    time_elapsed         | 6985        |
|    total_timesteps      | 370688      |
| train/                  |             |
|    approx_kl            | 0.030049093 |
|    clip_fraction        | 0.33        |
|    clip_range           | 0.2         |
|    entropy_loss         | -2.67       |
|    explained_variance   | 0.786       |
|    learning_rate        | 0.0003      |
|    loss                 | -0.0424     |
|    n_updates            | 1800        |
|    policy_gradient_loss | -0.0236     |
|    std                  | 0.364       |
|    value_loss           | 0.000347    |
-----------------------------------------
-----------------------------------------
| rollout/                |             |
|    ep_len_mean          | 12.2        |
|    ep_rew_mean          | 8.25        |
| time/                   |             |
|    fps                  | 53          |
|    iterations           | 182         |
|    time_elapsed         | 7026        |
|    total_timesteps      | 372736      |
| train/                  |             |
|    approx_kl            | 0.041604184 |
|    clip_fraction        | 0.367       |
|    clip_range           | 0.2         |
|    entropy_loss         | -2.64       |
|    explained_variance   | 0.73        |
|    learning_rate        | 0.0003      |
|    loss                 | 0.000628    |
|    n_updates            | 1810        |
|    policy_gradient_loss | -0.0249     |
|    std                  | 0.361       |
|    value_loss           | 0.000431    |
-----------------------------------------
-----------------------------------------
| rollout/                |             |
|    ep_len_mean          | 12.1        |
|    ep_rew_mean          | 8.27        |
| time/                   |             |
|    fps                  | 53          |
|    iterations           | 183         |
|    time_elapsed         | 7068        |
|    total_timesteps      | 374784      |
| train/                  |             |
|    approx_kl            | 0.028745957 |
|    clip_fraction        | 0.326       |
|    clip_range           | 0.2         |
|    entropy_loss         | -2.59       |
|    explained_variance   | 0.759       |
|    learning_rate        | 0.0003      |
|    loss                 | -0.0109     |
|    n_updates            | 1820        |
|    policy_gradient_loss | -0.0236     |
|    std                  | 0.358       |
|    value_loss           | 0.000406    |
-----------------------------------------
-----------------------------------------
| rollout/                |             |
|    ep_len_mean          | 12.3        |
|    ep_rew_mean          | 8.2         |
| time/                   |             |
|    fps                  | 53          |
|    iterations           | 184         |
|    time_elapsed         | 7108        |
|    total_timesteps      | 376832      |
| train/                  |             |
|    approx_kl            | 0.028826822 |
|    clip_fraction        | 0.347       |
|    clip_range           | 0.2         |
|    entropy_loss         | -2.54       |
|    explained_variance   | 0.788       |
|    learning_rate        | 0.0003      |
|    loss                 | -0.0305     |
|    n_updates            | 1830        |
|    policy_gradient_loss | -0.0203     |
|    std                  | 0.356       |
|    value_loss           | 0.000348    |
-----------------------------------------
-----------------------------------------
| rollout/                |             |
|    ep_len_mean          | 12.2        |
|    ep_rew_mean          | 8.25        |
| time/                   |             |
|    fps                  | 52          |
|    iterations           | 185         |
|    time_elapsed         | 7149        |
|    total_timesteps      | 378880      |
| train/                  |             |
|    approx_kl            | 0.035919275 |
|    clip_fraction        | 0.352       |
|    clip_range           | 0.2         |
|    entropy_loss         | -2.5        |
|    explained_variance   | 0.732       |
|    learning_rate        | 0.0003      |
|    loss                 | -0.0186     |
|    n_updates            | 1840        |
|    policy_gradient_loss | -0.0232     |
|    std                  | 0.353       |
|    value_loss           | 0.000421    |
-----------------------------------------
-----------------------------------------
| rollout/                |             |
|    ep_len_mean          | 12.2        |
|    ep_rew_mean          | 8.26        |
| time/                   |             |
|    fps                  | 52          |
|    iterations           | 186         |
|    time_elapsed         | 7190        |
|    total_timesteps      | 380928      |
| train/                  |             |
|    approx_kl            | 0.033951186 |
|    clip_fraction        | 0.366       |
|    clip_range           | 0.2         |
|    entropy_loss         | -2.47       |
|    explained_variance   | 0.724       |
|    learning_rate        | 0.0003      |
|    loss                 | -0.0693     |
|    n_updates            | 1850        |
|    policy_gradient_loss | -0.0218     |
|    std                  | 0.353       |
|    value_loss           | 0.000396    |
-----------------------------------------
-----------------------------------------
| rollout/                |             |
|    ep_len_mean          | 12.7        |
|    ep_rew_mean          | 8.07        |
| time/                   |             |
|    fps                  | 52          |
|    iterations           | 187         |
|    time_elapsed         | 7231        |
|    total_timesteps      | 382976      |
| train/                  |             |
|    approx_kl            | 0.032246552 |
|    clip_fraction        | 0.346       |
|    clip_range           | 0.2         |
|    entropy_loss         | -2.45       |
|    explained_variance   | 0.682       |
|    learning_rate        | 0.0003      |
|    loss                 | -0.0389     |
|    n_updates            | 1860        |
|    policy_gradient_loss | -0.0237     |
|    std                  | 0.35        |
|    value_loss           | 0.000531    |
-----------------------------------------
----------------------------------------
| rollout/                |            |
|    ep_len_mean          | 12         |
|    ep_rew_mean          | 8.36       |
| time/                   |            |
|    fps                  | 52         |
|    iterations           | 188        |
|    time_elapsed         | 7268       |
|    total_timesteps      | 385024     |
| train/                  |            |
|    approx_kl            | 0.03146823 |
|    clip_fraction        | 0.352      |
|    clip_range           | 0.2        |
|    entropy_loss         | -2.41      |
|    explained_variance   | 0.705      |
|    learning_rate        | 0.0003     |
|    loss                 | -0.0595    |
|    n_updates            | 1870       |
|    policy_gradient_loss | -0.0291    |
|    std                  | 0.349      |
|    value_loss           | 0.00053    |
----------------------------------------
----------------------------------------
| rollout/                |            |
|    ep_len_mean          | 11.8       |
|    ep_rew_mean          | 8.38       |
| time/                   |            |
|    fps                  | 52         |
|    iterations           | 189        |
|    time_elapsed         | 7304       |
|    total_timesteps      | 387072     |
| train/                  |            |
|    approx_kl            | 0.03126465 |
|    clip_fraction        | 0.328      |
|    clip_range           | 0.2        |
|    entropy_loss         | -2.37      |
|    explained_variance   | 0.678      |
|    learning_rate        | 0.0003     |
|    loss                 | -0.0472    |
|    n_updates            | 1880       |
|    policy_gradient_loss | -0.0213    |
|    std                  | 0.346      |
|    value_loss           | 0.000507   |
----------------------------------------
-----------------------------------------
| rollout/                |             |
|    ep_len_mean          | 11.9        |
|    ep_rew_mean          | 8.35        |
| time/                   |             |
|    fps                  | 53          |
|    iterations           | 190         |
|    time_elapsed         | 7340        |
|    total_timesteps      | 389120      |
| train/                  |             |
|    approx_kl            | 0.029560488 |
|    clip_fraction        | 0.327       |
|    clip_range           | 0.2         |
|    entropy_loss         | -2.3        |
|    explained_variance   | 0.762       |
|    learning_rate        | 0.0003      |
|    loss                 | -0.0499     |
|    n_updates            | 1890        |
|    policy_gradient_loss | -0.0183     |
|    std                  | 0.343       |
|    value_loss           | 0.000393    |
-----------------------------------------
----------------------------------------
| rollout/                |            |
|    ep_len_mean          | 11.9       |
|    ep_rew_mean          | 8.37       |
| time/                   |            |
|    fps                  | 53         |
|    iterations           | 191        |
|    time_elapsed         | 7376       |
|    total_timesteps      | 391168     |
| train/                  |            |
|    approx_kl            | 0.03225661 |
|    clip_fraction        | 0.33       |
|    clip_range           | 0.2        |
|    entropy_loss         | -2.27      |
|    explained_variance   | 0.705      |
|    learning_rate        | 0.0003     |
|    loss                 | -0.0434    |
|    n_updates            | 1900       |
|    policy_gradient_loss | -0.024     |
|    std                  | 0.341      |
|    value_loss           | 0.000518   |
----------------------------------------
---------------------------------------
| rollout/                |           |
|    ep_len_mean          | 11.7      |
|    ep_rew_mean          | 8.41      |
| time/                   |           |
|    fps                  | 53        |
|    iterations           | 192       |
|    time_elapsed         | 7409      |
|    total_timesteps      | 393216    |
| train/                  |           |
|    approx_kl            | 0.0321363 |
|    clip_fraction        | 0.353     |
|    clip_range           | 0.2       |
|    entropy_loss         | -2.26     |
|    explained_variance   | 0.73      |
|    learning_rate        | 0.0003    |
|    loss                 | -0.0399   |
|    n_updates            | 1910      |
|    policy_gradient_loss | -0.0219   |
|    std                  | 0.342     |
|    value_loss           | 0.000449  |
---------------------------------------
----------------------------------------
| rollout/                |            |
|    ep_len_mean          | 11.8       |
|    ep_rew_mean          | 8.4        |
| time/                   |            |
|    fps                  | 53         |
|    iterations           | 193        |
|    time_elapsed         | 7441       |
|    total_timesteps      | 395264     |
| train/                  |            |
|    approx_kl            | 0.04317377 |
|    clip_fraction        | 0.371      |
|    clip_range           | 0.2        |
|    entropy_loss         | -2.25      |
|    explained_variance   | 0.715      |
|    learning_rate        | 0.0003     |
|    loss                 | -0.0622    |
|    n_updates            | 1920       |
|    policy_gradient_loss | -0.0219    |
|    std                  | 0.341      |
|    value_loss           | 0.000493   |
----------------------------------------
-----------------------------------------
| rollout/                |             |
|    ep_len_mean          | 11.9        |
|    ep_rew_mean          | 8.36        |
| time/                   |             |
|    fps                  | 53          |
|    iterations           | 194         |
|    time_elapsed         | 7472        |
|    total_timesteps      | 397312      |
| train/                  |             |
|    approx_kl            | 0.036412314 |
|    clip_fraction        | 0.374       |
|    clip_range           | 0.2         |
|    entropy_loss         | -2.19       |
|    explained_variance   | 0.7         |
|    learning_rate        | 0.0003      |
|    loss                 | -0.0222     |
|    n_updates            | 1930        |
|    policy_gradient_loss | -0.0264     |
|    std                  | 0.337       |
|    value_loss           | 0.000541    |
-----------------------------------------
----------------------------------------
| rollout/                |            |
|    ep_len_mean          | 12         |
|    ep_rew_mean          | 8.35       |
| time/                   |            |
|    fps                  | 53         |
|    iterations           | 195        |
|    time_elapsed         | 7504       |
|    total_timesteps      | 399360     |
| train/                  |            |
|    approx_kl            | 0.03510066 |
|    clip_fraction        | 0.388      |
|    clip_range           | 0.2        |
|    entropy_loss         | -2.14      |
|    explained_variance   | 0.733      |
|    learning_rate        | 0.0003     |
|    loss                 | -0.0621    |
|    n_updates            | 1940       |
|    policy_gradient_loss | -0.019     |
|    std                  | 0.337      |
|    value_loss           | 0.000447   |
----------------------------------------
-----------------------------------------
| rollout/                |             |
|    ep_len_mean          | 12          |
|    ep_rew_mean          | 8.33        |
| time/                   |             |
|    fps                  | 53          |
|    iterations           | 196         |
|    time_elapsed         | 7536        |
|    total_timesteps      | 401408      |
| train/                  |             |
|    approx_kl            | 0.039734162 |
|    clip_fraction        | 0.365       |
|    clip_range           | 0.2         |
|    entropy_loss         | -2.12       |
|    explained_variance   | 0.723       |
|    learning_rate        | 0.0003      |
|    loss                 | -0.0148     |
|    n_updates            | 1950        |
|    policy_gradient_loss | -0.0235     |
|    std                  | 0.335       |
|    value_loss           | 0.000472    |
-----------------------------------------
saved models/C1_seed2.zip and models/C1_seed2_vecnormalize.pkl
