=== training C2_lam5_seed1 for 400000 steps ===
    port 5241
--------------------------------------------------------------
[threshold consistency]
  success distance      = 0.030 m
  force at success      = 5.00 N
  comfort / danger      = 6.0 N / 10.0 N
  >>> OK: the success point lies inside the safe band.
--------------------------------------------------------------
Waiting for connections on port: 5242...
Connected successfully
Using cpu device
----------------------------------
| rollout/           |           |
|    ep_len_mean     | 200       |
|    ep_rew_mean     | -1.26e+03 |
| time/              |           |
|    fps             | 72        |
|    iterations      | 1         |
|    time_elapsed    | 28        |
|    total_timesteps | 2048      |
----------------------------------
-----------------------------------------
| rollout/                |             |
|    ep_len_mean          | 200         |
|    ep_rew_mean          | -1.05e+03   |
| time/                   |             |
|    fps                  | 69          |
|    iterations           | 2           |
|    time_elapsed         | 58          |
|    total_timesteps      | 4096        |
| train/                  |             |
|    approx_kl            | 0.014275323 |
|    clip_fraction        | 0.142       |
|    clip_range           | 0.2         |
|    entropy_loss         | -9.96       |
|    explained_variance   | 0.277       |
|    learning_rate        | 0.0003      |
|    loss                 | 0.00297     |
|    n_updates            | 10          |
|    policy_gradient_loss | -0.0241     |
|    std                  | 1.01        |
|    value_loss           | 0.56        |
-----------------------------------------
-----------------------------------------
| rollout/                |             |
|    ep_len_mean          | 200         |
|    ep_rew_mean          | -999        |
| time/                   |             |
|    fps                  | 69          |
|    iterations           | 3           |
|    time_elapsed         | 87          |
|    total_timesteps      | 6144        |
| train/                  |             |
|    approx_kl            | 0.016571183 |
|    clip_fraction        | 0.192       |
|    clip_range           | 0.2         |
|    entropy_loss         | -9.94       |
|    explained_variance   | 0.562       |
|    learning_rate        | 0.0003      |
|    loss                 | 0.000903    |
|    n_updates            | 20          |
|    policy_gradient_loss | -0.0293     |
|    std                  | 0.999       |
|    value_loss           | 0.0565      |
-----------------------------------------
-----------------------------------------
| rollout/                |             |
|    ep_len_mean          | 200         |
|    ep_rew_mean          | -937        |
| time/                   |             |
|    fps                  | 69          |
|    iterations           | 4           |
|    time_elapsed         | 117         |
|    total_timesteps      | 8192        |
| train/                  |             |
|    approx_kl            | 0.013973617 |
|    clip_fraction        | 0.144       |
|    clip_range           | 0.2         |
|    entropy_loss         | -9.93       |
|    explained_variance   | 0.633       |
|    learning_rate        | 0.0003      |
|    loss                 | -0.0478     |
|    n_updates            | 30          |
|    policy_gradient_loss | -0.0259     |
|    std                  | 1           |
|    value_loss           | 0.0291      |
-----------------------------------------
-----------------------------------------
| rollout/                |             |
|    ep_len_mean          | 200         |
|    ep_rew_mean          | -878        |
| time/                   |             |
|    fps                  | 69          |
|    iterations           | 5           |
|    time_elapsed         | 147         |
|    total_timesteps      | 10240       |
| train/                  |             |
|    approx_kl            | 0.018341333 |
|    clip_fraction        | 0.209       |
|    clip_range           | 0.2         |
|    entropy_loss         | -9.93       |
|    explained_variance   | 0.538       |
|    learning_rate        | 0.0003      |
|    loss                 | -0.0277     |
|    n_updates            | 40          |
|    policy_gradient_loss | -0.0356     |
|    std                  | 1           |
|    value_loss           | 0.0347      |
-----------------------------------------
----------------------------------------
| rollout/                |            |
|    ep_len_mean          | 200        |
|    ep_rew_mean          | -839       |
| time/                   |            |
|    fps                  | 69         |
|    iterations           | 6          |
|    time_elapsed         | 177        |
|    total_timesteps      | 12288      |
| train/                  |            |
|    approx_kl            | 0.01766409 |
|    clip_fraction        | 0.2        |
|    clip_range           | 0.2        |
|    entropy_loss         | -9.9       |
|    explained_variance   | 0.48       |
|    learning_rate        | 0.0003     |
|    loss                 | 0.00437    |
|    n_updates            | 50         |
|    policy_gradient_loss | -0.0317    |
|    std                  | 0.994      |
|    value_loss           | 0.0216     |
----------------------------------------
-----------------------------------------
| rollout/                |             |
|    ep_len_mean          | 200         |
|    ep_rew_mean          | -787        |
| time/                   |             |
|    fps                  | 68          |
|    iterations           | 7           |
|    time_elapsed         | 208         |
|    total_timesteps      | 14336       |
| train/                  |             |
|    approx_kl            | 0.016087007 |
|    clip_fraction        | 0.185       |
|    clip_range           | 0.2         |
|    entropy_loss         | -9.86       |
|    explained_variance   | 0.402       |
|    learning_rate        | 0.0003      |
|    loss                 | 0.000984    |
|    n_updates            | 60          |
|    policy_gradient_loss | -0.0308     |
|    std                  | 0.987       |
|    value_loss           | 0.0203      |
-----------------------------------------
-----------------------------------------
| rollout/                |             |
|    ep_len_mean          | 200         |
|    ep_rew_mean          | -745        |
| time/                   |             |
|    fps                  | 68          |
|    iterations           | 8           |
|    time_elapsed         | 239         |
|    total_timesteps      | 16384       |
| train/                  |             |
|    approx_kl            | 0.015636053 |
|    clip_fraction        | 0.192       |
|    clip_range           | 0.2         |
|    entropy_loss         | -9.84       |
|    explained_variance   | 0.431       |
|    learning_rate        | 0.0003      |
|    loss                 | -0.0426     |
|    n_updates            | 70          |
|    policy_gradient_loss | -0.0309     |
|    std                  | 0.987       |
|    value_loss           | 0.0148      |
-----------------------------------------
------------------------------------------
| rollout/                |              |
|    ep_len_mean          | 198          |
|    ep_rew_mean          | -704         |
| time/                   |              |
|    fps                  | 68           |
|    iterations           | 9            |
|    time_elapsed         | 270          |
|    total_timesteps      | 18432        |
| train/                  |              |
|    approx_kl            | 0.0154736545 |
|    clip_fraction        | 0.183        |
|    clip_range           | 0.2          |
|    entropy_loss         | -9.84        |
|    explained_variance   | 0.485        |
|    learning_rate        | 0.0003       |
|    loss                 | 0.00722      |
|    n_updates            | 80           |
|    policy_gradient_loss | -0.0288      |
|    std                  | 0.988        |
|    value_loss           | 0.00915      |
------------------------------------------
----------------------------------------
| rollout/                |            |
|    ep_len_mean          | 199        |
|    ep_rew_mean          | -649       |
| time/                   |            |
|    fps                  | 68         |
|    iterations           | 10         |
|    time_elapsed         | 300        |
|    total_timesteps      | 20480      |
| train/                  |            |
|    approx_kl            | 0.01702901 |
|    clip_fraction        | 0.191      |
|    clip_range           | 0.2        |
|    entropy_loss         | -9.83      |
|    explained_variance   | 0.494      |
|    learning_rate        | 0.0003     |
|    loss                 | -0.052     |
|    n_updates            | 90         |
|    policy_gradient_loss | -0.0315    |
|    std                  | 0.985      |
|    value_loss           | 0.00828    |
----------------------------------------
-----------------------------------------
| rollout/                |             |
|    ep_len_mean          | 199         |
|    ep_rew_mean          | -573        |
| time/                   |             |
|    fps                  | 68          |
|    iterations           | 11          |
|    time_elapsed         | 329         |
|    total_timesteps      | 22528       |
| train/                  |             |
|    approx_kl            | 0.017710347 |
|    clip_fraction        | 0.182       |
|    clip_range           | 0.2         |
|    entropy_loss         | -9.81       |
|    explained_variance   | 0.672       |
|    learning_rate        | 0.0003      |
|    loss                 | -0.068      |
|    n_updates            | 100         |
|    policy_gradient_loss | -0.031      |
|    std                  | 0.982       |
|    value_loss           | 0.00575     |
-----------------------------------------
-----------------------------------------
| rollout/                |             |
|    ep_len_mean          | 199         |
|    ep_rew_mean          | -519        |
| time/                   |             |
|    fps                  | 68          |
|    iterations           | 12          |
|    time_elapsed         | 359         |
|    total_timesteps      | 24576       |
| train/                  |             |
|    approx_kl            | 0.012020249 |
|    clip_fraction        | 0.124       |
|    clip_range           | 0.2         |
|    entropy_loss         | -9.81       |
|    explained_variance   | -0.00232    |
|    learning_rate        | 0.0003      |
|    loss                 | -0.0457     |
|    n_updates            | 110         |
|    policy_gradient_loss | -0.0202     |
|    std                  | 0.984       |
|    value_loss           | 0.00751     |
-----------------------------------------
-----------------------------------------
| rollout/                |             |
|    ep_len_mean          | 199         |
|    ep_rew_mean          | -470        |
| time/                   |             |
|    fps                  | 68          |
|    iterations           | 13          |
|    time_elapsed         | 389         |
|    total_timesteps      | 26624       |
| train/                  |             |
|    approx_kl            | 0.013707479 |
|    clip_fraction        | 0.16        |
|    clip_range           | 0.2         |
|    entropy_loss         | -9.81       |
|    explained_variance   | 0.128       |
|    learning_rate        | 0.0003      |
|    loss                 | -0.0458     |
|    n_updates            | 120         |
|    policy_gradient_loss | -0.0264     |
|    std                  | 0.981       |
|    value_loss           | 0.00634     |
-----------------------------------------
-----------------------------------------
| rollout/                |             |
|    ep_len_mean          | 199         |
|    ep_rew_mean          | -420        |
| time/                   |             |
|    fps                  | 68          |
|    iterations           | 14          |
|    time_elapsed         | 418         |
|    total_timesteps      | 28672       |
| train/                  |             |
|    approx_kl            | 0.012745069 |
|    clip_fraction        | 0.154       |
|    clip_range           | 0.2         |
|    entropy_loss         | -9.81       |
|    explained_variance   | 0.732       |
|    learning_rate        | 0.0003      |
|    loss                 | -0.0463     |
|    n_updates            | 130         |
|    policy_gradient_loss | -0.024      |
|    std                  | 0.984       |
|    value_loss           | 0.00655     |
-----------------------------------------
----------------------------------------
| rollout/                |            |
|    ep_len_mean          | 199        |
|    ep_rew_mean          | -374       |
| time/                   |            |
|    fps                  | 68         |
|    iterations           | 15         |
|    time_elapsed         | 448        |
|    total_timesteps      | 30720      |
| train/                  |            |
|    approx_kl            | 0.01573778 |
|    clip_fraction        | 0.171      |
|    clip_range           | 0.2        |
|    entropy_loss         | -9.83      |
|    explained_variance   | 0.841      |
|    learning_rate        | 0.0003     |
|    loss                 | -0.0208    |
|    n_updates            | 140        |
|    policy_gradient_loss | -0.0273    |
|    std                  | 0.987      |
|    value_loss           | 0.00518    |
----------------------------------------
----------------------------------------
| rollout/                |            |
|    ep_len_mean          | 199        |
|    ep_rew_mean          | -343       |
| time/                   |            |
|    fps                  | 68         |
|    iterations           | 16         |
|    time_elapsed         | 477        |
|    total_timesteps      | 32768      |
| train/                  |            |
|    approx_kl            | 0.01559416 |
|    clip_fraction        | 0.185      |
|    clip_range           | 0.2        |
|    entropy_loss         | -9.8       |
|    explained_variance   | 0.798      |
|    learning_rate        | 0.0003     |
|    loss                 | -0.0257    |
|    n_updates            | 150        |
|    policy_gradient_loss | -0.0307    |
|    std                  | 0.978      |
|    value_loss           | 0.00446    |
----------------------------------------
-----------------------------------------
| rollout/                |             |
|    ep_len_mean          | 199         |
|    ep_rew_mean          | -319        |
| time/                   |             |
|    fps                  | 68          |
|    iterations           | 17          |
|    time_elapsed         | 506         |
|    total_timesteps      | 34816       |
| train/                  |             |
|    approx_kl            | 0.018882636 |
|    clip_fraction        | 0.233       |
|    clip_range           | 0.2         |
|    entropy_loss         | -9.76       |
|    explained_variance   | 0.816       |
|    learning_rate        | 0.0003      |
|    loss                 | -0.0466     |
|    n_updates            | 160         |
|    policy_gradient_loss | -0.0341     |
|    std                  | 0.975       |
|    value_loss           | 0.00259     |
-----------------------------------------
-----------------------------------------
| rollout/                |             |
|    ep_len_mean          | 199         |
|    ep_rew_mean          | -294        |
| time/                   |             |
|    fps                  | 68          |
|    iterations           | 18          |
|    time_elapsed         | 536         |
|    total_timesteps      | 36864       |
| train/                  |             |
|    approx_kl            | 0.014900653 |
|    clip_fraction        | 0.177       |
|    clip_range           | 0.2         |
|    entropy_loss         | -9.72       |
|    explained_variance   | -0.492      |
|    learning_rate        | 0.0003      |
|    loss                 | -0.0305     |
|    n_updates            | 170         |
|    policy_gradient_loss | -0.0272     |
|    std                  | 0.966       |
|    value_loss           | 0.00123     |
-----------------------------------------
-----------------------------------------
| rollout/                |             |
|    ep_len_mean          | 200         |
|    ep_rew_mean          | -281        |
| time/                   |             |
|    fps                  | 68          |
|    iterations           | 19          |
|    time_elapsed         | 565         |
|    total_timesteps      | 38912       |
| train/                  |             |
|    approx_kl            | 0.015731454 |
|    clip_fraction        | 0.177       |
|    clip_range           | 0.2         |
|    entropy_loss         | -9.65       |
|    explained_variance   | 0.166       |
|    learning_rate        | 0.0003      |
|    loss                 | -0.0616     |
|    n_updates            | 180         |
|    policy_gradient_loss | -0.0298     |
|    std                  | 0.959       |
|    value_loss           | 0.00127     |
-----------------------------------------
----------------------------------------
| rollout/                |            |
|    ep_len_mean          | 200        |
|    ep_rew_mean          | -267       |
| time/                   |            |
|    fps                  | 68         |
|    iterations           | 20         |
|    time_elapsed         | 595        |
|    total_timesteps      | 40960      |
| train/                  |            |
|    approx_kl            | 0.01625001 |
|    clip_fraction        | 0.179      |
|    clip_range           | 0.2        |
|    entropy_loss         | -9.62      |
|    explained_variance   | -0.512     |
|    learning_rate        | 0.0003     |
|    loss                 | -0.033     |
|    n_updates            | 190        |
|    policy_gradient_loss | -0.0294    |
|    std                  | 0.956      |
|    value_loss           | 0.00078    |
----------------------------------------
---------------------------------------
| rollout/                |           |
|    ep_len_mean          | 200       |
|    ep_rew_mean          | -248      |
| time/                   |           |
|    fps                  | 68        |
|    iterations           | 21        |
|    time_elapsed         | 624       |
|    total_timesteps      | 43008     |
| train/                  |           |
|    approx_kl            | 0.0152482 |
|    clip_fraction        | 0.181     |
|    clip_range           | 0.2       |
|    entropy_loss         | -9.58     |
|    explained_variance   | -0.0233   |
|    learning_rate        | 0.0003    |
|    loss                 | -0.0178   |
|    n_updates            | 200       |
|    policy_gradient_loss | -0.0289   |
|    std                  | 0.947     |
|    value_loss           | 0.00169   |
---------------------------------------
-----------------------------------------
| rollout/                |             |
|    ep_len_mean          | 200         |
|    ep_rew_mean          | -233        |
| time/                   |             |
|    fps                  | 68          |
|    iterations           | 22          |
|    time_elapsed         | 653         |
|    total_timesteps      | 45056       |
| train/                  |             |
|    approx_kl            | 0.016029526 |
|    clip_fraction        | 0.195       |
|    clip_range           | 0.2         |
|    entropy_loss         | -9.53       |
|    explained_variance   | -0.886      |
|    learning_rate        | 0.0003      |
|    loss                 | -0.0561     |
|    n_updates            | 210         |
|    policy_gradient_loss | -0.0316     |
|    std                  | 0.944       |
|    value_loss           | 0.000702    |
-----------------------------------------
-----------------------------------------
| rollout/                |             |
|    ep_len_mean          | 200         |
|    ep_rew_mean          | -218        |
| time/                   |             |
|    fps                  | 68          |
|    iterations           | 23          |
|    time_elapsed         | 683         |
|    total_timesteps      | 47104       |
| train/                  |             |
|    approx_kl            | 0.014007578 |
|    clip_fraction        | 0.18        |
|    clip_range           | 0.2         |
|    entropy_loss         | -9.52       |
|    explained_variance   | 0.314       |
|    learning_rate        | 0.0003      |
|    loss                 | -0.0551     |
|    n_updates            | 220         |
|    policy_gradient_loss | -0.0275     |
|    std                  | 0.942       |
|    value_loss           | 0.000729    |
-----------------------------------------
-----------------------------------------
| rollout/                |             |
|    ep_len_mean          | 200         |
|    ep_rew_mean          | -209        |
| time/                   |             |
|    fps                  | 68          |
|    iterations           | 24          |
|    time_elapsed         | 712         |
|    total_timesteps      | 49152       |
| train/                  |             |
|    approx_kl            | 0.015544349 |
|    clip_fraction        | 0.182       |
|    clip_range           | 0.2         |
|    entropy_loss         | -9.45       |
|    explained_variance   | -0.354      |
|    learning_rate        | 0.0003      |
|    loss                 | -0.0414     |
|    n_updates            | 230         |
|    policy_gradient_loss | -0.03       |
|    std                  | 0.929       |
|    value_loss           | 0.00052     |
-----------------------------------------
-----------------------------------------
| rollout/                |             |
|    ep_len_mean          | 200         |
|    ep_rew_mean          | -201        |
| time/                   |             |
|    fps                  | 68          |
|    iterations           | 25          |
|    time_elapsed         | 742         |
|    total_timesteps      | 51200       |
| train/                  |             |
|    approx_kl            | 0.015219433 |
|    clip_fraction        | 0.186       |
|    clip_range           | 0.2         |
|    entropy_loss         | -9.39       |
|    explained_variance   | -0.072      |
|    learning_rate        | 0.0003      |
|    loss                 | -0.0299     |
|    n_updates            | 240         |
|    policy_gradient_loss | -0.0284     |
|    std                  | 0.924       |
|    value_loss           | 0.00047     |
-----------------------------------------
-----------------------------------------
| rollout/                |             |
|    ep_len_mean          | 198         |
|    ep_rew_mean          | -193        |
| time/                   |             |
|    fps                  | 68          |
|    iterations           | 26          |
|    time_elapsed         | 771         |
|    total_timesteps      | 53248       |
| train/                  |             |
|    approx_kl            | 0.013813671 |
|    clip_fraction        | 0.165       |
|    clip_range           | 0.2         |
|    entropy_loss         | -9.36       |
|    explained_variance   | 0.0134      |
|    learning_rate        | 0.0003      |
|    loss                 | -0.0444     |
|    n_updates            | 250         |
|    policy_gradient_loss | -0.0265     |
|    std                  | 0.92        |
|    value_loss           | 0.000523    |
-----------------------------------------
----------------------------------------
| rollout/                |            |
|    ep_len_mean          | 198        |
|    ep_rew_mean          | -187       |
| time/                   |            |
|    fps                  | 69         |
|    iterations           | 27         |
|    time_elapsed         | 801        |
|    total_timesteps      | 55296      |
| train/                  |            |
|    approx_kl            | 0.01718096 |
|    clip_fraction        | 0.217      |
|    clip_range           | 0.2        |
|    entropy_loss         | -9.3       |
|    explained_variance   | -0.16      |
|    learning_rate        | 0.0003     |
|    loss                 | -0.0266    |
|    n_updates            | 260        |
|    policy_gradient_loss | -0.0281    |
|    std                  | 0.911      |
|    value_loss           | 0.00198    |
----------------------------------------
-----------------------------------------
| rollout/                |             |
|    ep_len_mean          | 198         |
|    ep_rew_mean          | -182        |
| time/                   |             |
|    fps                  | 69          |
|    iterations           | 28          |
|    time_elapsed         | 830         |
|    total_timesteps      | 57344       |
| train/                  |             |
|    approx_kl            | 0.013738012 |
|    clip_fraction        | 0.165       |
|    clip_range           | 0.2         |
|    entropy_loss         | -9.23       |
|    explained_variance   | -0.445      |
|    learning_rate        | 0.0003      |
|    loss                 | -0.0186     |
|    n_updates            | 270         |
|    policy_gradient_loss | -0.0282     |
|    std                  | 0.902       |
|    value_loss           | 0.000603    |
-----------------------------------------
-----------------------------------------
| rollout/                |             |
|    ep_len_mean          | 198         |
|    ep_rew_mean          | -177        |
| time/                   |             |
|    fps                  | 69          |
|    iterations           | 29          |
|    time_elapsed         | 860         |
|    total_timesteps      | 59392       |
| train/                  |             |
|    approx_kl            | 0.013822479 |
|    clip_fraction        | 0.171       |
|    clip_range           | 0.2         |
|    entropy_loss         | -9.17       |
|    explained_variance   | -0.0347     |
|    learning_rate        | 0.0003      |
|    loss                 | -0.0355     |
|    n_updates            | 280         |
|    policy_gradient_loss | -0.0268     |
|    std                  | 0.896       |
|    value_loss           | 0.000393    |
-----------------------------------------
-----------------------------------------
| rollout/                |             |
|    ep_len_mean          | 198         |
|    ep_rew_mean          | -176        |
| time/                   |             |
|    fps                  | 69          |
|    iterations           | 30          |
|    time_elapsed         | 890         |
|    total_timesteps      | 61440       |
| train/                  |             |
|    approx_kl            | 0.015839329 |
|    clip_fraction        | 0.189       |
|    clip_range           | 0.2         |
|    entropy_loss         | -9.12       |
|    explained_variance   | 0.114       |
|    learning_rate        | 0.0003      |
|    loss                 | -0.0312     |
|    n_updates            | 290         |
|    policy_gradient_loss | -0.0307     |
|    std                  | 0.888       |
|    value_loss           | 0.000423    |
-----------------------------------------
----------------------------------------
| rollout/                |            |
|    ep_len_mean          | 198        |
|    ep_rew_mean          | -172       |
| time/                   |            |
|    fps                  | 69         |
|    iterations           | 31         |
|    time_elapsed         | 919        |
|    total_timesteps      | 63488      |
| train/                  |            |
|    approx_kl            | 0.01553046 |
|    clip_fraction        | 0.14       |
|    clip_range           | 0.2        |
|    entropy_loss         | -9.11      |
|    explained_variance   | -0.586     |
|    learning_rate        | 0.0003     |
|    loss                 | -0.02      |
|    n_updates            | 300        |
|    policy_gradient_loss | -0.0206    |
|    std                  | 0.89       |
|    value_loss           | 0.00128    |
----------------------------------------
-----------------------------------------
| rollout/                |             |
|    ep_len_mean          | 198         |
|    ep_rew_mean          | -167        |
| time/                   |             |
|    fps                  | 69          |
|    iterations           | 32          |
|    time_elapsed         | 949         |
|    total_timesteps      | 65536       |
| train/                  |             |
|    approx_kl            | 0.015409391 |
|    clip_fraction        | 0.186       |
|    clip_range           | 0.2         |
|    entropy_loss         | -9.05       |
|    explained_variance   | 0.0023      |
|    learning_rate        | 0.0003      |
|    loss                 | -0.0482     |
|    n_updates            | 310         |
|    policy_gradient_loss | -0.0291     |
|    std                  | 0.879       |
|    value_loss           | 0.000351    |
-----------------------------------------
-----------------------------------------
| rollout/                |             |
|    ep_len_mean          | 198         |
|    ep_rew_mean          | -164        |
| time/                   |             |
|    fps                  | 69          |
|    iterations           | 33          |
|    time_elapsed         | 979         |
|    total_timesteps      | 67584       |
| train/                  |             |
|    approx_kl            | 0.017960183 |
|    clip_fraction        | 0.227       |
|    clip_range           | 0.2         |
|    entropy_loss         | -9          |
|    explained_variance   | 0.335       |
|    learning_rate        | 0.0003      |
|    loss                 | -0.0498     |
|    n_updates            | 320         |
|    policy_gradient_loss | -0.0328     |
|    std                  | 0.875       |
|    value_loss           | 0.000293    |
-----------------------------------------
-----------------------------------------
| rollout/                |             |
|    ep_len_mean          | 198         |
|    ep_rew_mean          | -160        |
| time/                   |             |
|    fps                  | 69          |
|    iterations           | 34          |
|    time_elapsed         | 1008        |
|    total_timesteps      | 69632       |
| train/                  |             |
|    approx_kl            | 0.015487989 |
|    clip_fraction        | 0.208       |
|    clip_range           | 0.2         |
|    entropy_loss         | -8.95       |
|    explained_variance   | 0.012       |
|    learning_rate        | 0.0003      |
|    loss                 | -0.0585     |
|    n_updates            | 330         |
|    policy_gradient_loss | -0.0326     |
|    std                  | 0.867       |
|    value_loss           | 0.000327    |
-----------------------------------------
-----------------------------------------
| rollout/                |             |
|    ep_len_mean          | 198         |
|    ep_rew_mean          | -156        |
| time/                   |             |
|    fps                  | 69          |
|    iterations           | 35          |
|    time_elapsed         | 1037        |
|    total_timesteps      | 71680       |
| train/                  |             |
|    approx_kl            | 0.015516924 |
|    clip_fraction        | 0.175       |
|    clip_range           | 0.2         |
|    entropy_loss         | -8.88       |
|    explained_variance   | 0.119       |
|    learning_rate        | 0.0003      |
|    loss                 | -0.0436     |
|    n_updates            | 340         |
|    policy_gradient_loss | -0.0288     |
|    std                  | 0.859       |
|    value_loss           | 0.000226    |
-----------------------------------------
-----------------------------------------
| rollout/                |             |
|    ep_len_mean          | 200         |
|    ep_rew_mean          | -153        |
| time/                   |             |
|    fps                  | 69          |
|    iterations           | 36          |
|    time_elapsed         | 1067        |
|    total_timesteps      | 73728       |
| train/                  |             |
|    approx_kl            | 0.016389968 |
|    clip_fraction        | 0.198       |
|    clip_range           | 0.2         |
|    entropy_loss         | -8.78       |
|    explained_variance   | 0.41        |
|    learning_rate        | 0.0003      |
|    loss                 | -0.0364     |
|    n_updates            | 350         |
|    policy_gradient_loss | -0.0321     |
|    std                  | 0.844       |
|    value_loss           | 0.000231    |
-----------------------------------------
-----------------------------------------
| rollout/                |             |
|    ep_len_mean          | 200         |
|    ep_rew_mean          | -149        |
| time/                   |             |
|    fps                  | 69          |
|    iterations           | 37          |
|    time_elapsed         | 1097        |
|    total_timesteps      | 75776       |
| train/                  |             |
|    approx_kl            | 0.015639596 |
|    clip_fraction        | 0.196       |
|    clip_range           | 0.2         |
|    entropy_loss         | -8.71       |
|    explained_variance   | -0.0904     |
|    learning_rate        | 0.0003      |
|    loss                 | -0.0219     |
|    n_updates            | 360         |
|    policy_gradient_loss | -0.0253     |
|    std                  | 0.839       |
|    value_loss           | 0.000262    |
-----------------------------------------
----------------------------------------
| rollout/                |            |
|    ep_len_mean          | 200        |
|    ep_rew_mean          | -146       |
| time/                   |            |
|    fps                  | 69         |
|    iterations           | 38         |
|    time_elapsed         | 1126       |
|    total_timesteps      | 77824      |
| train/                  |            |
|    approx_kl            | 0.01749107 |
|    clip_fraction        | 0.204      |
|    clip_range           | 0.2        |
|    entropy_loss         | -8.64      |
|    explained_variance   | 0.558      |
|    learning_rate        | 0.0003     |
|    loss                 | -0.0525    |
|    n_updates            | 370        |
|    policy_gradient_loss | -0.0317    |
|    std                  | 0.83       |
|    value_loss           | 0.000177   |
----------------------------------------
-----------------------------------------
| rollout/                |             |
|    ep_len_mean          | 200         |
|    ep_rew_mean          | -143        |
| time/                   |             |
|    fps                  | 69          |
|    iterations           | 39          |
|    time_elapsed         | 1156        |
|    total_timesteps      | 79872       |
| train/                  |             |
|    approx_kl            | 0.016708124 |
|    clip_fraction        | 0.2         |
|    clip_range           | 0.2         |
|    entropy_loss         | -8.56       |
|    explained_variance   | 0.603       |
|    learning_rate        | 0.0003      |
|    loss                 | -0.0342     |
|    n_updates            | 380         |
|    policy_gradient_loss | -0.0303     |
|    std                  | 0.819       |
|    value_loss           | 0.000164    |
-----------------------------------------
-----------------------------------------
| rollout/                |             |
|    ep_len_mean          | 200         |
|    ep_rew_mean          | -136        |
| time/                   |             |
|    fps                  | 69          |
|    iterations           | 40          |
|    time_elapsed         | 1185        |
|    total_timesteps      | 81920       |
| train/                  |             |
|    approx_kl            | 0.017303988 |
|    clip_fraction        | 0.21        |
|    clip_range           | 0.2         |
|    entropy_loss         | -8.48       |
|    explained_variance   | 0.571       |
|    learning_rate        | 0.0003      |
|    loss                 | -0.0523     |
|    n_updates            | 390         |
|    policy_gradient_loss | -0.0318     |
|    std                  | 0.81        |
|    value_loss           | 0.000149    |
-----------------------------------------
----------------------------------------
| rollout/                |            |
|    ep_len_mean          | 200        |
|    ep_rew_mean          | -132       |
| time/                   |            |
|    fps                  | 69         |
|    iterations           | 41         |
|    time_elapsed         | 1215       |
|    total_timesteps      | 83968      |
| train/                  |            |
|    approx_kl            | 0.01848334 |
|    clip_fraction        | 0.216      |
|    clip_range           | 0.2        |
|    entropy_loss         | -8.39      |
|    explained_variance   | 0.618      |
|    learning_rate        | 0.0003     |
|    loss                 | -0.0611    |
|    n_updates            | 400        |
|    policy_gradient_loss | -0.0314    |
|    std                  | 0.799      |
|    value_loss           | 0.000176   |
----------------------------------------
-----------------------------------------
| rollout/                |             |
|    ep_len_mean          | 200         |
|    ep_rew_mean          | -129        |
| time/                   |             |
|    fps                  | 69          |
|    iterations           | 42          |
|    time_elapsed         | 1244        |
|    total_timesteps      | 86016       |
| train/                  |             |
|    approx_kl            | 0.014937755 |
|    clip_fraction        | 0.205       |
|    clip_range           | 0.2         |
|    entropy_loss         | -8.29       |
|    explained_variance   | 0.6         |
|    learning_rate        | 0.0003      |
|    loss                 | -0.072      |
|    n_updates            | 410         |
|    policy_gradient_loss | -0.0295     |
|    std                  | 0.788       |
|    value_loss           | 0.000139    |
-----------------------------------------
----------------------------------------
| rollout/                |            |
|    ep_len_mean          | 200        |
|    ep_rew_mean          | -126       |
| time/                   |            |
|    fps                  | 69         |
|    iterations           | 43         |
|    time_elapsed         | 1273       |
|    total_timesteps      | 88064      |
| train/                  |            |
|    approx_kl            | 0.01679355 |
|    clip_fraction        | 0.192      |
|    clip_range           | 0.2        |
|    entropy_loss         | -8.2       |
|    explained_variance   | 0.575      |
|    learning_rate        | 0.0003     |
|    loss                 | -0.0294    |
|    n_updates            | 420        |
|    policy_gradient_loss | -0.028     |
|    std                  | 0.778      |
|    value_loss           | 0.000117   |
----------------------------------------
----------------------------------------
| rollout/                |            |
|    ep_len_mean          | 200        |
|    ep_rew_mean          | -123       |
| time/                   |            |
|    fps                  | 69         |
|    iterations           | 44         |
|    time_elapsed         | 1303       |
|    total_timesteps      | 90112      |
| train/                  |            |
|    approx_kl            | 0.01577112 |
|    clip_fraction        | 0.196      |
|    clip_range           | 0.2        |
|    entropy_loss         | -8.1       |
|    explained_variance   | 0.607      |
|    learning_rate        | 0.0003     |
|    loss                 | -0.0556    |
|    n_updates            | 430        |
|    policy_gradient_loss | -0.0289    |
|    std                  | 0.768      |
|    value_loss           | 0.000115   |
----------------------------------------
-----------------------------------------
| rollout/                |             |
|    ep_len_mean          | 200         |
|    ep_rew_mean          | -120        |
| time/                   |             |
|    fps                  | 69          |
|    iterations           | 45          |
|    time_elapsed         | 1333        |
|    total_timesteps      | 92160       |
| train/                  |             |
|    approx_kl            | 0.018083718 |
|    clip_fraction        | 0.248       |
|    clip_range           | 0.2         |
|    entropy_loss         | -8.02       |
|    explained_variance   | 0.664       |
|    learning_rate        | 0.0003      |
|    loss                 | -0.0266     |
|    n_updates            | 440         |
|    policy_gradient_loss | -0.0334     |
|    std                  | 0.759       |
|    value_loss           | 0.000136    |
-----------------------------------------
-----------------------------------------
| rollout/                |             |
|    ep_len_mean          | 200         |
|    ep_rew_mean          | -117        |
| time/                   |             |
|    fps                  | 69          |
|    iterations           | 46          |
|    time_elapsed         | 1362        |
|    total_timesteps      | 94208       |
| train/                  |             |
|    approx_kl            | 0.017909447 |
|    clip_fraction        | 0.23        |
|    clip_range           | 0.2         |
|    entropy_loss         | -7.93       |
|    explained_variance   | 0.547       |
|    learning_rate        | 0.0003      |
|    loss                 | -0.042      |
|    n_updates            | 450         |
|    policy_gradient_loss | -0.0322     |
|    std                  | 0.749       |
|    value_loss           | 0.000121    |
-----------------------------------------
-----------------------------------------
| rollout/                |             |
|    ep_len_mean          | 200         |
|    ep_rew_mean          | -114        |
| time/                   |             |
|    fps                  | 69          |
|    iterations           | 47          |
|    time_elapsed         | 1392        |
|    total_timesteps      | 96256       |
| train/                  |             |
|    approx_kl            | 0.020977508 |
|    clip_fraction        | 0.226       |
|    clip_range           | 0.2         |
|    entropy_loss         | -7.81       |
|    explained_variance   | 0.724       |
|    learning_rate        | 0.0003      |
|    loss                 | -0.0578     |
|    n_updates            | 460         |
|    policy_gradient_loss | -0.0322     |
|    std                  | 0.736       |
|    value_loss           | 8.55e-05    |
-----------------------------------------
-----------------------------------------
| rollout/                |             |
|    ep_len_mean          | 200         |
|    ep_rew_mean          | -112        |
| time/                   |             |
|    fps                  | 69          |
|    iterations           | 48          |
|    time_elapsed         | 1422        |
|    total_timesteps      | 98304       |
| train/                  |             |
|    approx_kl            | 0.014579521 |
|    clip_fraction        | 0.195       |
|    clip_range           | 0.2         |
|    entropy_loss         | -7.7        |
|    explained_variance   | 0.764       |
|    learning_rate        | 0.0003      |
|    loss                 | -0.0314     |
|    n_updates            | 470         |
|    policy_gradient_loss | -0.0287     |
|    std                  | 0.725       |
|    value_loss           | 7.78e-05    |
-----------------------------------------
----------------------------------------
| rollout/                |            |
|    ep_len_mean          | 200        |
|    ep_rew_mean          | -109       |
| time/                   |            |
|    fps                  | 69         |
|    iterations           | 49         |
|    time_elapsed         | 1451       |
|    total_timesteps      | 100352     |
| train/                  |            |
|    approx_kl            | 0.02134962 |
|    clip_fraction        | 0.233      |
|    clip_range           | 0.2        |
|    entropy_loss         | -7.6       |
|    explained_variance   | 0.676      |
|    learning_rate        | 0.0003     |
|    loss                 | -0.0399    |
|    n_updates            | 480        |
|    policy_gradient_loss | -0.0317    |
|    std                  | 0.716      |
|    value_loss           | 0.000105   |
----------------------------------------
-----------------------------------------
| rollout/                |             |
|    ep_len_mean          | 200         |
|    ep_rew_mean          | -107        |
| time/                   |             |
|    fps                  | 69          |
|    iterations           | 50          |
|    time_elapsed         | 1481        |
|    total_timesteps      | 102400      |
| train/                  |             |
|    approx_kl            | 0.015234137 |
|    clip_fraction        | 0.185       |
|    clip_range           | 0.2         |
|    entropy_loss         | -7.53       |
|    explained_variance   | 0.449       |
|    learning_rate        | 0.0003      |
|    loss                 | -0.0592     |
|    n_updates            | 490         |
|    policy_gradient_loss | -0.0244     |
|    std                  | 0.71        |
|    value_loss           | 5.8e-05     |
-----------------------------------------
-----------------------------------------
| rollout/                |             |
|    ep_len_mean          | 200         |
|    ep_rew_mean          | -104        |
| time/                   |             |
|    fps                  | 69          |
|    iterations           | 51          |
|    time_elapsed         | 1510        |
|    total_timesteps      | 104448      |
| train/                  |             |
|    approx_kl            | 0.018436514 |
|    clip_fraction        | 0.211       |
|    clip_range           | 0.2         |
|    entropy_loss         | -7.46       |
|    explained_variance   | 0.506       |
|    learning_rate        | 0.0003      |
|    loss                 | -0.0318     |
|    n_updates            | 500         |
|    policy_gradient_loss | -0.0283     |
|    std                  | 0.703       |
|    value_loss           | 6.55e-05    |
-----------------------------------------
-----------------------------------------
| rollout/                |             |
|    ep_len_mean          | 200         |
|    ep_rew_mean          | -102        |
| time/                   |             |
|    fps                  | 69          |
|    iterations           | 52          |
|    time_elapsed         | 1540        |
|    total_timesteps      | 106496      |
| train/                  |             |
|    approx_kl            | 0.020858537 |
|    clip_fraction        | 0.242       |
|    clip_range           | 0.2         |
|    entropy_loss         | -7.37       |
|    explained_variance   | 0.618       |
|    learning_rate        | 0.0003      |
|    loss                 | -0.0708     |
|    n_updates            | 510         |
|    policy_gradient_loss | -0.0338     |
|    std                  | 0.693       |
|    value_loss           | 6.53e-05    |
-----------------------------------------
-----------------------------------------
| rollout/                |             |
|    ep_len_mean          | 200         |
|    ep_rew_mean          | -99.9       |
| time/                   |             |
|    fps                  | 69          |
|    iterations           | 53          |
|    time_elapsed         | 1569        |
|    total_timesteps      | 108544      |
| train/                  |             |
|    approx_kl            | 0.016930837 |
|    clip_fraction        | 0.22        |
|    clip_range           | 0.2         |
|    entropy_loss         | -7.3        |
|    explained_variance   | 0.448       |
|    learning_rate        | 0.0003      |
|    loss                 | -0.0105     |
|    n_updates            | 520         |
|    policy_gradient_loss | -0.0299     |
|    std                  | 0.687       |
|    value_loss           | 6.38e-05    |
-----------------------------------------
-----------------------------------------
| rollout/                |             |
|    ep_len_mean          | 200         |
|    ep_rew_mean          | -98         |
| time/                   |             |
|    fps                  | 69          |
|    iterations           | 54          |
|    time_elapsed         | 1599        |
|    total_timesteps      | 110592      |
| train/                  |             |
|    approx_kl            | 0.018422287 |
|    clip_fraction        | 0.22        |
|    clip_range           | 0.2         |
|    entropy_loss         | -7.2        |
|    explained_variance   | 0.605       |
|    learning_rate        | 0.0003      |
|    loss                 | -0.0459     |
|    n_updates            | 530         |
|    policy_gradient_loss | -0.0302     |
|    std                  | 0.676       |
|    value_loss           | 5.06e-05    |
-----------------------------------------
-----------------------------------------
| rollout/                |             |
|    ep_len_mean          | 200         |
|    ep_rew_mean          | -96.2       |
| time/                   |             |
|    fps                  | 69          |
|    iterations           | 55          |
|    time_elapsed         | 1628        |
|    total_timesteps      | 112640      |
| train/                  |             |
|    approx_kl            | 0.017160345 |
|    clip_fraction        | 0.214       |
|    clip_range           | 0.2         |
|    entropy_loss         | -7.09       |
|    explained_variance   | 0.543       |
|    learning_rate        | 0.0003      |
|    loss                 | -0.0554     |
|    n_updates            | 540         |
|    policy_gradient_loss | -0.0298     |
|    std                  | 0.666       |
|    value_loss           | 6.65e-05    |
-----------------------------------------
-----------------------------------------
| rollout/                |             |
|    ep_len_mean          | 200         |
|    ep_rew_mean          | -94.4       |
| time/                   |             |
|    fps                  | 69          |
|    iterations           | 56          |
|    time_elapsed         | 1658        |
|    total_timesteps      | 114688      |
| train/                  |             |
|    approx_kl            | 0.016584225 |
|    clip_fraction        | 0.227       |
|    clip_range           | 0.2         |
|    entropy_loss         | -6.97       |
|    explained_variance   | 0.492       |
|    learning_rate        | 0.0003      |
|    loss                 | -0.0535     |
|    n_updates            | 550         |
|    policy_gradient_loss | -0.0297     |
|    std                  | 0.655       |
|    value_loss           | 5.48e-05    |
-----------------------------------------
----------------------------------------
| rollout/                |            |
|    ep_len_mean          | 200        |
|    ep_rew_mean          | -92.9      |
| time/                   |            |
|    fps                  | 69         |
|    iterations           | 57         |
|    time_elapsed         | 1687       |
|    total_timesteps      | 116736     |
| train/                  |            |
|    approx_kl            | 0.01861883 |
|    clip_fraction        | 0.248      |
|    clip_range           | 0.2        |
|    entropy_loss         | -6.87      |
|    explained_variance   | 0.503      |
|    learning_rate        | 0.0003     |
|    loss                 | -0.0653    |
|    n_updates            | 560        |
|    policy_gradient_loss | -0.0289    |
|    std                  | 0.647      |
|    value_loss           | 5.03e-05   |
----------------------------------------
-----------------------------------------
| rollout/                |             |
|    ep_len_mean          | 200         |
|    ep_rew_mean          | -91.1       |
| time/                   |             |
|    fps                  | 69          |
|    iterations           | 58          |
|    time_elapsed         | 1717        |
|    total_timesteps      | 118784      |
| train/                  |             |
|    approx_kl            | 0.019745067 |
|    clip_fraction        | 0.226       |
|    clip_range           | 0.2         |
|    entropy_loss         | -6.77       |
|    explained_variance   | 0.592       |
|    learning_rate        | 0.0003      |
|    loss                 | -0.061      |
|    n_updates            | 570         |
|    policy_gradient_loss | -0.0295     |
|    std                  | 0.638       |
|    value_loss           | 5.81e-05    |
-----------------------------------------
-----------------------------------------
| rollout/                |             |
|    ep_len_mean          | 200         |
|    ep_rew_mean          | -89.9       |
| time/                   |             |
|    fps                  | 69          |
|    iterations           | 59          |
|    time_elapsed         | 1746        |
|    total_timesteps      | 120832      |
| train/                  |             |
|    approx_kl            | 0.018327914 |
|    clip_fraction        | 0.246       |
|    clip_range           | 0.2         |
|    entropy_loss         | -6.68       |
|    explained_variance   | 0.521       |
|    learning_rate        | 0.0003      |
|    loss                 | -0.0375     |
|    n_updates            | 580         |
|    policy_gradient_loss | -0.0289     |
|    std                  | 0.631       |
|    value_loss           | 4.86e-05    |
-----------------------------------------
-----------------------------------------
| rollout/                |             |
|    ep_len_mean          | 200         |
|    ep_rew_mean          | -88.4       |
| time/                   |             |
|    fps                  | 69          |
|    iterations           | 60          |
|    time_elapsed         | 1776        |
|    total_timesteps      | 122880      |
| train/                  |             |
|    approx_kl            | 0.017598521 |
|    clip_fraction        | 0.238       |
|    clip_range           | 0.2         |
|    entropy_loss         | -6.61       |
|    explained_variance   | 0.475       |
|    learning_rate        | 0.0003      |
|    loss                 | -0.0509     |
|    n_updates            | 590         |
|    policy_gradient_loss | -0.0308     |
|    std                  | 0.626       |
|    value_loss           | 4.29e-05    |
-----------------------------------------
-----------------------------------------
| rollout/                |             |
|    ep_len_mean          | 200         |
|    ep_rew_mean          | -87.1       |
| time/                   |             |
|    fps                  | 69          |
|    iterations           | 61          |
|    time_elapsed         | 1806        |
|    total_timesteps      | 124928      |
| train/                  |             |
|    approx_kl            | 0.021278013 |
|    clip_fraction        | 0.244       |
|    clip_range           | 0.2         |
|    entropy_loss         | -6.5        |
|    explained_variance   | 0.419       |
|    learning_rate        | 0.0003      |
|    loss                 | -0.056      |
|    n_updates            | 600         |
|    policy_gradient_loss | -0.0334     |
|    std                  | 0.614       |
|    value_loss           | 3.81e-05    |
-----------------------------------------
-----------------------------------------
| rollout/                |             |
|    ep_len_mean          | 200         |
|    ep_rew_mean          | -85.8       |
| time/                   |             |
|    fps                  | 69          |
|    iterations           | 62          |
|    time_elapsed         | 1835        |
|    total_timesteps      | 126976      |
| train/                  |             |
|    approx_kl            | 0.019024868 |
|    clip_fraction        | 0.225       |
|    clip_range           | 0.2         |
|    entropy_loss         | -6.41       |
|    explained_variance   | 0.674       |
|    learning_rate        | 0.0003      |
|    loss                 | -0.0456     |
|    n_updates            | 610         |
|    policy_gradient_loss | -0.0271     |
|    std                  | 0.607       |
|    value_loss           | 4.25e-05    |
-----------------------------------------
----------------------------------------
| rollout/                |            |
|    ep_len_mean          | 200        |
|    ep_rew_mean          | -84.6      |
| time/                   |            |
|    fps                  | 69         |
|    iterations           | 63         |
|    time_elapsed         | 1865       |
|    total_timesteps      | 129024     |
| train/                  |            |
|    approx_kl            | 0.02098739 |
|    clip_fraction        | 0.254      |
|    clip_range           | 0.2        |
|    entropy_loss         | -6.31      |
|    explained_variance   | 0.514      |
|    learning_rate        | 0.0003     |
|    loss                 | -0.0571    |
|    n_updates            | 620        |
|    policy_gradient_loss | -0.0297    |
|    std                  | 0.6        |
|    value_loss           | 3.62e-05   |
----------------------------------------
-----------------------------------------
| rollout/                |             |
|    ep_len_mean          | 200         |
|    ep_rew_mean          | -83.6       |
| time/                   |             |
|    fps                  | 69          |
|    iterations           | 64          |
|    time_elapsed         | 1894        |
|    total_timesteps      | 131072      |
| train/                  |             |
|    approx_kl            | 0.017904852 |
|    clip_fraction        | 0.222       |
|    clip_range           | 0.2         |
|    entropy_loss         | -6.2        |
|    explained_variance   | 0.545       |
|    learning_rate        | 0.0003      |
|    loss                 | -0.0366     |
|    n_updates            | 630         |
|    policy_gradient_loss | -0.0246     |
|    std                  | 0.59        |
|    value_loss           | 4.39e-05    |
-----------------------------------------
----------------------------------------
| rollout/                |            |
|    ep_len_mean          | 200        |
|    ep_rew_mean          | -82.5      |
| time/                   |            |
|    fps                  | 69         |
|    iterations           | 65         |
|    time_elapsed         | 1924       |
|    total_timesteps      | 133120     |
| train/                  |            |
|    approx_kl            | 0.02162726 |
|    clip_fraction        | 0.253      |
|    clip_range           | 0.2        |
|    entropy_loss         | -6.09      |
|    explained_variance   | 0.327      |
|    learning_rate        | 0.0003     |
|    loss                 | -0.0321    |
|    n_updates            | 640        |
|    policy_gradient_loss | -0.0288    |
|    std                  | 0.582      |
|    value_loss           | 5.36e-05   |
----------------------------------------
----------------------------------------
| rollout/                |            |
|    ep_len_mean          | 200        |
|    ep_rew_mean          | -81.4      |
| time/                   |            |
|    fps                  | 69         |
|    iterations           | 66         |
|    time_elapsed         | 1953       |
|    total_timesteps      | 135168     |
| train/                  |            |
|    approx_kl            | 0.02338575 |
|    clip_fraction        | 0.267      |
|    clip_range           | 0.2        |
|    entropy_loss         | -6.01      |
|    explained_variance   | 0.604      |
|    learning_rate        | 0.0003     |
|    loss                 | -0.0466    |
|    n_updates            | 650        |
|    policy_gradient_loss | -0.0302    |
|    std                  | 0.575      |
|    value_loss           | 4e-05      |
----------------------------------------
-----------------------------------------
| rollout/                |             |
|    ep_len_mean          | 200         |
|    ep_rew_mean          | -80.5       |
| time/                   |             |
|    fps                  | 69          |
|    iterations           | 67          |
|    time_elapsed         | 1983        |
|    total_timesteps      | 137216      |
| train/                  |             |
|    approx_kl            | 0.019117095 |
|    clip_fraction        | 0.217       |
|    clip_range           | 0.2         |
|    entropy_loss         | -5.92       |
|    explained_variance   | 0.681       |
|    learning_rate        | 0.0003      |
|    loss                 | -0.0243     |
|    n_updates            | 660         |
|    policy_gradient_loss | -0.0232     |
|    std                  | 0.568       |
|    value_loss           | 3.41e-05    |
-----------------------------------------
-----------------------------------------
| rollout/                |             |
|    ep_len_mean          | 200         |
|    ep_rew_mean          | -79.7       |
| time/                   |             |
|    fps                  | 69          |
|    iterations           | 68          |
|    time_elapsed         | 2013        |
|    total_timesteps      | 139264      |
| train/                  |             |
|    approx_kl            | 0.022809856 |
|    clip_fraction        | 0.281       |
|    clip_range           | 0.2         |
|    entropy_loss         | -5.83       |
|    explained_variance   | 0.55        |
|    learning_rate        | 0.0003      |
|    loss                 | -0.00355    |
|    n_updates            | 670         |
|    policy_gradient_loss | -0.0302     |
|    std                  | 0.561       |
|    value_loss           | 4.27e-05    |
-----------------------------------------
-----------------------------------------
| rollout/                |             |
|    ep_len_mean          | 200         |
|    ep_rew_mean          | -78.7       |
| time/                   |             |
|    fps                  | 69          |
|    iterations           | 69          |
|    time_elapsed         | 2042        |
|    total_timesteps      | 141312      |
| train/                  |             |
|    approx_kl            | 0.021324225 |
|    clip_fraction        | 0.255       |
|    clip_range           | 0.2         |
|    entropy_loss         | -5.74       |
|    explained_variance   | 0.522       |
|    learning_rate        | 0.0003      |
|    loss                 | -0.0259     |
|    n_updates            | 680         |
|    policy_gradient_loss | -0.0276     |
|    std                  | 0.554       |
|    value_loss           | 4.98e-05    |
-----------------------------------------
-----------------------------------------
| rollout/                |             |
|    ep_len_mean          | 200         |
|    ep_rew_mean          | -78         |
| time/                   |             |
|    fps                  | 69          |
|    iterations           | 70          |
|    time_elapsed         | 2072        |
|    total_timesteps      | 143360      |
| train/                  |             |
|    approx_kl            | 0.021260645 |
|    clip_fraction        | 0.238       |
|    clip_range           | 0.2         |
|    entropy_loss         | -5.63       |
|    explained_variance   | 0.557       |
|    learning_rate        | 0.0003      |
|    loss                 | -0.051      |
|    n_updates            | 690         |
|    policy_gradient_loss | -0.024      |
|    std                  | 0.545       |
|    value_loss           | 4.81e-05    |
-----------------------------------------
-----------------------------------------
| rollout/                |             |
|    ep_len_mean          | 200         |
|    ep_rew_mean          | -76.9       |
| time/                   |             |
|    fps                  | 69          |
|    iterations           | 71          |
|    time_elapsed         | 2101        |
|    total_timesteps      | 145408      |
| train/                  |             |
|    approx_kl            | 0.020815924 |
|    clip_fraction        | 0.225       |
|    clip_range           | 0.2         |
|    entropy_loss         | -5.55       |
|    explained_variance   | 0.618       |
|    learning_rate        | 0.0003      |
|    loss                 | -0.0386     |
|    n_updates            | 700         |
|    policy_gradient_loss | -0.0227     |
|    std                  | 0.541       |
|    value_loss           | 4.91e-05    |
-----------------------------------------
-----------------------------------------
| rollout/                |             |
|    ep_len_mean          | 200         |
|    ep_rew_mean          | -76.2       |
| time/                   |             |
|    fps                  | 69          |
|    iterations           | 72          |
|    time_elapsed         | 2131        |
|    total_timesteps      | 147456      |
| train/                  |             |
|    approx_kl            | 0.022559963 |
|    clip_fraction        | 0.266       |
|    clip_range           | 0.2         |
|    entropy_loss         | -5.48       |
|    explained_variance   | 0.651       |
|    learning_rate        | 0.0003      |
|    loss                 | -0.0484     |
|    n_updates            | 710         |
|    policy_gradient_loss | -0.0298     |
|    std                  | 0.536       |
|    value_loss           | 5.15e-05    |
-----------------------------------------
-----------------------------------------
| rollout/                |             |
|    ep_len_mean          | 200         |
|    ep_rew_mean          | -75.5       |
| time/                   |             |
|    fps                  | 69          |
|    iterations           | 73          |
|    time_elapsed         | 2160        |
|    total_timesteps      | 149504      |
| train/                  |             |
|    approx_kl            | 0.021244142 |
|    clip_fraction        | 0.251       |
|    clip_range           | 0.2         |
|    entropy_loss         | -5.39       |
|    explained_variance   | 0.515       |
|    learning_rate        | 0.0003      |
|    loss                 | -0.0542     |
|    n_updates            | 720         |
|    policy_gradient_loss | -0.0277     |
|    std                  | 0.529       |
|    value_loss           | 5.05e-05    |
-----------------------------------------
----------------------------------------
| rollout/                |            |
|    ep_len_mean          | 200        |
|    ep_rew_mean          | -74.6      |
| time/                   |            |
|    fps                  | 69         |
|    iterations           | 74         |
|    time_elapsed         | 2189       |
|    total_timesteps      | 151552     |
| train/                  |            |
|    approx_kl            | 0.02429382 |
|    clip_fraction        | 0.259      |
|    clip_range           | 0.2        |
|    entropy_loss         | -5.31      |
|    explained_variance   | 0.499      |
|    learning_rate        | 0.0003     |
|    loss                 | -0.0505    |
|    n_updates            | 730        |
|    policy_gradient_loss | -0.0286    |
|    std                  | 0.525      |
|    value_loss           | 3.27e-05   |
----------------------------------------
-----------------------------------------
| rollout/                |             |
|    ep_len_mean          | 200         |
|    ep_rew_mean          | -73.7       |
| time/                   |             |
|    fps                  | 69          |
|    iterations           | 75          |
|    time_elapsed         | 2219        |
|    total_timesteps      | 153600      |
| train/                  |             |
|    approx_kl            | 0.023927234 |
|    clip_fraction        | 0.27        |
|    clip_range           | 0.2         |
|    entropy_loss         | -5.22       |
|    explained_variance   | 0.68        |
|    learning_rate        | 0.0003      |
|    loss                 | -0.049      |
|    n_updates            | 740         |
|    policy_gradient_loss | -0.0286     |
|    std                  | 0.517       |
|    value_loss           | 3.8e-05     |
-----------------------------------------
----------------------------------------
| rollout/                |            |
|    ep_len_mean          | 200        |
|    ep_rew_mean          | -72.8      |
| time/                   |            |
|    fps                  | 69         |
|    iterations           | 76         |
|    time_elapsed         | 2248       |
|    total_timesteps      | 155648     |
| train/                  |            |
|    approx_kl            | 0.01933511 |
|    clip_fraction        | 0.251      |
|    clip_range           | 0.2        |
|    entropy_loss         | -5.11      |
|    explained_variance   | 0.489      |
|    learning_rate        | 0.0003     |
|    loss                 | -0.0176    |
|    n_updates            | 750        |
|    policy_gradient_loss | -0.0257    |
|    std                  | 0.509      |
|    value_loss           | 2.83e-05   |
----------------------------------------
-----------------------------------------
| rollout/                |             |
|    ep_len_mean          | 200         |
|    ep_rew_mean          | -71.8       |
| time/                   |             |
|    fps                  | 69          |
|    iterations           | 77          |
|    time_elapsed         | 2278        |
|    total_timesteps      | 157696      |
| train/                  |             |
|    approx_kl            | 0.024039418 |
|    clip_fraction        | 0.276       |
|    clip_range           | 0.2         |
|    entropy_loss         | -5          |
|    explained_variance   | 0.305       |
|    learning_rate        | 0.0003      |
|    loss                 | -0.0682     |
|    n_updates            | 760         |
|    policy_gradient_loss | -0.0278     |
|    std                  | 0.502       |
|    value_loss           | 3.17e-05    |
-----------------------------------------
-----------------------------------------
| rollout/                |             |
|    ep_len_mean          | 200         |
|    ep_rew_mean          | -70.9       |
| time/                   |             |
|    fps                  | 69          |
|    iterations           | 78          |
|    time_elapsed         | 2307        |
|    total_timesteps      | 159744      |
| train/                  |             |
|    approx_kl            | 0.020495713 |
|    clip_fraction        | 0.268       |
|    clip_range           | 0.2         |
|    entropy_loss         | -4.89       |
|    explained_variance   | 0.254       |
|    learning_rate        | 0.0003      |
|    loss                 | -0.0444     |
|    n_updates            | 770         |
|    policy_gradient_loss | -0.0259     |
|    std                  | 0.494       |
|    value_loss           | 4.22e-05    |
-----------------------------------------
-----------------------------------------
| rollout/                |             |
|    ep_len_mean          | 200         |
|    ep_rew_mean          | -70         |
| time/                   |             |
|    fps                  | 69          |
|    iterations           | 79          |
|    time_elapsed         | 2337        |
|    total_timesteps      | 161792      |
| train/                  |             |
|    approx_kl            | 0.022020344 |
|    clip_fraction        | 0.253       |
|    clip_range           | 0.2         |
|    entropy_loss         | -4.8        |
|    explained_variance   | 0.404       |
|    learning_rate        | 0.0003      |
|    loss                 | -0.0452     |
|    n_updates            | 780         |
|    policy_gradient_loss | -0.0247     |
|    std                  | 0.489       |
|    value_loss           | 3.66e-05    |
-----------------------------------------
-----------------------------------------
| rollout/                |             |
|    ep_len_mean          | 200         |
|    ep_rew_mean          | -69.1       |
| time/                   |             |
|    fps                  | 69          |
|    iterations           | 80          |
|    time_elapsed         | 2366        |
|    total_timesteps      | 163840      |
| train/                  |             |
|    approx_kl            | 0.024034731 |
|    clip_fraction        | 0.307       |
|    clip_range           | 0.2         |
|    entropy_loss         | -4.71       |
|    explained_variance   | 0.458       |
|    learning_rate        | 0.0003      |
|    loss                 | -0.0375     |
|    n_updates            | 790         |
|    policy_gradient_loss | -0.0325     |
|    std                  | 0.483       |
|    value_loss           | 3.14e-05    |
-----------------------------------------
-----------------------------------------
| rollout/                |             |
|    ep_len_mean          | 200         |
|    ep_rew_mean          | -68.3       |
| time/                   |             |
|    fps                  | 69          |
|    iterations           | 81          |
|    time_elapsed         | 2396        |
|    total_timesteps      | 165888      |
| train/                  |             |
|    approx_kl            | 0.022704149 |
|    clip_fraction        | 0.259       |
|    clip_range           | 0.2         |
|    entropy_loss         | -4.61       |
|    explained_variance   | 0.46        |
|    learning_rate        | 0.0003      |
|    loss                 | -0.051      |
|    n_updates            | 800         |
|    policy_gradient_loss | -0.0244     |
|    std                  | 0.475       |
|    value_loss           | 2.79e-05    |
-----------------------------------------
-----------------------------------------
| rollout/                |             |
|    ep_len_mean          | 200         |
|    ep_rew_mean          | -67.5       |
| time/                   |             |
|    fps                  | 69          |
|    iterations           | 82          |
|    time_elapsed         | 2425        |
|    total_timesteps      | 167936      |
| train/                  |             |
|    approx_kl            | 0.027118474 |
|    clip_fraction        | 0.291       |
|    clip_range           | 0.2         |
|    entropy_loss         | -4.5        |
|    explained_variance   | 0.483       |
|    learning_rate        | 0.0003      |
|    loss                 | -0.0574     |
|    n_updates            | 810         |
|    policy_gradient_loss | -0.0246     |
|    std                  | 0.468       |
|    value_loss           | 2.58e-05    |
-----------------------------------------
-----------------------------------------
| rollout/                |             |
|    ep_len_mean          | 200         |
|    ep_rew_mean          | -66.5       |
| time/                   |             |
|    fps                  | 69          |
|    iterations           | 83          |
|    time_elapsed         | 2455        |
|    total_timesteps      | 169984      |
| train/                  |             |
|    approx_kl            | 0.024783045 |
|    clip_fraction        | 0.301       |
|    clip_range           | 0.2         |
|    entropy_loss         | -4.39       |
|    explained_variance   | 0.557       |
|    learning_rate        | 0.0003      |
|    loss                 | -0.0531     |
|    n_updates            | 820         |
|    policy_gradient_loss | -0.0298     |
|    std                  | 0.462       |
|    value_loss           | 4.1e-05     |
-----------------------------------------
-----------------------------------------
| rollout/                |             |
|    ep_len_mean          | 200         |
|    ep_rew_mean          | -65.7       |
| time/                   |             |
|    fps                  | 69          |
|    iterations           | 84          |
|    time_elapsed         | 2484        |
|    total_timesteps      | 172032      |
| train/                  |             |
|    approx_kl            | 0.022707887 |
|    clip_fraction        | 0.282       |
|    clip_range           | 0.2         |
|    entropy_loss         | -4.31       |
|    explained_variance   | 0.438       |
|    learning_rate        | 0.0003      |
|    loss                 | -0.0311     |
|    n_updates            | 830         |
|    policy_gradient_loss | -0.0232     |
|    std                  | 0.457       |
|    value_loss           | 1.85e-05    |
-----------------------------------------
----------------------------------------
| rollout/                |            |
|    ep_len_mean          | 200        |
|    ep_rew_mean          | -65.1      |
| time/                   |            |
|    fps                  | 69         |
|    iterations           | 85         |
|    time_elapsed         | 2513       |
|    total_timesteps      | 174080     |
| train/                  |            |
|    approx_kl            | 0.02395675 |
|    clip_fraction        | 0.288      |
|    clip_range           | 0.2        |
|    entropy_loss         | -4.24      |
|    explained_variance   | 0.384      |
|    learning_rate        | 0.0003     |
|    loss                 | -0.0483    |
|    n_updates            | 840        |
|    policy_gradient_loss | -0.0229    |
|    std                  | 0.452      |
|    value_loss           | 3.01e-05   |
----------------------------------------
-----------------------------------------
| rollout/                |             |
|    ep_len_mean          | 200         |
|    ep_rew_mean          | -64.3       |
| time/                   |             |
|    fps                  | 69          |
|    iterations           | 86          |
|    time_elapsed         | 2543        |
|    total_timesteps      | 176128      |
| train/                  |             |
|    approx_kl            | 0.031825256 |
|    clip_fraction        | 0.339       |
|    clip_range           | 0.2         |
|    entropy_loss         | -4.16       |
|    explained_variance   | 0.385       |
|    learning_rate        | 0.0003      |
|    loss                 | -0.0529     |
|    n_updates            | 850         |
|    policy_gradient_loss | -0.0254     |
|    std                  | 0.447       |
|    value_loss           | 4.1e-05     |
-----------------------------------------
-----------------------------------------
| rollout/                |             |
|    ep_len_mean          | 200         |
|    ep_rew_mean          | -63.7       |
| time/                   |             |
|    fps                  | 69          |
|    iterations           | 87          |
|    time_elapsed         | 2572        |
|    total_timesteps      | 178176      |
| train/                  |             |
|    approx_kl            | 0.027466182 |
|    clip_fraction        | 0.307       |
|    clip_range           | 0.2         |
|    entropy_loss         | -4.09       |
|    explained_variance   | 0.19        |
|    learning_rate        | 0.0003      |
|    loss                 | -0.0442     |
|    n_updates            | 860         |
|    policy_gradient_loss | -0.0259     |
|    std                  | 0.443       |
|    value_loss           | 5.44e-05    |
-----------------------------------------
-----------------------------------------
| rollout/                |             |
|    ep_len_mean          | 200         |
|    ep_rew_mean          | -63.1       |
| time/                   |             |
|    fps                  | 69          |
|    iterations           | 88          |
|    time_elapsed         | 2602        |
|    total_timesteps      | 180224      |
| train/                  |             |
|    approx_kl            | 0.024331927 |
|    clip_fraction        | 0.309       |
|    clip_range           | 0.2         |
|    entropy_loss         | -4.04       |
|    explained_variance   | 0.349       |
|    learning_rate        | 0.0003      |
|    loss                 | -0.0286     |
|    n_updates            | 870         |
|    policy_gradient_loss | -0.0243     |
|    std                  | 0.44        |
|    value_loss           | 1.96e-05    |
-----------------------------------------
-----------------------------------------
| rollout/                |             |
|    ep_len_mean          | 200         |
|    ep_rew_mean          | -62.3       |
| time/                   |             |
|    fps                  | 69          |
|    iterations           | 89          |
|    time_elapsed         | 2631        |
|    total_timesteps      | 182272      |
| train/                  |             |
|    approx_kl            | 0.022580344 |
|    clip_fraction        | 0.29        |
|    clip_range           | 0.2         |
|    entropy_loss         | -3.96       |
|    explained_variance   | 0.446       |
|    learning_rate        | 0.0003      |
|    loss                 | -0.0281     |
|    n_updates            | 880         |
|    policy_gradient_loss | -0.0231     |
|    std                  | 0.435       |
|    value_loss           | 2.6e-05     |
-----------------------------------------
-----------------------------------------
| rollout/                |             |
|    ep_len_mean          | 200         |
|    ep_rew_mean          | -61.6       |
| time/                   |             |
|    fps                  | 69          |
|    iterations           | 90          |
|    time_elapsed         | 2661        |
|    total_timesteps      | 184320      |
| train/                  |             |
|    approx_kl            | 0.024726719 |
|    clip_fraction        | 0.298       |
|    clip_range           | 0.2         |
|    entropy_loss         | -3.87       |
|    explained_variance   | 0.434       |
|    learning_rate        | 0.0003      |
|    loss                 | -0.0619     |
|    n_updates            | 890         |
|    policy_gradient_loss | -0.0205     |
|    std                  | 0.429       |
|    value_loss           | 2.57e-05    |
-----------------------------------------
----------------------------------------
| rollout/                |            |
|    ep_len_mean          | 200        |
|    ep_rew_mean          | -60.9      |
| time/                   |            |
|    fps                  | 69         |
|    iterations           | 91         |
|    time_elapsed         | 2691       |
|    total_timesteps      | 186368     |
| train/                  |            |
|    approx_kl            | 0.02736282 |
|    clip_fraction        | 0.298      |
|    clip_range           | 0.2        |
|    entropy_loss         | -3.76      |
|    explained_variance   | 0.502      |
|    learning_rate        | 0.0003     |
|    loss                 | -0.0344    |
|    n_updates            | 900        |
|    policy_gradient_loss | -0.022     |
|    std                  | 0.423      |
|    value_loss           | 2.91e-05   |
----------------------------------------
----------------------------------------
| rollout/                |            |
|    ep_len_mean          | 200        |
|    ep_rew_mean          | -60.1      |
| time/                   |            |
|    fps                  | 69         |
|    iterations           | 92         |
|    time_elapsed         | 2721       |
|    total_timesteps      | 188416     |
| train/                  |            |
|    approx_kl            | 0.02799889 |
|    clip_fraction        | 0.301      |
|    clip_range           | 0.2        |
|    entropy_loss         | -3.67      |
|    explained_variance   | 0.609      |
|    learning_rate        | 0.0003     |
|    loss                 | -0.0351    |
|    n_updates            | 910        |
|    policy_gradient_loss | -0.0234    |
|    std                  | 0.418      |
|    value_loss           | 3.07e-05   |
----------------------------------------
-----------------------------------------
| rollout/                |             |
|    ep_len_mean          | 200         |
|    ep_rew_mean          | -59.5       |
| time/                   |             |
|    fps                  | 69          |
|    iterations           | 93          |
|    time_elapsed         | 2751        |
|    total_timesteps      | 190464      |
| train/                  |             |
|    approx_kl            | 0.027891353 |
|    clip_fraction        | 0.31        |
|    clip_range           | 0.2         |
|    entropy_loss         | -3.59       |
|    explained_variance   | 0.645       |
|    learning_rate        | 0.0003      |
|    loss                 | -0.0312     |
|    n_updates            | 920         |
|    policy_gradient_loss | -0.023      |
|    std                  | 0.413       |
|    value_loss           | 1.95e-05    |
-----------------------------------------
-----------------------------------------
| rollout/                |             |
|    ep_len_mean          | 200         |
|    ep_rew_mean          | -58.6       |
| time/                   |             |
|    fps                  | 69          |
|    iterations           | 94          |
|    time_elapsed         | 2780        |
|    total_timesteps      | 192512      |
| train/                  |             |
|    approx_kl            | 0.029605728 |
|    clip_fraction        | 0.331       |
|    clip_range           | 0.2         |
|    entropy_loss         | -3.5        |
|    explained_variance   | 0.634       |
|    learning_rate        | 0.0003      |
|    loss                 | -0.061      |
|    n_updates            | 930         |
|    policy_gradient_loss | -0.0215     |
|    std                  | 0.408       |
|    value_loss           | 2.08e-05    |
-----------------------------------------
-----------------------------------------
| rollout/                |             |
|    ep_len_mean          | 200         |
|    ep_rew_mean          | -58         |
| time/                   |             |
|    fps                  | 69          |
|    iterations           | 95          |
|    time_elapsed         | 2810        |
|    total_timesteps      | 194560      |
| train/                  |             |
|    approx_kl            | 0.028712679 |
|    clip_fraction        | 0.308       |
|    clip_range           | 0.2         |
|    entropy_loss         | -3.42       |
|    explained_variance   | 0.741       |
|    learning_rate        | 0.0003      |
|    loss                 | -0.0422     |
|    n_updates            | 940         |
|    policy_gradient_loss | -0.0283     |
|    std                  | 0.403       |
|    value_loss           | 2.27e-05    |
-----------------------------------------
-----------------------------------------
| rollout/                |             |
|    ep_len_mean          | 200         |
|    ep_rew_mean          | -57.2       |
| time/                   |             |
|    fps                  | 69          |
|    iterations           | 96          |
|    time_elapsed         | 2840        |
|    total_timesteps      | 196608      |
| train/                  |             |
|    approx_kl            | 0.027384922 |
|    clip_fraction        | 0.313       |
|    clip_range           | 0.2         |
|    entropy_loss         | -3.33       |
|    explained_variance   | 0.701       |
|    learning_rate        | 0.0003      |
|    loss                 | -0.0509     |
|    n_updates            | 950         |
|    policy_gradient_loss | -0.0233     |
|    std                  | 0.398       |
|    value_loss           | 2.61e-05    |
-----------------------------------------
-----------------------------------------
| rollout/                |             |
|    ep_len_mean          | 200         |
|    ep_rew_mean          | -56.5       |
| time/                   |             |
|    fps                  | 69          |
|    iterations           | 97          |
|    time_elapsed         | 2869        |
|    total_timesteps      | 198656      |
| train/                  |             |
|    approx_kl            | 0.037231572 |
|    clip_fraction        | 0.353       |
|    clip_range           | 0.2         |
|    entropy_loss         | -3.27       |
|    explained_variance   | 0.689       |
|    learning_rate        | 0.0003      |
|    loss                 | -0.0592     |
|    n_updates            | 960         |
|    policy_gradient_loss | -0.0278     |
|    std                  | 0.396       |
|    value_loss           | 2.85e-05    |
-----------------------------------------
-----------------------------------------
| rollout/                |             |
|    ep_len_mean          | 200         |
|    ep_rew_mean          | -55.6       |
| time/                   |             |
|    fps                  | 69          |
|    iterations           | 98          |
|    time_elapsed         | 2899        |
|    total_timesteps      | 200704      |
| train/                  |             |
|    approx_kl            | 0.027556371 |
|    clip_fraction        | 0.328       |
|    clip_range           | 0.2         |
|    entropy_loss         | -3.19       |
|    explained_variance   | 0.68        |
|    learning_rate        | 0.0003      |
|    loss                 | -0.0494     |
|    n_updates            | 970         |
|    policy_gradient_loss | -0.0231     |
|    std                  | 0.391       |
|    value_loss           | 2.33e-05    |
-----------------------------------------
-----------------------------------------
| rollout/                |             |
|    ep_len_mean          | 200         |
|    ep_rew_mean          | -55         |
| time/                   |             |
|    fps                  | 69          |
|    iterations           | 99          |
|    time_elapsed         | 2929        |
|    total_timesteps      | 202752      |
| train/                  |             |
|    approx_kl            | 0.030383097 |
|    clip_fraction        | 0.318       |
|    clip_range           | 0.2         |
|    entropy_loss         | -3.09       |
|    explained_variance   | 0.656       |
|    learning_rate        | 0.0003      |
|    loss                 | -0.0409     |
|    n_updates            | 980         |
|    policy_gradient_loss | -0.0218     |
|    std                  | 0.385       |
|    value_loss           | 2.78e-05    |
-----------------------------------------
----------------------------------------
| rollout/                |            |
|    ep_len_mean          | 200        |
|    ep_rew_mean          | -54.3      |
| time/                   |            |
|    fps                  | 69         |
|    iterations           | 100        |
|    time_elapsed         | 2959       |
|    total_timesteps      | 204800     |
| train/                  |            |
|    approx_kl            | 0.03506854 |
|    clip_fraction        | 0.328      |
|    clip_range           | 0.2        |
|    entropy_loss         | -3.02      |
|    explained_variance   | 0.576      |
|    learning_rate        | 0.0003     |
|    loss                 | -0.0184    |
|    n_updates            | 990        |
|    policy_gradient_loss | -0.0191    |
|    std                  | 0.381      |
|    value_loss           | 7.13e-05   |
----------------------------------------
---------------------------------------
| rollout/                |           |
|    ep_len_mean          | 200       |
|    ep_rew_mean          | -53.7     |
| time/                   |           |
|    fps                  | 69        |
|    iterations           | 101       |
|    time_elapsed         | 2988      |
|    total_timesteps      | 206848    |
| train/                  |           |
|    approx_kl            | 0.0354708 |
|    clip_fraction        | 0.328     |
|    clip_range           | 0.2       |
|    entropy_loss         | -2.94     |
|    explained_variance   | 0.706     |
|    learning_rate        | 0.0003    |
|    loss                 | -0.00133  |
|    n_updates            | 1000      |
|    policy_gradient_loss | -0.0242   |
|    std                  | 0.377     |
|    value_loss           | 3.03e-05  |
---------------------------------------
-----------------------------------------
| rollout/                |             |
|    ep_len_mean          | 200         |
|    ep_rew_mean          | -53.1       |
| time/                   |             |
|    fps                  | 69          |
|    iterations           | 102         |
|    time_elapsed         | 3018        |
|    total_timesteps      | 208896      |
| train/                  |             |
|    approx_kl            | 0.034152545 |
|    clip_fraction        | 0.34        |
|    clip_range           | 0.2         |
|    entropy_loss         | -2.86       |
|    explained_variance   | 0.7         |
|    learning_rate        | 0.0003      |
|    loss                 | -0.0584     |
|    n_updates            | 1010        |
|    policy_gradient_loss | -0.0292     |
|    std                  | 0.372       |
|    value_loss           | 3.16e-05    |
-----------------------------------------
-----------------------------------------
| rollout/                |             |
|    ep_len_mean          | 200         |
|    ep_rew_mean          | -52.5       |
| time/                   |             |
|    fps                  | 69          |
|    iterations           | 103         |
|    time_elapsed         | 3050        |
|    total_timesteps      | 210944      |
| train/                  |             |
|    approx_kl            | 0.042198114 |
|    clip_fraction        | 0.352       |
|    clip_range           | 0.2         |
|    entropy_loss         | -2.77       |
|    explained_variance   | 0.583       |
|    learning_rate        | 0.0003      |
|    loss                 | -0.0305     |
|    n_updates            | 1020        |
|    policy_gradient_loss | -0.0272     |
|    std                  | 0.367       |
|    value_loss           | 6.15e-05    |
-----------------------------------------
-----------------------------------------
| rollout/                |             |
|    ep_len_mean          | 200         |
|    ep_rew_mean          | -51.9       |
| time/                   |             |
|    fps                  | 69          |
|    iterations           | 104         |
|    time_elapsed         | 3083        |
|    total_timesteps      | 212992      |
| train/                  |             |
|    approx_kl            | 0.027610736 |
|    clip_fraction        | 0.318       |
|    clip_range           | 0.2         |
|    entropy_loss         | -2.68       |
|    explained_variance   | 0.516       |
|    learning_rate        | 0.0003      |
|    loss                 | -0.0305     |
|    n_updates            | 1030        |
|    policy_gradient_loss | -0.0182     |
|    std                  | 0.363       |
|    value_loss           | 0.000211    |
-----------------------------------------
-----------------------------------------
| rollout/                |             |
|    ep_len_mean          | 200         |
|    ep_rew_mean          | -51.2       |
| time/                   |             |
|    fps                  | 69          |
|    iterations           | 105         |
|    time_elapsed         | 3116        |
|    total_timesteps      | 215040      |
| train/                  |             |
|    approx_kl            | 0.032682523 |
|    clip_fraction        | 0.331       |
|    clip_range           | 0.2         |
|    entropy_loss         | -2.62       |
|    explained_variance   | 0.673       |
|    learning_rate        | 0.0003      |
|    loss                 | 0.0157      |
|    n_updates            | 1040        |
|    policy_gradient_loss | -0.0249     |
|    std                  | 0.36        |
|    value_loss           | 2.82e-05    |
-----------------------------------------
----------------------------------------
| rollout/                |            |
|    ep_len_mean          | 200        |
|    ep_rew_mean          | -50.9      |
| time/                   |            |
|    fps                  | 68         |
|    iterations           | 106        |
|    time_elapsed         | 3147       |
|    total_timesteps      | 217088     |
| train/                  |            |
|    approx_kl            | 0.03299708 |
|    clip_fraction        | 0.361      |
|    clip_range           | 0.2        |
|    entropy_loss         | -2.55      |
|    explained_variance   | 0.756      |
|    learning_rate        | 0.0003     |
|    loss                 | -0.0583    |
|    n_updates            | 1050       |
|    policy_gradient_loss | -0.0264    |
|    std                  | 0.356      |
|    value_loss           | 2.31e-05   |
----------------------------------------
-----------------------------------------
| rollout/                |             |
|    ep_len_mean          | 200         |
|    ep_rew_mean          | -50.2       |
| time/                   |             |
|    fps                  | 68          |
|    iterations           | 107         |
|    time_elapsed         | 3179        |
|    total_timesteps      | 219136      |
| train/                  |             |
|    approx_kl            | 0.032577213 |
|    clip_fraction        | 0.319       |
|    clip_range           | 0.2         |
|    entropy_loss         | -2.46       |
|    explained_variance   | 0.23        |
|    learning_rate        | 0.0003      |
|    loss                 | -0.0245     |
|    n_updates            | 1060        |
|    policy_gradient_loss | -0.0205     |
|    std                  | 0.351       |
|    value_loss           | 0.000449    |
-----------------------------------------
-----------------------------------------
| rollout/                |             |
|    ep_len_mean          | 200         |
|    ep_rew_mean          | -49.6       |
| time/                   |             |
|    fps                  | 68          |
|    iterations           | 108         |
|    time_elapsed         | 3211        |
|    total_timesteps      | 221184      |
| train/                  |             |
|    approx_kl            | 0.034507617 |
|    clip_fraction        | 0.34        |
|    clip_range           | 0.2         |
|    entropy_loss         | -2.42       |
|    explained_variance   | -1.35       |
|    learning_rate        | 0.0003      |
|    loss                 | -0.0546     |
|    n_updates            | 1070        |
|    policy_gradient_loss | -0.0194     |
|    std                  | 0.351       |
|    value_loss           | 7.15e-05    |
-----------------------------------------
-----------------------------------------
| rollout/                |             |
|    ep_len_mean          | 200         |
|    ep_rew_mean          | -48.9       |
| time/                   |             |
|    fps                  | 68          |
|    iterations           | 109         |
|    time_elapsed         | 3244        |
|    total_timesteps      | 223232      |
| train/                  |             |
|    approx_kl            | 0.033457465 |
|    clip_fraction        | 0.337       |
|    clip_range           | 0.2         |
|    entropy_loss         | -2.39       |
|    explained_variance   | 0.6         |
|    learning_rate        | 0.0003      |
|    loss                 | -0.0511     |
|    n_updates            | 1080        |
|    policy_gradient_loss | -0.0226     |
|    std                  | 0.348       |
|    value_loss           | 2.89e-05    |
-----------------------------------------
----------------------------------------
| rollout/                |            |
|    ep_len_mean          | 200        |
|    ep_rew_mean          | -48.1      |
| time/                   |            |
|    fps                  | 68         |
|    iterations           | 110        |
|    time_elapsed         | 3275       |
|    total_timesteps      | 225280     |
| train/                  |            |
|    approx_kl            | 0.03350456 |
|    clip_fraction        | 0.339      |
|    clip_range           | 0.2        |
|    entropy_loss         | -2.34      |
|    explained_variance   | 0.658      |
|    learning_rate        | 0.0003     |
|    loss                 | 0.00204    |
|    n_updates            | 1090       |
|    policy_gradient_loss | -0.0243    |
|    std                  | 0.345      |
|    value_loss           | 2.44e-05   |
----------------------------------------
-----------------------------------------
| rollout/                |             |
|    ep_len_mean          | 200         |
|    ep_rew_mean          | -47.6       |
| time/                   |             |
|    fps                  | 68          |
|    iterations           | 111         |
|    time_elapsed         | 3305        |
|    total_timesteps      | 227328      |
| train/                  |             |
|    approx_kl            | 0.032113865 |
|    clip_fraction        | 0.365       |
|    clip_range           | 0.2         |
|    entropy_loss         | -2.27       |
|    explained_variance   | 0.627       |
|    learning_rate        | 0.0003      |
|    loss                 | -0.0276     |
|    n_updates            | 1100        |
|    policy_gradient_loss | -0.0211     |
|    std                  | 0.341       |
|    value_loss           | 4.19e-05    |
-----------------------------------------
-----------------------------------------
| rollout/                |             |
|    ep_len_mean          | 200         |
|    ep_rew_mean          | -46.8       |
| time/                   |             |
|    fps                  | 68          |
|    iterations           | 112         |
|    time_elapsed         | 3335        |
|    total_timesteps      | 229376      |
| train/                  |             |
|    approx_kl            | 0.041077763 |
|    clip_fraction        | 0.376       |
|    clip_range           | 0.2         |
|    entropy_loss         | -2.18       |
|    explained_variance   | 0.678       |
|    learning_rate        | 0.0003      |
|    loss                 | -0.055      |
|    n_updates            | 1110        |
|    policy_gradient_loss | -0.0269     |
|    std                  | 0.337       |
|    value_loss           | 3.88e-05    |
-----------------------------------------
-----------------------------------------
| rollout/                |             |
|    ep_len_mean          | 200         |
|    ep_rew_mean          | -46.1       |
| time/                   |             |
|    fps                  | 68          |
|    iterations           | 113         |
|    time_elapsed         | 3365        |
|    total_timesteps      | 231424      |
| train/                  |             |
|    approx_kl            | 0.035971217 |
|    clip_fraction        | 0.352       |
|    clip_range           | 0.2         |
|    entropy_loss         | -2.08       |
|    explained_variance   | 0.776       |
|    learning_rate        | 0.0003      |
|    loss                 | -0.0545     |
|    n_updates            | 1120        |
|    policy_gradient_loss | -0.0189     |
|    std                  | 0.332       |
|    value_loss           | 2.3e-05     |
-----------------------------------------
----------------------------------------
| rollout/                |            |
|    ep_len_mean          | 200        |
|    ep_rew_mean          | -45.4      |
| time/                   |            |
|    fps                  | 68         |
|    iterations           | 114        |
|    time_elapsed         | 3394       |
|    total_timesteps      | 233472     |
| train/                  |            |
|    approx_kl            | 0.03557765 |
|    clip_fraction        | 0.346      |
|    clip_range           | 0.2        |
|    entropy_loss         | -1.99      |
|    explained_variance   | 0.77       |
|    learning_rate        | 0.0003     |
|    loss                 | 0.00739    |
|    n_updates            | 1130       |
|    policy_gradient_loss | -0.0216    |
|    std                  | 0.329      |
|    value_loss           | 2.56e-05   |
----------------------------------------
-----------------------------------------
| rollout/                |             |
|    ep_len_mean          | 200         |
|    ep_rew_mean          | -44.6       |
| time/                   |             |
|    fps                  | 68          |
|    iterations           | 115         |
|    time_elapsed         | 3424        |
|    total_timesteps      | 235520      |
| train/                  |             |
|    approx_kl            | 0.047303498 |
|    clip_fraction        | 0.372       |
|    clip_range           | 0.2         |
|    entropy_loss         | -1.89       |
|    explained_variance   | 0.793       |
|    learning_rate        | 0.0003      |
|    loss                 | -0.0483     |
|    n_updates            | 1140        |
|    policy_gradient_loss | -0.0192     |
|    std                  | 0.323       |
|    value_loss           | 2.54e-05    |
-----------------------------------------
-----------------------------------------
| rollout/                |             |
|    ep_len_mean          | 200         |
|    ep_rew_mean          | -43.8       |
| time/                   |             |
|    fps                  | 68          |
|    iterations           | 116         |
|    time_elapsed         | 3454        |
|    total_timesteps      | 237568      |
| train/                  |             |
|    approx_kl            | 0.044153832 |
|    clip_fraction        | 0.367       |
|    clip_range           | 0.2         |
|    entropy_loss         | -1.81       |
|    explained_variance   | 0.825       |
|    learning_rate        | 0.0003      |
|    loss                 | -0.0316     |
|    n_updates            | 1150        |
|    policy_gradient_loss | -0.0157     |
|    std                  | 0.321       |
|    value_loss           | 2.64e-05    |
-----------------------------------------
----------------------------------------
| rollout/                |            |
|    ep_len_mean          | 200        |
|    ep_rew_mean          | -43.2      |
| time/                   |            |
|    fps                  | 68         |
|    iterations           | 117        |
|    time_elapsed         | 3484       |
|    total_timesteps      | 239616     |
| train/                  |            |
|    approx_kl            | 0.03311318 |
|    clip_fraction        | 0.362      |
|    clip_range           | 0.2        |
|    entropy_loss         | -1.76      |
|    explained_variance   | 0.767      |
|    learning_rate        | 0.0003     |
|    loss                 | -0.0316    |
|    n_updates            | 1160       |
|    policy_gradient_loss | -0.0197    |
|    std                  | 0.318      |
|    value_loss           | 4.85e-05   |
----------------------------------------
-----------------------------------------
| rollout/                |             |
|    ep_len_mean          | 200         |
|    ep_rew_mean          | -42.8       |
| time/                   |             |
|    fps                  | 68          |
|    iterations           | 118         |
|    time_elapsed         | 3514        |
|    total_timesteps      | 241664      |
| train/                  |             |
|    approx_kl            | 0.035160556 |
|    clip_fraction        | 0.357       |
|    clip_range           | 0.2         |
|    entropy_loss         | -1.7        |
|    explained_variance   | 0.831       |
|    learning_rate        | 0.0003      |
|    loss                 | -0.0279     |
|    n_updates            | 1170        |
|    policy_gradient_loss | -0.0211     |
|    std                  | 0.316       |
|    value_loss           | 2.65e-05    |
-----------------------------------------
-----------------------------------------
| rollout/                |             |
|    ep_len_mean          | 200         |
|    ep_rew_mean          | -42.2       |
| time/                   |             |
|    fps                  | 68          |
|    iterations           | 119         |
|    time_elapsed         | 3543        |
|    total_timesteps      | 243712      |
| train/                  |             |
|    approx_kl            | 0.036875535 |
|    clip_fraction        | 0.372       |
|    clip_range           | 0.2         |
|    entropy_loss         | -1.64       |
|    explained_variance   | 0.808       |
|    learning_rate        | 0.0003      |
|    loss                 | -0.0324     |
|    n_updates            | 1180        |
|    policy_gradient_loss | -0.0175     |
|    std                  | 0.313       |
|    value_loss           | 4.1e-05     |
-----------------------------------------
-----------------------------------------
| rollout/                |             |
|    ep_len_mean          | 200         |
|    ep_rew_mean          | -41.8       |
| time/                   |             |
|    fps                  | 68          |
|    iterations           | 120         |
|    time_elapsed         | 3573        |
|    total_timesteps      | 245760      |
| train/                  |             |
|    approx_kl            | 0.039226986 |
|    clip_fraction        | 0.345       |
|    clip_range           | 0.2         |
|    entropy_loss         | -1.58       |
|    explained_variance   | 0.874       |
|    learning_rate        | 0.0003      |
|    loss                 | -0.0452     |
|    n_updates            | 1190        |
|    policy_gradient_loss | -0.0202     |
|    std                  | 0.31        |
|    value_loss           | 2.72e-05    |
-----------------------------------------
----------------------------------------
| rollout/                |            |
|    ep_len_mean          | 200        |
|    ep_rew_mean          | -41        |
| time/                   |            |
|    fps                  | 68         |
|    iterations           | 121        |
|    time_elapsed         | 3603       |
|    total_timesteps      | 247808     |
| train/                  |            |
|    approx_kl            | 0.03393668 |
|    clip_fraction        | 0.366      |
|    clip_range           | 0.2        |
|    entropy_loss         | -1.51      |
|    explained_variance   | 0.873      |
|    learning_rate        | 0.0003     |
|    loss                 | -0.0324    |
|    n_updates            | 1200       |
|    policy_gradient_loss | -0.0132    |
|    std                  | 0.308      |
|    value_loss           | 2.2e-05    |
----------------------------------------
----------------------------------------
| rollout/                |            |
|    ep_len_mean          | 200        |
|    ep_rew_mean          | -40.5      |
| time/                   |            |
|    fps                  | 68         |
|    iterations           | 122        |
|    time_elapsed         | 3633       |
|    total_timesteps      | 249856     |
| train/                  |            |
|    approx_kl            | 0.03572415 |
|    clip_fraction        | 0.363      |
|    clip_range           | 0.2        |
|    entropy_loss         | -1.48      |
|    explained_variance   | 0.863      |
|    learning_rate        | 0.0003     |
|    loss                 | -0.0206    |
|    n_updates            | 1210       |
|    policy_gradient_loss | -0.0139    |
|    std                  | 0.307      |
|    value_loss           | 2.21e-05   |
----------------------------------------
-----------------------------------------
| rollout/                |             |
|    ep_len_mean          | 200         |
|    ep_rew_mean          | -40         |
| time/                   |             |
|    fps                  | 68          |
|    iterations           | 123         |
|    time_elapsed         | 3663        |
|    total_timesteps      | 251904      |
| train/                  |             |
|    approx_kl            | 0.036612656 |
|    clip_fraction        | 0.395       |
|    clip_range           | 0.2         |
|    entropy_loss         | -1.43       |
|    explained_variance   | 0.883       |
|    learning_rate        | 0.0003      |
|    loss                 | -0.0464     |
|    n_updates            | 1220        |
|    policy_gradient_loss | -0.021      |
|    std                  | 0.305       |
|    value_loss           | 2.29e-05    |
-----------------------------------------
----------------------------------------
| rollout/                |            |
|    ep_len_mean          | 200        |
|    ep_rew_mean          | -39.6      |
| time/                   |            |
|    fps                  | 68         |
|    iterations           | 124        |
|    time_elapsed         | 3693       |
|    total_timesteps      | 253952     |
| train/                  |            |
|    approx_kl            | 0.04213074 |
|    clip_fraction        | 0.385      |
|    clip_range           | 0.2        |
|    entropy_loss         | -1.39      |
|    explained_variance   | 0.826      |
|    learning_rate        | 0.0003     |
|    loss                 | -0.0364    |
|    n_updates            | 1230       |
|    policy_gradient_loss | -0.0152    |
|    std                  | 0.303      |
|    value_loss           | 2.98e-05   |
----------------------------------------
-----------------------------------------
| rollout/                |             |
|    ep_len_mean          | 200         |
|    ep_rew_mean          | -39.3       |
| time/                   |             |
|    fps                  | 68          |
|    iterations           | 125         |
|    time_elapsed         | 3722        |
|    total_timesteps      | 256000      |
| train/                  |             |
|    approx_kl            | 0.042019375 |
|    clip_fraction        | 0.395       |
|    clip_range           | 0.2         |
|    entropy_loss         | -1.33       |
|    explained_variance   | 0.899       |
|    learning_rate        | 0.0003      |
|    loss                 | -0.0603     |
|    n_updates            | 1240        |
|    policy_gradient_loss | -0.019      |
|    std                  | 0.3         |
|    value_loss           | 1.92e-05    |
-----------------------------------------
----------------------------------------
| rollout/                |            |
|    ep_len_mean          | 200        |
|    ep_rew_mean          | -38.8      |
| time/                   |            |
|    fps                  | 68         |
|    iterations           | 126        |
|    time_elapsed         | 3752       |
|    total_timesteps      | 258048     |
| train/                  |            |
|    approx_kl            | 0.03279358 |
|    clip_fraction        | 0.373      |
|    clip_range           | 0.2        |
|    entropy_loss         | -1.26      |
|    explained_variance   | 0.858      |
|    learning_rate        | 0.0003     |
|    loss                 | -0.0136    |
|    n_updates            | 1250       |
|    policy_gradient_loss | -0.00979   |
|    std                  | 0.297      |
|    value_loss           | 2.02e-05   |
----------------------------------------
-----------------------------------------
| rollout/                |             |
|    ep_len_mean          | 200         |
|    ep_rew_mean          | -38.2       |
| time/                   |             |
|    fps                  | 68          |
|    iterations           | 127         |
|    time_elapsed         | 3782        |
|    total_timesteps      | 260096      |
| train/                  |             |
|    approx_kl            | 0.035417356 |
|    clip_fraction        | 0.368       |
|    clip_range           | 0.2         |
|    entropy_loss         | -1.18       |
|    explained_variance   | 0.893       |
|    learning_rate        | 0.0003      |
|    loss                 | -0.0324     |
|    n_updates            | 1260        |
|    policy_gradient_loss | -0.0115     |
|    std                  | 0.295       |
|    value_loss           | 1.79e-05    |
-----------------------------------------
-----------------------------------------
| rollout/                |             |
|    ep_len_mean          | 200         |
|    ep_rew_mean          | -37.9       |
| time/                   |             |
|    fps                  | 68          |
|    iterations           | 128         |
|    time_elapsed         | 3812        |
|    total_timesteps      | 262144      |
| train/                  |             |
|    approx_kl            | 0.046125792 |
|    clip_fraction        | 0.391       |
|    clip_range           | 0.2         |
|    entropy_loss         | -1.13       |
|    explained_variance   | 0.912       |
|    learning_rate        | 0.0003      |
|    loss                 | -0.0308     |
|    n_updates            | 1270        |
|    policy_gradient_loss | -0.0157     |
|    std                  | 0.293       |
|    value_loss           | 1.83e-05    |
-----------------------------------------
----------------------------------------
| rollout/                |            |
|    ep_len_mean          | 200        |
|    ep_rew_mean          | -37.4      |
| time/                   |            |
|    fps                  | 68         |
|    iterations           | 129        |
|    time_elapsed         | 3842       |
|    total_timesteps      | 264192     |
| train/                  |            |
|    approx_kl            | 0.03997797 |
|    clip_fraction        | 0.389      |
|    clip_range           | 0.2        |
|    entropy_loss         | -1.07      |
|    explained_variance   | 0.831      |
|    learning_rate        | 0.0003     |
|    loss                 | -0.0495    |
|    n_updates            | 1280       |
|    policy_gradient_loss | -0.0133    |
|    std                  | 0.29       |
|    value_loss           | 4.62e-05   |
----------------------------------------
-----------------------------------------
| rollout/                |             |
|    ep_len_mean          | 200         |
|    ep_rew_mean          | -37.1       |
| time/                   |             |
|    fps                  | 68          |
|    iterations           | 130         |
|    time_elapsed         | 3872        |
|    total_timesteps      | 266240      |
| train/                  |             |
|    approx_kl            | 0.040344916 |
|    clip_fraction        | 0.399       |
|    clip_range           | 0.2         |
|    entropy_loss         | -0.997      |
|    explained_variance   | 0.899       |
|    learning_rate        | 0.0003      |
|    loss                 | -0.0319     |
|    n_updates            | 1290        |
|    policy_gradient_loss | -0.0135     |
|    std                  | 0.288       |
|    value_loss           | 1.73e-05    |
-----------------------------------------
-----------------------------------------
| rollout/                |             |
|    ep_len_mean          | 200         |
|    ep_rew_mean          | -36.9       |
| time/                   |             |
|    fps                  | 68          |
|    iterations           | 131         |
|    time_elapsed         | 3902        |
|    total_timesteps      | 268288      |
| train/                  |             |
|    approx_kl            | 0.056413736 |
|    clip_fraction        | 0.379       |
|    clip_range           | 0.2         |
|    entropy_loss         | -0.945      |
|    explained_variance   | 0.923       |
|    learning_rate        | 0.0003      |
|    loss                 | -0.00073    |
|    n_updates            | 1300        |
|    policy_gradient_loss | -0.0128     |
|    std                  | 0.286       |
|    value_loss           | 1.68e-05    |
-----------------------------------------
-----------------------------------------
| rollout/                |             |
|    ep_len_mean          | 200         |
|    ep_rew_mean          | -36.6       |
| time/                   |             |
|    fps                  | 68          |
|    iterations           | 132         |
|    time_elapsed         | 3931        |
|    total_timesteps      | 270336      |
| train/                  |             |
|    approx_kl            | 0.039013267 |
|    clip_fraction        | 0.377       |
|    clip_range           | 0.2         |
|    entropy_loss         | -0.895      |
|    explained_variance   | 0.902       |
|    learning_rate        | 0.0003      |
|    loss                 | -0.0238     |
|    n_updates            | 1310        |
|    policy_gradient_loss | -0.0179     |
|    std                  | 0.284       |
|    value_loss           | 2.51e-05    |
-----------------------------------------
----------------------------------------
| rollout/                |            |
|    ep_len_mean          | 200        |
|    ep_rew_mean          | -36.3      |
| time/                   |            |
|    fps                  | 68         |
|    iterations           | 133        |
|    time_elapsed         | 3961       |
|    total_timesteps      | 272384     |
| train/                  |            |
|    approx_kl            | 0.04470576 |
|    clip_fraction        | 0.404      |
|    clip_range           | 0.2        |
|    entropy_loss         | -0.818     |
|    explained_variance   | 0.931      |
|    learning_rate        | 0.0003     |
|    loss                 | -0.0106    |
|    n_updates            | 1320       |
|    policy_gradient_loss | -0.0184    |
|    std                  | 0.28       |
|    value_loss           | 2.18e-05   |
----------------------------------------
----------------------------------------
| rollout/                |            |
|    ep_len_mean          | 200        |
|    ep_rew_mean          | -36        |
| time/                   |            |
|    fps                  | 68         |
|    iterations           | 134        |
|    time_elapsed         | 3991       |
|    total_timesteps      | 274432     |
| train/                  |            |
|    approx_kl            | 0.03413918 |
|    clip_fraction        | 0.363      |
|    clip_range           | 0.2        |
|    entropy_loss         | -0.724     |
|    explained_variance   | 0.908      |
|    learning_rate        | 0.0003     |
|    loss                 | -0.0234    |
|    n_updates            | 1330       |
|    policy_gradient_loss | -0.0174    |
|    std                  | 0.277      |
|    value_loss           | 1.87e-05   |
----------------------------------------
-----------------------------------------
| rollout/                |             |
|    ep_len_mean          | 200         |
|    ep_rew_mean          | -35.7       |
| time/                   |             |
|    fps                  | 68          |
|    iterations           | 135         |
|    time_elapsed         | 4021        |
|    total_timesteps      | 276480      |
| train/                  |             |
|    approx_kl            | 0.040960178 |
|    clip_fraction        | 0.409       |
|    clip_range           | 0.2         |
|    entropy_loss         | -0.662      |
|    explained_variance   | 0.94        |
|    learning_rate        | 0.0003      |
|    loss                 | -0.0193     |
|    n_updates            | 1340        |
|    policy_gradient_loss | -0.0191     |
|    std                  | 0.275       |
|    value_loss           | 1.5e-05     |
-----------------------------------------
-----------------------------------------
| rollout/                |             |
|    ep_len_mean          | 200         |
|    ep_rew_mean          | -35.4       |
| time/                   |             |
|    fps                  | 68          |
|    iterations           | 136         |
|    time_elapsed         | 4050        |
|    total_timesteps      | 278528      |
| train/                  |             |
|    approx_kl            | 0.051971644 |
|    clip_fraction        | 0.429       |
|    clip_range           | 0.2         |
|    entropy_loss         | -0.624      |
|    explained_variance   | 0.933       |
|    learning_rate        | 0.0003      |
|    loss                 | -0.0304     |
|    n_updates            | 1350        |
|    policy_gradient_loss | -0.0083     |
|    std                  | 0.274       |
|    value_loss           | 1.7e-05     |
-----------------------------------------
-----------------------------------------
| rollout/                |             |
|    ep_len_mean          | 200         |
|    ep_rew_mean          | -35.2       |
| time/                   |             |
|    fps                  | 68          |
|    iterations           | 137         |
|    time_elapsed         | 4081        |
|    total_timesteps      | 280576      |
| train/                  |             |
|    approx_kl            | 0.054295234 |
|    clip_fraction        | 0.403       |
|    clip_range           | 0.2         |
|    entropy_loss         | -0.549      |
|    explained_variance   | 0.926       |
|    learning_rate        | 0.0003      |
|    loss                 | -0.0122     |
|    n_updates            | 1360        |
|    policy_gradient_loss | -0.019      |
|    std                  | 0.27        |
|    value_loss           | 1.58e-05    |
-----------------------------------------
-----------------------------------------
| rollout/                |             |
|    ep_len_mean          | 200         |
|    ep_rew_mean          | -34.7       |
| time/                   |             |
|    fps                  | 68          |
|    iterations           | 138         |
|    time_elapsed         | 4111        |
|    total_timesteps      | 282624      |
| train/                  |             |
|    approx_kl            | 0.047079284 |
|    clip_fraction        | 0.439       |
|    clip_range           | 0.2         |
|    entropy_loss         | -0.487      |
|    explained_variance   | 0.852       |
|    learning_rate        | 0.0003      |
|    loss                 | -0.0113     |
|    n_updates            | 1370        |
|    policy_gradient_loss | -0.0038     |
|    std                  | 0.269       |
|    value_loss           | 3.2e-05     |
-----------------------------------------
-----------------------------------------
| rollout/                |             |
|    ep_len_mean          | 200         |
|    ep_rew_mean          | -34.7       |
| time/                   |             |
|    fps                  | 68          |
|    iterations           | 139         |
|    time_elapsed         | 4141        |
|    total_timesteps      | 284672      |
| train/                  |             |
|    approx_kl            | 0.043936368 |
|    clip_fraction        | 0.397       |
|    clip_range           | 0.2         |
|    entropy_loss         | -0.421      |
|    explained_variance   | 0.917       |
|    learning_rate        | 0.0003      |
|    loss                 | -0.026      |
|    n_updates            | 1380        |
|    policy_gradient_loss | -0.0143     |
|    std                  | 0.266       |
|    value_loss           | 2.08e-05    |
-----------------------------------------
-----------------------------------------
| rollout/                |             |
|    ep_len_mean          | 200         |
|    ep_rew_mean          | -34.5       |
| time/                   |             |
|    fps                  | 68          |
|    iterations           | 140         |
|    time_elapsed         | 4171        |
|    total_timesteps      | 286720      |
| train/                  |             |
|    approx_kl            | 0.049961895 |
|    clip_fraction        | 0.44        |
|    clip_range           | 0.2         |
|    entropy_loss         | -0.358      |
|    explained_variance   | 0.726       |
|    learning_rate        | 0.0003      |
|    loss                 | -0.0104     |
|    n_updates            | 1390        |
|    policy_gradient_loss | -0.00354    |
|    std                  | 0.264       |
|    value_loss           | 5.4e-05     |
-----------------------------------------
-----------------------------------------
| rollout/                |             |
|    ep_len_mean          | 200         |
|    ep_rew_mean          | -34.1       |
| time/                   |             |
|    fps                  | 68          |
|    iterations           | 141         |
|    time_elapsed         | 4201        |
|    total_timesteps      | 288768      |
| train/                  |             |
|    approx_kl            | 0.055174336 |
|    clip_fraction        | 0.398       |
|    clip_range           | 0.2         |
|    entropy_loss         | -0.298      |
|    explained_variance   | 0.845       |
|    learning_rate        | 0.0003      |
|    loss                 | -0.00339    |
|    n_updates            | 1400        |
|    policy_gradient_loss | -0.0124     |
|    std                  | 0.262       |
|    value_loss           | 2.72e-05    |
-----------------------------------------
----------------------------------------
| rollout/                |            |
|    ep_len_mean          | 200        |
|    ep_rew_mean          | -33.9      |
| time/                   |            |
|    fps                  | 68         |
|    iterations           | 142        |
|    time_elapsed         | 4232       |
|    total_timesteps      | 290816     |
| train/                  |            |
|    approx_kl            | 0.04452221 |
|    clip_fraction        | 0.406      |
|    clip_range           | 0.2        |
|    entropy_loss         | -0.247     |
|    explained_variance   | 0.935      |
|    learning_rate        | 0.0003     |
|    loss                 | -0.0154    |
|    n_updates            | 1410       |
|    policy_gradient_loss | -0.0147    |
|    std                  | 0.261      |
|    value_loss           | 1.53e-05   |
----------------------------------------
----------------------------------------
| rollout/                |            |
|    ep_len_mean          | 200        |
|    ep_rew_mean          | -33.9      |
| time/                   |            |
|    fps                  | 68         |
|    iterations           | 143        |
|    time_elapsed         | 4262       |
|    total_timesteps      | 292864     |
| train/                  |            |
|    approx_kl            | 0.04182698 |
|    clip_fraction        | 0.431      |
|    clip_range           | 0.2        |
|    entropy_loss         | -0.195     |
|    explained_variance   | 0.899      |
|    learning_rate        | 0.0003     |
|    loss                 | -0.0144    |
|    n_updates            | 1420       |
|    policy_gradient_loss | -0.00552   |
|    std                  | 0.258      |
|    value_loss           | 2.38e-05   |
----------------------------------------
----------------------------------------
| rollout/                |            |
|    ep_len_mean          | 200        |
|    ep_rew_mean          | -33.7      |
| time/                   |            |
|    fps                  | 68         |
|    iterations           | 144        |
|    time_elapsed         | 4292       |
|    total_timesteps      | 294912     |
| train/                  |            |
|    approx_kl            | 0.07154986 |
|    clip_fraction        | 0.458      |
|    clip_range           | 0.2        |
|    entropy_loss         | -0.165     |
|    explained_variance   | 0.748      |
|    learning_rate        | 0.0003     |
|    loss                 | 0.0509     |
|    n_updates            | 1430       |
|    policy_gradient_loss | -0.004     |
|    std                  | 0.258      |
|    value_loss           | 5.89e-05   |
----------------------------------------
----------------------------------------
| rollout/                |            |
|    ep_len_mean          | 200        |
|    ep_rew_mean          | -33.5      |
| time/                   |            |
|    fps                  | 68         |
|    iterations           | 145        |
|    time_elapsed         | 4322       |
|    total_timesteps      | 296960     |
| train/                  |            |
|    approx_kl            | 0.04848544 |
|    clip_fraction        | 0.448      |
|    clip_range           | 0.2        |
|    entropy_loss         | -0.125     |
|    explained_variance   | 0.874      |
|    learning_rate        | 0.0003     |
|    loss                 | -0.0337    |
|    n_updates            | 1440       |
|    policy_gradient_loss | -0.0127    |
|    std                  | 0.256      |
|    value_loss           | 2.77e-05   |
----------------------------------------
----------------------------------------
| rollout/                |            |
|    ep_len_mean          | 200        |
|    ep_rew_mean          | -33.2      |
| time/                   |            |
|    fps                  | 68         |
|    iterations           | 146        |
|    time_elapsed         | 4353       |
|    total_timesteps      | 299008     |
| train/                  |            |
|    approx_kl            | 0.06502636 |
|    clip_fraction        | 0.43       |
|    clip_range           | 0.2        |
|    entropy_loss         | -0.067     |
|    explained_variance   | 0.866      |
|    learning_rate        | 0.0003     |
|    loss                 | -0.0262    |
|    n_updates            | 1450       |
|    policy_gradient_loss | -0.0191    |
|    std                  | 0.254      |
|    value_loss           | 2.97e-05   |
----------------------------------------
-----------------------------------------
| rollout/                |             |
|    ep_len_mean          | 200         |
|    ep_rew_mean          | -33         |
| time/                   |             |
|    fps                  | 68          |
|    iterations           | 147         |
|    time_elapsed         | 4382        |
|    total_timesteps      | 301056      |
| train/                  |             |
|    approx_kl            | 0.047545426 |
|    clip_fraction        | 0.444       |
|    clip_range           | 0.2         |
|    entropy_loss         | -0.0203     |
|    explained_variance   | 0.896       |
|    learning_rate        | 0.0003      |
|    loss                 | -0.0212     |
|    n_updates            | 1460        |
|    policy_gradient_loss | -0.0173     |
|    std                  | 0.253       |
|    value_loss           | 2.16e-05    |
-----------------------------------------
-----------------------------------------
| rollout/                |             |
|    ep_len_mean          | 200         |
|    ep_rew_mean          | -32.8       |
| time/                   |             |
|    fps                  | 68          |
|    iterations           | 148         |
|    time_elapsed         | 4412        |
|    total_timesteps      | 303104      |
| train/                  |             |
|    approx_kl            | 0.041551124 |
|    clip_fraction        | 0.398       |
|    clip_range           | 0.2         |
|    entropy_loss         | 0.0233      |
|    explained_variance   | 0.939       |
|    learning_rate        | 0.0003      |
|    loss                 | 0.0154      |
|    n_updates            | 1470        |
|    policy_gradient_loss | -0.00837    |
|    std                  | 0.251       |
|    value_loss           | 1.18e-05    |
-----------------------------------------
----------------------------------------
| rollout/                |            |
|    ep_len_mean          | 200        |
|    ep_rew_mean          | -32.3      |
| time/                   |            |
|    fps                  | 68         |
|    iterations           | 149        |
|    time_elapsed         | 4442       |
|    total_timesteps      | 305152     |
| train/                  |            |
|    approx_kl            | 0.04707563 |
|    clip_fraction        | 0.414      |
|    clip_range           | 0.2        |
|    entropy_loss         | 0.08       |
|    explained_variance   | 0.938      |
|    learning_rate        | 0.0003     |
|    loss                 | -0.0581    |
|    n_updates            | 1480       |
|    policy_gradient_loss | -0.0154    |
|    std                  | 0.249      |
|    value_loss           | 1.39e-05   |
----------------------------------------
-----------------------------------------
| rollout/                |             |
|    ep_len_mean          | 200         |
|    ep_rew_mean          | -32.1       |
| time/                   |             |
|    fps                  | 68          |
|    iterations           | 150         |
|    time_elapsed         | 4472        |
|    total_timesteps      | 307200      |
| train/                  |             |
|    approx_kl            | 0.058301143 |
|    clip_fraction        | 0.443       |
|    clip_range           | 0.2         |
|    entropy_loss         | 0.148       |
|    explained_variance   | 0.921       |
|    learning_rate        | 0.0003      |
|    loss                 | -0.0148     |
|    n_updates            | 1490        |
|    policy_gradient_loss | -0.0139     |
|    std                  | 0.246       |
|    value_loss           | 1.54e-05    |
-----------------------------------------
-----------------------------------------
| rollout/                |             |
|    ep_len_mean          | 200         |
|    ep_rew_mean          | -31.9       |
| time/                   |             |
|    fps                  | 68          |
|    iterations           | 151         |
|    time_elapsed         | 4502        |
|    total_timesteps      | 309248      |
| train/                  |             |
|    approx_kl            | 0.054746598 |
|    clip_fraction        | 0.428       |
|    clip_range           | 0.2         |
|    entropy_loss         | 0.221       |
|    explained_variance   | 0.906       |
|    learning_rate        | 0.0003      |
|    loss                 | 0.000574    |
|    n_updates            | 1500        |
|    policy_gradient_loss | -0.00991    |
|    std                  | 0.244       |
|    value_loss           | 1.59e-05    |
-----------------------------------------
-----------------------------------------
| rollout/                |             |
|    ep_len_mean          | 200         |
|    ep_rew_mean          | -31.5       |
| time/                   |             |
|    fps                  | 68          |
|    iterations           | 152         |
|    time_elapsed         | 4532        |
|    total_timesteps      | 311296      |
| train/                  |             |
|    approx_kl            | 0.037833817 |
|    clip_fraction        | 0.406       |
|    clip_range           | 0.2         |
|    entropy_loss         | 0.286       |
|    explained_variance   | 0.949       |
|    learning_rate        | 0.0003      |
|    loss                 | -0.0175     |
|    n_updates            | 1510        |
|    policy_gradient_loss | -0.0079     |
|    std                  | 0.242       |
|    value_loss           | 1.4e-05     |
-----------------------------------------
----------------------------------------
| rollout/                |            |
|    ep_len_mean          | 200        |
|    ep_rew_mean          | -31.1      |
| time/                   |            |
|    fps                  | 68         |
|    iterations           | 153        |
|    time_elapsed         | 4562       |
|    total_timesteps      | 313344     |
| train/                  |            |
|    approx_kl            | 0.05197865 |
|    clip_fraction        | 0.425      |
|    clip_range           | 0.2        |
|    entropy_loss         | 0.348      |
|    explained_variance   | 0.948      |
|    learning_rate        | 0.0003     |
|    loss                 | 0.0185     |
|    n_updates            | 1520       |
|    policy_gradient_loss | -0.00863   |
|    std                  | 0.24       |
|    value_loss           | 1.78e-05   |
----------------------------------------
-----------------------------------------
| rollout/                |             |
|    ep_len_mean          | 200         |
|    ep_rew_mean          | -30.8       |
| time/                   |             |
|    fps                  | 68          |
|    iterations           | 154         |
|    time_elapsed         | 4591        |
|    total_timesteps      | 315392      |
| train/                  |             |
|    approx_kl            | 0.064000174 |
|    clip_fraction        | 0.434       |
|    clip_range           | 0.2         |
|    entropy_loss         | 0.408       |
|    explained_variance   | 0.932       |
|    learning_rate        | 0.0003      |
|    loss                 | -0.0457     |
|    n_updates            | 1530        |
|    policy_gradient_loss | -0.0159     |
|    std                  | 0.239       |
|    value_loss           | 1.82e-05    |
-----------------------------------------
-----------------------------------------
| rollout/                |             |
|    ep_len_mean          | 200         |
|    ep_rew_mean          | -30.4       |
| time/                   |             |
|    fps                  | 68          |
|    iterations           | 155         |
|    time_elapsed         | 4621        |
|    total_timesteps      | 317440      |
| train/                  |             |
|    approx_kl            | 0.045857113 |
|    clip_fraction        | 0.464       |
|    clip_range           | 0.2         |
|    entropy_loss         | 0.476       |
|    explained_variance   | 0.956       |
|    learning_rate        | 0.0003      |
|    loss                 | -0.00545    |
|    n_updates            | 1540        |
|    policy_gradient_loss | -0.00769    |
|    std                  | 0.236       |
|    value_loss           | 1.35e-05    |
-----------------------------------------
----------------------------------------
| rollout/                |            |
|    ep_len_mean          | 200        |
|    ep_rew_mean          | -30.2      |
| time/                   |            |
|    fps                  | 68         |
|    iterations           | 156        |
|    time_elapsed         | 4651       |
|    total_timesteps      | 319488     |
| train/                  |            |
|    approx_kl            | 0.05109996 |
|    clip_fraction        | 0.444      |
|    clip_range           | 0.2        |
|    entropy_loss         | 0.517      |
|    explained_variance   | 0.951      |
|    learning_rate        | 0.0003     |
|    loss                 | -0.00797   |
|    n_updates            | 1550       |
|    policy_gradient_loss | -0.00937   |
|    std                  | 0.236      |
|    value_loss           | 1.43e-05   |
----------------------------------------
-----------------------------------------
| rollout/                |             |
|    ep_len_mean          | 200         |
|    ep_rew_mean          | -29.9       |
| time/                   |             |
|    fps                  | 68          |
|    iterations           | 157         |
|    time_elapsed         | 4681        |
|    total_timesteps      | 321536      |
| train/                  |             |
|    approx_kl            | 0.047657847 |
|    clip_fraction        | 0.428       |
|    clip_range           | 0.2         |
|    entropy_loss         | 0.576       |
|    explained_variance   | 0.962       |
|    learning_rate        | 0.0003      |
|    loss                 | -0.0337     |
|    n_updates            | 1560        |
|    policy_gradient_loss | -0.00426    |
|    std                  | 0.233       |
|    value_loss           | 1.18e-05    |
-----------------------------------------
-----------------------------------------
| rollout/                |             |
|    ep_len_mean          | 200         |
|    ep_rew_mean          | -29.7       |
| time/                   |             |
|    fps                  | 68          |
|    iterations           | 158         |
|    time_elapsed         | 4712        |
|    total_timesteps      | 323584      |
| train/                  |             |
|    approx_kl            | 0.083566934 |
|    clip_fraction        | 0.454       |
|    clip_range           | 0.2         |
|    entropy_loss         | 0.648       |
|    explained_variance   | 0.917       |
|    learning_rate        | 0.0003      |
|    loss                 | -0.00526    |
|    n_updates            | 1570        |
|    policy_gradient_loss | -0.00572    |
|    std                  | 0.231       |
|    value_loss           | 2.79e-05    |
-----------------------------------------
-----------------------------------------
| rollout/                |             |
|    ep_len_mean          | 200         |
|    ep_rew_mean          | -29.4       |
| time/                   |             |
|    fps                  | 68          |
|    iterations           | 159         |
|    time_elapsed         | 4742        |
|    total_timesteps      | 325632      |
| train/                  |             |
|    approx_kl            | 0.041959032 |
|    clip_fraction        | 0.426       |
|    clip_range           | 0.2         |
|    entropy_loss         | 0.679       |
|    explained_variance   | 0.886       |
|    learning_rate        | 0.0003      |
|    loss                 | -0.0244     |
|    n_updates            | 1580        |
|    policy_gradient_loss | -0.00893    |
|    std                  | 0.23        |
|    value_loss           | 4.02e-05    |
-----------------------------------------
-----------------------------------------
| rollout/                |             |
|    ep_len_mean          | 200         |
|    ep_rew_mean          | -29.2       |
| time/                   |             |
|    fps                  | 68          |
|    iterations           | 160         |
|    time_elapsed         | 4772        |
|    total_timesteps      | 327680      |
| train/                  |             |
|    approx_kl            | 0.058513552 |
|    clip_fraction        | 0.466       |
|    clip_range           | 0.2         |
|    entropy_loss         | 0.727       |
|    explained_variance   | 0.923       |
|    learning_rate        | 0.0003      |
|    loss                 | 0.0364      |
|    n_updates            | 1590        |
|    policy_gradient_loss | -0.00471    |
|    std                  | 0.228       |
|    value_loss           | 2.12e-05    |
-----------------------------------------
-----------------------------------------
| rollout/                |             |
|    ep_len_mean          | 200         |
|    ep_rew_mean          | -28.8       |
| time/                   |             |
|    fps                  | 68          |
|    iterations           | 161         |
|    time_elapsed         | 4802        |
|    total_timesteps      | 329728      |
| train/                  |             |
|    approx_kl            | 0.052301325 |
|    clip_fraction        | 0.416       |
|    clip_range           | 0.2         |
|    entropy_loss         | 0.8         |
|    explained_variance   | 0.963       |
|    learning_rate        | 0.0003      |
|    loss                 | -0.0299     |
|    n_updates            | 1600        |
|    policy_gradient_loss | -0.00951    |
|    std                  | 0.226       |
|    value_loss           | 1.2e-05     |
-----------------------------------------
-----------------------------------------
| rollout/                |             |
|    ep_len_mean          | 200         |
|    ep_rew_mean          | -28.6       |
| time/                   |             |
|    fps                  | 68          |
|    iterations           | 162         |
|    time_elapsed         | 4832        |
|    total_timesteps      | 331776      |
| train/                  |             |
|    approx_kl            | 0.041793767 |
|    clip_fraction        | 0.433       |
|    clip_range           | 0.2         |
|    entropy_loss         | 0.857       |
|    explained_variance   | 0.97        |
|    learning_rate        | 0.0003      |
|    loss                 | 0.00168     |
|    n_updates            | 1610        |
|    policy_gradient_loss | 0.00144     |
|    std                  | 0.225       |
|    value_loss           | 9.85e-06    |
-----------------------------------------
----------------------------------------
| rollout/                |            |
|    ep_len_mean          | 200        |
|    ep_rew_mean          | -28.3      |
| time/                   |            |
|    fps                  | 68         |
|    iterations           | 163        |
|    time_elapsed         | 4862       |
|    total_timesteps      | 333824     |
| train/                  |            |
|    approx_kl            | 0.05139918 |
|    clip_fraction        | 0.438      |
|    clip_range           | 0.2        |
|    entropy_loss         | 0.894      |
|    explained_variance   | 0.963      |
|    learning_rate        | 0.0003     |
|    loss                 | 0.0391     |
|    n_updates            | 1620       |
|    policy_gradient_loss | -0.00524   |
|    std                  | 0.223      |
|    value_loss           | 1e-05      |
----------------------------------------
-----------------------------------------
| rollout/                |             |
|    ep_len_mean          | 200         |
|    ep_rew_mean          | -28.1       |
| time/                   |             |
|    fps                  | 68          |
|    iterations           | 164         |
|    time_elapsed         | 4891        |
|    total_timesteps      | 335872      |
| train/                  |             |
|    approx_kl            | 0.052393615 |
|    clip_fraction        | 0.434       |
|    clip_range           | 0.2         |
|    entropy_loss         | 0.931       |
|    explained_variance   | 0.957       |
|    learning_rate        | 0.0003      |
|    loss                 | 0.0085      |
|    n_updates            | 1630        |
|    policy_gradient_loss | -0.00551    |
|    std                  | 0.223       |
|    value_loss           | 9.79e-06    |
-----------------------------------------
----------------------------------------
| rollout/                |            |
|    ep_len_mean          | 200        |
|    ep_rew_mean          | -27.9      |
| time/                   |            |
|    fps                  | 68         |
|    iterations           | 165        |
|    time_elapsed         | 4921       |
|    total_timesteps      | 337920     |
| train/                  |            |
|    approx_kl            | 0.06341052 |
|    clip_fraction        | 0.458      |
|    clip_range           | 0.2        |
|    entropy_loss         | 0.951      |
|    explained_variance   | 0.948      |
|    learning_rate        | 0.0003     |
|    loss                 | -0.0296    |
|    n_updates            | 1640       |
|    policy_gradient_loss | -0.0129    |
|    std                  | 0.222      |
|    value_loss           | 1.32e-05   |
----------------------------------------
----------------------------------------
| rollout/                |            |
|    ep_len_mean          | 200        |
|    ep_rew_mean          | -27.9      |
| time/                   |            |
|    fps                  | 68         |
|    iterations           | 166        |
|    time_elapsed         | 4952       |
|    total_timesteps      | 339968     |
| train/                  |            |
|    approx_kl            | 0.07384501 |
|    clip_fraction        | 0.464      |
|    clip_range           | 0.2        |
|    entropy_loss         | 1.01       |
|    explained_variance   | 0.968      |
|    learning_rate        | 0.0003     |
|    loss                 | -0.0582    |
|    n_updates            | 1650       |
|    policy_gradient_loss | -0.0129    |
|    std                  | 0.221      |
|    value_loss           | 7.3e-06    |
----------------------------------------
---------------------------------------
| rollout/                |           |
|    ep_len_mean          | 200       |
|    ep_rew_mean          | -27.7     |
| time/                   |           |
|    fps                  | 68        |
|    iterations           | 167       |
|    time_elapsed         | 4982      |
|    total_timesteps      | 342016    |
| train/                  |           |
|    approx_kl            | 0.0684258 |
|    clip_fraction        | 0.452     |
|    clip_range           | 0.2       |
|    entropy_loss         | 1.06      |
|    explained_variance   | 0.863     |
|    learning_rate        | 0.0003    |
|    loss                 | -0.00524  |
|    n_updates            | 1660      |
|    policy_gradient_loss | -0.0111   |
|    std                  | 0.219     |
|    value_loss           | 6.62e-05  |
---------------------------------------
----------------------------------------
| rollout/                |            |
|    ep_len_mean          | 200        |
|    ep_rew_mean          | -27.4      |
| time/                   |            |
|    fps                  | 68         |
|    iterations           | 168        |
|    time_elapsed         | 5012       |
|    total_timesteps      | 344064     |
| train/                  |            |
|    approx_kl            | 0.06184838 |
|    clip_fraction        | 0.449      |
|    clip_range           | 0.2        |
|    entropy_loss         | 1.12       |
|    explained_variance   | 0.932      |
|    learning_rate        | 0.0003     |
|    loss                 | -0.0286    |
|    n_updates            | 1670       |
|    policy_gradient_loss | -0.00694   |
|    std                  | 0.218      |
|    value_loss           | 1.3e-05    |
----------------------------------------
----------------------------------------
| rollout/                |            |
|    ep_len_mean          | 200        |
|    ep_rew_mean          | -27.3      |
| time/                   |            |
|    fps                  | 68         |
|    iterations           | 169        |
|    time_elapsed         | 5043       |
|    total_timesteps      | 346112     |
| train/                  |            |
|    approx_kl            | 0.08401467 |
|    clip_fraction        | 0.473      |
|    clip_range           | 0.2        |
|    entropy_loss         | 1.16       |
|    explained_variance   | 0.955      |
|    learning_rate        | 0.0003     |
|    loss                 | -0.00356   |
|    n_updates            | 1680       |
|    policy_gradient_loss | -0.00216   |
|    std                  | 0.217      |
|    value_loss           | 1.13e-05   |
----------------------------------------
----------------------------------------
| rollout/                |            |
|    ep_len_mean          | 200        |
|    ep_rew_mean          | -27.3      |
| time/                   |            |
|    fps                  | 68         |
|    iterations           | 170        |
|    time_elapsed         | 5074       |
|    total_timesteps      | 348160     |
| train/                  |            |
|    approx_kl            | 0.06461006 |
|    clip_fraction        | 0.452      |
|    clip_range           | 0.2        |
|    entropy_loss         | 1.23       |
|    explained_variance   | 0.944      |
|    learning_rate        | 0.0003     |
|    loss                 | -0.0464    |
|    n_updates            | 1690       |
|    policy_gradient_loss | -0.011     |
|    std                  | 0.215      |
|    value_loss           | 1.45e-05   |
----------------------------------------
----------------------------------------
| rollout/                |            |
|    ep_len_mean          | 200        |
|    ep_rew_mean          | -27.2      |
| time/                   |            |
|    fps                  | 68         |
|    iterations           | 171        |
|    time_elapsed         | 5104       |
|    total_timesteps      | 350208     |
| train/                  |            |
|    approx_kl            | 0.09716416 |
|    clip_fraction        | 0.507      |
|    clip_range           | 0.2        |
|    entropy_loss         | 1.26       |
|    explained_variance   | 0.901      |
|    learning_rate        | 0.0003     |
|    loss                 | -0.0198    |
|    n_updates            | 1700       |
|    policy_gradient_loss | -0.000592  |
|    std                  | 0.215      |
|    value_loss           | 2.7e-05    |
----------------------------------------
----------------------------------------
| rollout/                |            |
|    ep_len_mean          | 200        |
|    ep_rew_mean          | -27        |
| time/                   |            |
|    fps                  | 68         |
|    iterations           | 172        |
|    time_elapsed         | 5134       |
|    total_timesteps      | 352256     |
| train/                  |            |
|    approx_kl            | 0.08399725 |
|    clip_fraction        | 0.46       |
|    clip_range           | 0.2        |
|    entropy_loss         | 1.28       |
|    explained_variance   | 0.942      |
|    learning_rate        | 0.0003     |
|    loss                 | 0.00956    |
|    n_updates            | 1710       |
|    policy_gradient_loss | 0.0016     |
|    std                  | 0.213      |
|    value_loss           | 1.53e-05   |
----------------------------------------
-----------------------------------------
| rollout/                |             |
|    ep_len_mean          | 200         |
|    ep_rew_mean          | -26.9       |
| time/                   |             |
|    fps                  | 68          |
|    iterations           | 173         |
|    time_elapsed         | 5164        |
|    total_timesteps      | 354304      |
| train/                  |             |
|    approx_kl            | 0.053656094 |
|    clip_fraction        | 0.463       |
|    clip_range           | 0.2         |
|    entropy_loss         | 1.32        |
|    explained_variance   | 0.952       |
|    learning_rate        | 0.0003      |
|    loss                 | -0.0185     |
|    n_updates            | 1720        |
|    policy_gradient_loss | -0.00655    |
|    std                  | 0.213       |
|    value_loss           | 1.42e-05    |
-----------------------------------------
---------------------------------------
| rollout/                |           |
|    ep_len_mean          | 200       |
|    ep_rew_mean          | -26.7     |
| time/                   |           |
|    fps                  | 68        |
|    iterations           | 174       |
|    time_elapsed         | 5195      |
|    total_timesteps      | 356352    |
| train/                  |           |
|    approx_kl            | 0.0555342 |
|    clip_fraction        | 0.471     |
|    clip_range           | 0.2       |
|    entropy_loss         | 1.35      |
|    explained_variance   | 0.948     |
|    learning_rate        | 0.0003    |
|    loss                 | -0.0463   |
|    n_updates            | 1730      |
|    policy_gradient_loss | -0.0015   |
|    std                  | 0.212     |
|    value_loss           | 1.49e-05  |
---------------------------------------
-----------------------------------------
| rollout/                |             |
|    ep_len_mean          | 200         |
|    ep_rew_mean          | -26.7       |
| time/                   |             |
|    fps                  | 68          |
|    iterations           | 175         |
|    time_elapsed         | 5226        |
|    total_timesteps      | 358400      |
| train/                  |             |
|    approx_kl            | 0.059577428 |
|    clip_fraction        | 0.474       |
|    clip_range           | 0.2         |
|    entropy_loss         | 1.38        |
|    explained_variance   | 0.953       |
|    learning_rate        | 0.0003      |
|    loss                 | -0.0275     |
|    n_updates            | 1740        |
|    policy_gradient_loss | -0.0117     |
|    std                  | 0.211       |
|    value_loss           | 1.49e-05    |
-----------------------------------------
-----------------------------------------
| rollout/                |             |
|    ep_len_mean          | 200         |
|    ep_rew_mean          | -26.6       |
| time/                   |             |
|    fps                  | 68          |
|    iterations           | 176         |
|    time_elapsed         | 5256        |
|    total_timesteps      | 360448      |
| train/                  |             |
|    approx_kl            | 0.071403235 |
|    clip_fraction        | 0.526       |
|    clip_range           | 0.2         |
|    entropy_loss         | 1.39        |
|    explained_variance   | 0.926       |
|    learning_rate        | 0.0003      |
|    loss                 | -0.00211    |
|    n_updates            | 1750        |
|    policy_gradient_loss | 0.0137      |
|    std                  | 0.212       |
|    value_loss           | 2.37e-05    |
-----------------------------------------
-----------------------------------------
| rollout/                |             |
|    ep_len_mean          | 200         |
|    ep_rew_mean          | -26.7       |
| time/                   |             |
|    fps                  | 68          |
|    iterations           | 177         |
|    time_elapsed         | 5286        |
|    total_timesteps      | 362496      |
| train/                  |             |
|    approx_kl            | 0.057752136 |
|    clip_fraction        | 0.455       |
|    clip_range           | 0.2         |
|    entropy_loss         | 1.41        |
|    explained_variance   | 0.962       |
|    learning_rate        | 0.0003      |
|    loss                 | -0.0359     |
|    n_updates            | 1760        |
|    policy_gradient_loss | -0.0094     |
|    std                  | 0.21        |
|    value_loss           | 1.34e-05    |
-----------------------------------------
----------------------------------------
| rollout/                |            |
|    ep_len_mean          | 200        |
|    ep_rew_mean          | -26.7      |
| time/                   |            |
|    fps                  | 68         |
|    iterations           | 178        |
|    time_elapsed         | 5316       |
|    total_timesteps      | 364544     |
| train/                  |            |
|    approx_kl            | 0.07806875 |
|    clip_fraction        | 0.497      |
|    clip_range           | 0.2        |
|    entropy_loss         | 1.46       |
|    explained_variance   | 0.913      |
|    learning_rate        | 0.0003     |
|    loss                 | -0.0426    |
|    n_updates            | 1770       |
|    policy_gradient_loss | -0.00826   |
|    std                  | 0.209      |
|    value_loss           | 2.75e-05   |
----------------------------------------
-----------------------------------------
| rollout/                |             |
|    ep_len_mean          | 200         |
|    ep_rew_mean          | -26.6       |
| time/                   |             |
|    fps                  | 68          |
|    iterations           | 179         |
|    time_elapsed         | 5346        |
|    total_timesteps      | 366592      |
| train/                  |             |
|    approx_kl            | 0.055289034 |
|    clip_fraction        | 0.48        |
|    clip_range           | 0.2         |
|    entropy_loss         | 1.49        |
|    explained_variance   | 0.897       |
|    learning_rate        | 0.0003      |
|    loss                 | -0.0427     |
|    n_updates            | 1780        |
|    policy_gradient_loss | -0.00918    |
|    std                  | 0.208       |
|    value_loss           | 3.06e-05    |
-----------------------------------------
-----------------------------------------
| rollout/                |             |
|    ep_len_mean          | 200         |
|    ep_rew_mean          | -26.5       |
| time/                   |             |
|    fps                  | 68          |
|    iterations           | 180         |
|    time_elapsed         | 5376        |
|    total_timesteps      | 368640      |
| train/                  |             |
|    approx_kl            | 0.066503115 |
|    clip_fraction        | 0.49        |
|    clip_range           | 0.2         |
|    entropy_loss         | 1.51        |
|    explained_variance   | 0.956       |
|    learning_rate        | 0.0003      |
|    loss                 | 0.00579     |
|    n_updates            | 1790        |
|    policy_gradient_loss | 0.00813     |
|    std                  | 0.208       |
|    value_loss           | 1.2e-05     |
-----------------------------------------
----------------------------------------
| rollout/                |            |
|    ep_len_mean          | 200        |
|    ep_rew_mean          | -26.5      |
| time/                   |            |
|    fps                  | 68         |
|    iterations           | 181        |
|    time_elapsed         | 5406       |
|    total_timesteps      | 370688     |
| train/                  |            |
|    approx_kl            | 0.04191437 |
|    clip_fraction        | 0.456      |
|    clip_range           | 0.2        |
|    entropy_loss         | 1.51       |
|    explained_variance   | 0.95       |
|    learning_rate        | 0.0003     |
|    loss                 | -0.00611   |
|    n_updates            | 1800       |
|    policy_gradient_loss | 0.00719    |
|    std                  | 0.208      |
|    value_loss           | 1.27e-05   |
----------------------------------------
----------------------------------------
| rollout/                |            |
|    ep_len_mean          | 200        |
|    ep_rew_mean          | -26.6      |
| time/                   |            |
|    fps                  | 68         |
|    iterations           | 182        |
|    time_elapsed         | 5436       |
|    total_timesteps      | 372736     |
| train/                  |            |
|    approx_kl            | 0.07162464 |
|    clip_fraction        | 0.485      |
|    clip_range           | 0.2        |
|    entropy_loss         | 1.53       |
|    explained_variance   | 0.948      |
|    learning_rate        | 0.0003     |
|    loss                 | 0.0393     |
|    n_updates            | 1810       |
|    policy_gradient_loss | -0.00224   |
|    std                  | 0.207      |
|    value_loss           | 1.33e-05   |
----------------------------------------
-----------------------------------------
| rollout/                |             |
|    ep_len_mean          | 200         |
|    ep_rew_mean          | -26.6       |
| time/                   |             |
|    fps                  | 68          |
|    iterations           | 183         |
|    time_elapsed         | 5466        |
|    total_timesteps      | 374784      |
| train/                  |             |
|    approx_kl            | 0.062425427 |
|    clip_fraction        | 0.461       |
|    clip_range           | 0.2         |
|    entropy_loss         | 1.54        |
|    explained_variance   | 0.912       |
|    learning_rate        | 0.0003      |
|    loss                 | -0.0691     |
|    n_updates            | 1820        |
|    policy_gradient_loss | 0.000438    |
|    std                  | 0.208       |
|    value_loss           | 3.88e-05    |
-----------------------------------------
----------------------------------------
| rollout/                |            |
|    ep_len_mean          | 200        |
|    ep_rew_mean          | -26.6      |
| time/                   |            |
|    fps                  | 68         |
|    iterations           | 184        |
|    time_elapsed         | 5496       |
|    total_timesteps      | 376832     |
| train/                  |            |
|    approx_kl            | 0.06639546 |
|    clip_fraction        | 0.468      |
|    clip_range           | 0.2        |
|    entropy_loss         | 1.57       |
|    explained_variance   | 0.945      |
|    learning_rate        | 0.0003     |
|    loss                 | -0.0531    |
|    n_updates            | 1830       |
|    policy_gradient_loss | -0.00431   |
|    std                  | 0.206      |
|    value_loss           | 2.03e-05   |
----------------------------------------
----------------------------------------
| rollout/                |            |
|    ep_len_mean          | 200        |
|    ep_rew_mean          | -26.4      |
| time/                   |            |
|    fps                  | 68         |
|    iterations           | 185        |
|    time_elapsed         | 5526       |
|    total_timesteps      | 378880     |
| train/                  |            |
|    approx_kl            | 0.07118548 |
|    clip_fraction        | 0.48       |
|    clip_range           | 0.2        |
|    entropy_loss         | 1.63       |
|    explained_variance   | 0.962      |
|    learning_rate        | 0.0003     |
|    loss                 | -0.0313    |
|    n_updates            | 1840       |
|    policy_gradient_loss | -0.000612  |
|    std                  | 0.204      |
|    value_loss           | 1.24e-05   |
----------------------------------------
----------------------------------------
| rollout/                |            |
|    ep_len_mean          | 200        |
|    ep_rew_mean          | -26.4      |
| time/                   |            |
|    fps                  | 68         |
|    iterations           | 186        |
|    time_elapsed         | 5556       |
|    total_timesteps      | 380928     |
| train/                  |            |
|    approx_kl            | 0.07957648 |
|    clip_fraction        | 0.523      |
|    clip_range           | 0.2        |
|    entropy_loss         | 1.67       |
|    explained_variance   | 0.946      |
|    learning_rate        | 0.0003     |
|    loss                 | 0.000249   |
|    n_updates            | 1850       |
|    policy_gradient_loss | 0.00734    |
|    std                  | 0.204      |
|    value_loss           | 1.39e-05   |
----------------------------------------
----------------------------------------
| rollout/                |            |
|    ep_len_mean          | 200        |
|    ep_rew_mean          | -26.3      |
| time/                   |            |
|    fps                  | 68         |
|    iterations           | 187        |
|    time_elapsed         | 5586       |
|    total_timesteps      | 382976     |
| train/                  |            |
|    approx_kl            | 0.06543631 |
|    clip_fraction        | 0.481      |
|    clip_range           | 0.2        |
|    entropy_loss         | 1.71       |
|    explained_variance   | 0.949      |
|    learning_rate        | 0.0003     |
|    loss                 | -0.0253    |
|    n_updates            | 1860       |
|    policy_gradient_loss | -0.00293   |
|    std                  | 0.203      |
|    value_loss           | 1.54e-05   |
----------------------------------------
---------------------------------------
| rollout/                |           |
|    ep_len_mean          | 200       |
|    ep_rew_mean          | -26.3     |
| time/                   |           |
|    fps                  | 68        |
|    iterations           | 188       |
|    time_elapsed         | 5616      |
|    total_timesteps      | 385024    |
| train/                  |           |
|    approx_kl            | 0.0637411 |
|    clip_fraction        | 0.475     |
|    clip_range           | 0.2       |
|    entropy_loss         | 1.75      |
|    explained_variance   | 0.955     |
|    learning_rate        | 0.0003    |
|    loss                 | -0.0284   |
|    n_updates            | 1870      |
|    policy_gradient_loss | -0.00561  |
|    std                  | 0.202     |
|    value_loss           | 1.35e-05  |
---------------------------------------
----------------------------------------
| rollout/                |            |
|    ep_len_mean          | 200        |
|    ep_rew_mean          | -26.2      |
| time/                   |            |
|    fps                  | 68         |
|    iterations           | 189        |
|    time_elapsed         | 5646       |
|    total_timesteps      | 387072     |
| train/                  |            |
|    approx_kl            | 0.07832709 |
|    clip_fraction        | 0.546      |
|    clip_range           | 0.2        |
|    entropy_loss         | 1.78       |
|    explained_variance   | 0.893      |
|    learning_rate        | 0.0003     |
|    loss                 | -0.0517    |
|    n_updates            | 1880       |
|    policy_gradient_loss | 0.00764    |
|    std                  | 0.201      |
|    value_loss           | 2.83e-05   |
----------------------------------------
----------------------------------------
| rollout/                |            |
|    ep_len_mean          | 200        |
|    ep_rew_mean          | -26.1      |
| time/                   |            |
|    fps                  | 68         |
|    iterations           | 190        |
|    time_elapsed         | 5676       |
|    total_timesteps      | 389120     |
| train/                  |            |
|    approx_kl            | 0.06977908 |
|    clip_fraction        | 0.459      |
|    clip_range           | 0.2        |
|    entropy_loss         | 1.84       |
|    explained_variance   | 0.946      |
|    learning_rate        | 0.0003     |
|    loss                 | -0.0178    |
|    n_updates            | 1890       |
|    policy_gradient_loss | -0.00994   |
|    std                  | 0.199      |
|    value_loss           | 1.35e-05   |
----------------------------------------
----------------------------------------
| rollout/                |            |
|    ep_len_mean          | 200        |
|    ep_rew_mean          | -26        |
| time/                   |            |
|    fps                  | 68         |
|    iterations           | 191        |
|    time_elapsed         | 5706       |
|    total_timesteps      | 391168     |
| train/                  |            |
|    approx_kl            | 0.07132453 |
|    clip_fraction        | 0.466      |
|    clip_range           | 0.2        |
|    entropy_loss         | 1.87       |
|    explained_variance   | 0.913      |
|    learning_rate        | 0.0003     |
|    loss                 | -0.0397    |
|    n_updates            | 1900       |
|    policy_gradient_loss | -0.00714   |
|    std                  | 0.2        |
|    value_loss           | 3.13e-05   |
----------------------------------------
-----------------------------------------
| rollout/                |             |
|    ep_len_mean          | 200         |
|    ep_rew_mean          | -26         |
| time/                   |             |
|    fps                  | 68          |
|    iterations           | 192         |
|    time_elapsed         | 5736        |
|    total_timesteps      | 393216      |
| train/                  |             |
|    approx_kl            | 0.080042586 |
|    clip_fraction        | 0.48        |
|    clip_range           | 0.2         |
|    entropy_loss         | 1.9         |
|    explained_variance   | 0.95        |
|    learning_rate        | 0.0003      |
|    loss                 | 0.00585     |
|    n_updates            | 1910        |
|    policy_gradient_loss | -0.00691    |
|    std                  | 0.198       |
|    value_loss           | 1.47e-05    |
-----------------------------------------
----------------------------------------
| rollout/                |            |
|    ep_len_mean          | 200        |
|    ep_rew_mean          | -26        |
| time/                   |            |
|    fps                  | 68         |
|    iterations           | 193        |
|    time_elapsed         | 5767       |
|    total_timesteps      | 395264     |
| train/                  |            |
|    approx_kl            | 0.07207152 |
|    clip_fraction        | 0.481      |
|    clip_range           | 0.2        |
|    entropy_loss         | 1.93       |
|    explained_variance   | 0.944      |
|    learning_rate        | 0.0003     |
|    loss                 | -0.00906   |
|    n_updates            | 1920       |
|    policy_gradient_loss | -0.00197   |
|    std                  | 0.198      |
|    value_loss           | 1.68e-05   |
----------------------------------------
----------------------------------------
| rollout/                |            |
|    ep_len_mean          | 200        |
|    ep_rew_mean          | -26        |
| time/                   |            |
|    fps                  | 68         |
|    iterations           | 194        |
|    time_elapsed         | 5797       |
|    total_timesteps      | 397312     |
| train/                  |            |
|    approx_kl            | 0.07080876 |
|    clip_fraction        | 0.472      |
|    clip_range           | 0.2        |
|    entropy_loss         | 1.95       |
|    explained_variance   | 0.919      |
|    learning_rate        | 0.0003     |
|    loss                 | -0.0579    |
|    n_updates            | 1930       |
|    policy_gradient_loss | -0.00473   |
|    std                  | 0.198      |
|    value_loss           | 3.12e-05   |
----------------------------------------
----------------------------------------
| rollout/                |            |
|    ep_len_mean          | 200        |
|    ep_rew_mean          | -26        |
| time/                   |            |
|    fps                  | 68         |
|    iterations           | 195        |
|    time_elapsed         | 5827       |
|    total_timesteps      | 399360     |
| train/                  |            |
|    approx_kl            | 0.07187068 |
|    clip_fraction        | 0.495      |
|    clip_range           | 0.2        |
|    entropy_loss         | 1.97       |
|    explained_variance   | 0.925      |
|    learning_rate        | 0.0003     |
|    loss                 | -0.0484    |
|    n_updates            | 1940       |
|    policy_gradient_loss | 0.00173    |
|    std                  | 0.197      |
|    value_loss           | 2.65e-05   |
----------------------------------------
----------------------------------------
| rollout/                |            |
|    ep_len_mean          | 200        |
|    ep_rew_mean          | -26        |
| time/                   |            |
|    fps                  | 68         |
|    iterations           | 196        |
|    time_elapsed         | 5858       |
|    total_timesteps      | 401408     |
| train/                  |            |
|    approx_kl            | 0.06395609 |
|    clip_fraction        | 0.48       |
|    clip_range           | 0.2        |
|    entropy_loss         | 2          |
|    explained_variance   | 0.933      |
|    learning_rate        | 0.0003     |
|    loss                 | 0.0138     |
|    n_updates            | 1950       |
|    policy_gradient_loss | -0.00299   |
|    std                  | 0.196      |
|    value_loss           | 3.13e-05   |
----------------------------------------
saved models/C2_lam5_seed1.zip and models/C2_lam5_seed1_vecnormalize.pkl
