=== training C1_seed1 for 400000 steps ===
    port 5101
--------------------------------------------------------------
[threshold consistency]
  success distance      = 0.030 m
  force at success      = 5.00 N
  comfort / danger      = 6.0 N / 10.0 N
  >>> OK: the success point lies inside the safe band.
--------------------------------------------------------------
Waiting for connections on port: 5102...
Connected successfully
Using cpu device
----------------------------------
| rollout/           |           |
|    ep_len_mean     | 200       |
|    ep_rew_mean     | -1.26e+03 |
| time/              |           |
|    fps             | 72        |
|    iterations      | 1         |
|    time_elapsed    | 28        |
|    total_timesteps | 2048      |
----------------------------------
-----------------------------------------
| rollout/                |             |
|    ep_len_mean          | 200         |
|    ep_rew_mean          | -1.05e+03   |
| time/                   |             |
|    fps                  | 69          |
|    iterations           | 2           |
|    time_elapsed         | 58          |
|    total_timesteps      | 4096        |
| train/                  |             |
|    approx_kl            | 0.014275323 |
|    clip_fraction        | 0.142       |
|    clip_range           | 0.2         |
|    entropy_loss         | -9.96       |
|    explained_variance   | 0.277       |
|    learning_rate        | 0.0003      |
|    loss                 | 0.00297     |
|    n_updates            | 10          |
|    policy_gradient_loss | -0.0241     |
|    std                  | 1.01        |
|    value_loss           | 0.56        |
-----------------------------------------
-----------------------------------------
| rollout/                |             |
|    ep_len_mean          | 200         |
|    ep_rew_mean          | -999        |
| time/                   |             |
|    fps                  | 69          |
|    iterations           | 3           |
|    time_elapsed         | 88          |
|    total_timesteps      | 6144        |
| train/                  |             |
|    approx_kl            | 0.016571183 |
|    clip_fraction        | 0.192       |
|    clip_range           | 0.2         |
|    entropy_loss         | -9.94       |
|    explained_variance   | 0.562       |
|    learning_rate        | 0.0003      |
|    loss                 | 0.000903    |
|    n_updates            | 20          |
|    policy_gradient_loss | -0.0293     |
|    std                  | 0.999       |
|    value_loss           | 0.0565      |
-----------------------------------------
-----------------------------------------
| rollout/                |             |
|    ep_len_mean          | 200         |
|    ep_rew_mean          | -937        |
| time/                   |             |
|    fps                  | 68          |
|    iterations           | 4           |
|    time_elapsed         | 118         |
|    total_timesteps      | 8192        |
| train/                  |             |
|    approx_kl            | 0.013973617 |
|    clip_fraction        | 0.144       |
|    clip_range           | 0.2         |
|    entropy_loss         | -9.93       |
|    explained_variance   | 0.633       |
|    learning_rate        | 0.0003      |
|    loss                 | -0.0478     |
|    n_updates            | 30          |
|    policy_gradient_loss | -0.0259     |
|    std                  | 1           |
|    value_loss           | 0.0291      |
-----------------------------------------
-----------------------------------------
| rollout/                |             |
|    ep_len_mean          | 200         |
|    ep_rew_mean          | -878        |
| time/                   |             |
|    fps                  | 68          |
|    iterations           | 5           |
|    time_elapsed         | 150         |
|    total_timesteps      | 10240       |
| train/                  |             |
|    approx_kl            | 0.018341333 |
|    clip_fraction        | 0.209       |
|    clip_range           | 0.2         |
|    entropy_loss         | -9.93       |
|    explained_variance   | 0.538       |
|    learning_rate        | 0.0003      |
|    loss                 | -0.0277     |
|    n_updates            | 40          |
|    policy_gradient_loss | -0.0356     |
|    std                  | 1           |
|    value_loss           | 0.0347      |
-----------------------------------------
----------------------------------------
| rollout/                |            |
|    ep_len_mean          | 200        |
|    ep_rew_mean          | -839       |
| time/                   |            |
|    fps                  | 67         |
|    iterations           | 6          |
|    time_elapsed         | 181        |
|    total_timesteps      | 12288      |
| train/                  |            |
|    approx_kl            | 0.01766409 |
|    clip_fraction        | 0.2        |
|    clip_range           | 0.2        |
|    entropy_loss         | -9.9       |
|    explained_variance   | 0.48       |
|    learning_rate        | 0.0003     |
|    loss                 | 0.00437    |
|    n_updates            | 50         |
|    policy_gradient_loss | -0.0317    |
|    std                  | 0.994      |
|    value_loss           | 0.0216     |
----------------------------------------
-----------------------------------------
| rollout/                |             |
|    ep_len_mean          | 200         |
|    ep_rew_mean          | -787        |
| time/                   |             |
|    fps                  | 66          |
|    iterations           | 7           |
|    time_elapsed         | 214         |
|    total_timesteps      | 14336       |
| train/                  |             |
|    approx_kl            | 0.016087007 |
|    clip_fraction        | 0.185       |
|    clip_range           | 0.2         |
|    entropy_loss         | -9.86       |
|    explained_variance   | 0.402       |
|    learning_rate        | 0.0003      |
|    loss                 | 0.000984    |
|    n_updates            | 60          |
|    policy_gradient_loss | -0.0308     |
|    std                  | 0.987       |
|    value_loss           | 0.0203      |
-----------------------------------------
-----------------------------------------
| rollout/                |             |
|    ep_len_mean          | 200         |
|    ep_rew_mean          | -745        |
| time/                   |             |
|    fps                  | 66          |
|    iterations           | 8           |
|    time_elapsed         | 245         |
|    total_timesteps      | 16384       |
| train/                  |             |
|    approx_kl            | 0.015636053 |
|    clip_fraction        | 0.192       |
|    clip_range           | 0.2         |
|    entropy_loss         | -9.84       |
|    explained_variance   | 0.431       |
|    learning_rate        | 0.0003      |
|    loss                 | -0.0426     |
|    n_updates            | 70          |
|    policy_gradient_loss | -0.0309     |
|    std                  | 0.987       |
|    value_loss           | 0.0148      |
-----------------------------------------
------------------------------------------
| rollout/                |              |
|    ep_len_mean          | 198          |
|    ep_rew_mean          | -701         |
| time/                   |              |
|    fps                  | 66           |
|    iterations           | 9            |
|    time_elapsed         | 277          |
|    total_timesteps      | 18432        |
| train/                  |              |
|    approx_kl            | 0.0154736545 |
|    clip_fraction        | 0.183        |
|    clip_range           | 0.2          |
|    entropy_loss         | -9.84        |
|    explained_variance   | 0.485        |
|    learning_rate        | 0.0003       |
|    loss                 | 0.00722      |
|    n_updates            | 80           |
|    policy_gradient_loss | -0.0288      |
|    std                  | 0.988        |
|    value_loss           | 0.00915      |
------------------------------------------
-----------------------------------------
| rollout/                |             |
|    ep_len_mean          | 199         |
|    ep_rew_mean          | -645        |
| time/                   |             |
|    fps                  | 66          |
|    iterations           | 10          |
|    time_elapsed         | 307         |
|    total_timesteps      | 20480       |
| train/                  |             |
|    approx_kl            | 0.016573329 |
|    clip_fraction        | 0.182       |
|    clip_range           | 0.2         |
|    entropy_loss         | -9.83       |
|    explained_variance   | 0.375       |
|    learning_rate        | 0.0003      |
|    loss                 | -0.0563     |
|    n_updates            | 90          |
|    policy_gradient_loss | -0.0293     |
|    std                  | 0.984       |
|    value_loss           | 0.00822     |
-----------------------------------------
-----------------------------------------
| rollout/                |             |
|    ep_len_mean          | 198         |
|    ep_rew_mean          | -562        |
| time/                   |             |
|    fps                  | 66          |
|    iterations           | 11          |
|    time_elapsed         | 338         |
|    total_timesteps      | 22528       |
| train/                  |             |
|    approx_kl            | 0.017502075 |
|    clip_fraction        | 0.172       |
|    clip_range           | 0.2         |
|    entropy_loss         | -9.82       |
|    explained_variance   | 0.381       |
|    learning_rate        | 0.0003      |
|    loss                 | -0.0288     |
|    n_updates            | 100         |
|    policy_gradient_loss | -0.0312     |
|    std                  | 0.985       |
|    value_loss           | 0.00509     |
-----------------------------------------
-----------------------------------------
| rollout/                |             |
|    ep_len_mean          | 198         |
|    ep_rew_mean          | -494        |
| time/                   |             |
|    fps                  | 66          |
|    iterations           | 12          |
|    time_elapsed         | 368         |
|    total_timesteps      | 24576       |
| train/                  |             |
|    approx_kl            | 0.017177457 |
|    clip_fraction        | 0.175       |
|    clip_range           | 0.2         |
|    entropy_loss         | -9.84       |
|    explained_variance   | 0.388       |
|    learning_rate        | 0.0003      |
|    loss                 | -0.0379     |
|    n_updates            | 110         |
|    policy_gradient_loss | -0.0277     |
|    std                  | 0.988       |
|    value_loss           | 0.00686     |
-----------------------------------------
-----------------------------------------
| rollout/                |             |
|    ep_len_mean          | 198         |
|    ep_rew_mean          | -439        |
| time/                   |             |
|    fps                  | 66          |
|    iterations           | 13          |
|    time_elapsed         | 397         |
|    total_timesteps      | 26624       |
| train/                  |             |
|    approx_kl            | 0.015468466 |
|    clip_fraction        | 0.191       |
|    clip_range           | 0.2         |
|    entropy_loss         | -9.81       |
|    explained_variance   | 0.382       |
|    learning_rate        | 0.0003      |
|    loss                 | -0.0507     |
|    n_updates            | 120         |
|    policy_gradient_loss | -0.0329     |
|    std                  | 0.979       |
|    value_loss           | 0.00365     |
-----------------------------------------
------------------------------------------
| rollout/                |              |
|    ep_len_mean          | 198          |
|    ep_rew_mean          | -394         |
| time/                   |              |
|    fps                  | 67           |
|    iterations           | 14           |
|    time_elapsed         | 427          |
|    total_timesteps      | 28672        |
| train/                  |              |
|    approx_kl            | 0.0150600225 |
|    clip_fraction        | 0.177        |
|    clip_range           | 0.2          |
|    entropy_loss         | -9.76        |
|    explained_variance   | 0.0884       |
|    learning_rate        | 0.0003       |
|    loss                 | -0.0249      |
|    n_updates            | 130          |
|    policy_gradient_loss | -0.0278      |
|    std                  | 0.973        |
|    value_loss           | 0.00222      |
------------------------------------------
----------------------------------------
| rollout/                |            |
|    ep_len_mean          | 198        |
|    ep_rew_mean          | -349       |
| time/                   |            |
|    fps                  | 67         |
|    iterations           | 15         |
|    time_elapsed         | 456        |
|    total_timesteps      | 30720      |
| train/                  |            |
|    approx_kl            | 0.01365375 |
|    clip_fraction        | 0.129      |
|    clip_range           | 0.2        |
|    entropy_loss         | -9.78      |
|    explained_variance   | 0.0934     |
|    learning_rate        | 0.0003     |
|    loss                 | -0.0141    |
|    n_updates            | 140        |
|    policy_gradient_loss | -0.0253    |
|    std                  | 0.983      |
|    value_loss           | 0.00301    |
----------------------------------------
----------------------------------------
| rollout/                |            |
|    ep_len_mean          | 198        |
|    ep_rew_mean          | -313       |
| time/                   |            |
|    fps                  | 67         |
|    iterations           | 16         |
|    time_elapsed         | 486        |
|    total_timesteps      | 32768      |
| train/                  |            |
|    approx_kl            | 0.01598841 |
|    clip_fraction        | 0.176      |
|    clip_range           | 0.2        |
|    entropy_loss         | -9.81      |
|    explained_variance   | 0.604      |
|    learning_rate        | 0.0003     |
|    loss                 | -0.023     |
|    n_updates            | 150        |
|    policy_gradient_loss | -0.0274    |
|    std                  | 0.982      |
|    value_loss           | 0.00262    |
----------------------------------------
-----------------------------------------
| rollout/                |             |
|    ep_len_mean          | 198         |
|    ep_rew_mean          | -289        |
| time/                   |             |
|    fps                  | 67          |
|    iterations           | 17          |
|    time_elapsed         | 516         |
|    total_timesteps      | 34816       |
| train/                  |             |
|    approx_kl            | 0.017442793 |
|    clip_fraction        | 0.208       |
|    clip_range           | 0.2         |
|    entropy_loss         | -9.78       |
|    explained_variance   | 0.0903      |
|    learning_rate        | 0.0003      |
|    loss                 | -0.0502     |
|    n_updates            | 160         |
|    policy_gradient_loss | -0.033      |
|    std                  | 0.977       |
|    value_loss           | 0.00144     |
-----------------------------------------
-----------------------------------------
| rollout/                |             |
|    ep_len_mean          | 198         |
|    ep_rew_mean          | -267        |
| time/                   |             |
|    fps                  | 67          |
|    iterations           | 18          |
|    time_elapsed         | 546         |
|    total_timesteps      | 36864       |
| train/                  |             |
|    approx_kl            | 0.015217112 |
|    clip_fraction        | 0.183       |
|    clip_range           | 0.2         |
|    entropy_loss         | -9.76       |
|    explained_variance   | -0.458      |
|    learning_rate        | 0.0003      |
|    loss                 | -0.0403     |
|    n_updates            | 170         |
|    policy_gradient_loss | -0.0305     |
|    std                  | 0.975       |
|    value_loss           | 0.00127     |
-----------------------------------------
-----------------------------------------
| rollout/                |             |
|    ep_len_mean          | 199         |
|    ep_rew_mean          | -258        |
| time/                   |             |
|    fps                  | 67          |
|    iterations           | 19          |
|    time_elapsed         | 576         |
|    total_timesteps      | 38912       |
| train/                  |             |
|    approx_kl            | 0.013501532 |
|    clip_fraction        | 0.165       |
|    clip_range           | 0.2         |
|    entropy_loss         | -9.73       |
|    explained_variance   | -0.643      |
|    learning_rate        | 0.0003      |
|    loss                 | -0.0468     |
|    n_updates            | 180         |
|    policy_gradient_loss | -0.0267     |
|    std                  | 0.971       |
|    value_loss           | 0.0012      |
-----------------------------------------
-----------------------------------------
| rollout/                |             |
|    ep_len_mean          | 200         |
|    ep_rew_mean          | -246        |
| time/                   |             |
|    fps                  | 67          |
|    iterations           | 20          |
|    time_elapsed         | 606         |
|    total_timesteps      | 40960       |
| train/                  |             |
|    approx_kl            | 0.014061529 |
|    clip_fraction        | 0.181       |
|    clip_range           | 0.2         |
|    entropy_loss         | -9.73       |
|    explained_variance   | 0.533       |
|    learning_rate        | 0.0003      |
|    loss                 | -0.0429     |
|    n_updates            | 190         |
|    policy_gradient_loss | -0.0284     |
|    std                  | 0.973       |
|    value_loss           | 0.00155     |
-----------------------------------------
-----------------------------------------
| rollout/                |             |
|    ep_len_mean          | 200         |
|    ep_rew_mean          | -244        |
| time/                   |             |
|    fps                  | 67          |
|    iterations           | 21          |
|    time_elapsed         | 636         |
|    total_timesteps      | 43008       |
| train/                  |             |
|    approx_kl            | 0.015339449 |
|    clip_fraction        | 0.173       |
|    clip_range           | 0.2         |
|    entropy_loss         | -9.73       |
|    explained_variance   | 0.602       |
|    learning_rate        | 0.0003      |
|    loss                 | -0.028      |
|    n_updates            | 200         |
|    policy_gradient_loss | -0.0282     |
|    std                  | 0.97        |
|    value_loss           | 0.000974    |
-----------------------------------------
-----------------------------------------
| rollout/                |             |
|    ep_len_mean          | 200         |
|    ep_rew_mean          | -240        |
| time/                   |             |
|    fps                  | 67          |
|    iterations           | 22          |
|    time_elapsed         | 668         |
|    total_timesteps      | 45056       |
| train/                  |             |
|    approx_kl            | 0.013459838 |
|    clip_fraction        | 0.137       |
|    clip_range           | 0.2         |
|    entropy_loss         | -9.74       |
|    explained_variance   | 0.586       |
|    learning_rate        | 0.0003      |
|    loss                 | -0.0309     |
|    n_updates            | 210         |
|    policy_gradient_loss | -0.0211     |
|    std                  | 0.978       |
|    value_loss           | 0.00418     |
-----------------------------------------
-----------------------------------------
| rollout/                |             |
|    ep_len_mean          | 199         |
|    ep_rew_mean          | -236        |
| time/                   |             |
|    fps                  | 67          |
|    iterations           | 23          |
|    time_elapsed         | 699         |
|    total_timesteps      | 47104       |
| train/                  |             |
|    approx_kl            | 0.013852714 |
|    clip_fraction        | 0.164       |
|    clip_range           | 0.2         |
|    entropy_loss         | -9.77       |
|    explained_variance   | 0.598       |
|    learning_rate        | 0.0003      |
|    loss                 | -0.0441     |
|    n_updates            | 220         |
|    policy_gradient_loss | -0.0268     |
|    std                  | 0.976       |
|    value_loss           | 0.00189     |
-----------------------------------------
-----------------------------------------
| rollout/                |             |
|    ep_len_mean          | 199         |
|    ep_rew_mean          | -230        |
| time/                   |             |
|    fps                  | 67          |
|    iterations           | 24          |
|    time_elapsed         | 731         |
|    total_timesteps      | 49152       |
| train/                  |             |
|    approx_kl            | 0.015322197 |
|    clip_fraction        | 0.176       |
|    clip_range           | 0.2         |
|    entropy_loss         | -9.75       |
|    explained_variance   | 0.226       |
|    learning_rate        | 0.0003      |
|    loss                 | -0.0424     |
|    n_updates            | 230         |
|    policy_gradient_loss | -0.0281     |
|    std                  | 0.974       |
|    value_loss           | 0.0038      |
-----------------------------------------
-----------------------------------------
| rollout/                |             |
|    ep_len_mean          | 195         |
|    ep_rew_mean          | -220        |
| time/                   |             |
|    fps                  | 67          |
|    iterations           | 25          |
|    time_elapsed         | 763         |
|    total_timesteps      | 51200       |
| train/                  |             |
|    approx_kl            | 0.013832618 |
|    clip_fraction        | 0.153       |
|    clip_range           | 0.2         |
|    entropy_loss         | -9.76       |
|    explained_variance   | 0.361       |
|    learning_rate        | 0.0003      |
|    loss                 | -0.0286     |
|    n_updates            | 240         |
|    policy_gradient_loss | -0.0303     |
|    std                  | 0.977       |
|    value_loss           | 0.00242     |
-----------------------------------------
-----------------------------------------
| rollout/                |             |
|    ep_len_mean          | 191         |
|    ep_rew_mean          | -211        |
| time/                   |             |
|    fps                  | 66          |
|    iterations           | 26          |
|    time_elapsed         | 796         |
|    total_timesteps      | 53248       |
| train/                  |             |
|    approx_kl            | 0.017598346 |
|    clip_fraction        | 0.179       |
|    clip_range           | 0.2         |
|    entropy_loss         | -9.75       |
|    explained_variance   | 0.502       |
|    learning_rate        | 0.0003      |
|    loss                 | -0.0493     |
|    n_updates            | 250         |
|    policy_gradient_loss | -0.0262     |
|    std                  | 0.973       |
|    value_loss           | 0.00835     |
-----------------------------------------
-----------------------------------------
| rollout/                |             |
|    ep_len_mean          | 190         |
|    ep_rew_mean          | -207        |
| time/                   |             |
|    fps                  | 66          |
|    iterations           | 27          |
|    time_elapsed         | 828         |
|    total_timesteps      | 55296       |
| train/                  |             |
|    approx_kl            | 0.014110113 |
|    clip_fraction        | 0.181       |
|    clip_range           | 0.2         |
|    entropy_loss         | -9.7        |
|    explained_variance   | 0.682       |
|    learning_rate        | 0.0003      |
|    loss                 | -0.031      |
|    n_updates            | 260         |
|    policy_gradient_loss | -0.0245     |
|    std                  | 0.966       |
|    value_loss           | 0.00987     |
-----------------------------------------
-----------------------------------------
| rollout/                |             |
|    ep_len_mean          | 188         |
|    ep_rew_mean          | -198        |
| time/                   |             |
|    fps                  | 66          |
|    iterations           | 28          |
|    time_elapsed         | 860         |
|    total_timesteps      | 57344       |
| train/                  |             |
|    approx_kl            | 0.017680755 |
|    clip_fraction        | 0.18        |
|    clip_range           | 0.2         |
|    entropy_loss         | -9.65       |
|    explained_variance   | 0.75        |
|    learning_rate        | 0.0003      |
|    loss                 | -0.038      |
|    n_updates            | 270         |
|    policy_gradient_loss | -0.0292     |
|    std                  | 0.957       |
|    value_loss           | 0.00809     |
-----------------------------------------
----------------------------------------
| rollout/                |            |
|    ep_len_mean          | 184        |
|    ep_rew_mean          | -198       |
| time/                   |            |
|    fps                  | 66         |
|    iterations           | 29         |
|    time_elapsed         | 893        |
|    total_timesteps      | 59392      |
| train/                  |            |
|    approx_kl            | 0.01693248 |
|    clip_fraction        | 0.182      |
|    clip_range           | 0.2        |
|    entropy_loss         | -9.62      |
|    explained_variance   | 0.647      |
|    learning_rate        | 0.0003     |
|    loss                 | -0.0445    |
|    n_updates            | 280        |
|    policy_gradient_loss | -0.0239    |
|    std                  | 0.956      |
|    value_loss           | 0.00987    |
----------------------------------------
-----------------------------------------
| rollout/                |             |
|    ep_len_mean          | 178         |
|    ep_rew_mean          | -181        |
| time/                   |             |
|    fps                  | 66          |
|    iterations           | 30          |
|    time_elapsed         | 926         |
|    total_timesteps      | 61440       |
| train/                  |             |
|    approx_kl            | 0.018157475 |
|    clip_fraction        | 0.2         |
|    clip_range           | 0.2         |
|    entropy_loss         | -9.57       |
|    explained_variance   | 0.753       |
|    learning_rate        | 0.0003      |
|    loss                 | -0.0299     |
|    n_updates            | 290         |
|    policy_gradient_loss | -0.0328     |
|    std                  | 0.947       |
|    value_loss           | 0.0112      |
-----------------------------------------
-----------------------------------------
| rollout/                |             |
|    ep_len_mean          | 175         |
|    ep_rew_mean          | -171        |
| time/                   |             |
|    fps                  | 66          |
|    iterations           | 31          |
|    time_elapsed         | 958         |
|    total_timesteps      | 63488       |
| train/                  |             |
|    approx_kl            | 0.015038794 |
|    clip_fraction        | 0.177       |
|    clip_range           | 0.2         |
|    entropy_loss         | -9.53       |
|    explained_variance   | 0.714       |
|    learning_rate        | 0.0003      |
|    loss                 | -0.023      |
|    n_updates            | 300         |
|    policy_gradient_loss | -0.0278     |
|    std                  | 0.944       |
|    value_loss           | 0.014       |
-----------------------------------------
-----------------------------------------
| rollout/                |             |
|    ep_len_mean          | 173         |
|    ep_rew_mean          | -162        |
| time/                   |             |
|    fps                  | 66          |
|    iterations           | 32          |
|    time_elapsed         | 990         |
|    total_timesteps      | 65536       |
| train/                  |             |
|    approx_kl            | 0.014957795 |
|    clip_fraction        | 0.17        |
|    clip_range           | 0.2         |
|    entropy_loss         | -9.52       |
|    explained_variance   | 0.749       |
|    learning_rate        | 0.0003      |
|    loss                 | 0.0134      |
|    n_updates            | 310         |
|    policy_gradient_loss | -0.0268     |
|    std                  | 0.943       |
|    value_loss           | 0.0148      |
-----------------------------------------
-----------------------------------------
| rollout/                |             |
|    ep_len_mean          | 174         |
|    ep_rew_mean          | -155        |
| time/                   |             |
|    fps                  | 66          |
|    iterations           | 33          |
|    time_elapsed         | 1022        |
|    total_timesteps      | 67584       |
| train/                  |             |
|    approx_kl            | 0.019124027 |
|    clip_fraction        | 0.192       |
|    clip_range           | 0.2         |
|    entropy_loss         | -9.48       |
|    explained_variance   | 0.827       |
|    learning_rate        | 0.0003      |
|    loss                 | -0.0441     |
|    n_updates            | 320         |
|    policy_gradient_loss | -0.0301     |
|    std                  | 0.935       |
|    value_loss           | 0.00809     |
-----------------------------------------
-----------------------------------------
| rollout/                |             |
|    ep_len_mean          | 174         |
|    ep_rew_mean          | -149        |
| time/                   |             |
|    fps                  | 66          |
|    iterations           | 34          |
|    time_elapsed         | 1054        |
|    total_timesteps      | 69632       |
| train/                  |             |
|    approx_kl            | 0.018458951 |
|    clip_fraction        | 0.205       |
|    clip_range           | 0.2         |
|    entropy_loss         | -9.42       |
|    explained_variance   | 0.757       |
|    learning_rate        | 0.0003      |
|    loss                 | -0.0484     |
|    n_updates            | 330         |
|    policy_gradient_loss | -0.0295     |
|    std                  | 0.926       |
|    value_loss           | 0.00756     |
-----------------------------------------
----------------------------------------
| rollout/                |            |
|    ep_len_mean          | 174        |
|    ep_rew_mean          | -146       |
| time/                   |            |
|    fps                  | 65         |
|    iterations           | 35         |
|    time_elapsed         | 1087       |
|    total_timesteps      | 71680      |
| train/                  |            |
|    approx_kl            | 0.01646489 |
|    clip_fraction        | 0.2        |
|    clip_range           | 0.2        |
|    entropy_loss         | -9.41      |
|    explained_variance   | 0.707      |
|    learning_rate        | 0.0003     |
|    loss                 | -0.0333    |
|    n_updates            | 340        |
|    policy_gradient_loss | -0.0285    |
|    std                  | 0.93       |
|    value_loss           | 0.00989    |
----------------------------------------
-----------------------------------------
| rollout/                |             |
|    ep_len_mean          | 171         |
|    ep_rew_mean          | -138        |
| time/                   |             |
|    fps                  | 65          |
|    iterations           | 36          |
|    time_elapsed         | 1120        |
|    total_timesteps      | 73728       |
| train/                  |             |
|    approx_kl            | 0.018604118 |
|    clip_fraction        | 0.198       |
|    clip_range           | 0.2         |
|    entropy_loss         | -9.42       |
|    explained_variance   | 0.644       |
|    learning_rate        | 0.0003      |
|    loss                 | -0.0209     |
|    n_updates            | 350         |
|    policy_gradient_loss | -0.0295     |
|    std                  | 0.931       |
|    value_loss           | 0.01        |
-----------------------------------------
-----------------------------------------
| rollout/                |             |
|    ep_len_mean          | 163         |
|    ep_rew_mean          | -120        |
| time/                   |             |
|    fps                  | 65          |
|    iterations           | 37          |
|    time_elapsed         | 1153        |
|    total_timesteps      | 75776       |
| train/                  |             |
|    approx_kl            | 0.013637727 |
|    clip_fraction        | 0.165       |
|    clip_range           | 0.2         |
|    entropy_loss         | -9.41       |
|    explained_variance   | 0.706       |
|    learning_rate        | 0.0003      |
|    loss                 | -0.0238     |
|    n_updates            | 360         |
|    policy_gradient_loss | -0.0228     |
|    std                  | 0.926       |
|    value_loss           | 0.0111      |
-----------------------------------------
----------------------------------------
| rollout/                |            |
|    ep_len_mean          | 156        |
|    ep_rew_mean          | -108       |
| time/                   |            |
|    fps                  | 65         |
|    iterations           | 38         |
|    time_elapsed         | 1186       |
|    total_timesteps      | 77824      |
| train/                  |            |
|    approx_kl            | 0.01387779 |
|    clip_fraction        | 0.168      |
|    clip_range           | 0.2        |
|    entropy_loss         | -9.38      |
|    explained_variance   | 0.774      |
|    learning_rate        | 0.0003     |
|    loss                 | -0.0114    |
|    n_updates            | 370        |
|    policy_gradient_loss | -0.0258    |
|    std                  | 0.925      |
|    value_loss           | 0.016      |
----------------------------------------
---------------------------------------
| rollout/                |           |
|    ep_len_mean          | 146       |
|    ep_rew_mean          | -94.6     |
| time/                   |           |
|    fps                  | 65        |
|    iterations           | 39        |
|    time_elapsed         | 1220      |
|    total_timesteps      | 79872     |
| train/                  |           |
|    approx_kl            | 0.0159702 |
|    clip_fraction        | 0.19      |
|    clip_range           | 0.2       |
|    entropy_loss         | -9.38     |
|    explained_variance   | 0.794     |
|    learning_rate        | 0.0003    |
|    loss                 | -0.0415   |
|    n_updates            | 380       |
|    policy_gradient_loss | -0.0273   |
|    std                  | 0.925     |
|    value_loss           | 0.019     |
---------------------------------------
-----------------------------------------
| rollout/                |             |
|    ep_len_mean          | 132         |
|    ep_rew_mean          | -81.8       |
| time/                   |             |
|    fps                  | 65          |
|    iterations           | 40          |
|    time_elapsed         | 1253        |
|    total_timesteps      | 81920       |
| train/                  |             |
|    approx_kl            | 0.014959119 |
|    clip_fraction        | 0.179       |
|    clip_range           | 0.2         |
|    entropy_loss         | -9.35       |
|    explained_variance   | 0.423       |
|    learning_rate        | 0.0003      |
|    loss                 | -0.0196     |
|    n_updates            | 390         |
|    policy_gradient_loss | -0.0249     |
|    std                  | 0.918       |
|    value_loss           | 0.0148      |
-----------------------------------------
-----------------------------------------
| rollout/                |             |
|    ep_len_mean          | 119         |
|    ep_rew_mean          | -68.1       |
| time/                   |             |
|    fps                  | 65          |
|    iterations           | 41          |
|    time_elapsed         | 1287        |
|    total_timesteps      | 83968       |
| train/                  |             |
|    approx_kl            | 0.015722781 |
|    clip_fraction        | 0.18        |
|    clip_range           | 0.2         |
|    entropy_loss         | -9.29       |
|    explained_variance   | 0.886       |
|    learning_rate        | 0.0003      |
|    loss                 | -0.0551     |
|    n_updates            | 400         |
|    policy_gradient_loss | -0.0276     |
|    std                  | 0.911       |
|    value_loss           | 0.0143      |
-----------------------------------------
----------------------------------------
| rollout/                |            |
|    ep_len_mean          | 113        |
|    ep_rew_mean          | -74.7      |
| time/                   |            |
|    fps                  | 65         |
|    iterations           | 42         |
|    time_elapsed         | 1320       |
|    total_timesteps      | 86016      |
| train/                  |            |
|    approx_kl            | 0.01618327 |
|    clip_fraction        | 0.202      |
|    clip_range           | 0.2        |
|    entropy_loss         | -9.24      |
|    explained_variance   | 0.61       |
|    learning_rate        | 0.0003     |
|    loss                 | -0.0198    |
|    n_updates            | 410        |
|    policy_gradient_loss | -0.0268    |
|    std                  | 0.904      |
|    value_loss           | 0.00994    |
----------------------------------------
-----------------------------------------
| rollout/                |             |
|    ep_len_mean          | 110         |
|    ep_rew_mean          | -67.9       |
| time/                   |             |
|    fps                  | 65          |
|    iterations           | 43          |
|    time_elapsed         | 1353        |
|    total_timesteps      | 88064       |
| train/                  |             |
|    approx_kl            | 0.016751599 |
|    clip_fraction        | 0.183       |
|    clip_range           | 0.2         |
|    entropy_loss         | -9.19       |
|    explained_variance   | 0.775       |
|    learning_rate        | 0.0003      |
|    loss                 | -0.0156     |
|    n_updates            | 420         |
|    policy_gradient_loss | -0.031      |
|    std                  | 0.897       |
|    value_loss           | 0.026       |
-----------------------------------------
-----------------------------------------
| rollout/                |             |
|    ep_len_mean          | 106         |
|    ep_rew_mean          | -63.6       |
| time/                   |             |
|    fps                  | 64          |
|    iterations           | 44          |
|    time_elapsed         | 1387        |
|    total_timesteps      | 90112       |
| train/                  |             |
|    approx_kl            | 0.015748618 |
|    clip_fraction        | 0.205       |
|    clip_range           | 0.2         |
|    entropy_loss         | -9.12       |
|    explained_variance   | 0.503       |
|    learning_rate        | 0.0003      |
|    loss                 | -0.0171     |
|    n_updates            | 430         |
|    policy_gradient_loss | -0.0267     |
|    std                  | 0.888       |
|    value_loss           | 0.017       |
-----------------------------------------
-----------------------------------------
| rollout/                |             |
|    ep_len_mean          | 103         |
|    ep_rew_mean          | -65.9       |
| time/                   |             |
|    fps                  | 64          |
|    iterations           | 45          |
|    time_elapsed         | 1420        |
|    total_timesteps      | 92160       |
| train/                  |             |
|    approx_kl            | 0.014981236 |
|    clip_fraction        | 0.165       |
|    clip_range           | 0.2         |
|    entropy_loss         | -9.07       |
|    explained_variance   | 0.602       |
|    learning_rate        | 0.0003      |
|    loss                 | -0.0229     |
|    n_updates            | 440         |
|    policy_gradient_loss | -0.0245     |
|    std                  | 0.882       |
|    value_loss           | 0.0132      |
-----------------------------------------
-----------------------------------------
| rollout/                |             |
|    ep_len_mean          | 99.9        |
|    ep_rew_mean          | -65.7       |
| time/                   |             |
|    fps                  | 64          |
|    iterations           | 46          |
|    time_elapsed         | 1454        |
|    total_timesteps      | 94208       |
| train/                  |             |
|    approx_kl            | 0.017326683 |
|    clip_fraction        | 0.163       |
|    clip_range           | 0.2         |
|    entropy_loss         | -9.03       |
|    explained_variance   | 0.766       |
|    learning_rate        | 0.0003      |
|    loss                 | -0.0434     |
|    n_updates            | 450         |
|    policy_gradient_loss | -0.0258     |
|    std                  | 0.876       |
|    value_loss           | 0.019       |
-----------------------------------------
------------------------------------------
| rollout/                |              |
|    ep_len_mean          | 89.3         |
|    ep_rew_mean          | -46.3        |
| time/                   |              |
|    fps                  | 64           |
|    iterations           | 47           |
|    time_elapsed         | 1488         |
|    total_timesteps      | 96256        |
| train/                  |              |
|    approx_kl            | 0.0155892335 |
|    clip_fraction        | 0.193        |
|    clip_range           | 0.2          |
|    entropy_loss         | -8.97        |
|    explained_variance   | 0.804        |
|    learning_rate        | 0.0003       |
|    loss                 | -0.0104      |
|    n_updates            | 460          |
|    policy_gradient_loss | -0.028       |
|    std                  | 0.869        |
|    value_loss           | 0.0157       |
------------------------------------------
-----------------------------------------
| rollout/                |             |
|    ep_len_mean          | 77.5        |
|    ep_rew_mean          | -38.1       |
| time/                   |             |
|    fps                  | 64          |
|    iterations           | 48          |
|    time_elapsed         | 1522        |
|    total_timesteps      | 98304       |
| train/                  |             |
|    approx_kl            | 0.014273483 |
|    clip_fraction        | 0.169       |
|    clip_range           | 0.2         |
|    entropy_loss         | -8.93       |
|    explained_variance   | 0.542       |
|    learning_rate        | 0.0003      |
|    loss                 | -0.0179     |
|    n_updates            | 470         |
|    policy_gradient_loss | -0.0228     |
|    std                  | 0.866       |
|    value_loss           | 0.0121      |
-----------------------------------------
------------------------------------------
| rollout/                |              |
|    ep_len_mean          | 75.1         |
|    ep_rew_mean          | -28.5        |
| time/                   |              |
|    fps                  | 64           |
|    iterations           | 49           |
|    time_elapsed         | 1557         |
|    total_timesteps      | 100352       |
| train/                  |              |
|    approx_kl            | 0.0123956725 |
|    clip_fraction        | 0.16         |
|    clip_range           | 0.2          |
|    entropy_loss         | -8.92        |
|    explained_variance   | 0.527        |
|    learning_rate        | 0.0003       |
|    loss                 | 0.00146      |
|    n_updates            | 480          |
|    policy_gradient_loss | -0.0217      |
|    std                  | 0.866        |
|    value_loss           | 0.0113       |
------------------------------------------
-----------------------------------------
| rollout/                |             |
|    ep_len_mean          | 72.5        |
|    ep_rew_mean          | -25.7       |
| time/                   |             |
|    fps                  | 64          |
|    iterations           | 50          |
|    time_elapsed         | 1592        |
|    total_timesteps      | 102400      |
| train/                  |             |
|    approx_kl            | 0.016364224 |
|    clip_fraction        | 0.19        |
|    clip_range           | 0.2         |
|    entropy_loss         | -8.9        |
|    explained_variance   | 0.535       |
|    learning_rate        | 0.0003      |
|    loss                 | -0.0479     |
|    n_updates            | 490         |
|    policy_gradient_loss | -0.0269     |
|    std                  | 0.862       |
|    value_loss           | 0.00996     |
-----------------------------------------
-----------------------------------------
| rollout/                |             |
|    ep_len_mean          | 70.6        |
|    ep_rew_mean          | -24.8       |
| time/                   |             |
|    fps                  | 64          |
|    iterations           | 51          |
|    time_elapsed         | 1627        |
|    total_timesteps      | 104448      |
| train/                  |             |
|    approx_kl            | 0.013853934 |
|    clip_fraction        | 0.16        |
|    clip_range           | 0.2         |
|    entropy_loss         | -8.87       |
|    explained_variance   | 0.585       |
|    learning_rate        | 0.0003      |
|    loss                 | -0.0473     |
|    n_updates            | 500         |
|    policy_gradient_loss | -0.0256     |
|    std                  | 0.858       |
|    value_loss           | 0.00977     |
-----------------------------------------
-----------------------------------------
| rollout/                |             |
|    ep_len_mean          | 72.8        |
|    ep_rew_mean          | -23.9       |
| time/                   |             |
|    fps                  | 64          |
|    iterations           | 52          |
|    time_elapsed         | 1661        |
|    total_timesteps      | 106496      |
| train/                  |             |
|    approx_kl            | 0.013337303 |
|    clip_fraction        | 0.168       |
|    clip_range           | 0.2         |
|    entropy_loss         | -8.83       |
|    explained_variance   | 0.525       |
|    learning_rate        | 0.0003      |
|    loss                 | -0.0108     |
|    n_updates            | 510         |
|    policy_gradient_loss | -0.0223     |
|    std                  | 0.854       |
|    value_loss           | 0.00812     |
-----------------------------------------
-----------------------------------------
| rollout/                |             |
|    ep_len_mean          | 68.9        |
|    ep_rew_mean          | -21         |
| time/                   |             |
|    fps                  | 64          |
|    iterations           | 53          |
|    time_elapsed         | 1695        |
|    total_timesteps      | 108544      |
| train/                  |             |
|    approx_kl            | 0.017821534 |
|    clip_fraction        | 0.218       |
|    clip_range           | 0.2         |
|    entropy_loss         | -8.79       |
|    explained_variance   | 0.592       |
|    learning_rate        | 0.0003      |
|    loss                 | -0.0242     |
|    n_updates            | 520         |
|    policy_gradient_loss | -0.0291     |
|    std                  | 0.85        |
|    value_loss           | 0.0062      |
-----------------------------------------
----------------------------------------
| rollout/                |            |
|    ep_len_mean          | 66.2       |
|    ep_rew_mean          | -19.3      |
| time/                   |            |
|    fps                  | 63         |
|    iterations           | 54         |
|    time_elapsed         | 1731       |
|    total_timesteps      | 110592     |
| train/                  |            |
|    approx_kl            | 0.01732969 |
|    clip_fraction        | 0.23       |
|    clip_range           | 0.2        |
|    entropy_loss         | -8.78      |
|    explained_variance   | 0.47       |
|    learning_rate        | 0.0003     |
|    loss                 | -0.0483    |
|    n_updates            | 530        |
|    policy_gradient_loss | -0.0293    |
|    std                  | 0.849      |
|    value_loss           | 0.00563    |
----------------------------------------
-----------------------------------------
| rollout/                |             |
|    ep_len_mean          | 57.9        |
|    ep_rew_mean          | -17.1       |
| time/                   |             |
|    fps                  | 63          |
|    iterations           | 55          |
|    time_elapsed         | 1766        |
|    total_timesteps      | 112640      |
| train/                  |             |
|    approx_kl            | 0.014628645 |
|    clip_fraction        | 0.192       |
|    clip_range           | 0.2         |
|    entropy_loss         | -8.77       |
|    explained_variance   | 0.674       |
|    learning_rate        | 0.0003      |
|    loss                 | -0.0261     |
|    n_updates            | 540         |
|    policy_gradient_loss | -0.0271     |
|    std                  | 0.848       |
|    value_loss           | 0.00803     |
-----------------------------------------
-----------------------------------------
| rollout/                |             |
|    ep_len_mean          | 58.1        |
|    ep_rew_mean          | -20.3       |
| time/                   |             |
|    fps                  | 63          |
|    iterations           | 56          |
|    time_elapsed         | 1801        |
|    total_timesteps      | 114688      |
| train/                  |             |
|    approx_kl            | 0.016340304 |
|    clip_fraction        | 0.193       |
|    clip_range           | 0.2         |
|    entropy_loss         | -8.76       |
|    explained_variance   | 0.743       |
|    learning_rate        | 0.0003      |
|    loss                 | -0.048      |
|    n_updates            | 550         |
|    policy_gradient_loss | -0.032      |
|    std                  | 0.847       |
|    value_loss           | 0.00814     |
-----------------------------------------
------------------------------------------
| rollout/                |              |
|    ep_len_mean          | 59.7         |
|    ep_rew_mean          | -21.7        |
| time/                   |              |
|    fps                  | 63           |
|    iterations           | 57           |
|    time_elapsed         | 1836         |
|    total_timesteps      | 116736       |
| train/                  |              |
|    approx_kl            | 0.0131996665 |
|    clip_fraction        | 0.162        |
|    clip_range           | 0.2          |
|    entropy_loss         | -8.71        |
|    explained_variance   | 0.803        |
|    learning_rate        | 0.0003       |
|    loss                 | -0.0211      |
|    n_updates            | 560          |
|    policy_gradient_loss | -0.0254      |
|    std                  | 0.838        |
|    value_loss           | 0.0107       |
------------------------------------------
----------------------------------------
| rollout/                |            |
|    ep_len_mean          | 60.7       |
|    ep_rew_mean          | -19.5      |
| time/                   |            |
|    fps                  | 63         |
|    iterations           | 58         |
|    time_elapsed         | 1871       |
|    total_timesteps      | 118784     |
| train/                  |            |
|    approx_kl            | 0.01691141 |
|    clip_fraction        | 0.208      |
|    clip_range           | 0.2        |
|    entropy_loss         | -8.68      |
|    explained_variance   | 0.896      |
|    learning_rate        | 0.0003     |
|    loss                 | -0.0553    |
|    n_updates            | 570        |
|    policy_gradient_loss | -0.0277    |
|    std                  | 0.837      |
|    value_loss           | 0.00914    |
----------------------------------------
-----------------------------------------
| rollout/                |             |
|    ep_len_mean          | 55.5        |
|    ep_rew_mean          | -13.7       |
| time/                   |             |
|    fps                  | 63          |
|    iterations           | 59          |
|    time_elapsed         | 1906        |
|    total_timesteps      | 120832      |
| train/                  |             |
|    approx_kl            | 0.016588546 |
|    clip_fraction        | 0.197       |
|    clip_range           | 0.2         |
|    entropy_loss         | -8.65       |
|    explained_variance   | 0.285       |
|    learning_rate        | 0.0003      |
|    loss                 | -0.0437     |
|    n_updates            | 580         |
|    policy_gradient_loss | -0.0283     |
|    std                  | 0.832       |
|    value_loss           | 0.00461     |
-----------------------------------------
-----------------------------------------
| rollout/                |             |
|    ep_len_mean          | 48.6        |
|    ep_rew_mean          | -8.04       |
| time/                   |             |
|    fps                  | 63          |
|    iterations           | 60          |
|    time_elapsed         | 1942        |
|    total_timesteps      | 122880      |
| train/                  |             |
|    approx_kl            | 0.015430354 |
|    clip_fraction        | 0.176       |
|    clip_range           | 0.2         |
|    entropy_loss         | -8.64       |
|    explained_variance   | 0.408       |
|    learning_rate        | 0.0003      |
|    loss                 | -0.0194     |
|    n_updates            | 590         |
|    policy_gradient_loss | -0.0255     |
|    std                  | 0.833       |
|    value_loss           | 0.00412     |
-----------------------------------------
-----------------------------------------
| rollout/                |             |
|    ep_len_mean          | 49.1        |
|    ep_rew_mean          | -9.56       |
| time/                   |             |
|    fps                  | 63          |
|    iterations           | 61          |
|    time_elapsed         | 1978        |
|    total_timesteps      | 124928      |
| train/                  |             |
|    approx_kl            | 0.015968502 |
|    clip_fraction        | 0.197       |
|    clip_range           | 0.2         |
|    entropy_loss         | -8.61       |
|    explained_variance   | 0.328       |
|    learning_rate        | 0.0003      |
|    loss                 | 0.000958    |
|    n_updates            | 600         |
|    policy_gradient_loss | -0.0277     |
|    std                  | 0.827       |
|    value_loss           | 0.00426     |
-----------------------------------------
-----------------------------------------
| rollout/                |             |
|    ep_len_mean          | 43.1        |
|    ep_rew_mean          | -7.45       |
| time/                   |             |
|    fps                  | 63          |
|    iterations           | 62          |
|    time_elapsed         | 2014        |
|    total_timesteps      | 126976      |
| train/                  |             |
|    approx_kl            | 0.014608233 |
|    clip_fraction        | 0.178       |
|    clip_range           | 0.2         |
|    entropy_loss         | -8.54       |
|    explained_variance   | 0.372       |
|    learning_rate        | 0.0003      |
|    loss                 | -0.0407     |
|    n_updates            | 610         |
|    policy_gradient_loss | -0.0267     |
|    std                  | 0.819       |
|    value_loss           | 0.00471     |
-----------------------------------------
-----------------------------------------
| rollout/                |             |
|    ep_len_mean          | 38.6        |
|    ep_rew_mean          | -3.88       |
| time/                   |             |
|    fps                  | 62          |
|    iterations           | 63          |
|    time_elapsed         | 2051        |
|    total_timesteps      | 129024      |
| train/                  |             |
|    approx_kl            | 0.016709708 |
|    clip_fraction        | 0.204       |
|    clip_range           | 0.2         |
|    entropy_loss         | -8.51       |
|    explained_variance   | 0.645       |
|    learning_rate        | 0.0003      |
|    loss                 | -0.0203     |
|    n_updates            | 620         |
|    policy_gradient_loss | -0.0304     |
|    std                  | 0.818       |
|    value_loss           | 0.00469     |
-----------------------------------------
----------------------------------------
| rollout/                |            |
|    ep_len_mean          | 43.6       |
|    ep_rew_mean          | -6.66      |
| time/                   |            |
|    fps                  | 62         |
|    iterations           | 64         |
|    time_elapsed         | 2087       |
|    total_timesteps      | 131072     |
| train/                  |            |
|    approx_kl            | 0.01665008 |
|    clip_fraction        | 0.185      |
|    clip_range           | 0.2        |
|    entropy_loss         | -8.5       |
|    explained_variance   | 0.36       |
|    learning_rate        | 0.0003     |
|    loss                 | -0.0482    |
|    n_updates            | 630        |
|    policy_gradient_loss | -0.0246    |
|    std                  | 0.818      |
|    value_loss           | 0.00319    |
----------------------------------------
-----------------------------------------
| rollout/                |             |
|    ep_len_mean          | 40.9        |
|    ep_rew_mean          | -7.39       |
| time/                   |             |
|    fps                  | 62          |
|    iterations           | 65          |
|    time_elapsed         | 2124        |
|    total_timesteps      | 133120      |
| train/                  |             |
|    approx_kl            | 0.014418583 |
|    clip_fraction        | 0.204       |
|    clip_range           | 0.2         |
|    entropy_loss         | -8.48       |
|    explained_variance   | 0.638       |
|    learning_rate        | 0.0003      |
|    loss                 | -0.0196     |
|    n_updates            | 640         |
|    policy_gradient_loss | -0.0255     |
|    std                  | 0.813       |
|    value_loss           | 0.00654     |
-----------------------------------------
-----------------------------------------
| rollout/                |             |
|    ep_len_mean          | 32.5        |
|    ep_rew_mean          | -1.68       |
| time/                   |             |
|    fps                  | 62          |
|    iterations           | 66          |
|    time_elapsed         | 2161        |
|    total_timesteps      | 135168      |
| train/                  |             |
|    approx_kl            | 0.016084444 |
|    clip_fraction        | 0.2         |
|    clip_range           | 0.2         |
|    entropy_loss         | -8.43       |
|    explained_variance   | 0.874       |
|    learning_rate        | 0.0003      |
|    loss                 | -0.0523     |
|    n_updates            | 650         |
|    policy_gradient_loss | -0.027      |
|    std                  | 0.808       |
|    value_loss           | 0.00357     |
-----------------------------------------
-----------------------------------------
| rollout/                |             |
|    ep_len_mean          | 33.9        |
|    ep_rew_mean          | -4.42       |
| time/                   |             |
|    fps                  | 62          |
|    iterations           | 67          |
|    time_elapsed         | 2198        |
|    total_timesteps      | 137216      |
| train/                  |             |
|    approx_kl            | 0.015074821 |
|    clip_fraction        | 0.201       |
|    clip_range           | 0.2         |
|    entropy_loss         | -8.39       |
|    explained_variance   | 0.346       |
|    learning_rate        | 0.0003      |
|    loss                 | -0.0397     |
|    n_updates            | 660         |
|    policy_gradient_loss | -0.0287     |
|    std                  | 0.802       |
|    value_loss           | 0.00327     |
-----------------------------------------
-----------------------------------------
| rollout/                |             |
|    ep_len_mean          | 37.7        |
|    ep_rew_mean          | -8.55       |
| time/                   |             |
|    fps                  | 62          |
|    iterations           | 68          |
|    time_elapsed         | 2235        |
|    total_timesteps      | 139264      |
| train/                  |             |
|    approx_kl            | 0.016827349 |
|    clip_fraction        | 0.199       |
|    clip_range           | 0.2         |
|    entropy_loss         | -8.35       |
|    explained_variance   | 0.856       |
|    learning_rate        | 0.0003      |
|    loss                 | -0.0221     |
|    n_updates            | 670         |
|    policy_gradient_loss | -0.0263     |
|    std                  | 0.8         |
|    value_loss           | 0.00698     |
-----------------------------------------
-----------------------------------------
| rollout/                |             |
|    ep_len_mean          | 32.5        |
|    ep_rew_mean          | -3.64       |
| time/                   |             |
|    fps                  | 62          |
|    iterations           | 69          |
|    time_elapsed         | 2272        |
|    total_timesteps      | 141312      |
| train/                  |             |
|    approx_kl            | 0.016762668 |
|    clip_fraction        | 0.198       |
|    clip_range           | 0.2         |
|    entropy_loss         | -8.32       |
|    explained_variance   | 0.838       |
|    learning_rate        | 0.0003      |
|    loss                 | -0.0401     |
|    n_updates            | 680         |
|    policy_gradient_loss | -0.0255     |
|    std                  | 0.796       |
|    value_loss           | 0.00864     |
-----------------------------------------
-----------------------------------------
| rollout/                |             |
|    ep_len_mean          | 30.4        |
|    ep_rew_mean          | -1.25       |
| time/                   |             |
|    fps                  | 62          |
|    iterations           | 70          |
|    time_elapsed         | 2310        |
|    total_timesteps      | 143360      |
| train/                  |             |
|    approx_kl            | 0.017842058 |
|    clip_fraction        | 0.187       |
|    clip_range           | 0.2         |
|    entropy_loss         | -8.28       |
|    explained_variance   | 0.912       |
|    learning_rate        | 0.0003      |
|    loss                 | -0.0389     |
|    n_updates            | 690         |
|    policy_gradient_loss | -0.0296     |
|    std                  | 0.79        |
|    value_loss           | 0.00562     |
-----------------------------------------
-----------------------------------------
| rollout/                |             |
|    ep_len_mean          | 29          |
|    ep_rew_mean          | 0.0319      |
| time/                   |             |
|    fps                  | 61          |
|    iterations           | 71          |
|    time_elapsed         | 2348        |
|    total_timesteps      | 145408      |
| train/                  |             |
|    approx_kl            | 0.015515529 |
|    clip_fraction        | 0.213       |
|    clip_range           | 0.2         |
|    entropy_loss         | -8.24       |
|    explained_variance   | 0.644       |
|    learning_rate        | 0.0003      |
|    loss                 | -0.045      |
|    n_updates            | 700         |
|    policy_gradient_loss | -0.0293     |
|    std                  | 0.786       |
|    value_loss           | 0.00618     |
-----------------------------------------
-----------------------------------------
| rollout/                |             |
|    ep_len_mean          | 29.8        |
|    ep_rew_mean          | -0.311      |
| time/                   |             |
|    fps                  | 61          |
|    iterations           | 72          |
|    time_elapsed         | 2386        |
|    total_timesteps      | 147456      |
| train/                  |             |
|    approx_kl            | 0.015895674 |
|    clip_fraction        | 0.207       |
|    clip_range           | 0.2         |
|    entropy_loss         | -8.17       |
|    explained_variance   | 0.214       |
|    learning_rate        | 0.0003      |
|    loss                 | -0.0168     |
|    n_updates            | 710         |
|    policy_gradient_loss | -0.0266     |
|    std                  | 0.776       |
|    value_loss           | 0.00294     |
-----------------------------------------
-----------------------------------------
| rollout/                |             |
|    ep_len_mean          | 33.9        |
|    ep_rew_mean          | -4.75       |
| time/                   |             |
|    fps                  | 61          |
|    iterations           | 73          |
|    time_elapsed         | 2424        |
|    total_timesteps      | 149504      |
| train/                  |             |
|    approx_kl            | 0.017291397 |
|    clip_fraction        | 0.212       |
|    clip_range           | 0.2         |
|    entropy_loss         | -8.1        |
|    explained_variance   | 0.116       |
|    learning_rate        | 0.0003      |
|    loss                 | -0.045      |
|    n_updates            | 720         |
|    policy_gradient_loss | -0.0299     |
|    std                  | 0.77        |
|    value_loss           | 0.00247     |
-----------------------------------------
-----------------------------------------
| rollout/                |             |
|    ep_len_mean          | 29.3        |
|    ep_rew_mean          | -2.67       |
| time/                   |             |
|    fps                  | 61          |
|    iterations           | 74          |
|    time_elapsed         | 2462        |
|    total_timesteps      | 151552      |
| train/                  |             |
|    approx_kl            | 0.017584614 |
|    clip_fraction        | 0.196       |
|    clip_range           | 0.2         |
|    entropy_loss         | -8.07       |
|    explained_variance   | 0.926       |
|    learning_rate        | 0.0003      |
|    loss                 | -0.0384     |
|    n_updates            | 730         |
|    policy_gradient_loss | -0.0297     |
|    std                  | 0.768       |
|    value_loss           | 0.00457     |
-----------------------------------------
-----------------------------------------
| rollout/                |             |
|    ep_len_mean          | 27.5        |
|    ep_rew_mean          | 0.911       |
| time/                   |             |
|    fps                  | 61          |
|    iterations           | 75          |
|    time_elapsed         | 2500        |
|    total_timesteps      | 153600      |
| train/                  |             |
|    approx_kl            | 0.019709803 |
|    clip_fraction        | 0.231       |
|    clip_range           | 0.2         |
|    entropy_loss         | -8.03       |
|    explained_variance   | 0.423       |
|    learning_rate        | 0.0003      |
|    loss                 | -0.0217     |
|    n_updates            | 740         |
|    policy_gradient_loss | -0.0269     |
|    std                  | 0.763       |
|    value_loss           | 0.00266     |
-----------------------------------------
-----------------------------------------
| rollout/                |             |
|    ep_len_mean          | 30.2        |
|    ep_rew_mean          | -0.142      |
| time/                   |             |
|    fps                  | 61          |
|    iterations           | 76          |
|    time_elapsed         | 2538        |
|    total_timesteps      | 155648      |
| train/                  |             |
|    approx_kl            | 0.018807333 |
|    clip_fraction        | 0.205       |
|    clip_range           | 0.2         |
|    entropy_loss         | -8.03       |
|    explained_variance   | 0.66        |
|    learning_rate        | 0.0003      |
|    loss                 | -0.0361     |
|    n_updates            | 750         |
|    policy_gradient_loss | -0.0235     |
|    std                  | 0.765       |
|    value_loss           | 0.0046      |
-----------------------------------------
-----------------------------------------
| rollout/                |             |
|    ep_len_mean          | 28          |
|    ep_rew_mean          | 0.627       |
| time/                   |             |
|    fps                  | 61          |
|    iterations           | 77          |
|    time_elapsed         | 2576        |
|    total_timesteps      | 157696      |
| train/                  |             |
|    approx_kl            | 0.019701872 |
|    clip_fraction        | 0.234       |
|    clip_range           | 0.2         |
|    entropy_loss         | -8          |
|    explained_variance   | 0.631       |
|    learning_rate        | 0.0003      |
|    loss                 | -0.0441     |
|    n_updates            | 760         |
|    policy_gradient_loss | -0.0319     |
|    std                  | 0.759       |
|    value_loss           | 0.00327     |
-----------------------------------------
-----------------------------------------
| rollout/                |             |
|    ep_len_mean          | 24.9        |
|    ep_rew_mean          | 2.32        |
| time/                   |             |
|    fps                  | 61          |
|    iterations           | 78          |
|    time_elapsed         | 2615        |
|    total_timesteps      | 159744      |
| train/                  |             |
|    approx_kl            | 0.022631433 |
|    clip_fraction        | 0.246       |
|    clip_range           | 0.2         |
|    entropy_loss         | -7.93       |
|    explained_variance   | 0.752       |
|    learning_rate        | 0.0003      |
|    loss                 | -0.0449     |
|    n_updates            | 770         |
|    policy_gradient_loss | -0.0328     |
|    std                  | 0.75        |
|    value_loss           | 0.00278     |
-----------------------------------------
-----------------------------------------
| rollout/                |             |
|    ep_len_mean          | 28.5        |
|    ep_rew_mean          | 1.34        |
| time/                   |             |
|    fps                  | 60          |
|    iterations           | 79          |
|    time_elapsed         | 2653        |
|    total_timesteps      | 161792      |
| train/                  |             |
|    approx_kl            | 0.015965119 |
|    clip_fraction        | 0.198       |
|    clip_range           | 0.2         |
|    entropy_loss         | -7.86       |
|    explained_variance   | 0.172       |
|    learning_rate        | 0.0003      |
|    loss                 | -0.0306     |
|    n_updates            | 780         |
|    policy_gradient_loss | -0.0264     |
|    std                  | 0.744       |
|    value_loss           | 0.00186     |
-----------------------------------------
-----------------------------------------
| rollout/                |             |
|    ep_len_mean          | 28.3        |
|    ep_rew_mean          | 0.858       |
| time/                   |             |
|    fps                  | 60          |
|    iterations           | 80          |
|    time_elapsed         | 2691        |
|    total_timesteps      | 163840      |
| train/                  |             |
|    approx_kl            | 0.016673483 |
|    clip_fraction        | 0.189       |
|    clip_range           | 0.2         |
|    entropy_loss         | -7.82       |
|    explained_variance   | 0.386       |
|    learning_rate        | 0.0003      |
|    loss                 | -0.0506     |
|    n_updates            | 790         |
|    policy_gradient_loss | -0.0266     |
|    std                  | 0.742       |
|    value_loss           | 0.00135     |
-----------------------------------------
-----------------------------------------
| rollout/                |             |
|    ep_len_mean          | 25.9        |
|    ep_rew_mean          | 1.73        |
| time/                   |             |
|    fps                  | 60          |
|    iterations           | 81          |
|    time_elapsed         | 2730        |
|    total_timesteps      | 165888      |
| train/                  |             |
|    approx_kl            | 0.018002033 |
|    clip_fraction        | 0.231       |
|    clip_range           | 0.2         |
|    entropy_loss         | -7.79       |
|    explained_variance   | 0.275       |
|    learning_rate        | 0.0003      |
|    loss                 | -0.0485     |
|    n_updates            | 800         |
|    policy_gradient_loss | -0.0302     |
|    std                  | 0.739       |
|    value_loss           | 0.00204     |
-----------------------------------------
-----------------------------------------
| rollout/                |             |
|    ep_len_mean          | 25.7        |
|    ep_rew_mean          | 1.75        |
| time/                   |             |
|    fps                  | 60          |
|    iterations           | 82          |
|    time_elapsed         | 2769        |
|    total_timesteps      | 167936      |
| train/                  |             |
|    approx_kl            | 0.018443344 |
|    clip_fraction        | 0.216       |
|    clip_range           | 0.2         |
|    entropy_loss         | -7.76       |
|    explained_variance   | 0.259       |
|    learning_rate        | 0.0003      |
|    loss                 | -0.033      |
|    n_updates            | 810         |
|    policy_gradient_loss | -0.0246     |
|    std                  | 0.735       |
|    value_loss           | 0.00183     |
-----------------------------------------
-----------------------------------------
| rollout/                |             |
|    ep_len_mean          | 26.8        |
|    ep_rew_mean          | 1.21        |
| time/                   |             |
|    fps                  | 60          |
|    iterations           | 83          |
|    time_elapsed         | 2808        |
|    total_timesteps      | 169984      |
| train/                  |             |
|    approx_kl            | 0.018659841 |
|    clip_fraction        | 0.208       |
|    clip_range           | 0.2         |
|    entropy_loss         | -7.73       |
|    explained_variance   | 0.388       |
|    learning_rate        | 0.0003      |
|    loss                 | -0.0551     |
|    n_updates            | 820         |
|    policy_gradient_loss | -0.0332     |
|    std                  | 0.731       |
|    value_loss           | 0.00187     |
-----------------------------------------
-----------------------------------------
| rollout/                |             |
|    ep_len_mean          | 25.5        |
|    ep_rew_mean          | 1.35        |
| time/                   |             |
|    fps                  | 60          |
|    iterations           | 84          |
|    time_elapsed         | 2847        |
|    total_timesteps      | 172032      |
| train/                  |             |
|    approx_kl            | 0.017667556 |
|    clip_fraction        | 0.227       |
|    clip_range           | 0.2         |
|    entropy_loss         | -7.69       |
|    explained_variance   | 0.491       |
|    learning_rate        | 0.0003      |
|    loss                 | -0.0419     |
|    n_updates            | 830         |
|    policy_gradient_loss | -0.0291     |
|    std                  | 0.727       |
|    value_loss           | 0.00196     |
-----------------------------------------
-----------------------------------------
| rollout/                |             |
|    ep_len_mean          | 20.7        |
|    ep_rew_mean          | 3.71        |
| time/                   |             |
|    fps                  | 60          |
|    iterations           | 85          |
|    time_elapsed         | 2888        |
|    total_timesteps      | 174080      |
| train/                  |             |
|    approx_kl            | 0.023236677 |
|    clip_fraction        | 0.25        |
|    clip_range           | 0.2         |
|    entropy_loss         | -7.66       |
|    explained_variance   | 0.39        |
|    learning_rate        | 0.0003      |
|    loss                 | -0.024      |
|    n_updates            | 840         |
|    policy_gradient_loss | -0.0326     |
|    std                  | 0.724       |
|    value_loss           | 0.003       |
-----------------------------------------
-----------------------------------------
| rollout/                |             |
|    ep_len_mean          | 22.8        |
|    ep_rew_mean          | 3.12        |
| time/                   |             |
|    fps                  | 60          |
|    iterations           | 86          |
|    time_elapsed         | 2927        |
|    total_timesteps      | 176128      |
| train/                  |             |
|    approx_kl            | 0.018893205 |
|    clip_fraction        | 0.222       |
|    clip_range           | 0.2         |
|    entropy_loss         | -7.61       |
|    explained_variance   | 0.148       |
|    learning_rate        | 0.0003      |
|    loss                 | -0.0482     |
|    n_updates            | 850         |
|    policy_gradient_loss | -0.0303     |
|    std                  | 0.718       |
|    value_loss           | 0.0015      |
-----------------------------------------
-----------------------------------------
| rollout/                |             |
|    ep_len_mean          | 20          |
|    ep_rew_mean          | 4.53        |
| time/                   |             |
|    fps                  | 60          |
|    iterations           | 87          |
|    time_elapsed         | 2968        |
|    total_timesteps      | 178176      |
| train/                  |             |
|    approx_kl            | 0.020009667 |
|    clip_fraction        | 0.215       |
|    clip_range           | 0.2         |
|    entropy_loss         | -7.56       |
|    explained_variance   | 0.2         |
|    learning_rate        | 0.0003      |
|    loss                 | -0.0555     |
|    n_updates            | 860         |
|    policy_gradient_loss | -0.0253     |
|    std                  | 0.714       |
|    value_loss           | 0.00151     |
-----------------------------------------
----------------------------------------
| rollout/                |            |
|    ep_len_mean          | 21.9       |
|    ep_rew_mean          | 3.54       |
| time/                   |            |
|    fps                  | 59         |
|    iterations           | 88         |
|    time_elapsed         | 3008       |
|    total_timesteps      | 180224     |
| train/                  |            |
|    approx_kl            | 0.01663758 |
|    clip_fraction        | 0.193      |
|    clip_range           | 0.2        |
|    entropy_loss         | -7.51      |
|    explained_variance   | 0.279      |
|    learning_rate        | 0.0003     |
|    loss                 | -0.021     |
|    n_updates            | 870        |
|    policy_gradient_loss | -0.026     |
|    std                  | 0.708      |
|    value_loss           | 0.00104    |
----------------------------------------
-----------------------------------------
| rollout/                |             |
|    ep_len_mean          | 22.6        |
|    ep_rew_mean          | 3.43        |
| time/                   |             |
|    fps                  | 59          |
|    iterations           | 89          |
|    time_elapsed         | 3048        |
|    total_timesteps      | 182272      |
| train/                  |             |
|    approx_kl            | 0.016981464 |
|    clip_fraction        | 0.211       |
|    clip_range           | 0.2         |
|    entropy_loss         | -7.47       |
|    explained_variance   | 0.727       |
|    learning_rate        | 0.0003      |
|    loss                 | -0.064      |
|    n_updates            | 880         |
|    policy_gradient_loss | -0.0314     |
|    std                  | 0.707       |
|    value_loss           | 0.00173     |
-----------------------------------------
-----------------------------------------
| rollout/                |             |
|    ep_len_mean          | 21.8        |
|    ep_rew_mean          | 3.29        |
| time/                   |             |
|    fps                  | 59          |
|    iterations           | 90          |
|    time_elapsed         | 3088        |
|    total_timesteps      | 184320      |
| train/                  |             |
|    approx_kl            | 0.017566536 |
|    clip_fraction        | 0.215       |
|    clip_range           | 0.2         |
|    entropy_loss         | -7.46       |
|    explained_variance   | 0.366       |
|    learning_rate        | 0.0003      |
|    loss                 | -0.0371     |
|    n_updates            | 890         |
|    policy_gradient_loss | -0.0294     |
|    std                  | 0.705       |
|    value_loss           | 0.00176     |
-----------------------------------------
-----------------------------------------
| rollout/                |             |
|    ep_len_mean          | 22.4        |
|    ep_rew_mean          | 3.59        |
| time/                   |             |
|    fps                  | 59          |
|    iterations           | 91          |
|    time_elapsed         | 3127        |
|    total_timesteps      | 186368      |
| train/                  |             |
|    approx_kl            | 0.019396298 |
|    clip_fraction        | 0.23        |
|    clip_range           | 0.2         |
|    entropy_loss         | -7.43       |
|    explained_variance   | 0.437       |
|    learning_rate        | 0.0003      |
|    loss                 | -0.0341     |
|    n_updates            | 900         |
|    policy_gradient_loss | -0.029      |
|    std                  | 0.702       |
|    value_loss           | 0.0018      |
-----------------------------------------
-----------------------------------------
| rollout/                |             |
|    ep_len_mean          | 21.2        |
|    ep_rew_mean          | 3.58        |
| time/                   |             |
|    fps                  | 59          |
|    iterations           | 92          |
|    time_elapsed         | 3168        |
|    total_timesteps      | 188416      |
| train/                  |             |
|    approx_kl            | 0.022527028 |
|    clip_fraction        | 0.238       |
|    clip_range           | 0.2         |
|    entropy_loss         | -7.4        |
|    explained_variance   | 0.576       |
|    learning_rate        | 0.0003      |
|    loss                 | -0.0492     |
|    n_updates            | 910         |
|    policy_gradient_loss | -0.0327     |
|    std                  | 0.699       |
|    value_loss           | 0.00163     |
-----------------------------------------
----------------------------------------
| rollout/                |            |
|    ep_len_mean          | 21.9       |
|    ep_rew_mean          | 3.29       |
| time/                   |            |
|    fps                  | 59         |
|    iterations           | 93         |
|    time_elapsed         | 3207       |
|    total_timesteps      | 190464     |
| train/                  |            |
|    approx_kl            | 0.01996706 |
|    clip_fraction        | 0.205      |
|    clip_range           | 0.2        |
|    entropy_loss         | -7.35      |
|    explained_variance   | 0.755      |
|    learning_rate        | 0.0003     |
|    loss                 | -0.0136    |
|    n_updates            | 920        |
|    policy_gradient_loss | -0.0335    |
|    std                  | 0.693      |
|    value_loss           | 0.00138    |
----------------------------------------
-----------------------------------------
| rollout/                |             |
|    ep_len_mean          | 19.4        |
|    ep_rew_mean          | 4.69        |
| time/                   |             |
|    fps                  | 59          |
|    iterations           | 94          |
|    time_elapsed         | 3248        |
|    total_timesteps      | 192512      |
| train/                  |             |
|    approx_kl            | 0.018582566 |
|    clip_fraction        | 0.217       |
|    clip_range           | 0.2         |
|    entropy_loss         | -7.3        |
|    explained_variance   | 0.67        |
|    learning_rate        | 0.0003      |
|    loss                 | -0.056      |
|    n_updates            | 930         |
|    policy_gradient_loss | -0.0299     |
|    std                  | 0.689       |
|    value_loss           | 0.00239     |
-----------------------------------------
-----------------------------------------
| rollout/                |             |
|    ep_len_mean          | 20.9        |
|    ep_rew_mean          | 4.61        |
| time/                   |             |
|    fps                  | 59          |
|    iterations           | 95          |
|    time_elapsed         | 3289        |
|    total_timesteps      | 194560      |
| train/                  |             |
|    approx_kl            | 0.019393459 |
|    clip_fraction        | 0.246       |
|    clip_range           | 0.2         |
|    entropy_loss         | -7.24       |
|    explained_variance   | 0.183       |
|    learning_rate        | 0.0003      |
|    loss                 | -0.0402     |
|    n_updates            | 940         |
|    policy_gradient_loss | -0.0294     |
|    std                  | 0.684       |
|    value_loss           | 0.0015      |
-----------------------------------------
-----------------------------------------
| rollout/                |             |
|    ep_len_mean          | 18.6        |
|    ep_rew_mean          | 5.25        |
| time/                   |             |
|    fps                  | 59          |
|    iterations           | 96          |
|    time_elapsed         | 3330        |
|    total_timesteps      | 196608      |
| train/                  |             |
|    approx_kl            | 0.020974452 |
|    clip_fraction        | 0.246       |
|    clip_range           | 0.2         |
|    entropy_loss         | -7.21       |
|    explained_variance   | 0.444       |
|    learning_rate        | 0.0003      |
|    loss                 | -0.052      |
|    n_updates            | 950         |
|    policy_gradient_loss | -0.0271     |
|    std                  | 0.683       |
|    value_loss           | 0.00103     |
-----------------------------------------
----------------------------------------
| rollout/                |            |
|    ep_len_mean          | 19.4       |
|    ep_rew_mean          | 5.15       |
| time/                   |            |
|    fps                  | 58         |
|    iterations           | 97         |
|    time_elapsed         | 3371       |
|    total_timesteps      | 198656     |
| train/                  |            |
|    approx_kl            | 0.01789869 |
|    clip_fraction        | 0.217      |
|    clip_range           | 0.2        |
|    entropy_loss         | -7.18      |
|    explained_variance   | 0.256      |
|    learning_rate        | 0.0003     |
|    loss                 | -0.0357    |
|    n_updates            | 960        |
|    policy_gradient_loss | -0.026     |
|    std                  | 0.679      |
|    value_loss           | 0.000952   |
----------------------------------------
-----------------------------------------
| rollout/                |             |
|    ep_len_mean          | 19.4        |
|    ep_rew_mean          | 4.84        |
| time/                   |             |
|    fps                  | 58          |
|    iterations           | 98          |
|    time_elapsed         | 3412        |
|    total_timesteps      | 200704      |
| train/                  |             |
|    approx_kl            | 0.018863466 |
|    clip_fraction        | 0.232       |
|    clip_range           | 0.2         |
|    entropy_loss         | -7.16       |
|    explained_variance   | 0.331       |
|    learning_rate        | 0.0003      |
|    loss                 | -0.0392     |
|    n_updates            | 970         |
|    policy_gradient_loss | -0.0273     |
|    std                  | 0.677       |
|    value_loss           | 0.000835    |
-----------------------------------------
-----------------------------------------
| rollout/                |             |
|    ep_len_mean          | 19.6        |
|    ep_rew_mean          | 4.68        |
| time/                   |             |
|    fps                  | 58          |
|    iterations           | 99          |
|    time_elapsed         | 3453        |
|    total_timesteps      | 202752      |
| train/                  |             |
|    approx_kl            | 0.017815303 |
|    clip_fraction        | 0.224       |
|    clip_range           | 0.2         |
|    entropy_loss         | -7.13       |
|    explained_variance   | 0.341       |
|    learning_rate        | 0.0003      |
|    loss                 | -0.0597     |
|    n_updates            | 980         |
|    policy_gradient_loss | -0.0282     |
|    std                  | 0.674       |
|    value_loss           | 0.00109     |
-----------------------------------------
-----------------------------------------
| rollout/                |             |
|    ep_len_mean          | 17.7        |
|    ep_rew_mean          | 5.39        |
| time/                   |             |
|    fps                  | 58          |
|    iterations           | 100         |
|    time_elapsed         | 3495        |
|    total_timesteps      | 204800      |
| train/                  |             |
|    approx_kl            | 0.019757114 |
|    clip_fraction        | 0.253       |
|    clip_range           | 0.2         |
|    entropy_loss         | -7.08       |
|    explained_variance   | 0.526       |
|    learning_rate        | 0.0003      |
|    loss                 | -0.0524     |
|    n_updates            | 990         |
|    policy_gradient_loss | -0.0297     |
|    std                  | 0.669       |
|    value_loss           | 0.00191     |
-----------------------------------------
----------------------------------------
| rollout/                |            |
|    ep_len_mean          | 18.4       |
|    ep_rew_mean          | 5.54       |
| time/                   |            |
|    fps                  | 58         |
|    iterations           | 101        |
|    time_elapsed         | 3536       |
|    total_timesteps      | 206848     |
| train/                  |            |
|    approx_kl            | 0.01946494 |
|    clip_fraction        | 0.246      |
|    clip_range           | 0.2        |
|    entropy_loss         | -7.01      |
|    explained_variance   | 0.189      |
|    learning_rate        | 0.0003     |
|    loss                 | -0.0464    |
|    n_updates            | 1000       |
|    policy_gradient_loss | -0.0298    |
|    std                  | 0.662      |
|    value_loss           | 0.000964   |
----------------------------------------
-----------------------------------------
| rollout/                |             |
|    ep_len_mean          | 16.6        |
|    ep_rew_mean          | 5.9         |
| time/                   |             |
|    fps                  | 58          |
|    iterations           | 102         |
|    time_elapsed         | 3578        |
|    total_timesteps      | 208896      |
| train/                  |             |
|    approx_kl            | 0.020185163 |
|    clip_fraction        | 0.255       |
|    clip_range           | 0.2         |
|    entropy_loss         | -6.96       |
|    explained_variance   | 0.361       |
|    learning_rate        | 0.0003      |
|    loss                 | -0.0703     |
|    n_updates            | 1010        |
|    policy_gradient_loss | -0.0317     |
|    std                  | 0.659       |
|    value_loss           | 0.000714    |
-----------------------------------------
-----------------------------------------
| rollout/                |             |
|    ep_len_mean          | 17.9        |
|    ep_rew_mean          | 5.41        |
| time/                   |             |
|    fps                  | 58          |
|    iterations           | 103         |
|    time_elapsed         | 3620        |
|    total_timesteps      | 210944      |
| train/                  |             |
|    approx_kl            | 0.018053789 |
|    clip_fraction        | 0.226       |
|    clip_range           | 0.2         |
|    entropy_loss         | -6.9        |
|    explained_variance   | 0.319       |
|    learning_rate        | 0.0003      |
|    loss                 | -0.0501     |
|    n_updates            | 1020        |
|    policy_gradient_loss | -0.026      |
|    std                  | 0.652       |
|    value_loss           | 0.000772    |
-----------------------------------------
---------------------------------------
| rollout/                |           |
|    ep_len_mean          | 21.5      |
|    ep_rew_mean          | 3.22      |
| time/                   |           |
|    fps                  | 58        |
|    iterations           | 104       |
|    time_elapsed         | 3660      |
|    total_timesteps      | 212992    |
| train/                  |           |
|    approx_kl            | 0.0219803 |
|    clip_fraction        | 0.234     |
|    clip_range           | 0.2       |
|    entropy_loss         | -6.85     |
|    explained_variance   | 0.834     |
|    learning_rate        | 0.0003    |
|    loss                 | -0.0661   |
|    n_updates            | 1030      |
|    policy_gradient_loss | -0.0282   |
|    std                  | 0.649     |
|    value_loss           | 0.000977  |
---------------------------------------
-----------------------------------------
| rollout/                |             |
|    ep_len_mean          | 18.6        |
|    ep_rew_mean          | 5.5         |
| time/                   |             |
|    fps                  | 58          |
|    iterations           | 105         |
|    time_elapsed         | 3702        |
|    total_timesteps      | 215040      |
| train/                  |             |
|    approx_kl            | 0.021204352 |
|    clip_fraction        | 0.241       |
|    clip_range           | 0.2         |
|    entropy_loss         | -6.83       |
|    explained_variance   | 0.777       |
|    learning_rate        | 0.0003      |
|    loss                 | -0.037      |
|    n_updates            | 1040        |
|    policy_gradient_loss | -0.0304     |
|    std                  | 0.648       |
|    value_loss           | 0.00316     |
-----------------------------------------
-----------------------------------------
| rollout/                |             |
|    ep_len_mean          | 17.1        |
|    ep_rew_mean          | 5.93        |
| time/                   |             |
|    fps                  | 57          |
|    iterations           | 106         |
|    time_elapsed         | 3744        |
|    total_timesteps      | 217088      |
| train/                  |             |
|    approx_kl            | 0.020340107 |
|    clip_fraction        | 0.248       |
|    clip_range           | 0.2         |
|    entropy_loss         | -6.78       |
|    explained_variance   | 0.191       |
|    learning_rate        | 0.0003      |
|    loss                 | -0.0371     |
|    n_updates            | 1050        |
|    policy_gradient_loss | -0.0327     |
|    std                  | 0.642       |
|    value_loss           | 0.00134     |
-----------------------------------------
-----------------------------------------
| rollout/                |             |
|    ep_len_mean          | 17.6        |
|    ep_rew_mean          | 5.52        |
| time/                   |             |
|    fps                  | 57          |
|    iterations           | 107         |
|    time_elapsed         | 3785        |
|    total_timesteps      | 219136      |
| train/                  |             |
|    approx_kl            | 0.018120714 |
|    clip_fraction        | 0.229       |
|    clip_range           | 0.2         |
|    entropy_loss         | -6.72       |
|    explained_variance   | 0.282       |
|    learning_rate        | 0.0003      |
|    loss                 | -0.0353     |
|    n_updates            | 1060        |
|    policy_gradient_loss | -0.0257     |
|    std                  | 0.635       |
|    value_loss           | 0.00083     |
-----------------------------------------
-----------------------------------------
| rollout/                |             |
|    ep_len_mean          | 17.9        |
|    ep_rew_mean          | 5.49        |
| time/                   |             |
|    fps                  | 57          |
|    iterations           | 108         |
|    time_elapsed         | 3827        |
|    total_timesteps      | 221184      |
| train/                  |             |
|    approx_kl            | 0.020343844 |
|    clip_fraction        | 0.231       |
|    clip_range           | 0.2         |
|    entropy_loss         | -6.66       |
|    explained_variance   | 0.299       |
|    learning_rate        | 0.0003      |
|    loss                 | -0.0406     |
|    n_updates            | 1070        |
|    policy_gradient_loss | -0.0276     |
|    std                  | 0.631       |
|    value_loss           | 0.00097     |
-----------------------------------------
-----------------------------------------
| rollout/                |             |
|    ep_len_mean          | 17.1        |
|    ep_rew_mean          | 5.75        |
| time/                   |             |
|    fps                  | 57          |
|    iterations           | 109         |
|    time_elapsed         | 3869        |
|    total_timesteps      | 223232      |
| train/                  |             |
|    approx_kl            | 0.021801721 |
|    clip_fraction        | 0.233       |
|    clip_range           | 0.2         |
|    entropy_loss         | -6.63       |
|    explained_variance   | 0.323       |
|    learning_rate        | 0.0003      |
|    loss                 | -0.0241     |
|    n_updates            | 1080        |
|    policy_gradient_loss | -0.0273     |
|    std                  | 0.629       |
|    value_loss           | 0.00106     |
-----------------------------------------
-----------------------------------------
| rollout/                |             |
|    ep_len_mean          | 16.4        |
|    ep_rew_mean          | 6.14        |
| time/                   |             |
|    fps                  | 57          |
|    iterations           | 110         |
|    time_elapsed         | 3911        |
|    total_timesteps      | 225280      |
| train/                  |             |
|    approx_kl            | 0.021490142 |
|    clip_fraction        | 0.251       |
|    clip_range           | 0.2         |
|    entropy_loss         | -6.59       |
|    explained_variance   | 0.293       |
|    learning_rate        | 0.0003      |
|    loss                 | -0.0403     |
|    n_updates            | 1090        |
|    policy_gradient_loss | -0.0313     |
|    std                  | 0.624       |
|    value_loss           | 0.00098     |
-----------------------------------------
-----------------------------------------
| rollout/                |             |
|    ep_len_mean          | 16.1        |
|    ep_rew_mean          | 6.12        |
| time/                   |             |
|    fps                  | 57          |
|    iterations           | 111         |
|    time_elapsed         | 3954        |
|    total_timesteps      | 227328      |
| train/                  |             |
|    approx_kl            | 0.023048993 |
|    clip_fraction        | 0.257       |
|    clip_range           | 0.2         |
|    entropy_loss         | -6.53       |
|    explained_variance   | 0.442       |
|    learning_rate        | 0.0003      |
|    loss                 | -0.0374     |
|    n_updates            | 1100        |
|    policy_gradient_loss | -0.0329     |
|    std                  | 0.619       |
|    value_loss           | 0.000753    |
-----------------------------------------
-----------------------------------------
| rollout/                |             |
|    ep_len_mean          | 15.3        |
|    ep_rew_mean          | 6.48        |
| time/                   |             |
|    fps                  | 57          |
|    iterations           | 112         |
|    time_elapsed         | 3997        |
|    total_timesteps      | 229376      |
| train/                  |             |
|    approx_kl            | 0.021170102 |
|    clip_fraction        | 0.263       |
|    clip_range           | 0.2         |
|    entropy_loss         | -6.49       |
|    explained_variance   | 0.283       |
|    learning_rate        | 0.0003      |
|    loss                 | -0.0752     |
|    n_updates            | 1110        |
|    policy_gradient_loss | -0.0338     |
|    std                  | 0.616       |
|    value_loss           | 0.000984    |
-----------------------------------------
-----------------------------------------
| rollout/                |             |
|    ep_len_mean          | 16.5        |
|    ep_rew_mean          | 6.03        |
| time/                   |             |
|    fps                  | 57          |
|    iterations           | 113         |
|    time_elapsed         | 4040        |
|    total_timesteps      | 231424      |
| train/                  |             |
|    approx_kl            | 0.020021718 |
|    clip_fraction        | 0.243       |
|    clip_range           | 0.2         |
|    entropy_loss         | -6.44       |
|    explained_variance   | 0.377       |
|    learning_rate        | 0.0003      |
|    loss                 | -0.0376     |
|    n_updates            | 1120        |
|    policy_gradient_loss | -0.0265     |
|    std                  | 0.61        |
|    value_loss           | 0.00059     |
-----------------------------------------
----------------------------------------
| rollout/                |            |
|    ep_len_mean          | 18.6       |
|    ep_rew_mean          | 5.73       |
| time/                   |            |
|    fps                  | 57         |
|    iterations           | 114        |
|    time_elapsed         | 4081       |
|    total_timesteps      | 233472     |
| train/                  |            |
|    approx_kl            | 0.02092772 |
|    clip_fraction        | 0.24       |
|    clip_range           | 0.2        |
|    entropy_loss         | -6.41      |
|    explained_variance   | 0.406      |
|    learning_rate        | 0.0003     |
|    loss                 | -0.0138    |
|    n_updates            | 1130       |
|    policy_gradient_loss | -0.0289    |
|    std                  | 0.611      |
|    value_loss           | 0.000794   |
----------------------------------------
-----------------------------------------
| rollout/                |             |
|    ep_len_mean          | 15.1        |
|    ep_rew_mean          | 6.63        |
| time/                   |             |
|    fps                  | 57          |
|    iterations           | 115         |
|    time_elapsed         | 4124        |
|    total_timesteps      | 235520      |
| train/                  |             |
|    approx_kl            | 0.021331636 |
|    clip_fraction        | 0.235       |
|    clip_range           | 0.2         |
|    entropy_loss         | -6.39       |
|    explained_variance   | 0.607       |
|    learning_rate        | 0.0003      |
|    loss                 | -0.0478     |
|    n_updates            | 1140        |
|    policy_gradient_loss | -0.03       |
|    std                  | 0.607       |
|    value_loss           | 0.000791    |
-----------------------------------------
-----------------------------------------
| rollout/                |             |
|    ep_len_mean          | 15.6        |
|    ep_rew_mean          | 6.5         |
| time/                   |             |
|    fps                  | 56          |
|    iterations           | 116         |
|    time_elapsed         | 4168        |
|    total_timesteps      | 237568      |
| train/                  |             |
|    approx_kl            | 0.017477524 |
|    clip_fraction        | 0.216       |
|    clip_range           | 0.2         |
|    entropy_loss         | -6.33       |
|    explained_variance   | 0.445       |
|    learning_rate        | 0.0003      |
|    loss                 | -0.0379     |
|    n_updates            | 1150        |
|    policy_gradient_loss | -0.0212     |
|    std                  | 0.601       |
|    value_loss           | 0.000694    |
-----------------------------------------
-----------------------------------------
| rollout/                |             |
|    ep_len_mean          | 16.5        |
|    ep_rew_mean          | 6.13        |
| time/                   |             |
|    fps                  | 56          |
|    iterations           | 117         |
|    time_elapsed         | 4210        |
|    total_timesteps      | 239616      |
| train/                  |             |
|    approx_kl            | 0.018723618 |
|    clip_fraction        | 0.252       |
|    clip_range           | 0.2         |
|    entropy_loss         | -6.28       |
|    explained_variance   | 0.48        |
|    learning_rate        | 0.0003      |
|    loss                 | -0.032      |
|    n_updates            | 1160        |
|    policy_gradient_loss | -0.0285     |
|    std                  | 0.598       |
|    value_loss           | 0.000808    |
-----------------------------------------
----------------------------------------
| rollout/                |            |
|    ep_len_mean          | 16.1       |
|    ep_rew_mean          | 6.05       |
| time/                   |            |
|    fps                  | 56         |
|    iterations           | 118        |
|    time_elapsed         | 4253       |
|    total_timesteps      | 241664     |
| train/                  |            |
|    approx_kl            | 0.02174031 |
|    clip_fraction        | 0.242      |
|    clip_range           | 0.2        |
|    entropy_loss         | -6.26      |
|    explained_variance   | 0.644      |
|    learning_rate        | 0.0003     |
|    loss                 | -0.021     |
|    n_updates            | 1170       |
|    policy_gradient_loss | -0.0277    |
|    std                  | 0.598      |
|    value_loss           | 0.000674   |
----------------------------------------
-----------------------------------------
| rollout/                |             |
|    ep_len_mean          | 18.1        |
|    ep_rew_mean          | 5.31        |
| time/                   |             |
|    fps                  | 56          |
|    iterations           | 119         |
|    time_elapsed         | 4295        |
|    total_timesteps      | 243712      |
| train/                  |             |
|    approx_kl            | 0.021721685 |
|    clip_fraction        | 0.256       |
|    clip_range           | 0.2         |
|    entropy_loss         | -6.23       |
|    explained_variance   | 0.374       |
|    learning_rate        | 0.0003      |
|    loss                 | -0.0288     |
|    n_updates            | 1180        |
|    policy_gradient_loss | -0.0304     |
|    std                  | 0.594       |
|    value_loss           | 0.000944    |
-----------------------------------------
-----------------------------------------
| rollout/                |             |
|    ep_len_mean          | 16.5        |
|    ep_rew_mean          | 6.14        |
| time/                   |             |
|    fps                  | 56          |
|    iterations           | 120         |
|    time_elapsed         | 4338        |
|    total_timesteps      | 245760      |
| train/                  |             |
|    approx_kl            | 0.026580282 |
|    clip_fraction        | 0.27        |
|    clip_range           | 0.2         |
|    entropy_loss         | -6.2        |
|    explained_variance   | 0.518       |
|    learning_rate        | 0.0003      |
|    loss                 | -0.0476     |
|    n_updates            | 1190        |
|    policy_gradient_loss | -0.0309     |
|    std                  | 0.592       |
|    value_loss           | 0.00134     |
-----------------------------------------
-----------------------------------------
| rollout/                |             |
|    ep_len_mean          | 16          |
|    ep_rew_mean          | 6.35        |
| time/                   |             |
|    fps                  | 56          |
|    iterations           | 121         |
|    time_elapsed         | 4380        |
|    total_timesteps      | 247808      |
| train/                  |             |
|    approx_kl            | 0.020485189 |
|    clip_fraction        | 0.232       |
|    clip_range           | 0.2         |
|    entropy_loss         | -6.18       |
|    explained_variance   | 0.574       |
|    learning_rate        | 0.0003      |
|    loss                 | -0.0675     |
|    n_updates            | 1200        |
|    policy_gradient_loss | -0.0297     |
|    std                  | 0.591       |
|    value_loss           | 0.00117     |
-----------------------------------------
----------------------------------------
| rollout/                |            |
|    ep_len_mean          | 15.1       |
|    ep_rew_mean          | 6.75       |
| time/                   |            |
|    fps                  | 56         |
|    iterations           | 122        |
|    time_elapsed         | 4423       |
|    total_timesteps      | 249856     |
| train/                  |            |
|    approx_kl            | 0.02114572 |
|    clip_fraction        | 0.258      |
|    clip_range           | 0.2        |
|    entropy_loss         | -6.16      |
|    explained_variance   | 0.634      |
|    learning_rate        | 0.0003     |
|    loss                 | -0.0633    |
|    n_updates            | 1210       |
|    policy_gradient_loss | -0.0322    |
|    std                  | 0.589      |
|    value_loss           | 0.000844   |
----------------------------------------
-----------------------------------------
| rollout/                |             |
|    ep_len_mean          | 16.2        |
|    ep_rew_mean          | 6.27        |
| time/                   |             |
|    fps                  | 56          |
|    iterations           | 123         |
|    time_elapsed         | 4466        |
|    total_timesteps      | 251904      |
| train/                  |             |
|    approx_kl            | 0.019827552 |
|    clip_fraction        | 0.257       |
|    clip_range           | 0.2         |
|    entropy_loss         | -6.11       |
|    explained_variance   | 0.299       |
|    learning_rate        | 0.0003      |
|    loss                 | -0.00439    |
|    n_updates            | 1220        |
|    policy_gradient_loss | -0.0275     |
|    std                  | 0.582       |
|    value_loss           | 0.00092     |
-----------------------------------------
-----------------------------------------
| rollout/                |             |
|    ep_len_mean          | 13.6        |
|    ep_rew_mean          | 7.1         |
| time/                   |             |
|    fps                  | 56          |
|    iterations           | 124         |
|    time_elapsed         | 4509        |
|    total_timesteps      | 253952      |
| train/                  |             |
|    approx_kl            | 0.022383597 |
|    clip_fraction        | 0.258       |
|    clip_range           | 0.2         |
|    entropy_loss         | -6.03       |
|    explained_variance   | 0.369       |
|    learning_rate        | 0.0003      |
|    loss                 | -0.0366     |
|    n_updates            | 1230        |
|    policy_gradient_loss | -0.0253     |
|    std                  | 0.576       |
|    value_loss           | 0.000938    |
-----------------------------------------
-----------------------------------------
| rollout/                |             |
|    ep_len_mean          | 15.2        |
|    ep_rew_mean          | 6.71        |
| time/                   |             |
|    fps                  | 56          |
|    iterations           | 125         |
|    time_elapsed         | 4552        |
|    total_timesteps      | 256000      |
| train/                  |             |
|    approx_kl            | 0.023223747 |
|    clip_fraction        | 0.244       |
|    clip_range           | 0.2         |
|    entropy_loss         | -5.96       |
|    explained_variance   | 0.419       |
|    learning_rate        | 0.0003      |
|    loss                 | -0.0249     |
|    n_updates            | 1240        |
|    policy_gradient_loss | -0.0273     |
|    std                  | 0.571       |
|    value_loss           | 0.00076     |
-----------------------------------------
-----------------------------------------
| rollout/                |             |
|    ep_len_mean          | 14.6        |
|    ep_rew_mean          | 7.06        |
| time/                   |             |
|    fps                  | 56          |
|    iterations           | 126         |
|    time_elapsed         | 4595        |
|    total_timesteps      | 258048      |
| train/                  |             |
|    approx_kl            | 0.022703547 |
|    clip_fraction        | 0.241       |
|    clip_range           | 0.2         |
|    entropy_loss         | -5.91       |
|    explained_variance   | 0.781       |
|    learning_rate        | 0.0003      |
|    loss                 | -0.0666     |
|    n_updates            | 1250        |
|    policy_gradient_loss | -0.0237     |
|    std                  | 0.567       |
|    value_loss           | 0.00217     |
-----------------------------------------
-----------------------------------------
| rollout/                |             |
|    ep_len_mean          | 14.3        |
|    ep_rew_mean          | 6.94        |
| time/                   |             |
|    fps                  | 56          |
|    iterations           | 127         |
|    time_elapsed         | 4639        |
|    total_timesteps      | 260096      |
| train/                  |             |
|    approx_kl            | 0.020974617 |
|    clip_fraction        | 0.252       |
|    clip_range           | 0.2         |
|    entropy_loss         | -5.87       |
|    explained_variance   | 0.468       |
|    learning_rate        | 0.0003      |
|    loss                 | -0.026      |
|    n_updates            | 1260        |
|    policy_gradient_loss | -0.029      |
|    std                  | 0.564       |
|    value_loss           | 0.000724    |
-----------------------------------------
-----------------------------------------
| rollout/                |             |
|    ep_len_mean          | 14.6        |
|    ep_rew_mean          | 6.75        |
| time/                   |             |
|    fps                  | 55          |
|    iterations           | 128         |
|    time_elapsed         | 4683        |
|    total_timesteps      | 262144      |
| train/                  |             |
|    approx_kl            | 0.023557987 |
|    clip_fraction        | 0.27        |
|    clip_range           | 0.2         |
|    entropy_loss         | -5.83       |
|    explained_variance   | 0.47        |
|    learning_rate        | 0.0003      |
|    loss                 | -0.0489     |
|    n_updates            | 1270        |
|    policy_gradient_loss | -0.0283     |
|    std                  | 0.561       |
|    value_loss           | 0.000594    |
-----------------------------------------
-----------------------------------------
| rollout/                |             |
|    ep_len_mean          | 13.6        |
|    ep_rew_mean          | 7.29        |
| time/                   |             |
|    fps                  | 55          |
|    iterations           | 129         |
|    time_elapsed         | 4726        |
|    total_timesteps      | 264192      |
| train/                  |             |
|    approx_kl            | 0.023859031 |
|    clip_fraction        | 0.285       |
|    clip_range           | 0.2         |
|    entropy_loss         | -5.8        |
|    explained_variance   | 0.455       |
|    learning_rate        | 0.0003      |
|    loss                 | -0.0241     |
|    n_updates            | 1280        |
|    policy_gradient_loss | -0.0303     |
|    std                  | 0.559       |
|    value_loss           | 0.000847    |
-----------------------------------------
----------------------------------------
| rollout/                |            |
|    ep_len_mean          | 14.1       |
|    ep_rew_mean          | 7.18       |
| time/                   |            |
|    fps                  | 55         |
|    iterations           | 130        |
|    time_elapsed         | 4770       |
|    total_timesteps      | 266240     |
| train/                  |            |
|    approx_kl            | 0.02454526 |
|    clip_fraction        | 0.29       |
|    clip_range           | 0.2        |
|    entropy_loss         | -5.76      |
|    explained_variance   | 0.463      |
|    learning_rate        | 0.0003     |
|    loss                 | -0.0682    |
|    n_updates            | 1290       |
|    policy_gradient_loss | -0.0321    |
|    std                  | 0.554      |
|    value_loss           | 0.000732   |
----------------------------------------
-----------------------------------------
| rollout/                |             |
|    ep_len_mean          | 14.5        |
|    ep_rew_mean          | 7.02        |
| time/                   |             |
|    fps                  | 55          |
|    iterations           | 131         |
|    time_elapsed         | 4814        |
|    total_timesteps      | 268288      |
| train/                  |             |
|    approx_kl            | 0.019860856 |
|    clip_fraction        | 0.239       |
|    clip_range           | 0.2         |
|    entropy_loss         | -5.69       |
|    explained_variance   | 0.487       |
|    learning_rate        | 0.0003      |
|    loss                 | -0.0305     |
|    n_updates            | 1300        |
|    policy_gradient_loss | -0.0236     |
|    std                  | 0.548       |
|    value_loss           | 0.000714    |
-----------------------------------------
-----------------------------------------
| rollout/                |             |
|    ep_len_mean          | 15.8        |
|    ep_rew_mean          | 6.46        |
| time/                   |             |
|    fps                  | 55          |
|    iterations           | 132         |
|    time_elapsed         | 4857        |
|    total_timesteps      | 270336      |
| train/                  |             |
|    approx_kl            | 0.025147509 |
|    clip_fraction        | 0.285       |
|    clip_range           | 0.2         |
|    entropy_loss         | -5.63       |
|    explained_variance   | 0.575       |
|    learning_rate        | 0.0003      |
|    loss                 | -0.0466     |
|    n_updates            | 1310        |
|    policy_gradient_loss | -0.0289     |
|    std                  | 0.545       |
|    value_loss           | 0.00056     |
-----------------------------------------
-----------------------------------------
| rollout/                |             |
|    ep_len_mean          | 14.1        |
|    ep_rew_mean          | 7.25        |
| time/                   |             |
|    fps                  | 55          |
|    iterations           | 133         |
|    time_elapsed         | 4901        |
|    total_timesteps      | 272384      |
| train/                  |             |
|    approx_kl            | 0.023639353 |
|    clip_fraction        | 0.244       |
|    clip_range           | 0.2         |
|    entropy_loss         | -5.6        |
|    explained_variance   | 0.556       |
|    learning_rate        | 0.0003      |
|    loss                 | -0.0399     |
|    n_updates            | 1320        |
|    policy_gradient_loss | -0.0306     |
|    std                  | 0.542       |
|    value_loss           | 0.000865    |
-----------------------------------------
-----------------------------------------
| rollout/                |             |
|    ep_len_mean          | 15.1        |
|    ep_rew_mean          | 6.96        |
| time/                   |             |
|    fps                  | 55          |
|    iterations           | 134         |
|    time_elapsed         | 4943        |
|    total_timesteps      | 274432      |
| train/                  |             |
|    approx_kl            | 0.022683283 |
|    clip_fraction        | 0.252       |
|    clip_range           | 0.2         |
|    entropy_loss         | -5.54       |
|    explained_variance   | 0.475       |
|    learning_rate        | 0.0003      |
|    loss                 | -0.0516     |
|    n_updates            | 1330        |
|    policy_gradient_loss | -0.0282     |
|    std                  | 0.538       |
|    value_loss           | 0.000854    |
-----------------------------------------
-----------------------------------------
| rollout/                |             |
|    ep_len_mean          | 14.5        |
|    ep_rew_mean          | 7.07        |
| time/                   |             |
|    fps                  | 55          |
|    iterations           | 135         |
|    time_elapsed         | 4987        |
|    total_timesteps      | 276480      |
| train/                  |             |
|    approx_kl            | 0.023805803 |
|    clip_fraction        | 0.273       |
|    clip_range           | 0.2         |
|    entropy_loss         | -5.51       |
|    explained_variance   | 0.582       |
|    learning_rate        | 0.0003      |
|    loss                 | -0.0415     |
|    n_updates            | 1340        |
|    policy_gradient_loss | -0.0313     |
|    std                  | 0.536       |
|    value_loss           | 0.00111     |
-----------------------------------------
-----------------------------------------
| rollout/                |             |
|    ep_len_mean          | 14.1        |
|    ep_rew_mean          | 7.01        |
| time/                   |             |
|    fps                  | 55          |
|    iterations           | 136         |
|    time_elapsed         | 5031        |
|    total_timesteps      | 278528      |
| train/                  |             |
|    approx_kl            | 0.022889469 |
|    clip_fraction        | 0.281       |
|    clip_range           | 0.2         |
|    entropy_loss         | -5.47       |
|    explained_variance   | 0.667       |
|    learning_rate        | 0.0003      |
|    loss                 | -0.0438     |
|    n_updates            | 1350        |
|    policy_gradient_loss | -0.029      |
|    std                  | 0.532       |
|    value_loss           | 0.00103     |
-----------------------------------------
-----------------------------------------
| rollout/                |             |
|    ep_len_mean          | 13.9        |
|    ep_rew_mean          | 7.31        |
| time/                   |             |
|    fps                  | 55          |
|    iterations           | 137         |
|    time_elapsed         | 5075        |
|    total_timesteps      | 280576      |
| train/                  |             |
|    approx_kl            | 0.025597781 |
|    clip_fraction        | 0.273       |
|    clip_range           | 0.2         |
|    entropy_loss         | -5.4        |
|    explained_variance   | 0.383       |
|    learning_rate        | 0.0003      |
|    loss                 | -0.02       |
|    n_updates            | 1360        |
|    policy_gradient_loss | -0.0246     |
|    std                  | 0.527       |
|    value_loss           | 0.000971    |
-----------------------------------------
-----------------------------------------
| rollout/                |             |
|    ep_len_mean          | 13.4        |
|    ep_rew_mean          | 7.42        |
| time/                   |             |
|    fps                  | 55          |
|    iterations           | 138         |
|    time_elapsed         | 5119        |
|    total_timesteps      | 282624      |
| train/                  |             |
|    approx_kl            | 0.025233023 |
|    clip_fraction        | 0.288       |
|    clip_range           | 0.2         |
|    entropy_loss         | -5.34       |
|    explained_variance   | 0.457       |
|    learning_rate        | 0.0003      |
|    loss                 | -0.0637     |
|    n_updates            | 1370        |
|    policy_gradient_loss | -0.0246     |
|    std                  | 0.523       |
|    value_loss           | 0.000787    |
-----------------------------------------
-----------------------------------------
| rollout/                |             |
|    ep_len_mean          | 13.3        |
|    ep_rew_mean          | 7.55        |
| time/                   |             |
|    fps                  | 55          |
|    iterations           | 139         |
|    time_elapsed         | 5163        |
|    total_timesteps      | 284672      |
| train/                  |             |
|    approx_kl            | 0.031337596 |
|    clip_fraction        | 0.318       |
|    clip_range           | 0.2         |
|    entropy_loss         | -5.27       |
|    explained_variance   | 0.528       |
|    learning_rate        | 0.0003      |
|    loss                 | 0.0103      |
|    n_updates            | 1380        |
|    policy_gradient_loss | -0.0293     |
|    std                  | 0.517       |
|    value_loss           | 0.000731    |
-----------------------------------------
----------------------------------------
| rollout/                |            |
|    ep_len_mean          | 14.2       |
|    ep_rew_mean          | 7.4        |
| time/                   |            |
|    fps                  | 55         |
|    iterations           | 140        |
|    time_elapsed         | 5207       |
|    total_timesteps      | 286720     |
| train/                  |            |
|    approx_kl            | 0.02345444 |
|    clip_fraction        | 0.281      |
|    clip_range           | 0.2        |
|    entropy_loss         | -5.21      |
|    explained_variance   | 0.584      |
|    learning_rate        | 0.0003     |
|    loss                 | -0.0449    |
|    n_updates            | 1390       |
|    policy_gradient_loss | -0.0264    |
|    std                  | 0.515      |
|    value_loss           | 0.000629   |
----------------------------------------
-----------------------------------------
| rollout/                |             |
|    ep_len_mean          | 13.4        |
|    ep_rew_mean          | 7.37        |
| time/                   |             |
|    fps                  | 54          |
|    iterations           | 141         |
|    time_elapsed         | 5251        |
|    total_timesteps      | 288768      |
| train/                  |             |
|    approx_kl            | 0.028078938 |
|    clip_fraction        | 0.299       |
|    clip_range           | 0.2         |
|    entropy_loss         | -5.17       |
|    explained_variance   | 0.605       |
|    learning_rate        | 0.0003      |
|    loss                 | -0.013      |
|    n_updates            | 1400        |
|    policy_gradient_loss | -0.0279     |
|    std                  | 0.51        |
|    value_loss           | 0.000598    |
-----------------------------------------
-----------------------------------------
| rollout/                |             |
|    ep_len_mean          | 13.3        |
|    ep_rew_mean          | 7.46        |
| time/                   |             |
|    fps                  | 54          |
|    iterations           | 142         |
|    time_elapsed         | 5296        |
|    total_timesteps      | 290816      |
| train/                  |             |
|    approx_kl            | 0.026936894 |
|    clip_fraction        | 0.284       |
|    clip_range           | 0.2         |
|    entropy_loss         | -5.12       |
|    explained_variance   | 0.576       |
|    learning_rate        | 0.0003      |
|    loss                 | -0.0288     |
|    n_updates            | 1410        |
|    policy_gradient_loss | -0.0283     |
|    std                  | 0.507       |
|    value_loss           | 0.000651    |
-----------------------------------------
-----------------------------------------
| rollout/                |             |
|    ep_len_mean          | 13.2        |
|    ep_rew_mean          | 7.42        |
| time/                   |             |
|    fps                  | 54          |
|    iterations           | 143         |
|    time_elapsed         | 5341        |
|    total_timesteps      | 292864      |
| train/                  |             |
|    approx_kl            | 0.023507528 |
|    clip_fraction        | 0.271       |
|    clip_range           | 0.2         |
|    entropy_loss         | -5.08       |
|    explained_variance   | 0.588       |
|    learning_rate        | 0.0003      |
|    loss                 | -0.00765    |
|    n_updates            | 1420        |
|    policy_gradient_loss | -0.0212     |
|    std                  | 0.505       |
|    value_loss           | 0.000629    |
-----------------------------------------
-----------------------------------------
| rollout/                |             |
|    ep_len_mean          | 13.4        |
|    ep_rew_mean          | 7.51        |
| time/                   |             |
|    fps                  | 54          |
|    iterations           | 144         |
|    time_elapsed         | 5385        |
|    total_timesteps      | 294912      |
| train/                  |             |
|    approx_kl            | 0.023753831 |
|    clip_fraction        | 0.269       |
|    clip_range           | 0.2         |
|    entropy_loss         | -5.03       |
|    explained_variance   | 0.577       |
|    learning_rate        | 0.0003      |
|    loss                 | -0.0434     |
|    n_updates            | 1430        |
|    policy_gradient_loss | -0.0256     |
|    std                  | 0.5         |
|    value_loss           | 0.000575    |
-----------------------------------------
-----------------------------------------
| rollout/                |             |
|    ep_len_mean          | 14.1        |
|    ep_rew_mean          | 7.4         |
| time/                   |             |
|    fps                  | 54          |
|    iterations           | 145         |
|    time_elapsed         | 5429        |
|    total_timesteps      | 296960      |
| train/                  |             |
|    approx_kl            | 0.026426926 |
|    clip_fraction        | 0.271       |
|    clip_range           | 0.2         |
|    entropy_loss         | -4.97       |
|    explained_variance   | 0.658       |
|    learning_rate        | 0.0003      |
|    loss                 | -0.0228     |
|    n_updates            | 1440        |
|    policy_gradient_loss | -0.0251     |
|    std                  | 0.497       |
|    value_loss           | 0.000493    |
-----------------------------------------
----------------------------------------
| rollout/                |            |
|    ep_len_mean          | 13.1       |
|    ep_rew_mean          | 7.73       |
| time/                   |            |
|    fps                  | 54         |
|    iterations           | 146        |
|    time_elapsed         | 5474       |
|    total_timesteps      | 299008     |
| train/                  |            |
|    approx_kl            | 0.02812054 |
|    clip_fraction        | 0.295      |
|    clip_range           | 0.2        |
|    entropy_loss         | -4.92      |
|    explained_variance   | 0.53       |
|    learning_rate        | 0.0003     |
|    loss                 | -0.0703    |
|    n_updates            | 1450       |
|    policy_gradient_loss | -0.0334    |
|    std                  | 0.492      |
|    value_loss           | 0.000754   |
----------------------------------------
-----------------------------------------
| rollout/                |             |
|    ep_len_mean          | 15.6        |
|    ep_rew_mean          | 3.33        |
| time/                   |             |
|    fps                  | 54          |
|    iterations           | 147         |
|    time_elapsed         | 5517        |
|    total_timesteps      | 301056      |
| train/                  |             |
|    approx_kl            | 0.028212208 |
|    clip_fraction        | 0.294       |
|    clip_range           | 0.2         |
|    entropy_loss         | -4.85       |
|    explained_variance   | 0.609       |
|    learning_rate        | 0.0003      |
|    loss                 | -0.0392     |
|    n_updates            | 1460        |
|    policy_gradient_loss | -0.0316     |
|    std                  | 0.488       |
|    value_loss           | 0.000631    |
-----------------------------------------
----------------------------------------
| rollout/                |            |
|    ep_len_mean          | 13.8       |
|    ep_rew_mean          | 7.3        |
| time/                   |            |
|    fps                  | 54         |
|    iterations           | 148        |
|    time_elapsed         | 5561       |
|    total_timesteps      | 303104     |
| train/                  |            |
|    approx_kl            | 0.05477988 |
|    clip_fraction        | 0.261      |
|    clip_range           | 0.2        |
|    entropy_loss         | -4.81      |
|    explained_variance   | 0.757      |
|    learning_rate        | 0.0003     |
|    loss                 | -0.0713    |
|    n_updates            | 1470       |
|    policy_gradient_loss | -0.0338    |
|    std                  | 0.484      |
|    value_loss           | 0.00285    |
----------------------------------------
----------------------------------------
| rollout/                |            |
|    ep_len_mean          | 13.8       |
|    ep_rew_mean          | 7.47       |
| time/                   |            |
|    fps                  | 54         |
|    iterations           | 149        |
|    time_elapsed         | 5605       |
|    total_timesteps      | 305152     |
| train/                  |            |
|    approx_kl            | 0.02768549 |
|    clip_fraction        | 0.315      |
|    clip_range           | 0.2        |
|    entropy_loss         | -4.75      |
|    explained_variance   | 0.51       |
|    learning_rate        | 0.0003     |
|    loss                 | -0.0373    |
|    n_updates            | 1480       |
|    policy_gradient_loss | -0.0284    |
|    std                  | 0.481      |
|    value_loss           | 0.000923   |
----------------------------------------
-----------------------------------------
| rollout/                |             |
|    ep_len_mean          | 12.8        |
|    ep_rew_mean          | 7.74        |
| time/                   |             |
|    fps                  | 54          |
|    iterations           | 150         |
|    time_elapsed         | 5649        |
|    total_timesteps      | 307200      |
| train/                  |             |
|    approx_kl            | 0.028398674 |
|    clip_fraction        | 0.288       |
|    clip_range           | 0.2         |
|    entropy_loss         | -4.72       |
|    explained_variance   | 0.511       |
|    learning_rate        | 0.0003      |
|    loss                 | -0.0299     |
|    n_updates            | 1490        |
|    policy_gradient_loss | -0.0282     |
|    std                  | 0.48        |
|    value_loss           | 0.00084     |
-----------------------------------------
---------------------------------------
| rollout/                |           |
|    ep_len_mean          | 13.2      |
|    ep_rew_mean          | 7.72      |
| time/                   |           |
|    fps                  | 54        |
|    iterations           | 151       |
|    time_elapsed         | 5694      |
|    total_timesteps      | 309248    |
| train/                  |           |
|    approx_kl            | 0.0217884 |
|    clip_fraction        | 0.271     |
|    clip_range           | 0.2       |
|    entropy_loss         | -4.7      |
|    explained_variance   | 0.558     |
|    learning_rate        | 0.0003    |
|    loss                 | -0.0249   |
|    n_updates            | 1500      |
|    policy_gradient_loss | -0.0213   |
|    std                  | 0.478     |
|    value_loss           | 0.000679  |
---------------------------------------
-----------------------------------------
| rollout/                |             |
|    ep_len_mean          | 13.6        |
|    ep_rew_mean          | 7.5         |
| time/                   |             |
|    fps                  | 54          |
|    iterations           | 152         |
|    time_elapsed         | 5738        |
|    total_timesteps      | 311296      |
| train/                  |             |
|    approx_kl            | 0.024279945 |
|    clip_fraction        | 0.293       |
|    clip_range           | 0.2         |
|    entropy_loss         | -4.66       |
|    explained_variance   | 0.655       |
|    learning_rate        | 0.0003      |
|    loss                 | -0.023      |
|    n_updates            | 1510        |
|    policy_gradient_loss | -0.0266     |
|    std                  | 0.476       |
|    value_loss           | 0.00058     |
-----------------------------------------
----------------------------------------
| rollout/                |            |
|    ep_len_mean          | 13.3       |
|    ep_rew_mean          | 7.47       |
| time/                   |            |
|    fps                  | 54         |
|    iterations           | 153        |
|    time_elapsed         | 5783       |
|    total_timesteps      | 313344     |
| train/                  |            |
|    approx_kl            | 0.02432295 |
|    clip_fraction        | 0.278      |
|    clip_range           | 0.2        |
|    entropy_loss         | -4.63      |
|    explained_variance   | 0.628      |
|    learning_rate        | 0.0003     |
|    loss                 | -0.0228    |
|    n_updates            | 1520       |
|    policy_gradient_loss | -0.0255    |
|    std                  | 0.474      |
|    value_loss           | 0.000587   |
----------------------------------------
-----------------------------------------
| rollout/                |             |
|    ep_len_mean          | 14.4        |
|    ep_rew_mean          | 7.24        |
| time/                   |             |
|    fps                  | 54          |
|    iterations           | 154         |
|    time_elapsed         | 5827        |
|    total_timesteps      | 315392      |
| train/                  |             |
|    approx_kl            | 0.025701126 |
|    clip_fraction        | 0.304       |
|    clip_range           | 0.2         |
|    entropy_loss         | -4.57       |
|    explained_variance   | 0.55        |
|    learning_rate        | 0.0003      |
|    loss                 | -0.0246     |
|    n_updates            | 1530        |
|    policy_gradient_loss | -0.03       |
|    std                  | 0.469       |
|    value_loss           | 0.000779    |
-----------------------------------------
-----------------------------------------
| rollout/                |             |
|    ep_len_mean          | 13.7        |
|    ep_rew_mean          | 7.43        |
| time/                   |             |
|    fps                  | 54          |
|    iterations           | 155         |
|    time_elapsed         | 5871        |
|    total_timesteps      | 317440      |
| train/                  |             |
|    approx_kl            | 0.027944766 |
|    clip_fraction        | 0.285       |
|    clip_range           | 0.2         |
|    entropy_loss         | -4.55       |
|    explained_variance   | 0.503       |
|    learning_rate        | 0.0003      |
|    loss                 | -0.0433     |
|    n_updates            | 1540        |
|    policy_gradient_loss | -0.03       |
|    std                  | 0.469       |
|    value_loss           | 0.001       |
-----------------------------------------
-----------------------------------------
| rollout/                |             |
|    ep_len_mean          | 12.7        |
|    ep_rew_mean          | 7.82        |
| time/                   |             |
|    fps                  | 53          |
|    iterations           | 156         |
|    time_elapsed         | 5916        |
|    total_timesteps      | 319488      |
| train/                  |             |
|    approx_kl            | 0.026616715 |
|    clip_fraction        | 0.318       |
|    clip_range           | 0.2         |
|    entropy_loss         | -4.53       |
|    explained_variance   | 0.535       |
|    learning_rate        | 0.0003      |
|    loss                 | -0.0571     |
|    n_updates            | 1550        |
|    policy_gradient_loss | -0.03       |
|    std                  | 0.466       |
|    value_loss           | 0.000752    |
-----------------------------------------
---------------------------------------
| rollout/                |           |
|    ep_len_mean          | 12.7      |
|    ep_rew_mean          | 7.8       |
| time/                   |           |
|    fps                  | 53        |
|    iterations           | 157       |
|    time_elapsed         | 5961      |
|    total_timesteps      | 321536    |
| train/                  |           |
|    approx_kl            | 0.0226725 |
|    clip_fraction        | 0.267     |
|    clip_range           | 0.2       |
|    entropy_loss         | -4.51     |
|    explained_variance   | 0.652     |
|    learning_rate        | 0.0003    |
|    loss                 | -0.0423   |
|    n_updates            | 1560      |
|    policy_gradient_loss | -0.0243   |
|    std                  | 0.466     |
|    value_loss           | 0.00058   |
---------------------------------------
-----------------------------------------
| rollout/                |             |
|    ep_len_mean          | 12.6        |
|    ep_rew_mean          | 7.8         |
| time/                   |             |
|    fps                  | 53          |
|    iterations           | 158         |
|    time_elapsed         | 6006        |
|    total_timesteps      | 323584      |
| train/                  |             |
|    approx_kl            | 0.026033102 |
|    clip_fraction        | 0.292       |
|    clip_range           | 0.2         |
|    entropy_loss         | -4.47       |
|    explained_variance   | 0.6         |
|    learning_rate        | 0.0003      |
|    loss                 | -0.0566     |
|    n_updates            | 1570        |
|    policy_gradient_loss | -0.0287     |
|    std                  | 0.462       |
|    value_loss           | 0.000674    |
-----------------------------------------
----------------------------------------
| rollout/                |            |
|    ep_len_mean          | 12.8       |
|    ep_rew_mean          | 7.8        |
| time/                   |            |
|    fps                  | 53         |
|    iterations           | 159        |
|    time_elapsed         | 6051       |
|    total_timesteps      | 325632     |
| train/                  |            |
|    approx_kl            | 0.02746145 |
|    clip_fraction        | 0.301      |
|    clip_range           | 0.2        |
|    entropy_loss         | -4.44      |
|    explained_variance   | 0.592      |
|    learning_rate        | 0.0003     |
|    loss                 | -0.0465    |
|    n_updates            | 1580       |
|    policy_gradient_loss | -0.0275    |
|    std                  | 0.461      |
|    value_loss           | 0.000628   |
----------------------------------------
-----------------------------------------
| rollout/                |             |
|    ep_len_mean          | 12.5        |
|    ep_rew_mean          | 7.8         |
| time/                   |             |
|    fps                  | 53          |
|    iterations           | 160         |
|    time_elapsed         | 6096        |
|    total_timesteps      | 327680      |
| train/                  |             |
|    approx_kl            | 0.024186403 |
|    clip_fraction        | 0.313       |
|    clip_range           | 0.2         |
|    entropy_loss         | -4.41       |
|    explained_variance   | 0.648       |
|    learning_rate        | 0.0003      |
|    loss                 | -0.0486     |
|    n_updates            | 1590        |
|    policy_gradient_loss | -0.0241     |
|    std                  | 0.458       |
|    value_loss           | 0.00158     |
-----------------------------------------
-----------------------------------------
| rollout/                |             |
|    ep_len_mean          | 13.3        |
|    ep_rew_mean          | 7.62        |
| time/                   |             |
|    fps                  | 53          |
|    iterations           | 161         |
|    time_elapsed         | 6141        |
|    total_timesteps      | 329728      |
| train/                  |             |
|    approx_kl            | 0.033218045 |
|    clip_fraction        | 0.314       |
|    clip_range           | 0.2         |
|    entropy_loss         | -4.37       |
|    explained_variance   | 0.663       |
|    learning_rate        | 0.0003      |
|    loss                 | -0.0297     |
|    n_updates            | 1600        |
|    policy_gradient_loss | -0.0332     |
|    std                  | 0.457       |
|    value_loss           | 0.00126     |
-----------------------------------------
-----------------------------------------
| rollout/                |             |
|    ep_len_mean          | 12.2        |
|    ep_rew_mean          | 8.02        |
| time/                   |             |
|    fps                  | 53          |
|    iterations           | 162         |
|    time_elapsed         | 6186        |
|    total_timesteps      | 331776      |
| train/                  |             |
|    approx_kl            | 0.027000118 |
|    clip_fraction        | 0.317       |
|    clip_range           | 0.2         |
|    entropy_loss         | -4.33       |
|    explained_variance   | 0.558       |
|    learning_rate        | 0.0003      |
|    loss                 | -0.025      |
|    n_updates            | 1610        |
|    policy_gradient_loss | -0.0278     |
|    std                  | 0.454       |
|    value_loss           | 0.000635    |
-----------------------------------------
-----------------------------------------
| rollout/                |             |
|    ep_len_mean          | 12.2        |
|    ep_rew_mean          | 7.9         |
| time/                   |             |
|    fps                  | 53          |
|    iterations           | 163         |
|    time_elapsed         | 6232        |
|    total_timesteps      | 333824      |
| train/                  |             |
|    approx_kl            | 0.026643846 |
|    clip_fraction        | 0.27        |
|    clip_range           | 0.2         |
|    entropy_loss         | -4.27       |
|    explained_variance   | 0.655       |
|    learning_rate        | 0.0003      |
|    loss                 | -0.0218     |
|    n_updates            | 1620        |
|    policy_gradient_loss | -0.0252     |
|    std                  | 0.45        |
|    value_loss           | 0.000564    |
-----------------------------------------
-----------------------------------------
| rollout/                |             |
|    ep_len_mean          | 12.8        |
|    ep_rew_mean          | 7.8         |
| time/                   |             |
|    fps                  | 53          |
|    iterations           | 164         |
|    time_elapsed         | 6278        |
|    total_timesteps      | 335872      |
| train/                  |             |
|    approx_kl            | 0.028136473 |
|    clip_fraction        | 0.303       |
|    clip_range           | 0.2         |
|    entropy_loss         | -4.22       |
|    explained_variance   | 0.703       |
|    learning_rate        | 0.0003      |
|    loss                 | -0.0085     |
|    n_updates            | 1630        |
|    policy_gradient_loss | -0.0254     |
|    std                  | 0.448       |
|    value_loss           | 0.00052     |
-----------------------------------------
-----------------------------------------
| rollout/                |             |
|    ep_len_mean          | 13.2        |
|    ep_rew_mean          | 7.52        |
| time/                   |             |
|    fps                  | 53          |
|    iterations           | 165         |
|    time_elapsed         | 6323        |
|    total_timesteps      | 337920      |
| train/                  |             |
|    approx_kl            | 0.029707681 |
|    clip_fraction        | 0.309       |
|    clip_range           | 0.2         |
|    entropy_loss         | -4.19       |
|    explained_variance   | 0.676       |
|    learning_rate        | 0.0003      |
|    loss                 | -0.0292     |
|    n_updates            | 1640        |
|    policy_gradient_loss | -0.0267     |
|    std                  | 0.447       |
|    value_loss           | 0.000566    |
-----------------------------------------
----------------------------------------
| rollout/                |            |
|    ep_len_mean          | 12.4       |
|    ep_rew_mean          | 7.86       |
| time/                   |            |
|    fps                  | 53         |
|    iterations           | 166        |
|    time_elapsed         | 6368       |
|    total_timesteps      | 339968     |
| train/                  |            |
|    approx_kl            | 0.03423029 |
|    clip_fraction        | 0.326      |
|    clip_range           | 0.2        |
|    entropy_loss         | -4.16      |
|    explained_variance   | 0.53       |
|    learning_rate        | 0.0003     |
|    loss                 | -0.0584    |
|    n_updates            | 1650       |
|    policy_gradient_loss | -0.0287    |
|    std                  | 0.444      |
|    value_loss           | 0.000969   |
----------------------------------------
-----------------------------------------
| rollout/                |             |
|    ep_len_mean          | 12.2        |
|    ep_rew_mean          | 7.96        |
| time/                   |             |
|    fps                  | 53          |
|    iterations           | 167         |
|    time_elapsed         | 6414        |
|    total_timesteps      | 342016      |
| train/                  |             |
|    approx_kl            | 0.027467305 |
|    clip_fraction        | 0.293       |
|    clip_range           | 0.2         |
|    entropy_loss         | -4.11       |
|    explained_variance   | 0.731       |
|    learning_rate        | 0.0003      |
|    loss                 | -0.0224     |
|    n_updates            | 1660        |
|    policy_gradient_loss | -0.0272     |
|    std                  | 0.44        |
|    value_loss           | 0.000456    |
-----------------------------------------
-----------------------------------------
| rollout/                |             |
|    ep_len_mean          | 11.6        |
|    ep_rew_mean          | 8.15        |
| time/                   |             |
|    fps                  | 53          |
|    iterations           | 168         |
|    time_elapsed         | 6461        |
|    total_timesteps      | 344064      |
| train/                  |             |
|    approx_kl            | 0.029266138 |
|    clip_fraction        | 0.305       |
|    clip_range           | 0.2         |
|    entropy_loss         | -4.05       |
|    explained_variance   | 0.695       |
|    learning_rate        | 0.0003      |
|    loss                 | -0.0153     |
|    n_updates            | 1670        |
|    policy_gradient_loss | -0.0264     |
|    std                  | 0.437       |
|    value_loss           | 0.000572    |
-----------------------------------------
-----------------------------------------
| rollout/                |             |
|    ep_len_mean          | 11.9        |
|    ep_rew_mean          | 8.08        |
| time/                   |             |
|    fps                  | 53          |
|    iterations           | 169         |
|    time_elapsed         | 6506        |
|    total_timesteps      | 346112      |
| train/                  |             |
|    approx_kl            | 0.028409831 |
|    clip_fraction        | 0.309       |
|    clip_range           | 0.2         |
|    entropy_loss         | -4.01       |
|    explained_variance   | 0.757       |
|    learning_rate        | 0.0003      |
|    loss                 | -0.0333     |
|    n_updates            | 1680        |
|    policy_gradient_loss | -0.0255     |
|    std                  | 0.434       |
|    value_loss           | 0.000431    |
-----------------------------------------
----------------------------------------
| rollout/                |            |
|    ep_len_mean          | 13.1       |
|    ep_rew_mean          | 7.62       |
| time/                   |            |
|    fps                  | 53         |
|    iterations           | 170        |
|    time_elapsed         | 6551       |
|    total_timesteps      | 348160     |
| train/                  |            |
|    approx_kl            | 0.02606887 |
|    clip_fraction        | 0.31       |
|    clip_range           | 0.2        |
|    entropy_loss         | -3.97      |
|    explained_variance   | 0.711      |
|    learning_rate        | 0.0003     |
|    loss                 | -0.0442    |
|    n_updates            | 1690       |
|    policy_gradient_loss | -0.0217    |
|    std                  | 0.433      |
|    value_loss           | 0.000565   |
----------------------------------------
-----------------------------------------
| rollout/                |             |
|    ep_len_mean          | 12.2        |
|    ep_rew_mean          | 8           |
| time/                   |             |
|    fps                  | 53          |
|    iterations           | 171         |
|    time_elapsed         | 6597        |
|    total_timesteps      | 350208      |
| train/                  |             |
|    approx_kl            | 0.030124232 |
|    clip_fraction        | 0.322       |
|    clip_range           | 0.2         |
|    entropy_loss         | -3.95       |
|    explained_variance   | 0.556       |
|    learning_rate        | 0.0003      |
|    loss                 | -0.0547     |
|    n_updates            | 1700        |
|    policy_gradient_loss | -0.032      |
|    std                  | 0.431       |
|    value_loss           | 0.000789    |
-----------------------------------------
-----------------------------------------
| rollout/                |             |
|    ep_len_mean          | 12          |
|    ep_rew_mean          | 8.08        |
| time/                   |             |
|    fps                  | 53          |
|    iterations           | 172         |
|    time_elapsed         | 6643        |
|    total_timesteps      | 352256      |
| train/                  |             |
|    approx_kl            | 0.027634038 |
|    clip_fraction        | 0.309       |
|    clip_range           | 0.2         |
|    entropy_loss         | -3.91       |
|    explained_variance   | 0.706       |
|    learning_rate        | 0.0003      |
|    loss                 | -0.0452     |
|    n_updates            | 1710        |
|    policy_gradient_loss | -0.0262     |
|    std                  | 0.429       |
|    value_loss           | 0.000574    |
-----------------------------------------
-----------------------------------------
| rollout/                |             |
|    ep_len_mean          | 12.7        |
|    ep_rew_mean          | 7.85        |
| time/                   |             |
|    fps                  | 52          |
|    iterations           | 173         |
|    time_elapsed         | 6687        |
|    total_timesteps      | 354304      |
| train/                  |             |
|    approx_kl            | 0.034859892 |
|    clip_fraction        | 0.327       |
|    clip_range           | 0.2         |
|    entropy_loss         | -3.87       |
|    explained_variance   | 0.633       |
|    learning_rate        | 0.0003      |
|    loss                 | -0.0306     |
|    n_updates            | 1720        |
|    policy_gradient_loss | -0.0264     |
|    std                  | 0.427       |
|    value_loss           | 0.0007      |
-----------------------------------------
----------------------------------------
| rollout/                |            |
|    ep_len_mean          | 12.3       |
|    ep_rew_mean          | 8.03       |
| time/                   |            |
|    fps                  | 52         |
|    iterations           | 174        |
|    time_elapsed         | 6732       |
|    total_timesteps      | 356352     |
| train/                  |            |
|    approx_kl            | 0.03336509 |
|    clip_fraction        | 0.336      |
|    clip_range           | 0.2        |
|    entropy_loss         | -3.85      |
|    explained_variance   | 0.66       |
|    learning_rate        | 0.0003     |
|    loss                 | -0.0387    |
|    n_updates            | 1730       |
|    policy_gradient_loss | -0.0329    |
|    std                  | 0.427      |
|    value_loss           | 0.000756   |
----------------------------------------
-----------------------------------------
| rollout/                |             |
|    ep_len_mean          | 12.2        |
|    ep_rew_mean          | 7.98        |
| time/                   |             |
|    fps                  | 52          |
|    iterations           | 175         |
|    time_elapsed         | 6778        |
|    total_timesteps      | 358400      |
| train/                  |             |
|    approx_kl            | 0.032507923 |
|    clip_fraction        | 0.319       |
|    clip_range           | 0.2         |
|    entropy_loss         | -3.83       |
|    explained_variance   | 0.621       |
|    learning_rate        | 0.0003      |
|    loss                 | -0.0484     |
|    n_updates            | 1740        |
|    policy_gradient_loss | -0.0287     |
|    std                  | 0.426       |
|    value_loss           | 0.000692    |
-----------------------------------------
-----------------------------------------
| rollout/                |             |
|    ep_len_mean          | 11.8        |
|    ep_rew_mean          | 8.14        |
| time/                   |             |
|    fps                  | 52          |
|    iterations           | 176         |
|    time_elapsed         | 6824        |
|    total_timesteps      | 360448      |
| train/                  |             |
|    approx_kl            | 0.030121837 |
|    clip_fraction        | 0.304       |
|    clip_range           | 0.2         |
|    entropy_loss         | -3.82       |
|    explained_variance   | 0.686       |
|    learning_rate        | 0.0003      |
|    loss                 | -0.0433     |
|    n_updates            | 1750        |
|    policy_gradient_loss | -0.0249     |
|    std                  | 0.424       |
|    value_loss           | 0.00054     |
-----------------------------------------
-----------------------------------------
| rollout/                |             |
|    ep_len_mean          | 11.8        |
|    ep_rew_mean          | 8.1         |
| time/                   |             |
|    fps                  | 52          |
|    iterations           | 177         |
|    time_elapsed         | 6870        |
|    total_timesteps      | 362496      |
| train/                  |             |
|    approx_kl            | 0.027647398 |
|    clip_fraction        | 0.323       |
|    clip_range           | 0.2         |
|    entropy_loss         | -3.78       |
|    explained_variance   | 0.718       |
|    learning_rate        | 0.0003      |
|    loss                 | -0.0474     |
|    n_updates            | 1760        |
|    policy_gradient_loss | -0.0239     |
|    std                  | 0.422       |
|    value_loss           | 0.000475    |
-----------------------------------------
-----------------------------------------
| rollout/                |             |
|    ep_len_mean          | 11.8        |
|    ep_rew_mean          | 8.13        |
| time/                   |             |
|    fps                  | 52          |
|    iterations           | 178         |
|    time_elapsed         | 6915        |
|    total_timesteps      | 364544      |
| train/                  |             |
|    approx_kl            | 0.029095773 |
|    clip_fraction        | 0.325       |
|    clip_range           | 0.2         |
|    entropy_loss         | -3.74       |
|    explained_variance   | 0.746       |
|    learning_rate        | 0.0003      |
|    loss                 | -0.0288     |
|    n_updates            | 1770        |
|    policy_gradient_loss | -0.024      |
|    std                  | 0.42        |
|    value_loss           | 0.00047     |
-----------------------------------------
-----------------------------------------
| rollout/                |             |
|    ep_len_mean          | 12.1        |
|    ep_rew_mean          | 8.08        |
| time/                   |             |
|    fps                  | 52          |
|    iterations           | 179         |
|    time_elapsed         | 6961        |
|    total_timesteps      | 366592      |
| train/                  |             |
|    approx_kl            | 0.029518835 |
|    clip_fraction        | 0.318       |
|    clip_range           | 0.2         |
|    entropy_loss         | -3.71       |
|    explained_variance   | 0.704       |
|    learning_rate        | 0.0003      |
|    loss                 | -0.0427     |
|    n_updates            | 1780        |
|    policy_gradient_loss | -0.0269     |
|    std                  | 0.419       |
|    value_loss           | 0.00062     |
-----------------------------------------
----------------------------------------
| rollout/                |            |
|    ep_len_mean          | 12.2       |
|    ep_rew_mean          | 8.06       |
| time/                   |            |
|    fps                  | 52         |
|    iterations           | 180        |
|    time_elapsed         | 7007       |
|    total_timesteps      | 368640     |
| train/                  |            |
|    approx_kl            | 0.03133854 |
|    clip_fraction        | 0.319      |
|    clip_range           | 0.2        |
|    entropy_loss         | -3.68      |
|    explained_variance   | 0.702      |
|    learning_rate        | 0.0003     |
|    loss                 | -0.0182    |
|    n_updates            | 1790       |
|    policy_gradient_loss | -0.0275    |
|    std                  | 0.416      |
|    value_loss           | 0.000599   |
----------------------------------------
-----------------------------------------
| rollout/                |             |
|    ep_len_mean          | 12.1        |
|    ep_rew_mean          | 8.04        |
| time/                   |             |
|    fps                  | 52          |
|    iterations           | 181         |
|    time_elapsed         | 7053        |
|    total_timesteps      | 370688      |
| train/                  |             |
|    approx_kl            | 0.027778976 |
|    clip_fraction        | 0.301       |
|    clip_range           | 0.2         |
|    entropy_loss         | -3.63       |
|    explained_variance   | 0.762       |
|    learning_rate        | 0.0003      |
|    loss                 | -0.0314     |
|    n_updates            | 1800        |
|    policy_gradient_loss | -0.022      |
|    std                  | 0.413       |
|    value_loss           | 0.000454    |
-----------------------------------------
-----------------------------------------
| rollout/                |             |
|    ep_len_mean          | 12.5        |
|    ep_rew_mean          | 7.86        |
| time/                   |             |
|    fps                  | 52          |
|    iterations           | 182         |
|    time_elapsed         | 7099        |
|    total_timesteps      | 372736      |
| train/                  |             |
|    approx_kl            | 0.031625897 |
|    clip_fraction        | 0.328       |
|    clip_range           | 0.2         |
|    entropy_loss         | -3.57       |
|    explained_variance   | 0.744       |
|    learning_rate        | 0.0003      |
|    loss                 | -0.0141     |
|    n_updates            | 1810        |
|    policy_gradient_loss | -0.0306     |
|    std                  | 0.41        |
|    value_loss           | 0.000464    |
-----------------------------------------
-----------------------------------------
| rollout/                |             |
|    ep_len_mean          | 12          |
|    ep_rew_mean          | 8.14        |
| time/                   |             |
|    fps                  | 52          |
|    iterations           | 183         |
|    time_elapsed         | 7144        |
|    total_timesteps      | 374784      |
| train/                  |             |
|    approx_kl            | 0.032169215 |
|    clip_fraction        | 0.326       |
|    clip_range           | 0.2         |
|    entropy_loss         | -3.53       |
|    explained_variance   | 0.668       |
|    learning_rate        | 0.0003      |
|    loss                 | -0.0374     |
|    n_updates            | 1820        |
|    policy_gradient_loss | -0.0257     |
|    std                  | 0.408       |
|    value_loss           | 0.000744    |
-----------------------------------------
-----------------------------------------
| rollout/                |             |
|    ep_len_mean          | 11.9        |
|    ep_rew_mean          | 8.1         |
| time/                   |             |
|    fps                  | 52          |
|    iterations           | 184         |
|    time_elapsed         | 7190        |
|    total_timesteps      | 376832      |
| train/                  |             |
|    approx_kl            | 0.030961566 |
|    clip_fraction        | 0.317       |
|    clip_range           | 0.2         |
|    entropy_loss         | -3.49       |
|    explained_variance   | 0.746       |
|    learning_rate        | 0.0003      |
|    loss                 | -0.0524     |
|    n_updates            | 1830        |
|    policy_gradient_loss | -0.0265     |
|    std                  | 0.406       |
|    value_loss           | 0.000513    |
-----------------------------------------
-----------------------------------------
| rollout/                |             |
|    ep_len_mean          | 11.4        |
|    ep_rew_mean          | 8.33        |
| time/                   |             |
|    fps                  | 52          |
|    iterations           | 185         |
|    time_elapsed         | 7236        |
|    total_timesteps      | 378880      |
| train/                  |             |
|    approx_kl            | 0.025893506 |
|    clip_fraction        | 0.323       |
|    clip_range           | 0.2         |
|    entropy_loss         | -3.45       |
|    explained_variance   | 0.648       |
|    learning_rate        | 0.0003      |
|    loss                 | -0.00617    |
|    n_updates            | 1840        |
|    policy_gradient_loss | -0.0237     |
|    std                  | 0.404       |
|    value_loss           | 0.000823    |
-----------------------------------------
-----------------------------------------
| rollout/                |             |
|    ep_len_mean          | 11.8        |
|    ep_rew_mean          | 8.19        |
| time/                   |             |
|    fps                  | 52          |
|    iterations           | 186         |
|    time_elapsed         | 7282        |
|    total_timesteps      | 380928      |
| train/                  |             |
|    approx_kl            | 0.026231851 |
|    clip_fraction        | 0.318       |
|    clip_range           | 0.2         |
|    entropy_loss         | -3.44       |
|    explained_variance   | 0.734       |
|    learning_rate        | 0.0003      |
|    loss                 | -0.051      |
|    n_updates            | 1850        |
|    policy_gradient_loss | -0.024      |
|    std                  | 0.404       |
|    value_loss           | 0.000599    |
-----------------------------------------
----------------------------------------
| rollout/                |            |
|    ep_len_mean          | 11.7       |
|    ep_rew_mean          | 8.24       |
| time/                   |            |
|    fps                  | 52         |
|    iterations           | 187        |
|    time_elapsed         | 7329       |
|    total_timesteps      | 382976     |
| train/                  |            |
|    approx_kl            | 0.02661974 |
|    clip_fraction        | 0.335      |
|    clip_range           | 0.2        |
|    entropy_loss         | -3.42      |
|    explained_variance   | 0.774      |
|    learning_rate        | 0.0003     |
|    loss                 | -0.0645    |
|    n_updates            | 1860       |
|    policy_gradient_loss | -0.0191    |
|    std                  | 0.402      |
|    value_loss           | 0.000461   |
----------------------------------------
-----------------------------------------
| rollout/                |             |
|    ep_len_mean          | 11.7        |
|    ep_rew_mean          | 8.28        |
| time/                   |             |
|    fps                  | 52          |
|    iterations           | 188         |
|    time_elapsed         | 7375        |
|    total_timesteps      | 385024      |
| train/                  |             |
|    approx_kl            | 0.027478483 |
|    clip_fraction        | 0.312       |
|    clip_range           | 0.2         |
|    entropy_loss         | -3.41       |
|    explained_variance   | 0.749       |
|    learning_rate        | 0.0003      |
|    loss                 | -0.0577     |
|    n_updates            | 1870        |
|    policy_gradient_loss | -0.0238     |
|    std                  | 0.403       |
|    value_loss           | 0.00052     |
-----------------------------------------
-----------------------------------------
| rollout/                |             |
|    ep_len_mean          | 11.6        |
|    ep_rew_mean          | 8.21        |
| time/                   |             |
|    fps                  | 52          |
|    iterations           | 189         |
|    time_elapsed         | 7421        |
|    total_timesteps      | 387072      |
| train/                  |             |
|    approx_kl            | 0.031967692 |
|    clip_fraction        | 0.35        |
|    clip_range           | 0.2         |
|    entropy_loss         | -3.38       |
|    explained_variance   | 0.733       |
|    learning_rate        | 0.0003      |
|    loss                 | -0.0338     |
|    n_updates            | 1880        |
|    policy_gradient_loss | -0.0284     |
|    std                  | 0.399       |
|    value_loss           | 0.000525    |
-----------------------------------------
-----------------------------------------
| rollout/                |             |
|    ep_len_mean          | 12          |
|    ep_rew_mean          | 8.07        |
| time/                   |             |
|    fps                  | 52          |
|    iterations           | 190         |
|    time_elapsed         | 7467        |
|    total_timesteps      | 389120      |
| train/                  |             |
|    approx_kl            | 0.029096594 |
|    clip_fraction        | 0.318       |
|    clip_range           | 0.2         |
|    entropy_loss         | -3.33       |
|    explained_variance   | 0.689       |
|    learning_rate        | 0.0003      |
|    loss                 | -0.03       |
|    n_updates            | 1890        |
|    policy_gradient_loss | -0.0247     |
|    std                  | 0.396       |
|    value_loss           | 0.000586    |
-----------------------------------------
---------------------------------------
| rollout/                |           |
|    ep_len_mean          | 11.8      |
|    ep_rew_mean          | 8.24      |
| time/                   |           |
|    fps                  | 52        |
|    iterations           | 191       |
|    time_elapsed         | 7513      |
|    total_timesteps      | 391168    |
| train/                  |           |
|    approx_kl            | 0.0304354 |
|    clip_fraction        | 0.346     |
|    clip_range           | 0.2       |
|    entropy_loss         | -3.3      |
|    explained_variance   | 0.737     |
|    learning_rate        | 0.0003    |
|    loss                 | -0.0304   |
|    n_updates            | 1900      |
|    policy_gradient_loss | -0.0271   |
|    std                  | 0.395     |
|    value_loss           | 0.000526  |
---------------------------------------
-----------------------------------------
| rollout/                |             |
|    ep_len_mean          | 11.6        |
|    ep_rew_mean          | 8.31        |
| time/                   |             |
|    fps                  | 52          |
|    iterations           | 192         |
|    time_elapsed         | 7560        |
|    total_timesteps      | 393216      |
| train/                  |             |
|    approx_kl            | 0.031168262 |
|    clip_fraction        | 0.322       |
|    clip_range           | 0.2         |
|    entropy_loss         | -3.28       |
|    explained_variance   | 0.736       |
|    learning_rate        | 0.0003      |
|    loss                 | -0.00747    |
|    n_updates            | 1910        |
|    policy_gradient_loss | -0.029      |
|    std                  | 0.394       |
|    value_loss           | 0.000529    |
-----------------------------------------
-----------------------------------------
| rollout/                |             |
|    ep_len_mean          | 11.7        |
|    ep_rew_mean          | 8.31        |
| time/                   |             |
|    fps                  | 51          |
|    iterations           | 193         |
|    time_elapsed         | 7606        |
|    total_timesteps      | 395264      |
| train/                  |             |
|    approx_kl            | 0.026443738 |
|    clip_fraction        | 0.315       |
|    clip_range           | 0.2         |
|    entropy_loss         | -3.26       |
|    explained_variance   | 0.773       |
|    learning_rate        | 0.0003      |
|    loss                 | -0.0476     |
|    n_updates            | 1920        |
|    policy_gradient_loss | -0.0256     |
|    std                  | 0.394       |
|    value_loss           | 0.000449    |
-----------------------------------------
-----------------------------------------
| rollout/                |             |
|    ep_len_mean          | 11.9        |
|    ep_rew_mean          | 8.26        |
| time/                   |             |
|    fps                  | 51          |
|    iterations           | 194         |
|    time_elapsed         | 7652        |
|    total_timesteps      | 397312      |
| train/                  |             |
|    approx_kl            | 0.031493254 |
|    clip_fraction        | 0.328       |
|    clip_range           | 0.2         |
|    entropy_loss         | -3.25       |
|    explained_variance   | 0.76        |
|    learning_rate        | 0.0003      |
|    loss                 | -0.022      |
|    n_updates            | 1930        |
|    policy_gradient_loss | -0.0246     |
|    std                  | 0.393       |
|    value_loss           | 0.000495    |
-----------------------------------------
-----------------------------------------
| rollout/                |             |
|    ep_len_mean          | 11.9        |
|    ep_rew_mean          | 8.19        |
| time/                   |             |
|    fps                  | 51          |
|    iterations           | 195         |
|    time_elapsed         | 7699        |
|    total_timesteps      | 399360      |
| train/                  |             |
|    approx_kl            | 0.030729514 |
|    clip_fraction        | 0.341       |
|    clip_range           | 0.2         |
|    entropy_loss         | -3.22       |
|    explained_variance   | 0.761       |
|    learning_rate        | 0.0003      |
|    loss                 | -0.0656     |
|    n_updates            | 1940        |
|    policy_gradient_loss | -0.0239     |
|    std                  | 0.391       |
|    value_loss           | 0.000466    |
-----------------------------------------
----------------------------------------
| rollout/                |            |
|    ep_len_mean          | 11.2       |
|    ep_rew_mean          | 8.46       |
| time/                   |            |
|    fps                  | 51         |
|    iterations           | 196        |
|    time_elapsed         | 7746       |
|    total_timesteps      | 401408     |
| train/                  |            |
|    approx_kl            | 0.03337203 |
|    clip_fraction        | 0.327      |
|    clip_range           | 0.2        |
|    entropy_loss         | -3.19      |
|    explained_variance   | 0.744      |
|    learning_rate        | 0.0003     |
|    loss                 | -0.0539    |
|    n_updates            | 1950       |
|    policy_gradient_loss | -0.0228    |
|    std                  | 0.39       |
|    value_loss           | 0.000521   |
----------------------------------------
saved models/C1_seed1.zip and models/C1_seed1_vecnormalize.pkl
