=== training C4_seed1 for 400000 steps ===
    port 5401
--------------------------------------------------------------
[threshold consistency]
  success distance      = 0.030 m
  force at success      = 5.00 N
  comfort / danger      = 6.0 N / 10.0 N
  >>> OK: the success point lies inside the safe band.
--------------------------------------------------------------
Waiting for connections on port: 5402...
Connected successfully
Using cpu device
----------------------------------
| rollout/           |           |
|    ep_len_mean     | 200       |
|    ep_rew_mean     | -1.26e+03 |
| time/              |           |
|    fps             | 80        |
|    iterations      | 1         |
|    time_elapsed    | 25        |
|    total_timesteps | 2048      |
----------------------------------
-----------------------------------------
| rollout/                |             |
|    ep_len_mean          | 200         |
|    ep_rew_mean          | -1.05e+03   |
| time/                   |             |
|    fps                  | 78          |
|    iterations           | 2           |
|    time_elapsed         | 52          |
|    total_timesteps      | 4096        |
| train/                  |             |
|    approx_kl            | 0.013968311 |
|    clip_fraction        | 0.139       |
|    clip_range           | 0.2         |
|    entropy_loss         | -9.96       |
|    explained_variance   | 0.275       |
|    learning_rate        | 0.0003      |
|    loss                 | -0.00077    |
|    n_updates            | 10          |
|    policy_gradient_loss | -0.024      |
|    std                  | 1.01        |
|    value_loss           | 0.562       |
-----------------------------------------
-----------------------------------------
| rollout/                |             |
|    ep_len_mean          | 200         |
|    ep_rew_mean          | -1.01e+03   |
| time/                   |             |
|    fps                  | 77          |
|    iterations           | 3           |
|    time_elapsed         | 79          |
|    total_timesteps      | 6144        |
| train/                  |             |
|    approx_kl            | 0.016230237 |
|    clip_fraction        | 0.191       |
|    clip_range           | 0.2         |
|    entropy_loss         | -9.94       |
|    explained_variance   | 0.552       |
|    learning_rate        | 0.0003      |
|    loss                 | -0.00167    |
|    n_updates            | 20          |
|    policy_gradient_loss | -0.0289     |
|    std                  | 0.997       |
|    value_loss           | 0.057       |
-----------------------------------------
-----------------------------------------
| rollout/                |             |
|    ep_len_mean          | 200         |
|    ep_rew_mean          | -943        |
| time/                   |             |
|    fps                  | 77          |
|    iterations           | 4           |
|    time_elapsed         | 106         |
|    total_timesteps      | 8192        |
| train/                  |             |
|    approx_kl            | 0.013914671 |
|    clip_fraction        | 0.142       |
|    clip_range           | 0.2         |
|    entropy_loss         | -9.92       |
|    explained_variance   | 0.622       |
|    learning_rate        | 0.0003      |
|    loss                 | -0.0355     |
|    n_updates            | 30          |
|    policy_gradient_loss | -0.0256     |
|    std                  | 1           |
|    value_loss           | 0.0299      |
-----------------------------------------
-----------------------------------------
| rollout/                |             |
|    ep_len_mean          | 200         |
|    ep_rew_mean          | -883        |
| time/                   |             |
|    fps                  | 76          |
|    iterations           | 5           |
|    time_elapsed         | 133         |
|    total_timesteps      | 10240       |
| train/                  |             |
|    approx_kl            | 0.017186869 |
|    clip_fraction        | 0.202       |
|    clip_range           | 0.2         |
|    entropy_loss         | -9.93       |
|    explained_variance   | 0.53        |
|    learning_rate        | 0.0003      |
|    loss                 | -0.0313     |
|    n_updates            | 40          |
|    policy_gradient_loss | -0.033      |
|    std                  | 1           |
|    value_loss           | 0.0356      |
-----------------------------------------
-----------------------------------------
| rollout/                |             |
|    ep_len_mean          | 200         |
|    ep_rew_mean          | -849        |
| time/                   |             |
|    fps                  | 76          |
|    iterations           | 6           |
|    time_elapsed         | 160         |
|    total_timesteps      | 12288       |
| train/                  |             |
|    approx_kl            | 0.017357916 |
|    clip_fraction        | 0.2         |
|    clip_range           | 0.2         |
|    entropy_loss         | -9.91       |
|    explained_variance   | 0.58        |
|    learning_rate        | 0.0003      |
|    loss                 | -0.0197     |
|    n_updates            | 50          |
|    policy_gradient_loss | -0.0312     |
|    std                  | 0.996       |
|    value_loss           | 0.023       |
-----------------------------------------
----------------------------------------
| rollout/                |            |
|    ep_len_mean          | 200        |
|    ep_rew_mean          | -791       |
| time/                   |            |
|    fps                  | 76         |
|    iterations           | 7          |
|    time_elapsed         | 188        |
|    total_timesteps      | 14336      |
| train/                  |            |
|    approx_kl            | 0.01690727 |
|    clip_fraction        | 0.188      |
|    clip_range           | 0.2        |
|    entropy_loss         | -9.87      |
|    explained_variance   | 0.496      |
|    learning_rate        | 0.0003     |
|    loss                 | -0.00184   |
|    n_updates            | 60         |
|    policy_gradient_loss | -0.0294    |
|    std                  | 0.989      |
|    value_loss           | 0.0201     |
----------------------------------------
-----------------------------------------
| rollout/                |             |
|    ep_len_mean          | 200         |
|    ep_rew_mean          | -742        |
| time/                   |             |
|    fps                  | 76          |
|    iterations           | 8           |
|    time_elapsed         | 215         |
|    total_timesteps      | 16384       |
| train/                  |             |
|    approx_kl            | 0.014709436 |
|    clip_fraction        | 0.19        |
|    clip_range           | 0.2         |
|    entropy_loss         | -9.84       |
|    explained_variance   | 0.47        |
|    learning_rate        | 0.0003      |
|    loss                 | -0.024      |
|    n_updates            | 70          |
|    policy_gradient_loss | -0.0314     |
|    std                  | 0.986       |
|    value_loss           | 0.012       |
-----------------------------------------
-----------------------------------------
| rollout/                |             |
|    ep_len_mean          | 200         |
|    ep_rew_mean          | -707        |
| time/                   |             |
|    fps                  | 75          |
|    iterations           | 9           |
|    time_elapsed         | 242         |
|    total_timesteps      | 18432       |
| train/                  |             |
|    approx_kl            | 0.013615701 |
|    clip_fraction        | 0.151       |
|    clip_range           | 0.2         |
|    entropy_loss         | -9.85       |
|    explained_variance   | 0.4         |
|    learning_rate        | 0.0003      |
|    loss                 | -0.0351     |
|    n_updates            | 80          |
|    policy_gradient_loss | -0.0282     |
|    std                  | 0.991       |
|    value_loss           | 0.00959     |
-----------------------------------------
----------------------------------------
| rollout/                |            |
|    ep_len_mean          | 200        |
|    ep_rew_mean          | -675       |
| time/                   |            |
|    fps                  | 75         |
|    iterations           | 10         |
|    time_elapsed         | 269        |
|    total_timesteps      | 20480      |
| train/                  |            |
|    approx_kl            | 0.01416168 |
|    clip_fraction        | 0.154      |
|    clip_range           | 0.2        |
|    entropy_loss         | -9.88      |
|    explained_variance   | 0.401      |
|    learning_rate        | 0.0003     |
|    loss                 | -0.00834   |
|    n_updates            | 90         |
|    policy_gradient_loss | -0.026     |
|    std                  | 0.993      |
|    value_loss           | 0.0083     |
----------------------------------------
-----------------------------------------
| rollout/                |             |
|    ep_len_mean          | 200         |
|    ep_rew_mean          | -585        |
| time/                   |             |
|    fps                  | 75          |
|    iterations           | 11          |
|    time_elapsed         | 296         |
|    total_timesteps      | 22528       |
| train/                  |             |
|    approx_kl            | 0.014375971 |
|    clip_fraction        | 0.16        |
|    clip_range           | 0.2         |
|    entropy_loss         | -9.85       |
|    explained_variance   | 0.0105      |
|    learning_rate        | 0.0003      |
|    loss                 | -0.0636     |
|    n_updates            | 100         |
|    policy_gradient_loss | -0.0255     |
|    std                  | 0.985       |
|    value_loss           | 0.00828     |
-----------------------------------------
-----------------------------------------
| rollout/                |             |
|    ep_len_mean          | 200         |
|    ep_rew_mean          | -529        |
| time/                   |             |
|    fps                  | 76          |
|    iterations           | 12          |
|    time_elapsed         | 323         |
|    total_timesteps      | 24576       |
| train/                  |             |
|    approx_kl            | 0.013730478 |
|    clip_fraction        | 0.154       |
|    clip_range           | 0.2         |
|    entropy_loss         | -9.82       |
|    explained_variance   | 0.33        |
|    learning_rate        | 0.0003      |
|    loss                 | -0.0626     |
|    n_updates            | 110         |
|    policy_gradient_loss | -0.0244     |
|    std                  | 0.983       |
|    value_loss           | 0.00515     |
-----------------------------------------
-----------------------------------------
| rollout/                |             |
|    ep_len_mean          | 200         |
|    ep_rew_mean          | -469        |
| time/                   |             |
|    fps                  | 76          |
|    iterations           | 13          |
|    time_elapsed         | 350         |
|    total_timesteps      | 26624       |
| train/                  |             |
|    approx_kl            | 0.013575202 |
|    clip_fraction        | 0.167       |
|    clip_range           | 0.2         |
|    entropy_loss         | -9.81       |
|    explained_variance   | 0.0671      |
|    learning_rate        | 0.0003      |
|    loss                 | -0.0495     |
|    n_updates            | 120         |
|    policy_gradient_loss | -0.0297     |
|    std                  | 0.983       |
|    value_loss           | 0.00363     |
-----------------------------------------
-----------------------------------------
| rollout/                |             |
|    ep_len_mean          | 200         |
|    ep_rew_mean          | -418        |
| time/                   |             |
|    fps                  | 76          |
|    iterations           | 14          |
|    time_elapsed         | 376         |
|    total_timesteps      | 28672       |
| train/                  |             |
|    approx_kl            | 0.016131299 |
|    clip_fraction        | 0.189       |
|    clip_range           | 0.2         |
|    entropy_loss         | -9.79       |
|    explained_variance   | 0.663       |
|    learning_rate        | 0.0003      |
|    loss                 | -0.0311     |
|    n_updates            | 130         |
|    policy_gradient_loss | -0.0307     |
|    std                  | 0.977       |
|    value_loss           | 0.00472     |
-----------------------------------------
-----------------------------------------
| rollout/                |             |
|    ep_len_mean          | 200         |
|    ep_rew_mean          | -379        |
| time/                   |             |
|    fps                  | 76          |
|    iterations           | 15          |
|    time_elapsed         | 403         |
|    total_timesteps      | 30720       |
| train/                  |             |
|    approx_kl            | 0.015087961 |
|    clip_fraction        | 0.183       |
|    clip_range           | 0.2         |
|    entropy_loss         | -9.75       |
|    explained_variance   | 0.599       |
|    learning_rate        | 0.0003      |
|    loss                 | -0.0438     |
|    n_updates            | 140         |
|    policy_gradient_loss | -0.0284     |
|    std                  | 0.974       |
|    value_loss           | 0.00294     |
-----------------------------------------
----------------------------------------
| rollout/                |            |
|    ep_len_mean          | 200        |
|    ep_rew_mean          | -343       |
| time/                   |            |
|    fps                  | 76         |
|    iterations           | 16         |
|    time_elapsed         | 430        |
|    total_timesteps      | 32768      |
| train/                  |            |
|    approx_kl            | 0.01451358 |
|    clip_fraction        | 0.155      |
|    clip_range           | 0.2        |
|    entropy_loss         | -9.75      |
|    explained_variance   | 0.595      |
|    learning_rate        | 0.0003     |
|    loss                 | 0.00685    |
|    n_updates            | 150        |
|    policy_gradient_loss | -0.0243    |
|    std                  | 0.976      |
|    value_loss           | 0.00386    |
----------------------------------------
-----------------------------------------
| rollout/                |             |
|    ep_len_mean          | 200         |
|    ep_rew_mean          | -325        |
| time/                   |             |
|    fps                  | 76          |
|    iterations           | 17          |
|    time_elapsed         | 457         |
|    total_timesteps      | 34816       |
| train/                  |             |
|    approx_kl            | 0.015364025 |
|    clip_fraction        | 0.178       |
|    clip_range           | 0.2         |
|    entropy_loss         | -9.75       |
|    explained_variance   | 0.43        |
|    learning_rate        | 0.0003      |
|    loss                 | -0.0332     |
|    n_updates            | 160         |
|    policy_gradient_loss | -0.0267     |
|    std                  | 0.975       |
|    value_loss           | 0.00191     |
-----------------------------------------
-----------------------------------------
| rollout/                |             |
|    ep_len_mean          | 200         |
|    ep_rew_mean          | -304        |
| time/                   |             |
|    fps                  | 76          |
|    iterations           | 18          |
|    time_elapsed         | 484         |
|    total_timesteps      | 36864       |
| train/                  |             |
|    approx_kl            | 0.014561705 |
|    clip_fraction        | 0.178       |
|    clip_range           | 0.2         |
|    entropy_loss         | -9.73       |
|    explained_variance   | 0.574       |
|    learning_rate        | 0.0003      |
|    loss                 | -0.0368     |
|    n_updates            | 170         |
|    policy_gradient_loss | -0.0328     |
|    std                  | 0.972       |
|    value_loss           | 0.00223     |
-----------------------------------------
-----------------------------------------
| rollout/                |             |
|    ep_len_mean          | 200         |
|    ep_rew_mean          | -286        |
| time/                   |             |
|    fps                  | 76          |
|    iterations           | 19          |
|    time_elapsed         | 511         |
|    total_timesteps      | 38912       |
| train/                  |             |
|    approx_kl            | 0.013916553 |
|    clip_fraction        | 0.172       |
|    clip_range           | 0.2         |
|    entropy_loss         | -9.7        |
|    explained_variance   | -0.0426     |
|    learning_rate        | 0.0003      |
|    loss                 | -0.0553     |
|    n_updates            | 180         |
|    policy_gradient_loss | -0.0297     |
|    std                  | 0.966       |
|    value_loss           | 0.00128     |
-----------------------------------------
-----------------------------------------
| rollout/                |             |
|    ep_len_mean          | 200         |
|    ep_rew_mean          | -265        |
| time/                   |             |
|    fps                  | 76          |
|    iterations           | 20          |
|    time_elapsed         | 538         |
|    total_timesteps      | 40960       |
| train/                  |             |
|    approx_kl            | 0.015311152 |
|    clip_fraction        | 0.178       |
|    clip_range           | 0.2         |
|    entropy_loss         | -9.64       |
|    explained_variance   | 0.0892      |
|    learning_rate        | 0.0003      |
|    loss                 | -0.0415     |
|    n_updates            | 190         |
|    policy_gradient_loss | -0.0287     |
|    std                  | 0.956       |
|    value_loss           | 0.00118     |
-----------------------------------------
-----------------------------------------
| rollout/                |             |
|    ep_len_mean          | 200         |
|    ep_rew_mean          | -250        |
| time/                   |             |
|    fps                  | 76          |
|    iterations           | 21          |
|    time_elapsed         | 565         |
|    total_timesteps      | 43008       |
| train/                  |             |
|    approx_kl            | 0.012177244 |
|    clip_fraction        | 0.148       |
|    clip_range           | 0.2         |
|    entropy_loss         | -9.6        |
|    explained_variance   | 0.718       |
|    learning_rate        | 0.0003      |
|    loss                 | -0.0449     |
|    n_updates            | 200         |
|    policy_gradient_loss | -0.0281     |
|    std                  | 0.954       |
|    value_loss           | 0.00108     |
-----------------------------------------
-----------------------------------------
| rollout/                |             |
|    ep_len_mean          | 200         |
|    ep_rew_mean          | -238        |
| time/                   |             |
|    fps                  | 76          |
|    iterations           | 22          |
|    time_elapsed         | 592         |
|    total_timesteps      | 45056       |
| train/                  |             |
|    approx_kl            | 0.017475994 |
|    clip_fraction        | 0.208       |
|    clip_range           | 0.2         |
|    entropy_loss         | -9.57       |
|    explained_variance   | 0.734       |
|    learning_rate        | 0.0003      |
|    loss                 | -0.0302     |
|    n_updates            | 210         |
|    policy_gradient_loss | -0.0325     |
|    std                  | 0.948       |
|    value_loss           | 0.000664    |
-----------------------------------------
-----------------------------------------
| rollout/                |             |
|    ep_len_mean          | 200         |
|    ep_rew_mean          | -235        |
| time/                   |             |
|    fps                  | 76          |
|    iterations           | 23          |
|    time_elapsed         | 619         |
|    total_timesteps      | 47104       |
| train/                  |             |
|    approx_kl            | 0.018588338 |
|    clip_fraction        | 0.194       |
|    clip_range           | 0.2         |
|    entropy_loss         | -9.53       |
|    explained_variance   | 0.403       |
|    learning_rate        | 0.0003      |
|    loss                 | -0.0254     |
|    n_updates            | 220         |
|    policy_gradient_loss | -0.0329     |
|    std                  | 0.944       |
|    value_loss           | 0.000978    |
-----------------------------------------
-----------------------------------------
| rollout/                |             |
|    ep_len_mean          | 200         |
|    ep_rew_mean          | -236        |
| time/                   |             |
|    fps                  | 75          |
|    iterations           | 24          |
|    time_elapsed         | 647         |
|    total_timesteps      | 49152       |
| train/                  |             |
|    approx_kl            | 0.016237233 |
|    clip_fraction        | 0.186       |
|    clip_range           | 0.2         |
|    entropy_loss         | -9.49       |
|    explained_variance   | -0.749      |
|    learning_rate        | 0.0003      |
|    loss                 | -0.0704     |
|    n_updates            | 230         |
|    policy_gradient_loss | -0.0292     |
|    std                  | 0.936       |
|    value_loss           | 0.00195     |
-----------------------------------------
-----------------------------------------
| rollout/                |             |
|    ep_len_mean          | 200         |
|    ep_rew_mean          | -231        |
| time/                   |             |
|    fps                  | 75          |
|    iterations           | 25          |
|    time_elapsed         | 675         |
|    total_timesteps      | 51200       |
| train/                  |             |
|    approx_kl            | 0.013091179 |
|    clip_fraction        | 0.136       |
|    clip_range           | 0.2         |
|    entropy_loss         | -9.48       |
|    explained_variance   | 0.271       |
|    learning_rate        | 0.0003      |
|    loss                 | -0.0259     |
|    n_updates            | 240         |
|    policy_gradient_loss | -0.0226     |
|    std                  | 0.939       |
|    value_loss           | 0.00241     |
-----------------------------------------
-----------------------------------------
| rollout/                |             |
|    ep_len_mean          | 200         |
|    ep_rew_mean          | -229        |
| time/                   |             |
|    fps                  | 75          |
|    iterations           | 26          |
|    time_elapsed         | 703         |
|    total_timesteps      | 53248       |
| train/                  |             |
|    approx_kl            | 0.014455304 |
|    clip_fraction        | 0.192       |
|    clip_range           | 0.2         |
|    entropy_loss         | -9.5        |
|    explained_variance   | 0.739       |
|    learning_rate        | 0.0003      |
|    loss                 | -0.0494     |
|    n_updates            | 250         |
|    policy_gradient_loss | -0.0332     |
|    std                  | 0.943       |
|    value_loss           | 0.00232     |
-----------------------------------------
-----------------------------------------
| rollout/                |             |
|    ep_len_mean          | 200         |
|    ep_rew_mean          | -230        |
| time/                   |             |
|    fps                  | 75          |
|    iterations           | 27          |
|    time_elapsed         | 731         |
|    total_timesteps      | 55296       |
| train/                  |             |
|    approx_kl            | 0.016374905 |
|    clip_fraction        | 0.18        |
|    clip_range           | 0.2         |
|    entropy_loss         | -9.51       |
|    explained_variance   | 0.683       |
|    learning_rate        | 0.0003      |
|    loss                 | -0.0234     |
|    n_updates            | 260         |
|    policy_gradient_loss | -0.0319     |
|    std                  | 0.944       |
|    value_loss           | 0.00269     |
-----------------------------------------
-----------------------------------------
| rollout/                |             |
|    ep_len_mean          | 200         |
|    ep_rew_mean          | -226        |
| time/                   |             |
|    fps                  | 75          |
|    iterations           | 28          |
|    time_elapsed         | 759         |
|    total_timesteps      | 57344       |
| train/                  |             |
|    approx_kl            | 0.013111714 |
|    clip_fraction        | 0.167       |
|    clip_range           | 0.2         |
|    entropy_loss         | -9.51       |
|    explained_variance   | 0.855       |
|    learning_rate        | 0.0003      |
|    loss                 | -0.0426     |
|    n_updates            | 270         |
|    policy_gradient_loss | -0.0309     |
|    std                  | 0.942       |
|    value_loss           | 0.00217     |
-----------------------------------------
----------------------------------------
| rollout/                |            |
|    ep_len_mean          | 200        |
|    ep_rew_mean          | -229       |
| time/                   |            |
|    fps                  | 75         |
|    iterations           | 29         |
|    time_elapsed         | 787        |
|    total_timesteps      | 59392      |
| train/                  |            |
|    approx_kl            | 0.01296755 |
|    clip_fraction        | 0.162      |
|    clip_range           | 0.2        |
|    entropy_loss         | -9.5       |
|    explained_variance   | 0.895      |
|    learning_rate        | 0.0003     |
|    loss                 | -0.0369    |
|    n_updates            | 280        |
|    policy_gradient_loss | -0.0286    |
|    std                  | 0.94       |
|    value_loss           | 0.00109    |
----------------------------------------
-----------------------------------------
| rollout/                |             |
|    ep_len_mean          | 200         |
|    ep_rew_mean          | -225        |
| time/                   |             |
|    fps                  | 75          |
|    iterations           | 30          |
|    time_elapsed         | 814         |
|    total_timesteps      | 61440       |
| train/                  |             |
|    approx_kl            | 0.014148464 |
|    clip_fraction        | 0.165       |
|    clip_range           | 0.2         |
|    entropy_loss         | -9.5        |
|    explained_variance   | 0.678       |
|    learning_rate        | 0.0003      |
|    loss                 | -0.0606     |
|    n_updates            | 290         |
|    policy_gradient_loss | -0.0305     |
|    std                  | 0.942       |
|    value_loss           | 0.0034      |
-----------------------------------------
-----------------------------------------
| rollout/                |             |
|    ep_len_mean          | 200         |
|    ep_rew_mean          | -223        |
| time/                   |             |
|    fps                  | 75          |
|    iterations           | 31          |
|    time_elapsed         | 842         |
|    total_timesteps      | 63488       |
| train/                  |             |
|    approx_kl            | 0.017130934 |
|    clip_fraction        | 0.197       |
|    clip_range           | 0.2         |
|    entropy_loss         | -9.46       |
|    explained_variance   | 0.652       |
|    learning_rate        | 0.0003      |
|    loss                 | -0.0615     |
|    n_updates            | 300         |
|    policy_gradient_loss | -0.0309     |
|    std                  | 0.932       |
|    value_loss           | 0.000984    |
-----------------------------------------
-----------------------------------------
| rollout/                |             |
|    ep_len_mean          | 200         |
|    ep_rew_mean          | -216        |
| time/                   |             |
|    fps                  | 75          |
|    iterations           | 32          |
|    time_elapsed         | 869         |
|    total_timesteps      | 65536       |
| train/                  |             |
|    approx_kl            | 0.014860784 |
|    clip_fraction        | 0.183       |
|    clip_range           | 0.2         |
|    entropy_loss         | -9.4        |
|    explained_variance   | 0.825       |
|    learning_rate        | 0.0003      |
|    loss                 | -0.0282     |
|    n_updates            | 310         |
|    policy_gradient_loss | -0.0316     |
|    std                  | 0.924       |
|    value_loss           | 0.00125     |
-----------------------------------------
-----------------------------------------
| rollout/                |             |
|    ep_len_mean          | 200         |
|    ep_rew_mean          | -207        |
| time/                   |             |
|    fps                  | 75          |
|    iterations           | 33          |
|    time_elapsed         | 896         |
|    total_timesteps      | 67584       |
| train/                  |             |
|    approx_kl            | 0.015166655 |
|    clip_fraction        | 0.174       |
|    clip_range           | 0.2         |
|    entropy_loss         | -9.35       |
|    explained_variance   | 0.772       |
|    learning_rate        | 0.0003      |
|    loss                 | -0.0244     |
|    n_updates            | 320         |
|    policy_gradient_loss | -0.0292     |
|    std                  | 0.92        |
|    value_loss           | 0.000678    |
-----------------------------------------
-----------------------------------------
| rollout/                |             |
|    ep_len_mean          | 200         |
|    ep_rew_mean          | -199        |
| time/                   |             |
|    fps                  | 75          |
|    iterations           | 34          |
|    time_elapsed         | 924         |
|    total_timesteps      | 69632       |
| train/                  |             |
|    approx_kl            | 0.015777698 |
|    clip_fraction        | 0.184       |
|    clip_range           | 0.2         |
|    entropy_loss         | -9.31       |
|    explained_variance   | 0.424       |
|    learning_rate        | 0.0003      |
|    loss                 | -0.0238     |
|    n_updates            | 330         |
|    policy_gradient_loss | -0.0294     |
|    std                  | 0.913       |
|    value_loss           | 0.000857    |
-----------------------------------------
-----------------------------------------
| rollout/                |             |
|    ep_len_mean          | 200         |
|    ep_rew_mean          | -190        |
| time/                   |             |
|    fps                  | 75          |
|    iterations           | 35          |
|    time_elapsed         | 952         |
|    total_timesteps      | 71680       |
| train/                  |             |
|    approx_kl            | 0.016692001 |
|    clip_fraction        | 0.205       |
|    clip_range           | 0.2         |
|    entropy_loss         | -9.24       |
|    explained_variance   | 0.565       |
|    learning_rate        | 0.0003      |
|    loss                 | -0.0447     |
|    n_updates            | 340         |
|    policy_gradient_loss | -0.0359     |
|    std                  | 0.903       |
|    value_loss           | 0.000852    |
-----------------------------------------
-----------------------------------------
| rollout/                |             |
|    ep_len_mean          | 200         |
|    ep_rew_mean          | -181        |
| time/                   |             |
|    fps                  | 75          |
|    iterations           | 36          |
|    time_elapsed         | 979         |
|    total_timesteps      | 73728       |
| train/                  |             |
|    approx_kl            | 0.014645496 |
|    clip_fraction        | 0.174       |
|    clip_range           | 0.2         |
|    entropy_loss         | -9.17       |
|    explained_variance   | 0.214       |
|    learning_rate        | 0.0003      |
|    loss                 | -0.0331     |
|    n_updates            | 350         |
|    policy_gradient_loss | -0.028      |
|    std                  | 0.894       |
|    value_loss           | 0.000531    |
-----------------------------------------
-----------------------------------------
| rollout/                |             |
|    ep_len_mean          | 200         |
|    ep_rew_mean          | -171        |
| time/                   |             |
|    fps                  | 75          |
|    iterations           | 37          |
|    time_elapsed         | 1006        |
|    total_timesteps      | 75776       |
| train/                  |             |
|    approx_kl            | 0.020182753 |
|    clip_fraction        | 0.216       |
|    clip_range           | 0.2         |
|    entropy_loss         | -9.09       |
|    explained_variance   | 0.359       |
|    learning_rate        | 0.0003      |
|    loss                 | -0.0403     |
|    n_updates            | 360         |
|    policy_gradient_loss | -0.0342     |
|    std                  | 0.884       |
|    value_loss           | 0.0003      |
-----------------------------------------
-----------------------------------------
| rollout/                |             |
|    ep_len_mean          | 200         |
|    ep_rew_mean          | -165        |
| time/                   |             |
|    fps                  | 75          |
|    iterations           | 38          |
|    time_elapsed         | 1033        |
|    total_timesteps      | 77824       |
| train/                  |             |
|    approx_kl            | 0.013669053 |
|    clip_fraction        | 0.166       |
|    clip_range           | 0.2         |
|    entropy_loss         | -9.04       |
|    explained_variance   | 0.305       |
|    learning_rate        | 0.0003      |
|    loss                 | -0.0324     |
|    n_updates            | 370         |
|    policy_gradient_loss | -0.0235     |
|    std                  | 0.88        |
|    value_loss           | 0.000272    |
-----------------------------------------
-----------------------------------------
| rollout/                |             |
|    ep_len_mean          | 200         |
|    ep_rew_mean          | -154        |
| time/                   |             |
|    fps                  | 75          |
|    iterations           | 39          |
|    time_elapsed         | 1061        |
|    total_timesteps      | 79872       |
| train/                  |             |
|    approx_kl            | 0.016250914 |
|    clip_fraction        | 0.201       |
|    clip_range           | 0.2         |
|    entropy_loss         | -8.98       |
|    explained_variance   | 0.424       |
|    learning_rate        | 0.0003      |
|    loss                 | -0.0428     |
|    n_updates            | 380         |
|    policy_gradient_loss | -0.0313     |
|    std                  | 0.87        |
|    value_loss           | 0.000266    |
-----------------------------------------
----------------------------------------
| rollout/                |            |
|    ep_len_mean          | 200        |
|    ep_rew_mean          | -149       |
| time/                   |            |
|    fps                  | 75         |
|    iterations           | 40         |
|    time_elapsed         | 1088       |
|    total_timesteps      | 81920      |
| train/                  |            |
|    approx_kl            | 0.01618694 |
|    clip_fraction        | 0.203      |
|    clip_range           | 0.2        |
|    entropy_loss         | -8.9       |
|    explained_variance   | 0.521      |
|    learning_rate        | 0.0003     |
|    loss                 | -0.0581    |
|    n_updates            | 390        |
|    policy_gradient_loss | -0.0302    |
|    std                  | 0.861      |
|    value_loss           | 0.000272   |
----------------------------------------
------------------------------------------
| rollout/                |              |
|    ep_len_mean          | 200          |
|    ep_rew_mean          | -145         |
| time/                   |              |
|    fps                  | 75           |
|    iterations           | 41           |
|    time_elapsed         | 1114         |
|    total_timesteps      | 83968        |
| train/                  |              |
|    approx_kl            | 0.0142745115 |
|    clip_fraction        | 0.178        |
|    clip_range           | 0.2          |
|    entropy_loss         | -8.82        |
|    explained_variance   | 0.375        |
|    learning_rate        | 0.0003       |
|    loss                 | -0.0264      |
|    n_updates            | 400          |
|    policy_gradient_loss | -0.0257      |
|    std                  | 0.851        |
|    value_loss           | 0.000197     |
------------------------------------------
-----------------------------------------
| rollout/                |             |
|    ep_len_mean          | 200         |
|    ep_rew_mean          | -141        |
| time/                   |             |
|    fps                  | 75          |
|    iterations           | 42          |
|    time_elapsed         | 1142        |
|    total_timesteps      | 86016       |
| train/                  |             |
|    approx_kl            | 0.016167933 |
|    clip_fraction        | 0.197       |
|    clip_range           | 0.2         |
|    entropy_loss         | -8.74       |
|    explained_variance   | 0.181       |
|    learning_rate        | 0.0003      |
|    loss                 | -0.0385     |
|    n_updates            | 410         |
|    policy_gradient_loss | -0.0277     |
|    std                  | 0.843       |
|    value_loss           | 0.000188    |
-----------------------------------------
-----------------------------------------
| rollout/                |             |
|    ep_len_mean          | 200         |
|    ep_rew_mean          | -138        |
| time/                   |             |
|    fps                  | 75          |
|    iterations           | 43          |
|    time_elapsed         | 1168        |
|    total_timesteps      | 88064       |
| train/                  |             |
|    approx_kl            | 0.015129594 |
|    clip_fraction        | 0.187       |
|    clip_range           | 0.2         |
|    entropy_loss         | -8.66       |
|    explained_variance   | 0.287       |
|    learning_rate        | 0.0003      |
|    loss                 | -0.0381     |
|    n_updates            | 420         |
|    policy_gradient_loss | -0.0264     |
|    std                  | 0.831       |
|    value_loss           | 0.000206    |
-----------------------------------------
-----------------------------------------
| rollout/                |             |
|    ep_len_mean          | 200         |
|    ep_rew_mean          | -134        |
| time/                   |             |
|    fps                  | 75          |
|    iterations           | 44          |
|    time_elapsed         | 1195        |
|    total_timesteps      | 90112       |
| train/                  |             |
|    approx_kl            | 0.017474059 |
|    clip_fraction        | 0.218       |
|    clip_range           | 0.2         |
|    entropy_loss         | -8.57       |
|    explained_variance   | 0.27        |
|    learning_rate        | 0.0003      |
|    loss                 | -0.0456     |
|    n_updates            | 430         |
|    policy_gradient_loss | -0.0306     |
|    std                  | 0.823       |
|    value_loss           | 0.000212    |
-----------------------------------------
-----------------------------------------
| rollout/                |             |
|    ep_len_mean          | 200         |
|    ep_rew_mean          | -132        |
| time/                   |             |
|    fps                  | 75          |
|    iterations           | 45          |
|    time_elapsed         | 1222        |
|    total_timesteps      | 92160       |
| train/                  |             |
|    approx_kl            | 0.019483598 |
|    clip_fraction        | 0.231       |
|    clip_range           | 0.2         |
|    entropy_loss         | -8.48       |
|    explained_variance   | 0.162       |
|    learning_rate        | 0.0003      |
|    loss                 | -0.0456     |
|    n_updates            | 440         |
|    policy_gradient_loss | -0.0354     |
|    std                  | 0.81        |
|    value_loss           | 0.000118    |
-----------------------------------------
----------------------------------------
| rollout/                |            |
|    ep_len_mean          | 200        |
|    ep_rew_mean          | -129       |
| time/                   |            |
|    fps                  | 75         |
|    iterations           | 46         |
|    time_elapsed         | 1250       |
|    total_timesteps      | 94208      |
| train/                  |            |
|    approx_kl            | 0.01773372 |
|    clip_fraction        | 0.201      |
|    clip_range           | 0.2        |
|    entropy_loss         | -8.36      |
|    explained_variance   | 0.363      |
|    learning_rate        | 0.0003     |
|    loss                 | -0.0297    |
|    n_updates            | 450        |
|    policy_gradient_loss | -0.031     |
|    std                  | 0.797      |
|    value_loss           | 0.000168   |
----------------------------------------
-----------------------------------------
| rollout/                |             |
|    ep_len_mean          | 200         |
|    ep_rew_mean          | -127        |
| time/                   |             |
|    fps                  | 75          |
|    iterations           | 47          |
|    time_elapsed         | 1277        |
|    total_timesteps      | 96256       |
| train/                  |             |
|    approx_kl            | 0.016045611 |
|    clip_fraction        | 0.209       |
|    clip_range           | 0.2         |
|    entropy_loss         | -8.25       |
|    explained_variance   | 0.395       |
|    learning_rate        | 0.0003      |
|    loss                 | -0.0464     |
|    n_updates            | 460         |
|    policy_gradient_loss | -0.0298     |
|    std                  | 0.786       |
|    value_loss           | 0.000128    |
-----------------------------------------
----------------------------------------
| rollout/                |            |
|    ep_len_mean          | 200        |
|    ep_rew_mean          | -124       |
| time/                   |            |
|    fps                  | 75         |
|    iterations           | 48         |
|    time_elapsed         | 1305       |
|    total_timesteps      | 98304      |
| train/                  |            |
|    approx_kl            | 0.01781417 |
|    clip_fraction        | 0.218      |
|    clip_range           | 0.2        |
|    entropy_loss         | -8.16      |
|    explained_variance   | 0.589      |
|    learning_rate        | 0.0003     |
|    loss                 | -0.0392    |
|    n_updates            | 470        |
|    policy_gradient_loss | -0.0294    |
|    std                  | 0.778      |
|    value_loss           | 0.000138   |
----------------------------------------
-----------------------------------------
| rollout/                |             |
|    ep_len_mean          | 200         |
|    ep_rew_mean          | -121        |
| time/                   |             |
|    fps                  | 75          |
|    iterations           | 49          |
|    time_elapsed         | 1332        |
|    total_timesteps      | 100352      |
| train/                  |             |
|    approx_kl            | 0.016606968 |
|    clip_fraction        | 0.221       |
|    clip_range           | 0.2         |
|    entropy_loss         | -8.09       |
|    explained_variance   | 0.26        |
|    learning_rate        | 0.0003      |
|    loss                 | -0.0235     |
|    n_updates            | 480         |
|    policy_gradient_loss | -0.0283     |
|    std                  | 0.771       |
|    value_loss           | 0.000197    |
-----------------------------------------
-----------------------------------------
| rollout/                |             |
|    ep_len_mean          | 200         |
|    ep_rew_mean          | -119        |
| time/                   |             |
|    fps                  | 75          |
|    iterations           | 50          |
|    time_elapsed         | 1359        |
|    total_timesteps      | 102400      |
| train/                  |             |
|    approx_kl            | 0.019262984 |
|    clip_fraction        | 0.225       |
|    clip_range           | 0.2         |
|    entropy_loss         | -8.02       |
|    explained_variance   | 0.436       |
|    learning_rate        | 0.0003      |
|    loss                 | -0.0293     |
|    n_updates            | 490         |
|    policy_gradient_loss | -0.0318     |
|    std                  | 0.763       |
|    value_loss           | 0.000126    |
-----------------------------------------
-----------------------------------------
| rollout/                |             |
|    ep_len_mean          | 200         |
|    ep_rew_mean          | -117        |
| time/                   |             |
|    fps                  | 75          |
|    iterations           | 51          |
|    time_elapsed         | 1387        |
|    total_timesteps      | 104448      |
| train/                  |             |
|    approx_kl            | 0.016516015 |
|    clip_fraction        | 0.192       |
|    clip_range           | 0.2         |
|    entropy_loss         | -7.92       |
|    explained_variance   | -0.141      |
|    learning_rate        | 0.0003      |
|    loss                 | -0.0413     |
|    n_updates            | 500         |
|    policy_gradient_loss | -0.0281     |
|    std                  | 0.75        |
|    value_loss           | 0.000132    |
-----------------------------------------
-----------------------------------------
| rollout/                |             |
|    ep_len_mean          | 200         |
|    ep_rew_mean          | -114        |
| time/                   |             |
|    fps                  | 75          |
|    iterations           | 52          |
|    time_elapsed         | 1415        |
|    total_timesteps      | 106496      |
| train/                  |             |
|    approx_kl            | 0.021057561 |
|    clip_fraction        | 0.233       |
|    clip_range           | 0.2         |
|    entropy_loss         | -7.84       |
|    explained_variance   | 0.222       |
|    learning_rate        | 0.0003      |
|    loss                 | -0.047      |
|    n_updates            | 510         |
|    policy_gradient_loss | -0.0307     |
|    std                  | 0.745       |
|    value_loss           | 0.000192    |
-----------------------------------------
-----------------------------------------
| rollout/                |             |
|    ep_len_mean          | 200         |
|    ep_rew_mean          | -112        |
| time/                   |             |
|    fps                  | 75          |
|    iterations           | 53          |
|    time_elapsed         | 1443        |
|    total_timesteps      | 108544      |
| train/                  |             |
|    approx_kl            | 0.016666245 |
|    clip_fraction        | 0.197       |
|    clip_range           | 0.2         |
|    entropy_loss         | -7.78       |
|    explained_variance   | 0.122       |
|    learning_rate        | 0.0003      |
|    loss                 | -0.0458     |
|    n_updates            | 520         |
|    policy_gradient_loss | -0.0258     |
|    std                  | 0.737       |
|    value_loss           | 0.000195    |
-----------------------------------------
-----------------------------------------
| rollout/                |             |
|    ep_len_mean          | 200         |
|    ep_rew_mean          | -110        |
| time/                   |             |
|    fps                  | 75          |
|    iterations           | 54          |
|    time_elapsed         | 1470        |
|    total_timesteps      | 110592      |
| train/                  |             |
|    approx_kl            | 0.017417327 |
|    clip_fraction        | 0.209       |
|    clip_range           | 0.2         |
|    entropy_loss         | -7.69       |
|    explained_variance   | -0.239      |
|    learning_rate        | 0.0003      |
|    loss                 | -0.0409     |
|    n_updates            | 530         |
|    policy_gradient_loss | -0.0295     |
|    std                  | 0.726       |
|    value_loss           | 8.98e-05    |
-----------------------------------------
-----------------------------------------
| rollout/                |             |
|    ep_len_mean          | 200         |
|    ep_rew_mean          | -108        |
| time/                   |             |
|    fps                  | 75          |
|    iterations           | 55          |
|    time_elapsed         | 1498        |
|    total_timesteps      | 112640      |
| train/                  |             |
|    approx_kl            | 0.016658671 |
|    clip_fraction        | 0.198       |
|    clip_range           | 0.2         |
|    entropy_loss         | -7.58       |
|    explained_variance   | -0.00375    |
|    learning_rate        | 0.0003      |
|    loss                 | -0.0352     |
|    n_updates            | 540         |
|    policy_gradient_loss | -0.026      |
|    std                  | 0.716       |
|    value_loss           | 0.000114    |
-----------------------------------------
-----------------------------------------
| rollout/                |             |
|    ep_len_mean          | 200         |
|    ep_rew_mean          | -107        |
| time/                   |             |
|    fps                  | 75          |
|    iterations           | 56          |
|    time_elapsed         | 1526        |
|    total_timesteps      | 114688      |
| train/                  |             |
|    approx_kl            | 0.017593164 |
|    clip_fraction        | 0.206       |
|    clip_range           | 0.2         |
|    entropy_loss         | -7.5        |
|    explained_variance   | -0.0553     |
|    learning_rate        | 0.0003      |
|    loss                 | -0.0545     |
|    n_updates            | 550         |
|    policy_gradient_loss | -0.0238     |
|    std                  | 0.709       |
|    value_loss           | 0.000113    |
-----------------------------------------
-----------------------------------------
| rollout/                |             |
|    ep_len_mean          | 200         |
|    ep_rew_mean          | -105        |
| time/                   |             |
|    fps                  | 75          |
|    iterations           | 57          |
|    time_elapsed         | 1554        |
|    total_timesteps      | 116736      |
| train/                  |             |
|    approx_kl            | 0.015042967 |
|    clip_fraction        | 0.19        |
|    clip_range           | 0.2         |
|    entropy_loss         | -7.41       |
|    explained_variance   | -0.0891     |
|    learning_rate        | 0.0003      |
|    loss                 | -0.0401     |
|    n_updates            | 560         |
|    policy_gradient_loss | -0.0255     |
|    std                  | 0.701       |
|    value_loss           | 0.000119    |
-----------------------------------------
-----------------------------------------
| rollout/                |             |
|    ep_len_mean          | 200         |
|    ep_rew_mean          | -103        |
| time/                   |             |
|    fps                  | 75          |
|    iterations           | 58          |
|    time_elapsed         | 1581        |
|    total_timesteps      | 118784      |
| train/                  |             |
|    approx_kl            | 0.016295597 |
|    clip_fraction        | 0.195       |
|    clip_range           | 0.2         |
|    entropy_loss         | -7.35       |
|    explained_variance   | -0.111      |
|    learning_rate        | 0.0003      |
|    loss                 | -0.0309     |
|    n_updates            | 570         |
|    policy_gradient_loss | -0.0264     |
|    std                  | 0.696       |
|    value_loss           | 0.000105    |
-----------------------------------------
-----------------------------------------
| rollout/                |             |
|    ep_len_mean          | 200         |
|    ep_rew_mean          | -102        |
| time/                   |             |
|    fps                  | 75          |
|    iterations           | 59          |
|    time_elapsed         | 1609        |
|    total_timesteps      | 120832      |
| train/                  |             |
|    approx_kl            | 0.020099316 |
|    clip_fraction        | 0.233       |
|    clip_range           | 0.2         |
|    entropy_loss         | -7.26       |
|    explained_variance   | -0.0853     |
|    learning_rate        | 0.0003      |
|    loss                 | -0.0549     |
|    n_updates            | 580         |
|    policy_gradient_loss | -0.03       |
|    std                  | 0.686       |
|    value_loss           | 9.03e-05    |
-----------------------------------------
-----------------------------------------
| rollout/                |             |
|    ep_len_mean          | 200         |
|    ep_rew_mean          | -101        |
| time/                   |             |
|    fps                  | 75          |
|    iterations           | 60          |
|    time_elapsed         | 1637        |
|    total_timesteps      | 122880      |
| train/                  |             |
|    approx_kl            | 0.016694546 |
|    clip_fraction        | 0.2         |
|    clip_range           | 0.2         |
|    entropy_loss         | -7.17       |
|    explained_variance   | -0.0236     |
|    learning_rate        | 0.0003      |
|    loss                 | -0.0288     |
|    n_updates            | 590         |
|    policy_gradient_loss | -0.0264     |
|    std                  | 0.68        |
|    value_loss           | 8.76e-05    |
-----------------------------------------
-----------------------------------------
| rollout/                |             |
|    ep_len_mean          | 200         |
|    ep_rew_mean          | -99.3       |
| time/                   |             |
|    fps                  | 75          |
|    iterations           | 61          |
|    time_elapsed         | 1664        |
|    total_timesteps      | 124928      |
| train/                  |             |
|    approx_kl            | 0.017638806 |
|    clip_fraction        | 0.211       |
|    clip_range           | 0.2         |
|    entropy_loss         | -7.09       |
|    explained_variance   | -0.0831     |
|    learning_rate        | 0.0003      |
|    loss                 | -0.0506     |
|    n_updates            | 600         |
|    policy_gradient_loss | -0.0273     |
|    std                  | 0.671       |
|    value_loss           | 8.96e-05    |
-----------------------------------------
-----------------------------------------
| rollout/                |             |
|    ep_len_mean          | 200         |
|    ep_rew_mean          | -98         |
| time/                   |             |
|    fps                  | 75          |
|    iterations           | 62          |
|    time_elapsed         | 1692        |
|    total_timesteps      | 126976      |
| train/                  |             |
|    approx_kl            | 0.014693644 |
|    clip_fraction        | 0.202       |
|    clip_range           | 0.2         |
|    entropy_loss         | -7.01       |
|    explained_variance   | 0.101       |
|    learning_rate        | 0.0003      |
|    loss                 | -0.0672     |
|    n_updates            | 610         |
|    policy_gradient_loss | -0.0239     |
|    std                  | 0.663       |
|    value_loss           | 0.000148    |
-----------------------------------------
-----------------------------------------
| rollout/                |             |
|    ep_len_mean          | 200         |
|    ep_rew_mean          | -96.5       |
| time/                   |             |
|    fps                  | 75          |
|    iterations           | 63          |
|    time_elapsed         | 1720        |
|    total_timesteps      | 129024      |
| train/                  |             |
|    approx_kl            | 0.018755428 |
|    clip_fraction        | 0.235       |
|    clip_range           | 0.2         |
|    entropy_loss         | -6.95       |
|    explained_variance   | -0.178      |
|    learning_rate        | 0.0003      |
|    loss                 | -0.0418     |
|    n_updates            | 620         |
|    policy_gradient_loss | -0.0274     |
|    std                  | 0.659       |
|    value_loss           | 7.17e-05    |
-----------------------------------------
-----------------------------------------
| rollout/                |             |
|    ep_len_mean          | 200         |
|    ep_rew_mean          | -95.3       |
| time/                   |             |
|    fps                  | 74          |
|    iterations           | 64          |
|    time_elapsed         | 1748        |
|    total_timesteps      | 131072      |
| train/                  |             |
|    approx_kl            | 0.022112958 |
|    clip_fraction        | 0.234       |
|    clip_range           | 0.2         |
|    entropy_loss         | -6.84       |
|    explained_variance   | -0.0856     |
|    learning_rate        | 0.0003      |
|    loss                 | -0.0515     |
|    n_updates            | 630         |
|    policy_gradient_loss | -0.0311     |
|    std                  | 0.647       |
|    value_loss           | 8.7e-05     |
-----------------------------------------
-----------------------------------------
| rollout/                |             |
|    ep_len_mean          | 200         |
|    ep_rew_mean          | -94         |
| time/                   |             |
|    fps                  | 74          |
|    iterations           | 65          |
|    time_elapsed         | 1775        |
|    total_timesteps      | 133120      |
| train/                  |             |
|    approx_kl            | 0.014460923 |
|    clip_fraction        | 0.197       |
|    clip_range           | 0.2         |
|    entropy_loss         | -6.73       |
|    explained_variance   | -0.0447     |
|    learning_rate        | 0.0003      |
|    loss                 | -0.0593     |
|    n_updates            | 640         |
|    policy_gradient_loss | -0.0237     |
|    std                  | 0.639       |
|    value_loss           | 8.07e-05    |
-----------------------------------------
-----------------------------------------
| rollout/                |             |
|    ep_len_mean          | 200         |
|    ep_rew_mean          | -92.6       |
| time/                   |             |
|    fps                  | 74          |
|    iterations           | 66          |
|    time_elapsed         | 1803        |
|    total_timesteps      | 135168      |
| train/                  |             |
|    approx_kl            | 0.018203087 |
|    clip_fraction        | 0.221       |
|    clip_range           | 0.2         |
|    entropy_loss         | -6.63       |
|    explained_variance   | -0.0166     |
|    learning_rate        | 0.0003      |
|    loss                 | -0.0367     |
|    n_updates            | 650         |
|    policy_gradient_loss | -0.0242     |
|    std                  | 0.629       |
|    value_loss           | 9.08e-05    |
-----------------------------------------
-----------------------------------------
| rollout/                |             |
|    ep_len_mean          | 200         |
|    ep_rew_mean          | -91.2       |
| time/                   |             |
|    fps                  | 74          |
|    iterations           | 67          |
|    time_elapsed         | 1831        |
|    total_timesteps      | 137216      |
| train/                  |             |
|    approx_kl            | 0.020117015 |
|    clip_fraction        | 0.22        |
|    clip_range           | 0.2         |
|    entropy_loss         | -6.51       |
|    explained_variance   | -0.0132     |
|    learning_rate        | 0.0003      |
|    loss                 | -0.048      |
|    n_updates            | 660         |
|    policy_gradient_loss | -0.0265     |
|    std                  | 0.62        |
|    value_loss           | 5.79e-05    |
-----------------------------------------
----------------------------------------
| rollout/                |            |
|    ep_len_mean          | 200        |
|    ep_rew_mean          | -90.1      |
| time/                   |            |
|    fps                  | 74         |
|    iterations           | 68         |
|    time_elapsed         | 1859       |
|    total_timesteps      | 139264     |
| train/                  |            |
|    approx_kl            | 0.02006756 |
|    clip_fraction        | 0.232      |
|    clip_range           | 0.2        |
|    entropy_loss         | -6.42      |
|    explained_variance   | -0.066     |
|    learning_rate        | 0.0003     |
|    loss                 | -0.0033    |
|    n_updates            | 670        |
|    policy_gradient_loss | -0.0253    |
|    std                  | 0.613      |
|    value_loss           | 9.29e-05   |
----------------------------------------
-----------------------------------------
| rollout/                |             |
|    ep_len_mean          | 200         |
|    ep_rew_mean          | -89         |
| time/                   |             |
|    fps                  | 74          |
|    iterations           | 69          |
|    time_elapsed         | 1886        |
|    total_timesteps      | 141312      |
| train/                  |             |
|    approx_kl            | 0.020581711 |
|    clip_fraction        | 0.232       |
|    clip_range           | 0.2         |
|    entropy_loss         | -6.32       |
|    explained_variance   | -0.065      |
|    learning_rate        | 0.0003      |
|    loss                 | -0.0412     |
|    n_updates            | 680         |
|    policy_gradient_loss | -0.0273     |
|    std                  | 0.605       |
|    value_loss           | 8.09e-05    |
-----------------------------------------
-----------------------------------------
| rollout/                |             |
|    ep_len_mean          | 200         |
|    ep_rew_mean          | -88         |
| time/                   |             |
|    fps                  | 74          |
|    iterations           | 70          |
|    time_elapsed         | 1914        |
|    total_timesteps      | 143360      |
| train/                  |             |
|    approx_kl            | 0.020736892 |
|    clip_fraction        | 0.263       |
|    clip_range           | 0.2         |
|    entropy_loss         | -6.2        |
|    explained_variance   | -0.202      |
|    learning_rate        | 0.0003      |
|    loss                 | -0.0441     |
|    n_updates            | 690         |
|    policy_gradient_loss | -0.0312     |
|    std                  | 0.594       |
|    value_loss           | 7.29e-05    |
-----------------------------------------
-----------------------------------------
| rollout/                |             |
|    ep_len_mean          | 200         |
|    ep_rew_mean          | -86.5       |
| time/                   |             |
|    fps                  | 74          |
|    iterations           | 71          |
|    time_elapsed         | 1942        |
|    total_timesteps      | 145408      |
| train/                  |             |
|    approx_kl            | 0.019723358 |
|    clip_fraction        | 0.239       |
|    clip_range           | 0.2         |
|    entropy_loss         | -6.09       |
|    explained_variance   | -0.0637     |
|    learning_rate        | 0.0003      |
|    loss                 | -0.0242     |
|    n_updates            | 700         |
|    policy_gradient_loss | -0.026      |
|    std                  | 0.586       |
|    value_loss           | 9.48e-05    |
-----------------------------------------
-----------------------------------------
| rollout/                |             |
|    ep_len_mean          | 200         |
|    ep_rew_mean          | -85.5       |
| time/                   |             |
|    fps                  | 74          |
|    iterations           | 72          |
|    time_elapsed         | 1971        |
|    total_timesteps      | 147456      |
| train/                  |             |
|    approx_kl            | 0.020699814 |
|    clip_fraction        | 0.241       |
|    clip_range           | 0.2         |
|    entropy_loss         | -5.99       |
|    explained_variance   | -0.0298     |
|    learning_rate        | 0.0003      |
|    loss                 | -0.0748     |
|    n_updates            | 710         |
|    policy_gradient_loss | -0.0263     |
|    std                  | 0.579       |
|    value_loss           | 8.06e-05    |
-----------------------------------------
----------------------------------------
| rollout/                |            |
|    ep_len_mean          | 200        |
|    ep_rew_mean          | -84.7      |
| time/                   |            |
|    fps                  | 74         |
|    iterations           | 73         |
|    time_elapsed         | 1999       |
|    total_timesteps      | 149504     |
| train/                  |            |
|    approx_kl            | 0.02093525 |
|    clip_fraction        | 0.268      |
|    clip_range           | 0.2        |
|    entropy_loss         | -5.87      |
|    explained_variance   | -0.0535    |
|    learning_rate        | 0.0003     |
|    loss                 | -0.0476    |
|    n_updates            | 720        |
|    policy_gradient_loss | -0.0282    |
|    std                  | 0.567      |
|    value_loss           | 7.15e-05   |
----------------------------------------
-----------------------------------------
| rollout/                |             |
|    ep_len_mean          | 200         |
|    ep_rew_mean          | -83.4       |
| time/                   |             |
|    fps                  | 74          |
|    iterations           | 74          |
|    time_elapsed         | 2027        |
|    total_timesteps      | 151552      |
| train/                  |             |
|    approx_kl            | 0.017238023 |
|    clip_fraction        | 0.213       |
|    clip_range           | 0.2         |
|    entropy_loss         | -5.78       |
|    explained_variance   | 0.0538      |
|    learning_rate        | 0.0003      |
|    loss                 | -0.0243     |
|    n_updates            | 730         |
|    policy_gradient_loss | -0.0206     |
|    std                  | 0.563       |
|    value_loss           | 0.000103    |
-----------------------------------------
-----------------------------------------
| rollout/                |             |
|    ep_len_mean          | 200         |
|    ep_rew_mean          | -82.1       |
| time/                   |             |
|    fps                  | 74          |
|    iterations           | 75          |
|    time_elapsed         | 2055        |
|    total_timesteps      | 153600      |
| train/                  |             |
|    approx_kl            | 0.024904963 |
|    clip_fraction        | 0.274       |
|    clip_range           | 0.2         |
|    entropy_loss         | -5.69       |
|    explained_variance   | -0.0118     |
|    learning_rate        | 0.0003      |
|    loss                 | -0.0132     |
|    n_updates            | 740         |
|    policy_gradient_loss | -0.0257     |
|    std                  | 0.554       |
|    value_loss           | 0.000126    |
-----------------------------------------
-----------------------------------------
| rollout/                |             |
|    ep_len_mean          | 200         |
|    ep_rew_mean          | -81.1       |
| time/                   |             |
|    fps                  | 74          |
|    iterations           | 76          |
|    time_elapsed         | 2083        |
|    total_timesteps      | 155648      |
| train/                  |             |
|    approx_kl            | 0.021958735 |
|    clip_fraction        | 0.273       |
|    clip_range           | 0.2         |
|    entropy_loss         | -5.57       |
|    explained_variance   | -0.101      |
|    learning_rate        | 0.0003      |
|    loss                 | -0.01       |
|    n_updates            | 750         |
|    policy_gradient_loss | -0.0267     |
|    std                  | 0.545       |
|    value_loss           | 8.07e-05    |
-----------------------------------------
-----------------------------------------
| rollout/                |             |
|    ep_len_mean          | 200         |
|    ep_rew_mean          | -80.1       |
| time/                   |             |
|    fps                  | 74          |
|    iterations           | 77          |
|    time_elapsed         | 2112        |
|    total_timesteps      | 157696      |
| train/                  |             |
|    approx_kl            | 0.022370903 |
|    clip_fraction        | 0.251       |
|    clip_range           | 0.2         |
|    entropy_loss         | -5.47       |
|    explained_variance   | -0.0402     |
|    learning_rate        | 0.0003      |
|    loss                 | -0.0322     |
|    n_updates            | 760         |
|    policy_gradient_loss | -0.0286     |
|    std                  | 0.538       |
|    value_loss           | 7.66e-05    |
-----------------------------------------
-----------------------------------------
| rollout/                |             |
|    ep_len_mean          | 200         |
|    ep_rew_mean          | -79.3       |
| time/                   |             |
|    fps                  | 74          |
|    iterations           | 78          |
|    time_elapsed         | 2140        |
|    total_timesteps      | 159744      |
| train/                  |             |
|    approx_kl            | 0.019274792 |
|    clip_fraction        | 0.224       |
|    clip_range           | 0.2         |
|    entropy_loss         | -5.39       |
|    explained_variance   | -0.079      |
|    learning_rate        | 0.0003      |
|    loss                 | -0.018      |
|    n_updates            | 770         |
|    policy_gradient_loss | -0.0198     |
|    std                  | 0.533       |
|    value_loss           | 7.62e-05    |
-----------------------------------------
-----------------------------------------
| rollout/                |             |
|    ep_len_mean          | 200         |
|    ep_rew_mean          | -78.2       |
| time/                   |             |
|    fps                  | 74          |
|    iterations           | 79          |
|    time_elapsed         | 2168        |
|    total_timesteps      | 161792      |
| train/                  |             |
|    approx_kl            | 0.023233477 |
|    clip_fraction        | 0.236       |
|    clip_range           | 0.2         |
|    entropy_loss         | -5.33       |
|    explained_variance   | 0.31        |
|    learning_rate        | 0.0003      |
|    loss                 | -0.0195     |
|    n_updates            | 780         |
|    policy_gradient_loss | -0.0202     |
|    std                  | 0.529       |
|    value_loss           | 0.000289    |
-----------------------------------------
-----------------------------------------
| rollout/                |             |
|    ep_len_mean          | 200         |
|    ep_rew_mean          | -77.1       |
| time/                   |             |
|    fps                  | 74          |
|    iterations           | 80          |
|    time_elapsed         | 2197        |
|    total_timesteps      | 163840      |
| train/                  |             |
|    approx_kl            | 0.021619825 |
|    clip_fraction        | 0.264       |
|    clip_range           | 0.2         |
|    entropy_loss         | -5.25       |
|    explained_variance   | -0.184      |
|    learning_rate        | 0.0003      |
|    loss                 | -0.0476     |
|    n_updates            | 790         |
|    policy_gradient_loss | -0.026      |
|    std                  | 0.522       |
|    value_loss           | 0.000119    |
-----------------------------------------
-----------------------------------------
| rollout/                |             |
|    ep_len_mean          | 200         |
|    ep_rew_mean          | -75.8       |
| time/                   |             |
|    fps                  | 74          |
|    iterations           | 81          |
|    time_elapsed         | 2226        |
|    total_timesteps      | 165888      |
| train/                  |             |
|    approx_kl            | 0.021768004 |
|    clip_fraction        | 0.27        |
|    clip_range           | 0.2         |
|    entropy_loss         | -5.13       |
|    explained_variance   | -0.0602     |
|    learning_rate        | 0.0003      |
|    loss                 | -0.0352     |
|    n_updates            | 800         |
|    policy_gradient_loss | -0.0248     |
|    std                  | 0.511       |
|    value_loss           | 0.000144    |
-----------------------------------------
----------------------------------------
| rollout/                |            |
|    ep_len_mean          | 200        |
|    ep_rew_mean          | -74.5      |
| time/                   |            |
|    fps                  | 74         |
|    iterations           | 82         |
|    time_elapsed         | 2255       |
|    total_timesteps      | 167936     |
| train/                  |            |
|    approx_kl            | 0.02224471 |
|    clip_fraction        | 0.255      |
|    clip_range           | 0.2        |
|    entropy_loss         | -5         |
|    explained_variance   | -0.0491    |
|    learning_rate        | 0.0003     |
|    loss                 | -0.0497    |
|    n_updates            | 810        |
|    policy_gradient_loss | -0.0238    |
|    std                  | 0.504      |
|    value_loss           | 0.000122   |
----------------------------------------
-----------------------------------------
| rollout/                |             |
|    ep_len_mean          | 200         |
|    ep_rew_mean          | -73.1       |
| time/                   |             |
|    fps                  | 74          |
|    iterations           | 83          |
|    time_elapsed         | 2284        |
|    total_timesteps      | 169984      |
| train/                  |             |
|    approx_kl            | 0.020010056 |
|    clip_fraction        | 0.261       |
|    clip_range           | 0.2         |
|    entropy_loss         | -4.9        |
|    explained_variance   | -0.254      |
|    learning_rate        | 0.0003      |
|    loss                 | -0.061      |
|    n_updates            | 820         |
|    policy_gradient_loss | -0.0226     |
|    std                  | 0.496       |
|    value_loss           | 0.000112    |
-----------------------------------------
-----------------------------------------
| rollout/                |             |
|    ep_len_mean          | 200         |
|    ep_rew_mean          | -71.8       |
| time/                   |             |
|    fps                  | 74          |
|    iterations           | 84          |
|    time_elapsed         | 2314        |
|    total_timesteps      | 172032      |
| train/                  |             |
|    approx_kl            | 0.022479638 |
|    clip_fraction        | 0.269       |
|    clip_range           | 0.2         |
|    entropy_loss         | -4.81       |
|    explained_variance   | 0.00501     |
|    learning_rate        | 0.0003      |
|    loss                 | -0.0249     |
|    n_updates            | 830         |
|    policy_gradient_loss | -0.0209     |
|    std                  | 0.49        |
|    value_loss           | 0.000205    |
-----------------------------------------
-----------------------------------------
| rollout/                |             |
|    ep_len_mean          | 200         |
|    ep_rew_mean          | -70.6       |
| time/                   |             |
|    fps                  | 74          |
|    iterations           | 85          |
|    time_elapsed         | 2343        |
|    total_timesteps      | 174080      |
| train/                  |             |
|    approx_kl            | 0.023519337 |
|    clip_fraction        | 0.27        |
|    clip_range           | 0.2         |
|    entropy_loss         | -4.72       |
|    explained_variance   | 0.0161      |
|    learning_rate        | 0.0003      |
|    loss                 | -0.0134     |
|    n_updates            | 840         |
|    policy_gradient_loss | -0.0246     |
|    std                  | 0.485       |
|    value_loss           | 0.000214    |
-----------------------------------------
-----------------------------------------
| rollout/                |             |
|    ep_len_mean          | 200         |
|    ep_rew_mean          | -69         |
| time/                   |             |
|    fps                  | 74          |
|    iterations           | 86          |
|    time_elapsed         | 2373        |
|    total_timesteps      | 176128      |
| train/                  |             |
|    approx_kl            | 0.021587683 |
|    clip_fraction        | 0.266       |
|    clip_range           | 0.2         |
|    entropy_loss         | -4.63       |
|    explained_variance   | 0.00353     |
|    learning_rate        | 0.0003      |
|    loss                 | -0.0573     |
|    n_updates            | 850         |
|    policy_gradient_loss | -0.0213     |
|    std                  | 0.479       |
|    value_loss           | 0.000137    |
-----------------------------------------
-----------------------------------------
| rollout/                |             |
|    ep_len_mean          | 200         |
|    ep_rew_mean          | -67.2       |
| time/                   |             |
|    fps                  | 74          |
|    iterations           | 87          |
|    time_elapsed         | 2403        |
|    total_timesteps      | 178176      |
| train/                  |             |
|    approx_kl            | 0.020661678 |
|    clip_fraction        | 0.257       |
|    clip_range           | 0.2         |
|    entropy_loss         | -4.54       |
|    explained_variance   | 0.0433      |
|    learning_rate        | 0.0003      |
|    loss                 | -0.0406     |
|    n_updates            | 860         |
|    policy_gradient_loss | -0.0238     |
|    std                  | 0.474       |
|    value_loss           | 0.000266    |
-----------------------------------------
-----------------------------------------
| rollout/                |             |
|    ep_len_mean          | 200         |
|    ep_rew_mean          | -65.4       |
| time/                   |             |
|    fps                  | 74          |
|    iterations           | 88          |
|    time_elapsed         | 2433        |
|    total_timesteps      | 180224      |
| train/                  |             |
|    approx_kl            | 0.028135328 |
|    clip_fraction        | 0.328       |
|    clip_range           | 0.2         |
|    entropy_loss         | -4.5        |
|    explained_variance   | 0.0327      |
|    learning_rate        | 0.0003      |
|    loss                 | -0.0216     |
|    n_updates            | 870         |
|    policy_gradient_loss | -0.0161     |
|    std                  | 0.473       |
|    value_loss           | 0.00176     |
-----------------------------------------
-----------------------------------------
| rollout/                |             |
|    ep_len_mean          | 200         |
|    ep_rew_mean          | -64         |
| time/                   |             |
|    fps                  | 73          |
|    iterations           | 89          |
|    time_elapsed         | 2463        |
|    total_timesteps      | 182272      |
| train/                  |             |
|    approx_kl            | 0.024016906 |
|    clip_fraction        | 0.293       |
|    clip_range           | 0.2         |
|    entropy_loss         | -4.47       |
|    explained_variance   | -0.337      |
|    learning_rate        | 0.0003      |
|    loss                 | 0.011       |
|    n_updates            | 880         |
|    policy_gradient_loss | -0.0217     |
|    std                  | 0.469       |
|    value_loss           | 0.000342    |
-----------------------------------------
-----------------------------------------
| rollout/                |             |
|    ep_len_mean          | 198         |
|    ep_rew_mean          | -62.1       |
| time/                   |             |
|    fps                  | 73          |
|    iterations           | 90          |
|    time_elapsed         | 2493        |
|    total_timesteps      | 184320      |
| train/                  |             |
|    approx_kl            | 0.023479477 |
|    clip_fraction        | 0.286       |
|    clip_range           | 0.2         |
|    entropy_loss         | -4.4        |
|    explained_variance   | -0.0954     |
|    learning_rate        | 0.0003      |
|    loss                 | -0.0388     |
|    n_updates            | 890         |
|    policy_gradient_loss | -0.0211     |
|    std                  | 0.466       |
|    value_loss           | 0.000259    |
-----------------------------------------
-----------------------------------------
| rollout/                |             |
|    ep_len_mean          | 193         |
|    ep_rew_mean          | -58.4       |
| time/                   |             |
|    fps                  | 73          |
|    iterations           | 91          |
|    time_elapsed         | 2523        |
|    total_timesteps      | 186368      |
| train/                  |             |
|    approx_kl            | 0.028797003 |
|    clip_fraction        | 0.311       |
|    clip_range           | 0.2         |
|    entropy_loss         | -4.32       |
|    explained_variance   | 0.0523      |
|    learning_rate        | 0.0003      |
|    loss                 | -0.059      |
|    n_updates            | 900         |
|    policy_gradient_loss | -0.0122     |
|    std                  | 0.459       |
|    value_loss           | 0.00261     |
-----------------------------------------
-----------------------------------------
| rollout/                |             |
|    ep_len_mean          | 185         |
|    ep_rew_mean          | -53.7       |
| time/                   |             |
|    fps                  | 73          |
|    iterations           | 92          |
|    time_elapsed         | 2554        |
|    total_timesteps      | 188416      |
| train/                  |             |
|    approx_kl            | 0.030886577 |
|    clip_fraction        | 0.312       |
|    clip_range           | 0.2         |
|    entropy_loss         | -4.25       |
|    explained_variance   | 0.131       |
|    learning_rate        | 0.0003      |
|    loss                 | -0.022      |
|    n_updates            | 910         |
|    policy_gradient_loss | -0.00967    |
|    std                  | 0.456       |
|    value_loss           | 0.00583     |
-----------------------------------------
-----------------------------------------
| rollout/                |             |
|    ep_len_mean          | 181         |
|    ep_rew_mean          | -50.4       |
| time/                   |             |
|    fps                  | 73          |
|    iterations           | 93          |
|    time_elapsed         | 2584        |
|    total_timesteps      | 190464      |
| train/                  |             |
|    approx_kl            | 0.024981366 |
|    clip_fraction        | 0.303       |
|    clip_range           | 0.2         |
|    entropy_loss         | -4.2        |
|    explained_variance   | 0.238       |
|    learning_rate        | 0.0003      |
|    loss                 | 0.0465      |
|    n_updates            | 920         |
|    policy_gradient_loss | -0.0153     |
|    std                  | 0.453       |
|    value_loss           | 0.00712     |
-----------------------------------------
-----------------------------------------
| rollout/                |             |
|    ep_len_mean          | 174         |
|    ep_rew_mean          | -46.5       |
| time/                   |             |
|    fps                  | 73          |
|    iterations           | 94          |
|    time_elapsed         | 2614        |
|    total_timesteps      | 192512      |
| train/                  |             |
|    approx_kl            | 0.027458422 |
|    clip_fraction        | 0.28        |
|    clip_range           | 0.2         |
|    entropy_loss         | -4.13       |
|    explained_variance   | 0.144       |
|    learning_rate        | 0.0003      |
|    loss                 | -0.000469   |
|    n_updates            | 930         |
|    policy_gradient_loss | -0.0172     |
|    std                  | 0.448       |
|    value_loss           | 0.00429     |
-----------------------------------------
-----------------------------------------
| rollout/                |             |
|    ep_len_mean          | 166         |
|    ep_rew_mean          | -42.2       |
| time/                   |             |
|    fps                  | 73          |
|    iterations           | 95          |
|    time_elapsed         | 2645        |
|    total_timesteps      | 194560      |
| train/                  |             |
|    approx_kl            | 0.024829317 |
|    clip_fraction        | 0.304       |
|    clip_range           | 0.2         |
|    entropy_loss         | -4.08       |
|    explained_variance   | 0.134       |
|    learning_rate        | 0.0003      |
|    loss                 | 0.0125      |
|    n_updates            | 940         |
|    policy_gradient_loss | -0.016      |
|    std                  | 0.446       |
|    value_loss           | 0.00434     |
-----------------------------------------
-----------------------------------------
| rollout/                |             |
|    ep_len_mean          | 154         |
|    ep_rew_mean          | -36.8       |
| time/                   |             |
|    fps                  | 73          |
|    iterations           | 96          |
|    time_elapsed         | 2675        |
|    total_timesteps      | 196608      |
| train/                  |             |
|    approx_kl            | 0.023371315 |
|    clip_fraction        | 0.296       |
|    clip_range           | 0.2         |
|    entropy_loss         | -4.03       |
|    explained_variance   | 0.162       |
|    learning_rate        | 0.0003      |
|    loss                 | -0.0285     |
|    n_updates            | 950         |
|    policy_gradient_loss | -0.0131     |
|    std                  | 0.442       |
|    value_loss           | 0.00506     |
-----------------------------------------
-----------------------------------------
| rollout/                |             |
|    ep_len_mean          | 143         |
|    ep_rew_mean          | -32         |
| time/                   |             |
|    fps                  | 73          |
|    iterations           | 97          |
|    time_elapsed         | 2705        |
|    total_timesteps      | 198656      |
| train/                  |             |
|    approx_kl            | 0.027148388 |
|    clip_fraction        | 0.3         |
|    clip_range           | 0.2         |
|    entropy_loss         | -3.98       |
|    explained_variance   | 0.204       |
|    learning_rate        | 0.0003      |
|    loss                 | -0.0216     |
|    n_updates            | 960         |
|    policy_gradient_loss | -0.0145     |
|    std                  | 0.439       |
|    value_loss           | 0.00498     |
-----------------------------------------
-----------------------------------------
| rollout/                |             |
|    ep_len_mean          | 139         |
|    ep_rew_mean          | -29.8       |
| time/                   |             |
|    fps                  | 73          |
|    iterations           | 98          |
|    time_elapsed         | 2736        |
|    total_timesteps      | 200704      |
| train/                  |             |
|    approx_kl            | 0.024655305 |
|    clip_fraction        | 0.287       |
|    clip_range           | 0.2         |
|    entropy_loss         | -3.93       |
|    explained_variance   | 0.128       |
|    learning_rate        | 0.0003      |
|    loss                 | 0.0185      |
|    n_updates            | 970         |
|    policy_gradient_loss | -0.0133     |
|    std                  | 0.436       |
|    value_loss           | 0.00526     |
-----------------------------------------
-----------------------------------------
| rollout/                |             |
|    ep_len_mean          | 134         |
|    ep_rew_mean          | -27.9       |
| time/                   |             |
|    fps                  | 73          |
|    iterations           | 99          |
|    time_elapsed         | 2766        |
|    total_timesteps      | 202752      |
| train/                  |             |
|    approx_kl            | 0.025344532 |
|    clip_fraction        | 0.262       |
|    clip_range           | 0.2         |
|    entropy_loss         | -3.85       |
|    explained_variance   | 0.165       |
|    learning_rate        | 0.0003      |
|    loss                 | -0.0442     |
|    n_updates            | 980         |
|    policy_gradient_loss | -0.0123     |
|    std                  | 0.431       |
|    value_loss           | 0.0046      |
-----------------------------------------
-----------------------------------------
| rollout/                |             |
|    ep_len_mean          | 120         |
|    ep_rew_mean          | -23.2       |
| time/                   |             |
|    fps                  | 73          |
|    iterations           | 100         |
|    time_elapsed         | 2797        |
|    total_timesteps      | 204800      |
| train/                  |             |
|    approx_kl            | 0.024968583 |
|    clip_fraction        | 0.26        |
|    clip_range           | 0.2         |
|    entropy_loss         | -3.78       |
|    explained_variance   | 0.161       |
|    learning_rate        | 0.0003      |
|    loss                 | 0.00871     |
|    n_updates            | 990         |
|    policy_gradient_loss | -0.0124     |
|    std                  | 0.427       |
|    value_loss           | 0.00455     |
-----------------------------------------
-----------------------------------------
| rollout/                |             |
|    ep_len_mean          | 104         |
|    ep_rew_mean          | -18.1       |
| time/                   |             |
|    fps                  | 73          |
|    iterations           | 101         |
|    time_elapsed         | 2828        |
|    total_timesteps      | 206848      |
| train/                  |             |
|    approx_kl            | 0.021556668 |
|    clip_fraction        | 0.282       |
|    clip_range           | 0.2         |
|    entropy_loss         | -3.74       |
|    explained_variance   | 0.259       |
|    learning_rate        | 0.0003      |
|    loss                 | -0.0277     |
|    n_updates            | 1000        |
|    policy_gradient_loss | -0.0167     |
|    std                  | 0.425       |
|    value_loss           | 0.00568     |
-----------------------------------------
-----------------------------------------
| rollout/                |             |
|    ep_len_mean          | 90.6        |
|    ep_rew_mean          | -13.7       |
| time/                   |             |
|    fps                  | 73          |
|    iterations           | 102         |
|    time_elapsed         | 2859        |
|    total_timesteps      | 208896      |
| train/                  |             |
|    approx_kl            | 0.027554799 |
|    clip_fraction        | 0.311       |
|    clip_range           | 0.2         |
|    entropy_loss         | -3.7        |
|    explained_variance   | 0.303       |
|    learning_rate        | 0.0003      |
|    loss                 | -0.0331     |
|    n_updates            | 1010        |
|    policy_gradient_loss | -0.0162     |
|    std                  | 0.422       |
|    value_loss           | 0.00549     |
-----------------------------------------
-----------------------------------------
| rollout/                |             |
|    ep_len_mean          | 78          |
|    ep_rew_mean          | -9.61       |
| time/                   |             |
|    fps                  | 72          |
|    iterations           | 103         |
|    time_elapsed         | 2890        |
|    total_timesteps      | 210944      |
| train/                  |             |
|    approx_kl            | 0.027662558 |
|    clip_fraction        | 0.306       |
|    clip_range           | 0.2         |
|    entropy_loss         | -3.63       |
|    explained_variance   | 0.186       |
|    learning_rate        | 0.0003      |
|    loss                 | -0.0149     |
|    n_updates            | 1020        |
|    policy_gradient_loss | -0.0208     |
|    std                  | 0.419       |
|    value_loss           | 0.00466     |
-----------------------------------------
-----------------------------------------
| rollout/                |             |
|    ep_len_mean          | 72.5        |
|    ep_rew_mean          | -8.37       |
| time/                   |             |
|    fps                  | 72          |
|    iterations           | 104         |
|    time_elapsed         | 2922        |
|    total_timesteps      | 212992      |
| train/                  |             |
|    approx_kl            | 0.023978576 |
|    clip_fraction        | 0.263       |
|    clip_range           | 0.2         |
|    entropy_loss         | -3.6        |
|    explained_variance   | 0.216       |
|    learning_rate        | 0.0003      |
|    loss                 | 0.0239      |
|    n_updates            | 1030        |
|    policy_gradient_loss | -0.0163     |
|    std                  | 0.418       |
|    value_loss           | 0.00419     |
-----------------------------------------
-----------------------------------------
| rollout/                |             |
|    ep_len_mean          | 71.4        |
|    ep_rew_mean          | -7.88       |
| time/                   |             |
|    fps                  | 72          |
|    iterations           | 105         |
|    time_elapsed         | 2953        |
|    total_timesteps      | 215040      |
| train/                  |             |
|    approx_kl            | 0.023326324 |
|    clip_fraction        | 0.282       |
|    clip_range           | 0.2         |
|    entropy_loss         | -3.57       |
|    explained_variance   | 0.24        |
|    learning_rate        | 0.0003      |
|    loss                 | -0.00409    |
|    n_updates            | 1040        |
|    policy_gradient_loss | -0.0173     |
|    std                  | 0.417       |
|    value_loss           | 0.00449     |
-----------------------------------------
-----------------------------------------
| rollout/                |             |
|    ep_len_mean          | 64.5        |
|    ep_rew_mean          | -6.04       |
| time/                   |             |
|    fps                  | 72          |
|    iterations           | 106         |
|    time_elapsed         | 2984        |
|    total_timesteps      | 217088      |
| train/                  |             |
|    approx_kl            | 0.022016924 |
|    clip_fraction        | 0.261       |
|    clip_range           | 0.2         |
|    entropy_loss         | -3.54       |
|    explained_variance   | 0.182       |
|    learning_rate        | 0.0003      |
|    loss                 | -0.0173     |
|    n_updates            | 1050        |
|    policy_gradient_loss | -0.0171     |
|    std                  | 0.414       |
|    value_loss           | 0.00376     |
-----------------------------------------
-----------------------------------------
| rollout/                |             |
|    ep_len_mean          | 63.3        |
|    ep_rew_mean          | -5.68       |
| time/                   |             |
|    fps                  | 72          |
|    iterations           | 107         |
|    time_elapsed         | 3016        |
|    total_timesteps      | 219136      |
| train/                  |             |
|    approx_kl            | 0.030928567 |
|    clip_fraction        | 0.304       |
|    clip_range           | 0.2         |
|    entropy_loss         | -3.48       |
|    explained_variance   | 0.0828      |
|    learning_rate        | 0.0003      |
|    loss                 | 0.00384     |
|    n_updates            | 1060        |
|    policy_gradient_loss | -0.0131     |
|    std                  | 0.41        |
|    value_loss           | 0.00311     |
-----------------------------------------
-----------------------------------------
| rollout/                |             |
|    ep_len_mean          | 49.5        |
|    ep_rew_mean          | -1.99       |
| time/                   |             |
|    fps                  | 72          |
|    iterations           | 108         |
|    time_elapsed         | 3050        |
|    total_timesteps      | 221184      |
| train/                  |             |
|    approx_kl            | 0.020355245 |
|    clip_fraction        | 0.257       |
|    clip_range           | 0.2         |
|    entropy_loss         | -3.4        |
|    explained_variance   | 0.118       |
|    learning_rate        | 0.0003      |
|    loss                 | -0.0109     |
|    n_updates            | 1070        |
|    policy_gradient_loss | -0.0109     |
|    std                  | 0.405       |
|    value_loss           | 0.00307     |
-----------------------------------------
-----------------------------------------
| rollout/                |             |
|    ep_len_mean          | 29.8        |
|    ep_rew_mean          | 3.23        |
| time/                   |             |
|    fps                  | 72          |
|    iterations           | 109         |
|    time_elapsed         | 3083        |
|    total_timesteps      | 223232      |
| train/                  |             |
|    approx_kl            | 0.028898157 |
|    clip_fraction        | 0.305       |
|    clip_range           | 0.2         |
|    entropy_loss         | -3.34       |
|    explained_variance   | 0.234       |
|    learning_rate        | 0.0003      |
|    loss                 | -0.0263     |
|    n_updates            | 1080        |
|    policy_gradient_loss | -0.0214     |
|    std                  | 0.403       |
|    value_loss           | 0.00305     |
-----------------------------------------
----------------------------------------
| rollout/                |            |
|    ep_len_mean          | 32.3       |
|    ep_rew_mean          | 2.49       |
| time/                   |            |
|    fps                  | 72         |
|    iterations           | 110        |
|    time_elapsed         | 3116       |
|    total_timesteps      | 225280     |
| train/                  |            |
|    approx_kl            | 0.02384786 |
|    clip_fraction        | 0.296      |
|    clip_range           | 0.2        |
|    entropy_loss         | -3.28      |
|    explained_variance   | 0.152      |
|    learning_rate        | 0.0003     |
|    loss                 | -0.0288    |
|    n_updates            | 1090       |
|    policy_gradient_loss | -0.0158    |
|    std                  | 0.399      |
|    value_loss           | 0.00188    |
----------------------------------------
-----------------------------------------
| rollout/                |             |
|    ep_len_mean          | 33.6        |
|    ep_rew_mean          | 2.1         |
| time/                   |             |
|    fps                  | 72          |
|    iterations           | 111         |
|    time_elapsed         | 3150        |
|    total_timesteps      | 227328      |
| train/                  |             |
|    approx_kl            | 0.018148256 |
|    clip_fraction        | 0.258       |
|    clip_range           | 0.2         |
|    entropy_loss         | -3.22       |
|    explained_variance   | -0.0115     |
|    learning_rate        | 0.0003      |
|    loss                 | -0.0306     |
|    n_updates            | 1100        |
|    policy_gradient_loss | -0.0154     |
|    std                  | 0.396       |
|    value_loss           | 0.00171     |
-----------------------------------------
-----------------------------------------
| rollout/                |             |
|    ep_len_mean          | 40.2        |
|    ep_rew_mean          | 0.686       |
| time/                   |             |
|    fps                  | 72          |
|    iterations           | 112         |
|    time_elapsed         | 3182        |
|    total_timesteps      | 229376      |
| train/                  |             |
|    approx_kl            | 0.017904036 |
|    clip_fraction        | 0.279       |
|    clip_range           | 0.2         |
|    entropy_loss         | -3.17       |
|    explained_variance   | 0.24        |
|    learning_rate        | 0.0003      |
|    loss                 | -0.0602     |
|    n_updates            | 1110        |
|    policy_gradient_loss | -0.016      |
|    std                  | 0.393       |
|    value_loss           | 0.00154     |
-----------------------------------------
----------------------------------------
| rollout/                |            |
|    ep_len_mean          | 35.5       |
|    ep_rew_mean          | 1.86       |
| time/                   |            |
|    fps                  | 71         |
|    iterations           | 113        |
|    time_elapsed         | 3215       |
|    total_timesteps      | 231424     |
| train/                  |            |
|    approx_kl            | 0.02062185 |
|    clip_fraction        | 0.258      |
|    clip_range           | 0.2        |
|    entropy_loss         | -3.13      |
|    explained_variance   | -0.0504    |
|    learning_rate        | 0.0003     |
|    loss                 | -0.00659   |
|    n_updates            | 1120       |
|    policy_gradient_loss | -0.00887   |
|    std                  | 0.392      |
|    value_loss           | 0.00148    |
----------------------------------------
----------------------------------------
| rollout/                |            |
|    ep_len_mean          | 32.5       |
|    ep_rew_mean          | 2.18       |
| time/                   |            |
|    fps                  | 71         |
|    iterations           | 114        |
|    time_elapsed         | 3248       |
|    total_timesteps      | 233472     |
| train/                  |            |
|    approx_kl            | 0.02189403 |
|    clip_fraction        | 0.259      |
|    clip_range           | 0.2        |
|    entropy_loss         | -3.09      |
|    explained_variance   | 0.018      |
|    learning_rate        | 0.0003     |
|    loss                 | -0.0149    |
|    n_updates            | 1130       |
|    policy_gradient_loss | -0.0091    |
|    std                  | 0.39       |
|    value_loss           | 0.00177    |
----------------------------------------
-----------------------------------------
| rollout/                |             |
|    ep_len_mean          | 31.3        |
|    ep_rew_mean          | 2.72        |
| time/                   |             |
|    fps                  | 71          |
|    iterations           | 115         |
|    time_elapsed         | 3282        |
|    total_timesteps      | 235520      |
| train/                  |             |
|    approx_kl            | 0.024325386 |
|    clip_fraction        | 0.286       |
|    clip_range           | 0.2         |
|    entropy_loss         | -3.04       |
|    explained_variance   | -0.0531     |
|    learning_rate        | 0.0003      |
|    loss                 | -0.0337     |
|    n_updates            | 1140        |
|    policy_gradient_loss | -0.00598    |
|    std                  | 0.387       |
|    value_loss           | 0.00168     |
-----------------------------------------
-----------------------------------------
| rollout/                |             |
|    ep_len_mean          | 29.5        |
|    ep_rew_mean          | 3.43        |
| time/                   |             |
|    fps                  | 71          |
|    iterations           | 116         |
|    time_elapsed         | 3316        |
|    total_timesteps      | 237568      |
| train/                  |             |
|    approx_kl            | 0.020993795 |
|    clip_fraction        | 0.29        |
|    clip_range           | 0.2         |
|    entropy_loss         | -3.01       |
|    explained_variance   | 0.378       |
|    learning_rate        | 0.0003      |
|    loss                 | 0.00619     |
|    n_updates            | 1150        |
|    policy_gradient_loss | -0.00869    |
|    std                  | 0.385       |
|    value_loss           | 0.00163     |
-----------------------------------------
-----------------------------------------
| rollout/                |             |
|    ep_len_mean          | 35.2        |
|    ep_rew_mean          | 1.98        |
| time/                   |             |
|    fps                  | 71          |
|    iterations           | 117         |
|    time_elapsed         | 3348        |
|    total_timesteps      | 239616      |
| train/                  |             |
|    approx_kl            | 0.026109887 |
|    clip_fraction        | 0.31        |
|    clip_range           | 0.2         |
|    entropy_loss         | -2.98       |
|    explained_variance   | 0.165       |
|    learning_rate        | 0.0003      |
|    loss                 | 0.0111      |
|    n_updates            | 1160        |
|    policy_gradient_loss | -0.0146     |
|    std                  | 0.384       |
|    value_loss           | 0.00163     |
-----------------------------------------
-----------------------------------------
| rollout/                |             |
|    ep_len_mean          | 36          |
|    ep_rew_mean          | 1           |
| time/                   |             |
|    fps                  | 71          |
|    iterations           | 118         |
|    time_elapsed         | 3381        |
|    total_timesteps      | 241664      |
| train/                  |             |
|    approx_kl            | 0.022499321 |
|    clip_fraction        | 0.28        |
|    clip_range           | 0.2         |
|    entropy_loss         | -2.94       |
|    explained_variance   | 0.337       |
|    learning_rate        | 0.0003      |
|    loss                 | -0.00769    |
|    n_updates            | 1170        |
|    policy_gradient_loss | -0.0119     |
|    std                  | 0.381       |
|    value_loss           | 0.00163     |
-----------------------------------------
-----------------------------------------
| rollout/                |             |
|    ep_len_mean          | 33.2        |
|    ep_rew_mean          | 1.7         |
| time/                   |             |
|    fps                  | 71          |
|    iterations           | 119         |
|    time_elapsed         | 3414        |
|    total_timesteps      | 243712      |
| train/                  |             |
|    approx_kl            | 0.021968435 |
|    clip_fraction        | 0.259       |
|    clip_range           | 0.2         |
|    entropy_loss         | -2.91       |
|    explained_variance   | 0.368       |
|    learning_rate        | 0.0003      |
|    loss                 | -0.062      |
|    n_updates            | 1180        |
|    policy_gradient_loss | -0.0091     |
|    std                  | 0.38        |
|    value_loss           | 0.00217     |
-----------------------------------------
-----------------------------------------
| rollout/                |             |
|    ep_len_mean          | 38.4        |
|    ep_rew_mean          | 1.2         |
| time/                   |             |
|    fps                  | 71          |
|    iterations           | 120         |
|    time_elapsed         | 3446        |
|    total_timesteps      | 245760      |
| train/                  |             |
|    approx_kl            | 0.023026105 |
|    clip_fraction        | 0.272       |
|    clip_range           | 0.2         |
|    entropy_loss         | -2.87       |
|    explained_variance   | 0.291       |
|    learning_rate        | 0.0003      |
|    loss                 | -0.0446     |
|    n_updates            | 1190        |
|    policy_gradient_loss | -0.0117     |
|    std                  | 0.377       |
|    value_loss           | 0.00223     |
-----------------------------------------
-----------------------------------------
| rollout/                |             |
|    ep_len_mean          | 38.4        |
|    ep_rew_mean          | 0.929       |
| time/                   |             |
|    fps                  | 71          |
|    iterations           | 121         |
|    time_elapsed         | 3479        |
|    total_timesteps      | 247808      |
| train/                  |             |
|    approx_kl            | 0.025906662 |
|    clip_fraction        | 0.266       |
|    clip_range           | 0.2         |
|    entropy_loss         | -2.83       |
|    explained_variance   | 0.367       |
|    learning_rate        | 0.0003      |
|    loss                 | -0.0227     |
|    n_updates            | 1200        |
|    policy_gradient_loss | -0.00952    |
|    std                  | 0.376       |
|    value_loss           | 0.0024      |
-----------------------------------------
----------------------------------------
| rollout/                |            |
|    ep_len_mean          | 31.1       |
|    ep_rew_mean          | 3.05       |
| time/                   |            |
|    fps                  | 71         |
|    iterations           | 122        |
|    time_elapsed         | 3512       |
|    total_timesteps      | 249856     |
| train/                  |            |
|    approx_kl            | 0.02503023 |
|    clip_fraction        | 0.254      |
|    clip_range           | 0.2        |
|    entropy_loss         | -2.83      |
|    explained_variance   | 0.408      |
|    learning_rate        | 0.0003     |
|    loss                 | -0.0195    |
|    n_updates            | 1210       |
|    policy_gradient_loss | -0.0134    |
|    std                  | 0.376      |
|    value_loss           | 0.00212    |
----------------------------------------
-----------------------------------------
| rollout/                |             |
|    ep_len_mean          | 31.9        |
|    ep_rew_mean          | 2.67        |
| time/                   |             |
|    fps                  | 71          |
|    iterations           | 123         |
|    time_elapsed         | 3546        |
|    total_timesteps      | 251904      |
| train/                  |             |
|    approx_kl            | 0.027867332 |
|    clip_fraction        | 0.282       |
|    clip_range           | 0.2         |
|    entropy_loss         | -2.83       |
|    explained_variance   | 0.555       |
|    learning_rate        | 0.0003      |
|    loss                 | -0.0451     |
|    n_updates            | 1220        |
|    policy_gradient_loss | -0.0167     |
|    std                  | 0.375       |
|    value_loss           | 0.0019      |
-----------------------------------------
-----------------------------------------
| rollout/                |             |
|    ep_len_mean          | 22.4        |
|    ep_rew_mean          | 5.55        |
| time/                   |             |
|    fps                  | 70          |
|    iterations           | 124         |
|    time_elapsed         | 3581        |
|    total_timesteps      | 253952      |
| train/                  |             |
|    approx_kl            | 0.024903592 |
|    clip_fraction        | 0.273       |
|    clip_range           | 0.2         |
|    entropy_loss         | -2.81       |
|    explained_variance   | 0.395       |
|    learning_rate        | 0.0003      |
|    loss                 | 0.00473     |
|    n_updates            | 1230        |
|    policy_gradient_loss | -0.00932    |
|    std                  | 0.373       |
|    value_loss           | 0.00196     |
-----------------------------------------
-----------------------------------------
| rollout/                |             |
|    ep_len_mean          | 24.4        |
|    ep_rew_mean          | 4.76        |
| time/                   |             |
|    fps                  | 70          |
|    iterations           | 125         |
|    time_elapsed         | 3615        |
|    total_timesteps      | 256000      |
| train/                  |             |
|    approx_kl            | 0.020252883 |
|    clip_fraction        | 0.278       |
|    clip_range           | 0.2         |
|    entropy_loss         | -2.76       |
|    explained_variance   | -0.21       |
|    learning_rate        | 0.0003      |
|    loss                 | 0.00308     |
|    n_updates            | 1240        |
|    policy_gradient_loss | -0.0097     |
|    std                  | 0.37        |
|    value_loss           | 0.000928    |
-----------------------------------------
-----------------------------------------
| rollout/                |             |
|    ep_len_mean          | 28.7        |
|    ep_rew_mean          | 3.03        |
| time/                   |             |
|    fps                  | 70          |
|    iterations           | 126         |
|    time_elapsed         | 3649        |
|    total_timesteps      | 258048      |
| train/                  |             |
|    approx_kl            | 0.028189749 |
|    clip_fraction        | 0.287       |
|    clip_range           | 0.2         |
|    entropy_loss         | -2.72       |
|    explained_variance   | 0.122       |
|    learning_rate        | 0.0003      |
|    loss                 | -0.0601     |
|    n_updates            | 1250        |
|    policy_gradient_loss | -0.00685    |
|    std                  | 0.37        |
|    value_loss           | 0.00103     |
-----------------------------------------
-----------------------------------------
| rollout/                |             |
|    ep_len_mean          | 32.8        |
|    ep_rew_mean          | 1.62        |
| time/                   |             |
|    fps                  | 70          |
|    iterations           | 127         |
|    time_elapsed         | 3682        |
|    total_timesteps      | 260096      |
| train/                  |             |
|    approx_kl            | 0.024799813 |
|    clip_fraction        | 0.278       |
|    clip_range           | 0.2         |
|    entropy_loss         | -2.68       |
|    explained_variance   | 0.314       |
|    learning_rate        | 0.0003      |
|    loss                 | -0.0343     |
|    n_updates            | 1260        |
|    policy_gradient_loss | -0.0175     |
|    std                  | 0.367       |
|    value_loss           | 0.00174     |
-----------------------------------------
----------------------------------------
| rollout/                |            |
|    ep_len_mean          | 22.4       |
|    ep_rew_mean          | 5.41       |
| time/                   |            |
|    fps                  | 70         |
|    iterations           | 128        |
|    time_elapsed         | 3717       |
|    total_timesteps      | 262144     |
| train/                  |            |
|    approx_kl            | 0.02033206 |
|    clip_fraction        | 0.278      |
|    clip_range           | 0.2        |
|    entropy_loss         | -2.63      |
|    explained_variance   | 0.536      |
|    learning_rate        | 0.0003     |
|    loss                 | -0.0349    |
|    n_updates            | 1270       |
|    policy_gradient_loss | -0.0108    |
|    std                  | 0.366      |
|    value_loss           | 0.00172    |
----------------------------------------
-----------------------------------------
| rollout/                |             |
|    ep_len_mean          | 28.3        |
|    ep_rew_mean          | 3.63        |
| time/                   |             |
|    fps                  | 70          |
|    iterations           | 129         |
|    time_elapsed         | 3750        |
|    total_timesteps      | 264192      |
| train/                  |             |
|    approx_kl            | 0.023221813 |
|    clip_fraction        | 0.278       |
|    clip_range           | 0.2         |
|    entropy_loss         | -2.59       |
|    explained_variance   | 0.362       |
|    learning_rate        | 0.0003      |
|    loss                 | -0.0458     |
|    n_updates            | 1280        |
|    policy_gradient_loss | -0.0103     |
|    std                  | 0.363       |
|    value_loss           | 0.00124     |
-----------------------------------------
-----------------------------------------
| rollout/                |             |
|    ep_len_mean          | 22          |
|    ep_rew_mean          | 5.87        |
| time/                   |             |
|    fps                  | 70          |
|    iterations           | 130         |
|    time_elapsed         | 3785        |
|    total_timesteps      | 266240      |
| train/                  |             |
|    approx_kl            | 0.025028301 |
|    clip_fraction        | 0.288       |
|    clip_range           | 0.2         |
|    entropy_loss         | -2.55       |
|    explained_variance   | 0.441       |
|    learning_rate        | 0.0003      |
|    loss                 | -0.034      |
|    n_updates            | 1290        |
|    policy_gradient_loss | -0.0161     |
|    std                  | 0.362       |
|    value_loss           | 0.00208     |
-----------------------------------------
-----------------------------------------
| rollout/                |             |
|    ep_len_mean          | 25.3        |
|    ep_rew_mean          | 4.67        |
| time/                   |             |
|    fps                  | 70          |
|    iterations           | 131         |
|    time_elapsed         | 3819        |
|    total_timesteps      | 268288      |
| train/                  |             |
|    approx_kl            | 0.020992983 |
|    clip_fraction        | 0.281       |
|    clip_range           | 0.2         |
|    entropy_loss         | -2.53       |
|    explained_variance   | 0.204       |
|    learning_rate        | 0.0003      |
|    loss                 | -0.0262     |
|    n_updates            | 1300        |
|    policy_gradient_loss | -0.00554    |
|    std                  | 0.361       |
|    value_loss           | 0.0011      |
-----------------------------------------
-----------------------------------------
| rollout/                |             |
|    ep_len_mean          | 24.2        |
|    ep_rew_mean          | 5           |
| time/                   |             |
|    fps                  | 70          |
|    iterations           | 132         |
|    time_elapsed         | 3854        |
|    total_timesteps      | 270336      |
| train/                  |             |
|    approx_kl            | 0.019202814 |
|    clip_fraction        | 0.284       |
|    clip_range           | 0.2         |
|    entropy_loss         | -2.53       |
|    explained_variance   | 0.5         |
|    learning_rate        | 0.0003      |
|    loss                 | -0.0164     |
|    n_updates            | 1310        |
|    policy_gradient_loss | -0.0133     |
|    std                  | 0.361       |
|    value_loss           | 0.0011      |
-----------------------------------------
----------------------------------------
| rollout/                |            |
|    ep_len_mean          | 26.3       |
|    ep_rew_mean          | 4.58       |
| time/                   |            |
|    fps                  | 70         |
|    iterations           | 133        |
|    time_elapsed         | 3888       |
|    total_timesteps      | 272384     |
| train/                  |            |
|    approx_kl            | 0.02364583 |
|    clip_fraction        | 0.315      |
|    clip_range           | 0.2        |
|    entropy_loss         | -2.5       |
|    explained_variance   | 0.207      |
|    learning_rate        | 0.0003     |
|    loss                 | -0.0261    |
|    n_updates            | 1320       |
|    policy_gradient_loss | -0.00735   |
|    std                  | 0.359      |
|    value_loss           | 0.00119    |
----------------------------------------
----------------------------------------
| rollout/                |            |
|    ep_len_mean          | 23.9       |
|    ep_rew_mean          | 5.16       |
| time/                   |            |
|    fps                  | 69         |
|    iterations           | 134        |
|    time_elapsed         | 3923       |
|    total_timesteps      | 274432     |
| train/                  |            |
|    approx_kl            | 0.01872262 |
|    clip_fraction        | 0.291      |
|    clip_range           | 0.2        |
|    entropy_loss         | -2.45      |
|    explained_variance   | 0.292      |
|    learning_rate        | 0.0003     |
|    loss                 | 0.00193    |
|    n_updates            | 1330       |
|    policy_gradient_loss | -0.00849   |
|    std                  | 0.357      |
|    value_loss           | 0.00123    |
----------------------------------------
-----------------------------------------
| rollout/                |             |
|    ep_len_mean          | 24.3        |
|    ep_rew_mean          | 5.22        |
| time/                   |             |
|    fps                  | 69          |
|    iterations           | 135         |
|    time_elapsed         | 3957        |
|    total_timesteps      | 276480      |
| train/                  |             |
|    approx_kl            | 0.023227114 |
|    clip_fraction        | 0.299       |
|    clip_range           | 0.2         |
|    entropy_loss         | -2.41       |
|    explained_variance   | 0.345       |
|    learning_rate        | 0.0003      |
|    loss                 | -0.0271     |
|    n_updates            | 1340        |
|    policy_gradient_loss | -0.0107     |
|    std                  | 0.355       |
|    value_loss           | 0.000988    |
-----------------------------------------
-----------------------------------------
| rollout/                |             |
|    ep_len_mean          | 21.6        |
|    ep_rew_mean          | 5.81        |
| time/                   |             |
|    fps                  | 69          |
|    iterations           | 136         |
|    time_elapsed         | 3992        |
|    total_timesteps      | 278528      |
| train/                  |             |
|    approx_kl            | 0.022262853 |
|    clip_fraction        | 0.311       |
|    clip_range           | 0.2         |
|    entropy_loss         | -2.36       |
|    explained_variance   | 0.475       |
|    learning_rate        | 0.0003      |
|    loss                 | -0.00429    |
|    n_updates            | 1350        |
|    policy_gradient_loss | -0.013      |
|    std                  | 0.353       |
|    value_loss           | 0.00113     |
-----------------------------------------
-----------------------------------------
| rollout/                |             |
|    ep_len_mean          | 23.8        |
|    ep_rew_mean          | 5.38        |
| time/                   |             |
|    fps                  | 69          |
|    iterations           | 137         |
|    time_elapsed         | 4027        |
|    total_timesteps      | 280576      |
| train/                  |             |
|    approx_kl            | 0.028003862 |
|    clip_fraction        | 0.307       |
|    clip_range           | 0.2         |
|    entropy_loss         | -2.33       |
|    explained_variance   | 0.251       |
|    learning_rate        | 0.0003      |
|    loss                 | -0.0204     |
|    n_updates            | 1360        |
|    policy_gradient_loss | -0.0124     |
|    std                  | 0.352       |
|    value_loss           | 0.000921    |
-----------------------------------------
-----------------------------------------
| rollout/                |             |
|    ep_len_mean          | 22.5        |
|    ep_rew_mean          | 5.61        |
| time/                   |             |
|    fps                  | 69          |
|    iterations           | 138         |
|    time_elapsed         | 4062        |
|    total_timesteps      | 282624      |
| train/                  |             |
|    approx_kl            | 0.024258561 |
|    clip_fraction        | 0.269       |
|    clip_range           | 0.2         |
|    entropy_loss         | -2.3        |
|    explained_variance   | 0.374       |
|    learning_rate        | 0.0003      |
|    loss                 | 0.015       |
|    n_updates            | 1370        |
|    policy_gradient_loss | -0.00812    |
|    std                  | 0.351       |
|    value_loss           | 0.00106     |
-----------------------------------------
-----------------------------------------
| rollout/                |             |
|    ep_len_mean          | 22.1        |
|    ep_rew_mean          | 5.75        |
| time/                   |             |
|    fps                  | 69          |
|    iterations           | 139         |
|    time_elapsed         | 4096        |
|    total_timesteps      | 284672      |
| train/                  |             |
|    approx_kl            | 0.028546438 |
|    clip_fraction        | 0.308       |
|    clip_range           | 0.2         |
|    entropy_loss         | -2.26       |
|    explained_variance   | 0.386       |
|    learning_rate        | 0.0003      |
|    loss                 | -0.041      |
|    n_updates            | 1380        |
|    policy_gradient_loss | -0.0146     |
|    std                  | 0.348       |
|    value_loss           | 0.0011      |
-----------------------------------------
-----------------------------------------
| rollout/                |             |
|    ep_len_mean          | 24.4        |
|    ep_rew_mean          | 4.99        |
| time/                   |             |
|    fps                  | 69          |
|    iterations           | 140         |
|    time_elapsed         | 4131        |
|    total_timesteps      | 286720      |
| train/                  |             |
|    approx_kl            | 0.025313685 |
|    clip_fraction        | 0.279       |
|    clip_range           | 0.2         |
|    entropy_loss         | -2.24       |
|    explained_variance   | 0.446       |
|    learning_rate        | 0.0003      |
|    loss                 | -0.00544    |
|    n_updates            | 1390        |
|    policy_gradient_loss | -0.0139     |
|    std                  | 0.349       |
|    value_loss           | 0.000875    |
-----------------------------------------
-----------------------------------------
| rollout/                |             |
|    ep_len_mean          | 22.7        |
|    ep_rew_mean          | 5.24        |
| time/                   |             |
|    fps                  | 69          |
|    iterations           | 141         |
|    time_elapsed         | 4165        |
|    total_timesteps      | 288768      |
| train/                  |             |
|    approx_kl            | 0.026033895 |
|    clip_fraction        | 0.304       |
|    clip_range           | 0.2         |
|    entropy_loss         | -2.23       |
|    explained_variance   | 0.695       |
|    learning_rate        | 0.0003      |
|    loss                 | 0.00414     |
|    n_updates            | 1400        |
|    policy_gradient_loss | -0.0109     |
|    std                  | 0.349       |
|    value_loss           | 0.00139     |
-----------------------------------------
-----------------------------------------
| rollout/                |             |
|    ep_len_mean          | 22.2        |
|    ep_rew_mean          | 5.7         |
| time/                   |             |
|    fps                  | 69          |
|    iterations           | 142         |
|    time_elapsed         | 4200        |
|    total_timesteps      | 290816      |
| train/                  |             |
|    approx_kl            | 0.028778601 |
|    clip_fraction        | 0.317       |
|    clip_range           | 0.2         |
|    entropy_loss         | -2.21       |
|    explained_variance   | 0.686       |
|    learning_rate        | 0.0003      |
|    loss                 | -0.0547     |
|    n_updates            | 1410        |
|    policy_gradient_loss | -0.015      |
|    std                  | 0.347       |
|    value_loss           | 0.00135     |
-----------------------------------------
-----------------------------------------
| rollout/                |             |
|    ep_len_mean          | 18.8        |
|    ep_rew_mean          | 6.61        |
| time/                   |             |
|    fps                  | 69          |
|    iterations           | 143         |
|    time_elapsed         | 4236        |
|    total_timesteps      | 292864      |
| train/                  |             |
|    approx_kl            | 0.025869004 |
|    clip_fraction        | 0.303       |
|    clip_range           | 0.2         |
|    entropy_loss         | -2.21       |
|    explained_variance   | 0.522       |
|    learning_rate        | 0.0003      |
|    loss                 | -0.00436    |
|    n_updates            | 1420        |
|    policy_gradient_loss | -0.0124     |
|    std                  | 0.349       |
|    value_loss           | 0.000924    |
-----------------------------------------
---------------------------------------
| rollout/                |           |
|    ep_len_mean          | 18.5      |
|    ep_rew_mean          | 6.77      |
| time/                   |           |
|    fps                  | 69        |
|    iterations           | 144       |
|    time_elapsed         | 4273      |
|    total_timesteps      | 294912    |
| train/                  |           |
|    approx_kl            | 0.0271374 |
|    clip_fraction        | 0.324     |
|    clip_range           | 0.2       |
|    entropy_loss         | -2.18     |
|    explained_variance   | 0.353     |
|    learning_rate        | 0.0003    |
|    loss                 | -0.0368   |
|    n_updates            | 1430      |
|    policy_gradient_loss | -0.0165   |
|    std                  | 0.346     |
|    value_loss           | 0.000875  |
---------------------------------------
----------------------------------------
| rollout/                |            |
|    ep_len_mean          | 20.3       |
|    ep_rew_mean          | 6.34       |
| time/                   |            |
|    fps                  | 68         |
|    iterations           | 145        |
|    time_elapsed         | 4307       |
|    total_timesteps      | 296960     |
| train/                  |            |
|    approx_kl            | 0.02778522 |
|    clip_fraction        | 0.307      |
|    clip_range           | 0.2        |
|    entropy_loss         | -2.14      |
|    explained_variance   | 0.577      |
|    learning_rate        | 0.0003     |
|    loss                 | -0.0281    |
|    n_updates            | 1440       |
|    policy_gradient_loss | -0.013     |
|    std                  | 0.345      |
|    value_loss           | 0.000458   |
----------------------------------------
----------------------------------------
| rollout/                |            |
|    ep_len_mean          | 25.4       |
|    ep_rew_mean          | 4.64       |
| time/                   |            |
|    fps                  | 68         |
|    iterations           | 146        |
|    time_elapsed         | 4342       |
|    total_timesteps      | 299008     |
| train/                  |            |
|    approx_kl            | 0.02347119 |
|    clip_fraction        | 0.28       |
|    clip_range           | 0.2        |
|    entropy_loss         | -2.11      |
|    explained_variance   | 0.534      |
|    learning_rate        | 0.0003     |
|    loss                 | 0.0265     |
|    n_updates            | 1450       |
|    policy_gradient_loss | -0.00871   |
|    std                  | 0.344      |
|    value_loss           | 0.000645   |
----------------------------------------
-----------------------------------------
| rollout/                |             |
|    ep_len_mean          | 18.1        |
|    ep_rew_mean          | 6.82        |
| time/                   |             |
|    fps                  | 68          |
|    iterations           | 147         |
|    time_elapsed         | 4378        |
|    total_timesteps      | 301056      |
| train/                  |             |
|    approx_kl            | 0.027512504 |
|    clip_fraction        | 0.314       |
|    clip_range           | 0.2         |
|    entropy_loss         | -2.12       |
|    explained_variance   | 0.61        |
|    learning_rate        | 0.0003      |
|    loss                 | -0.00186    |
|    n_updates            | 1460        |
|    policy_gradient_loss | -0.00744    |
|    std                  | 0.345       |
|    value_loss           | 0.000724    |
-----------------------------------------
-----------------------------------------
| rollout/                |             |
|    ep_len_mean          | 18.9        |
|    ep_rew_mean          | 6.64        |
| time/                   |             |
|    fps                  | 68          |
|    iterations           | 148         |
|    time_elapsed         | 4414        |
|    total_timesteps      | 303104      |
| train/                  |             |
|    approx_kl            | 0.029401723 |
|    clip_fraction        | 0.314       |
|    clip_range           | 0.2         |
|    entropy_loss         | -2.09       |
|    explained_variance   | 0.576       |
|    learning_rate        | 0.0003      |
|    loss                 | 0.0317      |
|    n_updates            | 1470        |
|    policy_gradient_loss | -0.0164     |
|    std                  | 0.343       |
|    value_loss           | 0.000393    |
-----------------------------------------
-----------------------------------------
| rollout/                |             |
|    ep_len_mean          | 21.3        |
|    ep_rew_mean          | 6.15        |
| time/                   |             |
|    fps                  | 68          |
|    iterations           | 149         |
|    time_elapsed         | 4449        |
|    total_timesteps      | 305152      |
| train/                  |             |
|    approx_kl            | 0.029199444 |
|    clip_fraction        | 0.348       |
|    clip_range           | 0.2         |
|    entropy_loss         | -2.04       |
|    explained_variance   | 0.615       |
|    learning_rate        | 0.0003      |
|    loss                 | -0.0215     |
|    n_updates            | 1480        |
|    policy_gradient_loss | -0.0176     |
|    std                  | 0.342       |
|    value_loss           | 0.00048     |
-----------------------------------------
-----------------------------------------
| rollout/                |             |
|    ep_len_mean          | 24.3        |
|    ep_rew_mean          | 5.07        |
| time/                   |             |
|    fps                  | 68          |
|    iterations           | 150         |
|    time_elapsed         | 4483        |
|    total_timesteps      | 307200      |
| train/                  |             |
|    approx_kl            | 0.021587644 |
|    clip_fraction        | 0.279       |
|    clip_range           | 0.2         |
|    entropy_loss         | -2.04       |
|    explained_variance   | 0.494       |
|    learning_rate        | 0.0003      |
|    loss                 | -0.0044     |
|    n_updates            | 1490        |
|    policy_gradient_loss | -0.00712    |
|    std                  | 0.342       |
|    value_loss           | 0.000667    |
-----------------------------------------
----------------------------------------
| rollout/                |            |
|    ep_len_mean          | 20.9       |
|    ep_rew_mean          | 6.08       |
| time/                   |            |
|    fps                  | 68         |
|    iterations           | 151        |
|    time_elapsed         | 4518       |
|    total_timesteps      | 309248     |
| train/                  |            |
|    approx_kl            | 0.02095931 |
|    clip_fraction        | 0.276      |
|    clip_range           | 0.2        |
|    entropy_loss         | -2.02      |
|    explained_variance   | 0.514      |
|    learning_rate        | 0.0003     |
|    loss                 | -0.0188    |
|    n_updates            | 1500       |
|    policy_gradient_loss | -0.00957   |
|    std                  | 0.34       |
|    value_loss           | 0.000933   |
----------------------------------------
-----------------------------------------
| rollout/                |             |
|    ep_len_mean          | 21.2        |
|    ep_rew_mean          | 6.13        |
| time/                   |             |
|    fps                  | 68          |
|    iterations           | 152         |
|    time_elapsed         | 4554        |
|    total_timesteps      | 311296      |
| train/                  |             |
|    approx_kl            | 0.027164292 |
|    clip_fraction        | 0.31        |
|    clip_range           | 0.2         |
|    entropy_loss         | -1.99       |
|    explained_variance   | 0.627       |
|    learning_rate        | 0.0003      |
|    loss                 | -0.0474     |
|    n_updates            | 1510        |
|    policy_gradient_loss | -0.00913    |
|    std                  | 0.339       |
|    value_loss           | 0.000939    |
-----------------------------------------
-----------------------------------------
| rollout/                |             |
|    ep_len_mean          | 20.6        |
|    ep_rew_mean          | 6.41        |
| time/                   |             |
|    fps                  | 68          |
|    iterations           | 153         |
|    time_elapsed         | 4589        |
|    total_timesteps      | 313344      |
| train/                  |             |
|    approx_kl            | 0.031741105 |
|    clip_fraction        | 0.328       |
|    clip_range           | 0.2         |
|    entropy_loss         | -1.92       |
|    explained_variance   | 0.597       |
|    learning_rate        | 0.0003      |
|    loss                 | -0.0113     |
|    n_updates            | 1520        |
|    policy_gradient_loss | -0.0132     |
|    std                  | 0.335       |
|    value_loss           | 0.000775    |
-----------------------------------------
-----------------------------------------
| rollout/                |             |
|    ep_len_mean          | 20.4        |
|    ep_rew_mean          | 6.27        |
| time/                   |             |
|    fps                  | 68          |
|    iterations           | 154         |
|    time_elapsed         | 4625        |
|    total_timesteps      | 315392      |
| train/                  |             |
|    approx_kl            | 0.025683917 |
|    clip_fraction        | 0.317       |
|    clip_range           | 0.2         |
|    entropy_loss         | -1.83       |
|    explained_variance   | 0.621       |
|    learning_rate        | 0.0003      |
|    loss                 | -0.00427    |
|    n_updates            | 1530        |
|    policy_gradient_loss | -0.00681    |
|    std                  | 0.331       |
|    value_loss           | 0.000729    |
-----------------------------------------
-----------------------------------------
| rollout/                |             |
|    ep_len_mean          | 20.5        |
|    ep_rew_mean          | 6.31        |
| time/                   |             |
|    fps                  | 68          |
|    iterations           | 155         |
|    time_elapsed         | 4660        |
|    total_timesteps      | 317440      |
| train/                  |             |
|    approx_kl            | 0.022346105 |
|    clip_fraction        | 0.314       |
|    clip_range           | 0.2         |
|    entropy_loss         | -1.76       |
|    explained_variance   | 0.304       |
|    learning_rate        | 0.0003      |
|    loss                 | -0.00829    |
|    n_updates            | 1540        |
|    policy_gradient_loss | 0.000802    |
|    std                  | 0.329       |
|    value_loss           | 0.000574    |
-----------------------------------------
-----------------------------------------
| rollout/                |             |
|    ep_len_mean          | 18.3        |
|    ep_rew_mean          | 6.91        |
| time/                   |             |
|    fps                  | 68          |
|    iterations           | 156         |
|    time_elapsed         | 4696        |
|    total_timesteps      | 319488      |
| train/                  |             |
|    approx_kl            | 0.030142318 |
|    clip_fraction        | 0.333       |
|    clip_range           | 0.2         |
|    entropy_loss         | -1.73       |
|    explained_variance   | 0.651       |
|    learning_rate        | 0.0003      |
|    loss                 | -0.00269    |
|    n_updates            | 1550        |
|    policy_gradient_loss | -0.0079     |
|    std                  | 0.327       |
|    value_loss           | 0.000728    |
-----------------------------------------
-----------------------------------------
| rollout/                |             |
|    ep_len_mean          | 20.3        |
|    ep_rew_mean          | 6.52        |
| time/                   |             |
|    fps                  | 67          |
|    iterations           | 157         |
|    time_elapsed         | 4732        |
|    total_timesteps      | 321536      |
| train/                  |             |
|    approx_kl            | 0.027373536 |
|    clip_fraction        | 0.321       |
|    clip_range           | 0.2         |
|    entropy_loss         | -1.72       |
|    explained_variance   | 0.623       |
|    learning_rate        | 0.0003      |
|    loss                 | -0.0208     |
|    n_updates            | 1560        |
|    policy_gradient_loss | -0.0149     |
|    std                  | 0.326       |
|    value_loss           | 0.00044     |
-----------------------------------------
-----------------------------------------
| rollout/                |             |
|    ep_len_mean          | 19.9        |
|    ep_rew_mean          | 6.41        |
| time/                   |             |
|    fps                  | 67          |
|    iterations           | 158         |
|    time_elapsed         | 4768        |
|    total_timesteps      | 323584      |
| train/                  |             |
|    approx_kl            | 0.025000652 |
|    clip_fraction        | 0.309       |
|    clip_range           | 0.2         |
|    entropy_loss         | -1.7        |
|    explained_variance   | 0.584       |
|    learning_rate        | 0.0003      |
|    loss                 | 0.0442      |
|    n_updates            | 1570        |
|    policy_gradient_loss | -0.0065     |
|    std                  | 0.326       |
|    value_loss           | 0.000639    |
-----------------------------------------
-----------------------------------------
| rollout/                |             |
|    ep_len_mean          | 20.6        |
|    ep_rew_mean          | 6.39        |
| time/                   |             |
|    fps                  | 67          |
|    iterations           | 159         |
|    time_elapsed         | 4803        |
|    total_timesteps      | 325632      |
| train/                  |             |
|    approx_kl            | 0.029794939 |
|    clip_fraction        | 0.328       |
|    clip_range           | 0.2         |
|    entropy_loss         | -1.68       |
|    explained_variance   | 0.584       |
|    learning_rate        | 0.0003      |
|    loss                 | -0.0243     |
|    n_updates            | 1580        |
|    policy_gradient_loss | -0.0112     |
|    std                  | 0.325       |
|    value_loss           | 0.000584    |
-----------------------------------------
-----------------------------------------
| rollout/                |             |
|    ep_len_mean          | 18.5        |
|    ep_rew_mean          | 6.81        |
| time/                   |             |
|    fps                  | 67          |
|    iterations           | 160         |
|    time_elapsed         | 4839        |
|    total_timesteps      | 327680      |
| train/                  |             |
|    approx_kl            | 0.034734387 |
|    clip_fraction        | 0.336       |
|    clip_range           | 0.2         |
|    entropy_loss         | -1.67       |
|    explained_variance   | 0.654       |
|    learning_rate        | 0.0003      |
|    loss                 | -0.0402     |
|    n_updates            | 1590        |
|    policy_gradient_loss | -0.00892    |
|    std                  | 0.324       |
|    value_loss           | 0.000667    |
-----------------------------------------
-----------------------------------------
| rollout/                |             |
|    ep_len_mean          | 18.3        |
|    ep_rew_mean          | 6.87        |
| time/                   |             |
|    fps                  | 67          |
|    iterations           | 161         |
|    time_elapsed         | 4875        |
|    total_timesteps      | 329728      |
| train/                  |             |
|    approx_kl            | 0.029393382 |
|    clip_fraction        | 0.335       |
|    clip_range           | 0.2         |
|    entropy_loss         | -1.65       |
|    explained_variance   | 0.57        |
|    learning_rate        | 0.0003      |
|    loss                 | -0.0353     |
|    n_updates            | 1600        |
|    policy_gradient_loss | -0.0192     |
|    std                  | 0.322       |
|    value_loss           | 0.000741    |
-----------------------------------------
-----------------------------------------
| rollout/                |             |
|    ep_len_mean          | 19.4        |
|    ep_rew_mean          | 6.69        |
| time/                   |             |
|    fps                  | 67          |
|    iterations           | 162         |
|    time_elapsed         | 4911        |
|    total_timesteps      | 331776      |
| train/                  |             |
|    approx_kl            | 0.031910524 |
|    clip_fraction        | 0.321       |
|    clip_range           | 0.2         |
|    entropy_loss         | -1.57       |
|    explained_variance   | 0.67        |
|    learning_rate        | 0.0003      |
|    loss                 | 0.00386     |
|    n_updates            | 1610        |
|    policy_gradient_loss | -0.0119     |
|    std                  | 0.318       |
|    value_loss           | 0.00048     |
-----------------------------------------
----------------------------------------
| rollout/                |            |
|    ep_len_mean          | 19.7       |
|    ep_rew_mean          | 6.62       |
| time/                   |            |
|    fps                  | 67         |
|    iterations           | 163        |
|    time_elapsed         | 4947       |
|    total_timesteps      | 333824     |
| train/                  |            |
|    approx_kl            | 0.03316897 |
|    clip_fraction        | 0.313      |
|    clip_range           | 0.2        |
|    entropy_loss         | -1.53      |
|    explained_variance   | 0.645      |
|    learning_rate        | 0.0003     |
|    loss                 | -0.0193    |
|    n_updates            | 1620       |
|    policy_gradient_loss | -0.0053    |
|    std                  | 0.318      |
|    value_loss           | 0.000407   |
----------------------------------------
-----------------------------------------
| rollout/                |             |
|    ep_len_mean          | 19.4        |
|    ep_rew_mean          | 6.74        |
| time/                   |             |
|    fps                  | 67          |
|    iterations           | 164         |
|    time_elapsed         | 4982        |
|    total_timesteps      | 335872      |
| train/                  |             |
|    approx_kl            | 0.025615174 |
|    clip_fraction        | 0.33        |
|    clip_range           | 0.2         |
|    entropy_loss         | -1.54       |
|    explained_variance   | 0.699       |
|    learning_rate        | 0.0003      |
|    loss                 | 0.00231     |
|    n_updates            | 1630        |
|    policy_gradient_loss | -0.00741    |
|    std                  | 0.318       |
|    value_loss           | 0.000634    |
-----------------------------------------
-----------------------------------------
| rollout/                |             |
|    ep_len_mean          | 19.9        |
|    ep_rew_mean          | 6.48        |
| time/                   |             |
|    fps                  | 67          |
|    iterations           | 165         |
|    time_elapsed         | 5018        |
|    total_timesteps      | 337920      |
| train/                  |             |
|    approx_kl            | 0.025719944 |
|    clip_fraction        | 0.328       |
|    clip_range           | 0.2         |
|    entropy_loss         | -1.54       |
|    explained_variance   | 0.74        |
|    learning_rate        | 0.0003      |
|    loss                 | -0.0221     |
|    n_updates            | 1640        |
|    policy_gradient_loss | -0.00536    |
|    std                  | 0.318       |
|    value_loss           | 0.000531    |
-----------------------------------------
-----------------------------------------
| rollout/                |             |
|    ep_len_mean          | 17.6        |
|    ep_rew_mean          | 7.26        |
| time/                   |             |
|    fps                  | 67          |
|    iterations           | 166         |
|    time_elapsed         | 5054        |
|    total_timesteps      | 339968      |
| train/                  |             |
|    approx_kl            | 0.027507208 |
|    clip_fraction        | 0.33        |
|    clip_range           | 0.2         |
|    entropy_loss         | -1.5        |
|    explained_variance   | 0.39        |
|    learning_rate        | 0.0003      |
|    loss                 | -0.0135     |
|    n_updates            | 1650        |
|    policy_gradient_loss | 0.000561    |
|    std                  | 0.315       |
|    value_loss           | 0.000509    |
-----------------------------------------
-----------------------------------------
| rollout/                |             |
|    ep_len_mean          | 17.5        |
|    ep_rew_mean          | 7.26        |
| time/                   |             |
|    fps                  | 67          |
|    iterations           | 167         |
|    time_elapsed         | 5091        |
|    total_timesteps      | 342016      |
| train/                  |             |
|    approx_kl            | 0.033525553 |
|    clip_fraction        | 0.338       |
|    clip_range           | 0.2         |
|    entropy_loss         | -1.44       |
|    explained_variance   | 0.77        |
|    learning_rate        | 0.0003      |
|    loss                 | -0.0547     |
|    n_updates            | 1660        |
|    policy_gradient_loss | -0.0152     |
|    std                  | 0.312       |
|    value_loss           | 0.000328    |
-----------------------------------------
----------------------------------------
| rollout/                |            |
|    ep_len_mean          | 17.5       |
|    ep_rew_mean          | 7.21       |
| time/                   |            |
|    fps                  | 67         |
|    iterations           | 168        |
|    time_elapsed         | 5127       |
|    total_timesteps      | 344064     |
| train/                  |            |
|    approx_kl            | 0.03160914 |
|    clip_fraction        | 0.318      |
|    clip_range           | 0.2        |
|    entropy_loss         | -1.4       |
|    explained_variance   | 0.819      |
|    learning_rate        | 0.0003     |
|    loss                 | -0.0296    |
|    n_updates            | 1670       |
|    policy_gradient_loss | -0.0148    |
|    std                  | 0.31       |
|    value_loss           | 0.000269   |
----------------------------------------
-----------------------------------------
| rollout/                |             |
|    ep_len_mean          | 17.2        |
|    ep_rew_mean          | 7.27        |
| time/                   |             |
|    fps                  | 67          |
|    iterations           | 169         |
|    time_elapsed         | 5164        |
|    total_timesteps      | 346112      |
| train/                  |             |
|    approx_kl            | 0.034298085 |
|    clip_fraction        | 0.349       |
|    clip_range           | 0.2         |
|    entropy_loss         | -1.36       |
|    explained_variance   | 0.804       |
|    learning_rate        | 0.0003      |
|    loss                 | -0.0131     |
|    n_updates            | 1680        |
|    policy_gradient_loss | -0.017      |
|    std                  | 0.308       |
|    value_loss           | 0.000276    |
-----------------------------------------
-----------------------------------------
| rollout/                |             |
|    ep_len_mean          | 17.6        |
|    ep_rew_mean          | 7.24        |
| time/                   |             |
|    fps                  | 66          |
|    iterations           | 170         |
|    time_elapsed         | 5200        |
|    total_timesteps      | 348160      |
| train/                  |             |
|    approx_kl            | 0.031492658 |
|    clip_fraction        | 0.331       |
|    clip_range           | 0.2         |
|    entropy_loss         | -1.31       |
|    explained_variance   | 0.824       |
|    learning_rate        | 0.0003      |
|    loss                 | -0.00848    |
|    n_updates            | 1690        |
|    policy_gradient_loss | -0.0136     |
|    std                  | 0.306       |
|    value_loss           | 0.000274    |
-----------------------------------------
----------------------------------------
| rollout/                |            |
|    ep_len_mean          | 19.1       |
|    ep_rew_mean          | 6.82       |
| time/                   |            |
|    fps                  | 66         |
|    iterations           | 171        |
|    time_elapsed         | 5236       |
|    total_timesteps      | 350208     |
| train/                  |            |
|    approx_kl            | 0.03253484 |
|    clip_fraction        | 0.338      |
|    clip_range           | 0.2        |
|    entropy_loss         | -1.25      |
|    explained_variance   | 0.849      |
|    learning_rate        | 0.0003     |
|    loss                 | -0.0219    |
|    n_updates            | 1700       |
|    policy_gradient_loss | -0.016     |
|    std                  | 0.302      |
|    value_loss           | 0.000229   |
----------------------------------------
-----------------------------------------
| rollout/                |             |
|    ep_len_mean          | 17.6        |
|    ep_rew_mean          | 7.29        |
| time/                   |             |
|    fps                  | 66          |
|    iterations           | 172         |
|    time_elapsed         | 5272        |
|    total_timesteps      | 352256      |
| train/                  |             |
|    approx_kl            | 0.019440327 |
|    clip_fraction        | 0.328       |
|    clip_range           | 0.2         |
|    entropy_loss         | -1.21       |
|    explained_variance   | 0.636       |
|    learning_rate        | 0.0003      |
|    loss                 | -0.0183     |
|    n_updates            | 1710        |
|    policy_gradient_loss | 0.00305     |
|    std                  | 0.302       |
|    value_loss           | 0.000355    |
-----------------------------------------
----------------------------------------
| rollout/                |            |
|    ep_len_mean          | 17.5       |
|    ep_rew_mean          | 7.29       |
| time/                   |            |
|    fps                  | 66         |
|    iterations           | 173        |
|    time_elapsed         | 5308       |
|    total_timesteps      | 354304     |
| train/                  |            |
|    approx_kl            | 0.03239621 |
|    clip_fraction        | 0.322      |
|    clip_range           | 0.2        |
|    entropy_loss         | -1.18      |
|    explained_variance   | 0.757      |
|    learning_rate        | 0.0003     |
|    loss                 | -0.0177    |
|    n_updates            | 1720       |
|    policy_gradient_loss | -0.0147    |
|    std                  | 0.3        |
|    value_loss           | 0.000356   |
----------------------------------------
-----------------------------------------
| rollout/                |             |
|    ep_len_mean          | 17.1        |
|    ep_rew_mean          | 7.45        |
| time/                   |             |
|    fps                  | 66          |
|    iterations           | 174         |
|    time_elapsed         | 5344        |
|    total_timesteps      | 356352      |
| train/                  |             |
|    approx_kl            | 0.024606986 |
|    clip_fraction        | 0.301       |
|    clip_range           | 0.2         |
|    entropy_loss         | -1.16       |
|    explained_variance   | 0.674       |
|    learning_rate        | 0.0003      |
|    loss                 | 0.0539      |
|    n_updates            | 1730        |
|    policy_gradient_loss | -0.00459    |
|    std                  | 0.301       |
|    value_loss           | 0.000471    |
-----------------------------------------
-----------------------------------------
| rollout/                |             |
|    ep_len_mean          | 18.9        |
|    ep_rew_mean          | 6.93        |
| time/                   |             |
|    fps                  | 66          |
|    iterations           | 175         |
|    time_elapsed         | 5380        |
|    total_timesteps      | 358400      |
| train/                  |             |
|    approx_kl            | 0.027573928 |
|    clip_fraction        | 0.311       |
|    clip_range           | 0.2         |
|    entropy_loss         | -1.11       |
|    explained_variance   | 0.826       |
|    learning_rate        | 0.0003      |
|    loss                 | -0.055      |
|    n_updates            | 1740        |
|    policy_gradient_loss | -0.0158     |
|    std                  | 0.297       |
|    value_loss           | 0.000241    |
-----------------------------------------
-----------------------------------------
| rollout/                |             |
|    ep_len_mean          | 16.9        |
|    ep_rew_mean          | 7.55        |
| time/                   |             |
|    fps                  | 66          |
|    iterations           | 176         |
|    time_elapsed         | 5417        |
|    total_timesteps      | 360448      |
| train/                  |             |
|    approx_kl            | 0.026028514 |
|    clip_fraction        | 0.321       |
|    clip_range           | 0.2         |
|    entropy_loss         | -1.06       |
|    explained_variance   | 0.817       |
|    learning_rate        | 0.0003      |
|    loss                 | 0.0336      |
|    n_updates            | 1750        |
|    policy_gradient_loss | -0.0022     |
|    std                  | 0.297       |
|    value_loss           | 0.000413    |
-----------------------------------------
-----------------------------------------
| rollout/                |             |
|    ep_len_mean          | 17.7        |
|    ep_rew_mean          | 7.32        |
| time/                   |             |
|    fps                  | 66          |
|    iterations           | 177         |
|    time_elapsed         | 5454        |
|    total_timesteps      | 362496      |
| train/                  |             |
|    approx_kl            | 0.025584813 |
|    clip_fraction        | 0.328       |
|    clip_range           | 0.2         |
|    entropy_loss         | -1.04       |
|    explained_variance   | 0.855       |
|    learning_rate        | 0.0003      |
|    loss                 | -0.00211    |
|    n_updates            | 1760        |
|    policy_gradient_loss | -0.00693    |
|    std                  | 0.296       |
|    value_loss           | 0.000216    |
-----------------------------------------
----------------------------------------
| rollout/                |            |
|    ep_len_mean          | 17.3       |
|    ep_rew_mean          | 7.35       |
| time/                   |            |
|    fps                  | 66         |
|    iterations           | 178        |
|    time_elapsed         | 5490       |
|    total_timesteps      | 364544     |
| train/                  |            |
|    approx_kl            | 0.03160003 |
|    clip_fraction        | 0.343      |
|    clip_range           | 0.2        |
|    entropy_loss         | -1.01      |
|    explained_variance   | 0.794      |
|    learning_rate        | 0.0003     |
|    loss                 | -0.00942   |
|    n_updates            | 1770       |
|    policy_gradient_loss | -0.00646   |
|    std                  | 0.294      |
|    value_loss           | 0.000347   |
----------------------------------------
----------------------------------------
| rollout/                |            |
|    ep_len_mean          | 16.9       |
|    ep_rew_mean          | 7.56       |
| time/                   |            |
|    fps                  | 66         |
|    iterations           | 179        |
|    time_elapsed         | 5526       |
|    total_timesteps      | 366592     |
| train/                  |            |
|    approx_kl            | 0.03496096 |
|    clip_fraction        | 0.337      |
|    clip_range           | 0.2        |
|    entropy_loss         | -0.967     |
|    explained_variance   | 0.794      |
|    learning_rate        | 0.0003     |
|    loss                 | 0.0143     |
|    n_updates            | 1780       |
|    policy_gradient_loss | -0.00961   |
|    std                  | 0.293      |
|    value_loss           | 0.000318   |
----------------------------------------
-----------------------------------------
| rollout/                |             |
|    ep_len_mean          | 17.1        |
|    ep_rew_mean          | 7.53        |
| time/                   |             |
|    fps                  | 66          |
|    iterations           | 180         |
|    time_elapsed         | 5563        |
|    total_timesteps      | 368640      |
| train/                  |             |
|    approx_kl            | 0.028140962 |
|    clip_fraction        | 0.343       |
|    clip_range           | 0.2         |
|    entropy_loss         | -0.933      |
|    explained_variance   | 0.791       |
|    learning_rate        | 0.0003      |
|    loss                 | -0.00347    |
|    n_updates            | 1790        |
|    policy_gradient_loss | -0.0033     |
|    std                  | 0.292       |
|    value_loss           | 0.000336    |
-----------------------------------------
-----------------------------------------
| rollout/                |             |
|    ep_len_mean          | 16.6        |
|    ep_rew_mean          | 7.71        |
| time/                   |             |
|    fps                  | 66          |
|    iterations           | 181         |
|    time_elapsed         | 5599        |
|    total_timesteps      | 370688      |
| train/                  |             |
|    approx_kl            | 0.034764573 |
|    clip_fraction        | 0.351       |
|    clip_range           | 0.2         |
|    entropy_loss         | -0.911      |
|    explained_variance   | 0.877       |
|    learning_rate        | 0.0003      |
|    loss                 | -0.0102     |
|    n_updates            | 1800        |
|    policy_gradient_loss | 0.000568    |
|    std                  | 0.291       |
|    value_loss           | 0.000273    |
-----------------------------------------
-----------------------------------------
| rollout/                |             |
|    ep_len_mean          | 17.1        |
|    ep_rew_mean          | 7.46        |
| time/                   |             |
|    fps                  | 66          |
|    iterations           | 182         |
|    time_elapsed         | 5636        |
|    total_timesteps      | 372736      |
| train/                  |             |
|    approx_kl            | 0.028178137 |
|    clip_fraction        | 0.323       |
|    clip_range           | 0.2         |
|    entropy_loss         | -0.891      |
|    explained_variance   | 0.847       |
|    learning_rate        | 0.0003      |
|    loss                 | -0.026      |
|    n_updates            | 1810        |
|    policy_gradient_loss | -0.0117     |
|    std                  | 0.29        |
|    value_loss           | 0.000241    |
-----------------------------------------
----------------------------------------
| rollout/                |            |
|    ep_len_mean          | 17.4       |
|    ep_rew_mean          | 7.42       |
| time/                   |            |
|    fps                  | 66         |
|    iterations           | 183        |
|    time_elapsed         | 5672       |
|    total_timesteps      | 374784     |
| train/                  |            |
|    approx_kl            | 0.03600464 |
|    clip_fraction        | 0.365      |
|    clip_range           | 0.2        |
|    entropy_loss         | -0.863     |
|    explained_variance   | 0.817      |
|    learning_rate        | 0.0003     |
|    loss                 | -0.0526    |
|    n_updates            | 1820       |
|    policy_gradient_loss | -0.0138    |
|    std                  | 0.289      |
|    value_loss           | 0.000273   |
----------------------------------------
-----------------------------------------
| rollout/                |             |
|    ep_len_mean          | 18.7        |
|    ep_rew_mean          | 6.92        |
| time/                   |             |
|    fps                  | 66          |
|    iterations           | 184         |
|    time_elapsed         | 5708        |
|    total_timesteps      | 376832      |
| train/                  |             |
|    approx_kl            | 0.042426646 |
|    clip_fraction        | 0.358       |
|    clip_range           | 0.2         |
|    entropy_loss         | -0.86       |
|    explained_variance   | 0.786       |
|    learning_rate        | 0.0003      |
|    loss                 | -0.0405     |
|    n_updates            | 1830        |
|    policy_gradient_loss | -0.00491    |
|    std                  | 0.29        |
|    value_loss           | 0.000332    |
-----------------------------------------
-----------------------------------------
| rollout/                |             |
|    ep_len_mean          | 17.1        |
|    ep_rew_mean          | 7.51        |
| time/                   |             |
|    fps                  | 65          |
|    iterations           | 185         |
|    time_elapsed         | 5745        |
|    total_timesteps      | 378880      |
| train/                  |             |
|    approx_kl            | 0.023060545 |
|    clip_fraction        | 0.307       |
|    clip_range           | 0.2         |
|    entropy_loss         | -0.838      |
|    explained_variance   | 0.838       |
|    learning_rate        | 0.0003      |
|    loss                 | -0.0158     |
|    n_updates            | 1840        |
|    policy_gradient_loss | 0.00254     |
|    std                  | 0.287       |
|    value_loss           | 0.000529    |
-----------------------------------------
-----------------------------------------
| rollout/                |             |
|    ep_len_mean          | 18.7        |
|    ep_rew_mean          | 7.17        |
| time/                   |             |
|    fps                  | 65          |
|    iterations           | 186         |
|    time_elapsed         | 5781        |
|    total_timesteps      | 380928      |
| train/                  |             |
|    approx_kl            | 0.029013343 |
|    clip_fraction        | 0.328       |
|    clip_range           | 0.2         |
|    entropy_loss         | -0.777      |
|    explained_variance   | 0.82        |
|    learning_rate        | 0.0003      |
|    loss                 | -0.0155     |
|    n_updates            | 1850        |
|    policy_gradient_loss | -0.011      |
|    std                  | 0.285       |
|    value_loss           | 0.000258    |
-----------------------------------------
-----------------------------------------
| rollout/                |             |
|    ep_len_mean          | 20          |
|    ep_rew_mean          | 6.77        |
| time/                   |             |
|    fps                  | 65          |
|    iterations           | 187         |
|    time_elapsed         | 5816        |
|    total_timesteps      | 382976      |
| train/                  |             |
|    approx_kl            | 0.053114355 |
|    clip_fraction        | 0.37        |
|    clip_range           | 0.2         |
|    entropy_loss         | -0.731      |
|    explained_variance   | 0.75        |
|    learning_rate        | 0.0003      |
|    loss                 | 0.0329      |
|    n_updates            | 1860        |
|    policy_gradient_loss | 0.00247     |
|    std                  | 0.283       |
|    value_loss           | 0.000333    |
-----------------------------------------
-----------------------------------------
| rollout/                |             |
|    ep_len_mean          | 17.1        |
|    ep_rew_mean          | 7.59        |
| time/                   |             |
|    fps                  | 65          |
|    iterations           | 188         |
|    time_elapsed         | 5853        |
|    total_timesteps      | 385024      |
| train/                  |             |
|    approx_kl            | 0.036782704 |
|    clip_fraction        | 0.369       |
|    clip_range           | 0.2         |
|    entropy_loss         | -0.689      |
|    explained_variance   | 0.761       |
|    learning_rate        | 0.0003      |
|    loss                 | -0.0183     |
|    n_updates            | 1870        |
|    policy_gradient_loss | 0.00122     |
|    std                  | 0.282       |
|    value_loss           | 0.00102     |
-----------------------------------------
---------------------------------------
| rollout/                |           |
|    ep_len_mean          | 16.8      |
|    ep_rew_mean          | 7.68      |
| time/                   |           |
|    fps                  | 65        |
|    iterations           | 189       |
|    time_elapsed         | 5889      |
|    total_timesteps      | 387072    |
| train/                  |           |
|    approx_kl            | 0.0306584 |
|    clip_fraction        | 0.37      |
|    clip_range           | 0.2       |
|    entropy_loss         | -0.64     |
|    explained_variance   | 0.774     |
|    learning_rate        | 0.0003    |
|    loss                 | -0.0317   |
|    n_updates            | 1880      |
|    policy_gradient_loss | -0.0139   |
|    std                  | 0.28      |
|    value_loss           | 0.000317  |
---------------------------------------
----------------------------------------
| rollout/                |            |
|    ep_len_mean          | 16.9       |
|    ep_rew_mean          | 7.68       |
| time/                   |            |
|    fps                  | 65         |
|    iterations           | 190        |
|    time_elapsed         | 5925       |
|    total_timesteps      | 389120     |
| train/                  |            |
|    approx_kl            | 0.03298022 |
|    clip_fraction        | 0.333      |
|    clip_range           | 0.2        |
|    entropy_loss         | -0.581     |
|    explained_variance   | 0.817      |
|    learning_rate        | 0.0003     |
|    loss                 | -0.00111   |
|    n_updates            | 1890       |
|    policy_gradient_loss | -0.003     |
|    std                  | 0.278      |
|    value_loss           | 0.000487   |
----------------------------------------
-----------------------------------------
| rollout/                |             |
|    ep_len_mean          | 16.4        |
|    ep_rew_mean          | 7.77        |
| time/                   |             |
|    fps                  | 65          |
|    iterations           | 191         |
|    time_elapsed         | 5962        |
|    total_timesteps      | 391168      |
| train/                  |             |
|    approx_kl            | 0.027441073 |
|    clip_fraction        | 0.347       |
|    clip_range           | 0.2         |
|    entropy_loss         | -0.553      |
|    explained_variance   | 0.798       |
|    learning_rate        | 0.0003      |
|    loss                 | -0.0491     |
|    n_updates            | 1900        |
|    policy_gradient_loss | -0.0124     |
|    std                  | 0.278       |
|    value_loss           | 0.000309    |
-----------------------------------------
----------------------------------------
| rollout/                |            |
|    ep_len_mean          | 16.7       |
|    ep_rew_mean          | 7.72       |
| time/                   |            |
|    fps                  | 65         |
|    iterations           | 192        |
|    time_elapsed         | 5999       |
|    total_timesteps      | 393216     |
| train/                  |            |
|    approx_kl            | 0.03783543 |
|    clip_fraction        | 0.342      |
|    clip_range           | 0.2        |
|    entropy_loss         | -0.523     |
|    explained_variance   | 0.918      |
|    learning_rate        | 0.0003     |
|    loss                 | -0.0168    |
|    n_updates            | 1910       |
|    policy_gradient_loss | -0.00772   |
|    std                  | 0.277      |
|    value_loss           | 0.000139   |
----------------------------------------
-----------------------------------------
| rollout/                |             |
|    ep_len_mean          | 16.6        |
|    ep_rew_mean          | 7.78        |
| time/                   |             |
|    fps                  | 65          |
|    iterations           | 193         |
|    time_elapsed         | 6036        |
|    total_timesteps      | 395264      |
| train/                  |             |
|    approx_kl            | 0.036506437 |
|    clip_fraction        | 0.368       |
|    clip_range           | 0.2         |
|    entropy_loss         | -0.488      |
|    explained_variance   | 0.876       |
|    learning_rate        | 0.0003      |
|    loss                 | -0.00973    |
|    n_updates            | 1920        |
|    policy_gradient_loss | -0.0117     |
|    std                  | 0.276       |
|    value_loss           | 0.000195    |
-----------------------------------------
-----------------------------------------
| rollout/                |             |
|    ep_len_mean          | 16.7        |
|    ep_rew_mean          | 7.75        |
| time/                   |             |
|    fps                  | 65          |
|    iterations           | 194         |
|    time_elapsed         | 6073        |
|    total_timesteps      | 397312      |
| train/                  |             |
|    approx_kl            | 0.032521456 |
|    clip_fraction        | 0.349       |
|    clip_range           | 0.2         |
|    entropy_loss         | -0.459      |
|    explained_variance   | 0.916       |
|    learning_rate        | 0.0003      |
|    loss                 | -0.0363     |
|    n_updates            | 1930        |
|    policy_gradient_loss | -0.00901    |
|    std                  | 0.275       |
|    value_loss           | 0.000149    |
-----------------------------------------
-----------------------------------------
| rollout/                |             |
|    ep_len_mean          | 16.6        |
|    ep_rew_mean          | 7.78        |
| time/                   |             |
|    fps                  | 65          |
|    iterations           | 195         |
|    time_elapsed         | 6107        |
|    total_timesteps      | 399360      |
| train/                  |             |
|    approx_kl            | 0.036049917 |
|    clip_fraction        | 0.356       |
|    clip_range           | 0.2         |
|    entropy_loss         | -0.432      |
|    explained_variance   | 0.9         |
|    learning_rate        | 0.0003      |
|    loss                 | 0.0263      |
|    n_updates            | 1940        |
|    policy_gradient_loss | -0.0112     |
|    std                  | 0.274       |
|    value_loss           | 0.000186    |
-----------------------------------------
-----------------------------------------
| rollout/                |             |
|    ep_len_mean          | 16.6        |
|    ep_rew_mean          | 7.8         |
| time/                   |             |
|    fps                  | 65          |
|    iterations           | 196         |
|    time_elapsed         | 6135        |
|    total_timesteps      | 401408      |
| train/                  |             |
|    approx_kl            | 0.029635586 |
|    clip_fraction        | 0.345       |
|    clip_range           | 0.2         |
|    entropy_loss         | -0.394      |
|    explained_variance   | 0.909       |
|    learning_rate        | 0.0003      |
|    loss                 | -0.0314     |
|    n_updates            | 1950        |
|    policy_gradient_loss | -0.0127     |
|    std                  | 0.272       |
|    value_loss           | 0.000172    |
-----------------------------------------
saved models/C4_seed1.zip and models/C4_seed1_vecnormalize.pkl
