=== training C2_lam0.5_seed2 for 400000 steps ===
    port 5232
--------------------------------------------------------------
[threshold consistency]
  success distance      = 0.030 m
  force at success      = 5.00 N
  comfort / danger      = 6.0 N / 10.0 N
  >>> OK: the success point lies inside the safe band.
--------------------------------------------------------------
Waiting for connections on port: 5233...
Connected successfully
Using cpu device
---------------------------------
| rollout/           |          |
|    ep_len_mean     | 200      |
|    ep_rew_mean     | -918     |
| time/              |          |
|    fps             | 71       |
|    iterations      | 1        |
|    time_elapsed    | 28       |
|    total_timesteps | 2048     |
---------------------------------
-----------------------------------------
| rollout/                |             |
|    ep_len_mean          | 200         |
|    ep_rew_mean          | -1.09e+03   |
| time/                   |             |
|    fps                  | 69          |
|    iterations           | 2           |
|    time_elapsed         | 58          |
|    total_timesteps      | 4096        |
| train/                  |             |
|    approx_kl            | 0.015249795 |
|    clip_fraction        | 0.136       |
|    clip_range           | 0.2         |
|    entropy_loss         | -9.93       |
|    explained_variance   | 0.329       |
|    learning_rate        | 0.0003      |
|    loss                 | -0.0306     |
|    n_updates            | 10          |
|    policy_gradient_loss | -0.0255     |
|    std                  | 0.999       |
|    value_loss           | 0.524       |
-----------------------------------------
-----------------------------------------
| rollout/                |             |
|    ep_len_mean          | 200         |
|    ep_rew_mean          | -1.09e+03   |
| time/                   |             |
|    fps                  | 69          |
|    iterations           | 3           |
|    time_elapsed         | 88          |
|    total_timesteps      | 6144        |
| train/                  |             |
|    approx_kl            | 0.015565844 |
|    clip_fraction        | 0.169       |
|    clip_range           | 0.2         |
|    entropy_loss         | -9.92       |
|    explained_variance   | 0.754       |
|    learning_rate        | 0.0003      |
|    loss                 | -0.0138     |
|    n_updates            | 20          |
|    policy_gradient_loss | -0.0283     |
|    std                  | 0.996       |
|    value_loss           | 0.0645      |
-----------------------------------------
----------------------------------------
| rollout/                |            |
|    ep_len_mean          | 200        |
|    ep_rew_mean          | -1.08e+03  |
| time/                   |            |
|    fps                  | 69         |
|    iterations           | 4          |
|    time_elapsed         | 118        |
|    total_timesteps      | 8192       |
| train/                  |            |
|    approx_kl            | 0.01914129 |
|    clip_fraction        | 0.226      |
|    clip_range           | 0.2        |
|    entropy_loss         | -9.88      |
|    explained_variance   | 0.497      |
|    learning_rate        | 0.0003     |
|    loss                 | -0.0455    |
|    n_updates            | 30         |
|    policy_gradient_loss | -0.0342    |
|    std                  | 0.99       |
|    value_loss           | 0.0441     |
----------------------------------------
-----------------------------------------
| rollout/                |             |
|    ep_len_mean          | 200         |
|    ep_rew_mean          | -1.02e+03   |
| time/                   |             |
|    fps                  | 69          |
|    iterations           | 5           |
|    time_elapsed         | 147         |
|    total_timesteps      | 10240       |
| train/                  |             |
|    approx_kl            | 0.015161719 |
|    clip_fraction        | 0.172       |
|    clip_range           | 0.2         |
|    entropy_loss         | -9.85       |
|    explained_variance   | 0.68        |
|    learning_rate        | 0.0003      |
|    loss                 | -0.0505     |
|    n_updates            | 40          |
|    policy_gradient_loss | -0.0283     |
|    std                  | 0.987       |
|    value_loss           | 0.0229      |
-----------------------------------------
-----------------------------------------
| rollout/                |             |
|    ep_len_mean          | 200         |
|    ep_rew_mean          | -964        |
| time/                   |             |
|    fps                  | 69          |
|    iterations           | 6           |
|    time_elapsed         | 177         |
|    total_timesteps      | 12288       |
| train/                  |             |
|    approx_kl            | 0.019747514 |
|    clip_fraction        | 0.202       |
|    clip_range           | 0.2         |
|    entropy_loss         | -9.82       |
|    explained_variance   | 0.191       |
|    learning_rate        | 0.0003      |
|    loss                 | -0.0437     |
|    n_updates            | 50          |
|    policy_gradient_loss | -0.034      |
|    std                  | 0.983       |
|    value_loss           | 0.0216      |
-----------------------------------------
-----------------------------------------
| rollout/                |             |
|    ep_len_mean          | 200         |
|    ep_rew_mean          | -915        |
| time/                   |             |
|    fps                  | 69          |
|    iterations           | 7           |
|    time_elapsed         | 207         |
|    total_timesteps      | 14336       |
| train/                  |             |
|    approx_kl            | 0.019685699 |
|    clip_fraction        | 0.229       |
|    clip_range           | 0.2         |
|    entropy_loss         | -9.8        |
|    explained_variance   | 0.523       |
|    learning_rate        | 0.0003      |
|    loss                 | -0.0376     |
|    n_updates            | 60          |
|    policy_gradient_loss | -0.0349     |
|    std                  | 0.979       |
|    value_loss           | 0.0164      |
-----------------------------------------
-----------------------------------------
| rollout/                |             |
|    ep_len_mean          | 200         |
|    ep_rew_mean          | -855        |
| time/                   |             |
|    fps                  | 68          |
|    iterations           | 8           |
|    time_elapsed         | 237         |
|    total_timesteps      | 16384       |
| train/                  |             |
|    approx_kl            | 0.015699869 |
|    clip_fraction        | 0.18        |
|    clip_range           | 0.2         |
|    entropy_loss         | -9.78       |
|    explained_variance   | 0.488       |
|    learning_rate        | 0.0003      |
|    loss                 | -0.0591     |
|    n_updates            | 70          |
|    policy_gradient_loss | -0.0303     |
|    std                  | 0.978       |
|    value_loss           | 0.0127      |
-----------------------------------------
-----------------------------------------
| rollout/                |             |
|    ep_len_mean          | 200         |
|    ep_rew_mean          | -805        |
| time/                   |             |
|    fps                  | 68          |
|    iterations           | 9           |
|    time_elapsed         | 267         |
|    total_timesteps      | 18432       |
| train/                  |             |
|    approx_kl            | 0.017741717 |
|    clip_fraction        | 0.203       |
|    clip_range           | 0.2         |
|    entropy_loss         | -9.75       |
|    explained_variance   | 0.727       |
|    learning_rate        | 0.0003      |
|    loss                 | -0.057      |
|    n_updates            | 80          |
|    policy_gradient_loss | -0.035      |
|    std                  | 0.972       |
|    value_loss           | 0.00901     |
-----------------------------------------
-----------------------------------------
| rollout/                |             |
|    ep_len_mean          | 200         |
|    ep_rew_mean          | -760        |
| time/                   |             |
|    fps                  | 68          |
|    iterations           | 10          |
|    time_elapsed         | 297         |
|    total_timesteps      | 20480       |
| train/                  |             |
|    approx_kl            | 0.017473727 |
|    clip_fraction        | 0.203       |
|    clip_range           | 0.2         |
|    entropy_loss         | -9.76       |
|    explained_variance   | 0.135       |
|    learning_rate        | 0.0003      |
|    loss                 | -0.0702     |
|    n_updates            | 90          |
|    policy_gradient_loss | -0.0313     |
|    std                  | 0.977       |
|    value_loss           | 0.00741     |
-----------------------------------------
-----------------------------------------
| rollout/                |             |
|    ep_len_mean          | 200         |
|    ep_rew_mean          | -698        |
| time/                   |             |
|    fps                  | 68          |
|    iterations           | 11          |
|    time_elapsed         | 327         |
|    total_timesteps      | 22528       |
| train/                  |             |
|    approx_kl            | 0.016036704 |
|    clip_fraction        | 0.169       |
|    clip_range           | 0.2         |
|    entropy_loss         | -9.75       |
|    explained_variance   | 0.0111      |
|    learning_rate        | 0.0003      |
|    loss                 | -0.0257     |
|    n_updates            | 100         |
|    policy_gradient_loss | -0.027      |
|    std                  | 0.973       |
|    value_loss           | 0.00471     |
-----------------------------------------
-----------------------------------------
| rollout/                |             |
|    ep_len_mean          | 200         |
|    ep_rew_mean          | -606        |
| time/                   |             |
|    fps                  | 68          |
|    iterations           | 12          |
|    time_elapsed         | 357         |
|    total_timesteps      | 24576       |
| train/                  |             |
|    approx_kl            | 0.016108314 |
|    clip_fraction        | 0.18        |
|    clip_range           | 0.2         |
|    entropy_loss         | -9.73       |
|    explained_variance   | 0.0232      |
|    learning_rate        | 0.0003      |
|    loss                 | -0.0621     |
|    n_updates            | 110         |
|    policy_gradient_loss | -0.0287     |
|    std                  | 0.97        |
|    value_loss           | 0.00478     |
-----------------------------------------
-----------------------------------------
| rollout/                |             |
|    ep_len_mean          | 200         |
|    ep_rew_mean          | -509        |
| time/                   |             |
|    fps                  | 68          |
|    iterations           | 13          |
|    time_elapsed         | 387         |
|    total_timesteps      | 26624       |
| train/                  |             |
|    approx_kl            | 0.014345145 |
|    clip_fraction        | 0.177       |
|    clip_range           | 0.2         |
|    entropy_loss         | -9.73       |
|    explained_variance   | 0.344       |
|    learning_rate        | 0.0003      |
|    loss                 | -0.0469     |
|    n_updates            | 120         |
|    policy_gradient_loss | -0.0299     |
|    std                  | 0.972       |
|    value_loss           | 0.00287     |
-----------------------------------------
-----------------------------------------
| rollout/                |             |
|    ep_len_mean          | 200         |
|    ep_rew_mean          | -443        |
| time/                   |             |
|    fps                  | 68          |
|    iterations           | 14          |
|    time_elapsed         | 418         |
|    total_timesteps      | 28672       |
| train/                  |             |
|    approx_kl            | 0.014260236 |
|    clip_fraction        | 0.157       |
|    clip_range           | 0.2         |
|    entropy_loss         | -9.69       |
|    explained_variance   | 0.00177     |
|    learning_rate        | 0.0003      |
|    loss                 | -0.0471     |
|    n_updates            | 130         |
|    policy_gradient_loss | -0.0264     |
|    std                  | 0.962       |
|    value_loss           | 0.00227     |
-----------------------------------------
-----------------------------------------
| rollout/                |             |
|    ep_len_mean          | 200         |
|    ep_rew_mean          | -385        |
| time/                   |             |
|    fps                  | 68          |
|    iterations           | 15          |
|    time_elapsed         | 448         |
|    total_timesteps      | 30720       |
| train/                  |             |
|    approx_kl            | 0.016372941 |
|    clip_fraction        | 0.184       |
|    clip_range           | 0.2         |
|    entropy_loss         | -9.6        |
|    explained_variance   | -0.0262     |
|    learning_rate        | 0.0003      |
|    loss                 | -0.0692     |
|    n_updates            | 140         |
|    policy_gradient_loss | -0.0329     |
|    std                  | 0.949       |
|    value_loss           | 0.00229     |
-----------------------------------------
-----------------------------------------
| rollout/                |             |
|    ep_len_mean          | 200         |
|    ep_rew_mean          | -348        |
| time/                   |             |
|    fps                  | 68          |
|    iterations           | 16          |
|    time_elapsed         | 478         |
|    total_timesteps      | 32768       |
| train/                  |             |
|    approx_kl            | 0.017052874 |
|    clip_fraction        | 0.195       |
|    clip_range           | 0.2         |
|    entropy_loss         | -9.54       |
|    explained_variance   | -0.0402     |
|    learning_rate        | 0.0003      |
|    loss                 | -0.038      |
|    n_updates            | 150         |
|    policy_gradient_loss | -0.0317     |
|    std                  | 0.943       |
|    value_loss           | 0.00167     |
-----------------------------------------
----------------------------------------
| rollout/                |            |
|    ep_len_mean          | 200        |
|    ep_rew_mean          | -313       |
| time/                   |            |
|    fps                  | 68         |
|    iterations           | 17         |
|    time_elapsed         | 508        |
|    total_timesteps      | 34816      |
| train/                  |            |
|    approx_kl            | 0.01474984 |
|    clip_fraction        | 0.178      |
|    clip_range           | 0.2        |
|    entropy_loss         | -9.5       |
|    explained_variance   | 0.239      |
|    learning_rate        | 0.0003     |
|    loss                 | -0.0805    |
|    n_updates            | 160        |
|    policy_gradient_loss | -0.0284    |
|    std                  | 0.938      |
|    value_loss           | 0.00172    |
----------------------------------------
-----------------------------------------
| rollout/                |             |
|    ep_len_mean          | 199         |
|    ep_rew_mean          | -288        |
| time/                   |             |
|    fps                  | 68          |
|    iterations           | 18          |
|    time_elapsed         | 538         |
|    total_timesteps      | 36864       |
| train/                  |             |
|    approx_kl            | 0.017897062 |
|    clip_fraction        | 0.209       |
|    clip_range           | 0.2         |
|    entropy_loss         | -9.47       |
|    explained_variance   | 0.657       |
|    learning_rate        | 0.0003      |
|    loss                 | -0.0501     |
|    n_updates            | 170         |
|    policy_gradient_loss | -0.0336     |
|    std                  | 0.934       |
|    value_loss           | 0.00169     |
-----------------------------------------
-----------------------------------------
| rollout/                |             |
|    ep_len_mean          | 199         |
|    ep_rew_mean          | -265        |
| time/                   |             |
|    fps                  | 68          |
|    iterations           | 19          |
|    time_elapsed         | 568         |
|    total_timesteps      | 38912       |
| train/                  |             |
|    approx_kl            | 0.015471658 |
|    clip_fraction        | 0.186       |
|    clip_range           | 0.2         |
|    entropy_loss         | -9.45       |
|    explained_variance   | 0.467       |
|    learning_rate        | 0.0003      |
|    loss                 | -0.0317     |
|    n_updates            | 180         |
|    policy_gradient_loss | -0.0292     |
|    std                  | 0.936       |
|    value_loss           | 0.00214     |
-----------------------------------------
-----------------------------------------
| rollout/                |             |
|    ep_len_mean          | 199         |
|    ep_rew_mean          | -246        |
| time/                   |             |
|    fps                  | 68          |
|    iterations           | 20          |
|    time_elapsed         | 599         |
|    total_timesteps      | 40960       |
| train/                  |             |
|    approx_kl            | 0.015689075 |
|    clip_fraction        | 0.184       |
|    clip_range           | 0.2         |
|    entropy_loss         | -9.45       |
|    explained_variance   | 0.634       |
|    learning_rate        | 0.0003      |
|    loss                 | -0.0357     |
|    n_updates            | 190         |
|    policy_gradient_loss | -0.0298     |
|    std                  | 0.932       |
|    value_loss           | 0.00112     |
-----------------------------------------
-----------------------------------------
| rollout/                |             |
|    ep_len_mean          | 197         |
|    ep_rew_mean          | -233        |
| time/                   |             |
|    fps                  | 68          |
|    iterations           | 21          |
|    time_elapsed         | 630         |
|    total_timesteps      | 43008       |
| train/                  |             |
|    approx_kl            | 0.015031885 |
|    clip_fraction        | 0.191       |
|    clip_range           | 0.2         |
|    entropy_loss         | -9.4        |
|    explained_variance   | 0.37        |
|    learning_rate        | 0.0003      |
|    loss                 | -0.0548     |
|    n_updates            | 200         |
|    policy_gradient_loss | -0.0305     |
|    std                  | 0.926       |
|    value_loss           | 0.000925    |
-----------------------------------------
-----------------------------------------
| rollout/                |             |
|    ep_len_mean          | 197         |
|    ep_rew_mean          | -224        |
| time/                   |             |
|    fps                  | 68          |
|    iterations           | 22          |
|    time_elapsed         | 661         |
|    total_timesteps      | 45056       |
| train/                  |             |
|    approx_kl            | 0.015095713 |
|    clip_fraction        | 0.181       |
|    clip_range           | 0.2         |
|    entropy_loss         | -9.37       |
|    explained_variance   | 0.384       |
|    learning_rate        | 0.0003      |
|    loss                 | -0.0311     |
|    n_updates            | 210         |
|    policy_gradient_loss | -0.03       |
|    std                  | 0.921       |
|    value_loss           | 0.00359     |
-----------------------------------------
-----------------------------------------
| rollout/                |             |
|    ep_len_mean          | 193         |
|    ep_rew_mean          | -209        |
| time/                   |             |
|    fps                  | 67          |
|    iterations           | 23          |
|    time_elapsed         | 693         |
|    total_timesteps      | 47104       |
| train/                  |             |
|    approx_kl            | 0.013265193 |
|    clip_fraction        | 0.152       |
|    clip_range           | 0.2         |
|    entropy_loss         | -9.35       |
|    explained_variance   | 0.572       |
|    learning_rate        | 0.0003      |
|    loss                 | -0.0784     |
|    n_updates            | 220         |
|    policy_gradient_loss | -0.0268     |
|    std                  | 0.921       |
|    value_loss           | 0.00162     |
-----------------------------------------
----------------------------------------
| rollout/                |            |
|    ep_len_mean          | 186        |
|    ep_rew_mean          | -191       |
| time/                   |            |
|    fps                  | 67         |
|    iterations           | 24         |
|    time_elapsed         | 725        |
|    total_timesteps      | 49152      |
| train/                  |            |
|    approx_kl            | 0.01768434 |
|    clip_fraction        | 0.201      |
|    clip_range           | 0.2        |
|    entropy_loss         | -9.3       |
|    explained_variance   | 0.491      |
|    learning_rate        | 0.0003     |
|    loss                 | -0.0458    |
|    n_updates            | 230        |
|    policy_gradient_loss | -0.028     |
|    std                  | 0.911      |
|    value_loss           | 0.00558    |
----------------------------------------
-----------------------------------------
| rollout/                |             |
|    ep_len_mean          | 184         |
|    ep_rew_mean          | -181        |
| time/                   |             |
|    fps                  | 67          |
|    iterations           | 25          |
|    time_elapsed         | 758         |
|    total_timesteps      | 51200       |
| train/                  |             |
|    approx_kl            | 0.014561828 |
|    clip_fraction        | 0.153       |
|    clip_range           | 0.2         |
|    entropy_loss         | -9.23       |
|    explained_variance   | 0.387       |
|    learning_rate        | 0.0003      |
|    loss                 | -0.0163     |
|    n_updates            | 240         |
|    policy_gradient_loss | -0.0226     |
|    std                  | 0.902       |
|    value_loss           | 0.0104      |
-----------------------------------------
----------------------------------------
| rollout/                |            |
|    ep_len_mean          | 180        |
|    ep_rew_mean          | -169       |
| time/                   |            |
|    fps                  | 67         |
|    iterations           | 26         |
|    time_elapsed         | 790        |
|    total_timesteps      | 53248      |
| train/                  |            |
|    approx_kl            | 0.01800238 |
|    clip_fraction        | 0.205      |
|    clip_range           | 0.2        |
|    entropy_loss         | -9.17      |
|    explained_variance   | 0.449      |
|    learning_rate        | 0.0003     |
|    loss                 | -0.0216    |
|    n_updates            | 250        |
|    policy_gradient_loss | -0.027     |
|    std                  | 0.895      |
|    value_loss           | 0.00498    |
----------------------------------------
-----------------------------------------
| rollout/                |             |
|    ep_len_mean          | 178         |
|    ep_rew_mean          | -167        |
| time/                   |             |
|    fps                  | 67          |
|    iterations           | 27          |
|    time_elapsed         | 823         |
|    total_timesteps      | 55296       |
| train/                  |             |
|    approx_kl            | 0.016695283 |
|    clip_fraction        | 0.184       |
|    clip_range           | 0.2         |
|    entropy_loss         | -9.16       |
|    explained_variance   | 0.464       |
|    learning_rate        | 0.0003      |
|    loss                 | -0.028      |
|    n_updates            | 260         |
|    policy_gradient_loss | -0.0265     |
|    std                  | 0.896       |
|    value_loss           | 0.00457     |
-----------------------------------------
-----------------------------------------
| rollout/                |             |
|    ep_len_mean          | 172         |
|    ep_rew_mean          | -158        |
| time/                   |             |
|    fps                  | 66          |
|    iterations           | 28          |
|    time_elapsed         | 856         |
|    total_timesteps      | 57344       |
| train/                  |             |
|    approx_kl            | 0.014979411 |
|    clip_fraction        | 0.186       |
|    clip_range           | 0.2         |
|    entropy_loss         | -9.14       |
|    explained_variance   | 0.706       |
|    learning_rate        | 0.0003      |
|    loss                 | -0.0551     |
|    n_updates            | 270         |
|    policy_gradient_loss | -0.03       |
|    std                  | 0.892       |
|    value_loss           | 0.00823     |
-----------------------------------------
---------------------------------------
| rollout/                |           |
|    ep_len_mean          | 163       |
|    ep_rew_mean          | -142      |
| time/                   |           |
|    fps                  | 66        |
|    iterations           | 29        |
|    time_elapsed         | 889       |
|    total_timesteps      | 59392     |
| train/                  |           |
|    approx_kl            | 0.0155279 |
|    clip_fraction        | 0.169     |
|    clip_range           | 0.2       |
|    entropy_loss         | -9.11     |
|    explained_variance   | 0.517     |
|    learning_rate        | 0.0003    |
|    loss                 | -0.0273   |
|    n_updates            | 280       |
|    policy_gradient_loss | -0.0281   |
|    std                  | 0.889     |
|    value_loss           | 0.00633   |
---------------------------------------
-----------------------------------------
| rollout/                |             |
|    ep_len_mean          | 158         |
|    ep_rew_mean          | -134        |
| time/                   |             |
|    fps                  | 66          |
|    iterations           | 30          |
|    time_elapsed         | 922         |
|    total_timesteps      | 61440       |
| train/                  |             |
|    approx_kl            | 0.017095193 |
|    clip_fraction        | 0.193       |
|    clip_range           | 0.2         |
|    entropy_loss         | -9.07       |
|    explained_variance   | 0.344       |
|    learning_rate        | 0.0003      |
|    loss                 | -0.04       |
|    n_updates            | 290         |
|    policy_gradient_loss | -0.025      |
|    std                  | 0.881       |
|    value_loss           | 0.0105      |
-----------------------------------------
-----------------------------------------
| rollout/                |             |
|    ep_len_mean          | 153         |
|    ep_rew_mean          | -127        |
| time/                   |             |
|    fps                  | 66          |
|    iterations           | 31          |
|    time_elapsed         | 956         |
|    total_timesteps      | 63488       |
| train/                  |             |
|    approx_kl            | 0.019460797 |
|    clip_fraction        | 0.191       |
|    clip_range           | 0.2         |
|    entropy_loss         | -9.05       |
|    explained_variance   | 0.524       |
|    learning_rate        | 0.0003      |
|    loss                 | -0.0286     |
|    n_updates            | 300         |
|    policy_gradient_loss | -0.0286     |
|    std                  | 0.883       |
|    value_loss           | 0.00944     |
-----------------------------------------
----------------------------------------
| rollout/                |            |
|    ep_len_mean          | 138        |
|    ep_rew_mean          | -112       |
| time/                   |            |
|    fps                  | 66         |
|    iterations           | 32         |
|    time_elapsed         | 989        |
|    total_timesteps      | 65536      |
| train/                  |            |
|    approx_kl            | 0.01628303 |
|    clip_fraction        | 0.196      |
|    clip_range           | 0.2        |
|    entropy_loss         | -9.06      |
|    explained_variance   | 0.663      |
|    learning_rate        | 0.0003     |
|    loss                 | -0.0343    |
|    n_updates            | 310        |
|    policy_gradient_loss | -0.0282    |
|    std                  | 0.885      |
|    value_loss           | 0.0125     |
----------------------------------------
-----------------------------------------
| rollout/                |             |
|    ep_len_mean          | 130         |
|    ep_rew_mean          | -104        |
| time/                   |             |
|    fps                  | 66          |
|    iterations           | 33          |
|    time_elapsed         | 1023        |
|    total_timesteps      | 67584       |
| train/                  |             |
|    approx_kl            | 0.016391015 |
|    clip_fraction        | 0.202       |
|    clip_range           | 0.2         |
|    entropy_loss         | -9.05       |
|    explained_variance   | 0.473       |
|    learning_rate        | 0.0003      |
|    loss                 | -0.0445     |
|    n_updates            | 320         |
|    policy_gradient_loss | -0.0256     |
|    std                  | 0.88        |
|    value_loss           | 0.0118      |
-----------------------------------------
-----------------------------------------
| rollout/                |             |
|    ep_len_mean          | 123         |
|    ep_rew_mean          | -97.2       |
| time/                   |             |
|    fps                  | 65          |
|    iterations           | 34          |
|    time_elapsed         | 1056        |
|    total_timesteps      | 69632       |
| train/                  |             |
|    approx_kl            | 0.015109666 |
|    clip_fraction        | 0.189       |
|    clip_range           | 0.2         |
|    entropy_loss         | -8.99       |
|    explained_variance   | 0.473       |
|    learning_rate        | 0.0003      |
|    loss                 | -0.0452     |
|    n_updates            | 330         |
|    policy_gradient_loss | -0.0288     |
|    std                  | 0.872       |
|    value_loss           | 0.00862     |
-----------------------------------------
-----------------------------------------
| rollout/                |             |
|    ep_len_mean          | 123         |
|    ep_rew_mean          | -99.9       |
| time/                   |             |
|    fps                  | 65          |
|    iterations           | 35          |
|    time_elapsed         | 1090        |
|    total_timesteps      | 71680       |
| train/                  |             |
|    approx_kl            | 0.015676562 |
|    clip_fraction        | 0.182       |
|    clip_range           | 0.2         |
|    entropy_loss         | -8.95       |
|    explained_variance   | 0.65        |
|    learning_rate        | 0.0003      |
|    loss                 | -0.0166     |
|    n_updates            | 340         |
|    policy_gradient_loss | -0.0256     |
|    std                  | 0.868       |
|    value_loss           | 0.00905     |
-----------------------------------------
-----------------------------------------
| rollout/                |             |
|    ep_len_mean          | 121         |
|    ep_rew_mean          | -96.9       |
| time/                   |             |
|    fps                  | 65          |
|    iterations           | 36          |
|    time_elapsed         | 1124        |
|    total_timesteps      | 73728       |
| train/                  |             |
|    approx_kl            | 0.018124007 |
|    clip_fraction        | 0.195       |
|    clip_range           | 0.2         |
|    entropy_loss         | -8.9        |
|    explained_variance   | 0.73        |
|    learning_rate        | 0.0003      |
|    loss                 | -0.026      |
|    n_updates            | 350         |
|    policy_gradient_loss | -0.025      |
|    std                  | 0.861       |
|    value_loss           | 0.00907     |
-----------------------------------------
-----------------------------------------
| rollout/                |             |
|    ep_len_mean          | 118         |
|    ep_rew_mean          | -92.8       |
| time/                   |             |
|    fps                  | 65          |
|    iterations           | 37          |
|    time_elapsed         | 1157        |
|    total_timesteps      | 75776       |
| train/                  |             |
|    approx_kl            | 0.017503005 |
|    clip_fraction        | 0.208       |
|    clip_range           | 0.2         |
|    entropy_loss         | -8.84       |
|    explained_variance   | 0.696       |
|    learning_rate        | 0.0003      |
|    loss                 | -0.0395     |
|    n_updates            | 360         |
|    policy_gradient_loss | -0.0302     |
|    std                  | 0.853       |
|    value_loss           | 0.00811     |
-----------------------------------------
-----------------------------------------
| rollout/                |             |
|    ep_len_mean          | 123         |
|    ep_rew_mean          | -96         |
| time/                   |             |
|    fps                  | 65          |
|    iterations           | 38          |
|    time_elapsed         | 1190        |
|    total_timesteps      | 77824       |
| train/                  |             |
|    approx_kl            | 0.016641002 |
|    clip_fraction        | 0.183       |
|    clip_range           | 0.2         |
|    entropy_loss         | -8.8        |
|    explained_variance   | 0.531       |
|    learning_rate        | 0.0003      |
|    loss                 | -0.036      |
|    n_updates            | 370         |
|    policy_gradient_loss | -0.0236     |
|    std                  | 0.852       |
|    value_loss           | 0.0109      |
-----------------------------------------
-----------------------------------------
| rollout/                |             |
|    ep_len_mean          | 117         |
|    ep_rew_mean          | -91.6       |
| time/                   |             |
|    fps                  | 65          |
|    iterations           | 39          |
|    time_elapsed         | 1224        |
|    total_timesteps      | 79872       |
| train/                  |             |
|    approx_kl            | 0.012740206 |
|    clip_fraction        | 0.153       |
|    clip_range           | 0.2         |
|    entropy_loss         | -8.78       |
|    explained_variance   | 0.193       |
|    learning_rate        | 0.0003      |
|    loss                 | -0.0355     |
|    n_updates            | 380         |
|    policy_gradient_loss | -0.0187     |
|    std                  | 0.848       |
|    value_loss           | 0.00762     |
-----------------------------------------
-----------------------------------------
| rollout/                |             |
|    ep_len_mean          | 119         |
|    ep_rew_mean          | -93.1       |
| time/                   |             |
|    fps                  | 65          |
|    iterations           | 40          |
|    time_elapsed         | 1258        |
|    total_timesteps      | 81920       |
| train/                  |             |
|    approx_kl            | 0.015635386 |
|    clip_fraction        | 0.189       |
|    clip_range           | 0.2         |
|    entropy_loss         | -8.75       |
|    explained_variance   | 0.781       |
|    learning_rate        | 0.0003      |
|    loss                 | -0.0345     |
|    n_updates            | 390         |
|    policy_gradient_loss | -0.0254     |
|    std                  | 0.844       |
|    value_loss           | 0.0092      |
-----------------------------------------
-----------------------------------------
| rollout/                |             |
|    ep_len_mean          | 106         |
|    ep_rew_mean          | -77.5       |
| time/                   |             |
|    fps                  | 64          |
|    iterations           | 41          |
|    time_elapsed         | 1293        |
|    total_timesteps      | 83968       |
| train/                  |             |
|    approx_kl            | 0.016548352 |
|    clip_fraction        | 0.199       |
|    clip_range           | 0.2         |
|    entropy_loss         | -8.7        |
|    explained_variance   | 0.793       |
|    learning_rate        | 0.0003      |
|    loss                 | -0.0142     |
|    n_updates            | 400         |
|    policy_gradient_loss | -0.0259     |
|    std                  | 0.836       |
|    value_loss           | 0.0112      |
-----------------------------------------
-----------------------------------------
| rollout/                |             |
|    ep_len_mean          | 103         |
|    ep_rew_mean          | -75.9       |
| time/                   |             |
|    fps                  | 64          |
|    iterations           | 42          |
|    time_elapsed         | 1327        |
|    total_timesteps      | 86016       |
| train/                  |             |
|    approx_kl            | 0.015791144 |
|    clip_fraction        | 0.207       |
|    clip_range           | 0.2         |
|    entropy_loss         | -8.63       |
|    explained_variance   | 0.309       |
|    learning_rate        | 0.0003      |
|    loss                 | -0.0436     |
|    n_updates            | 410         |
|    policy_gradient_loss | -0.0259     |
|    std                  | 0.828       |
|    value_loss           | 0.00864     |
-----------------------------------------
-----------------------------------------
| rollout/                |             |
|    ep_len_mean          | 91.8        |
|    ep_rew_mean          | -66.5       |
| time/                   |             |
|    fps                  | 64          |
|    iterations           | 43          |
|    time_elapsed         | 1361        |
|    total_timesteps      | 88064       |
| train/                  |             |
|    approx_kl            | 0.015784584 |
|    clip_fraction        | 0.185       |
|    clip_range           | 0.2         |
|    entropy_loss         | -8.59       |
|    explained_variance   | 0.197       |
|    learning_rate        | 0.0003      |
|    loss                 | -0.0659     |
|    n_updates            | 420         |
|    policy_gradient_loss | -0.0235     |
|    std                  | 0.824       |
|    value_loss           | 0.0106      |
-----------------------------------------
-----------------------------------------
| rollout/                |             |
|    ep_len_mean          | 95.2        |
|    ep_rew_mean          | -66.8       |
| time/                   |             |
|    fps                  | 64          |
|    iterations           | 44          |
|    time_elapsed         | 1395        |
|    total_timesteps      | 90112       |
| train/                  |             |
|    approx_kl            | 0.017771602 |
|    clip_fraction        | 0.217       |
|    clip_range           | 0.2         |
|    entropy_loss         | -8.55       |
|    explained_variance   | 0.3         |
|    learning_rate        | 0.0003      |
|    loss                 | -0.0305     |
|    n_updates            | 430         |
|    policy_gradient_loss | -0.0255     |
|    std                  | 0.821       |
|    value_loss           | 0.0094      |
-----------------------------------------
-----------------------------------------
| rollout/                |             |
|    ep_len_mean          | 97.9        |
|    ep_rew_mean          | -64.4       |
| time/                   |             |
|    fps                  | 64          |
|    iterations           | 45          |
|    time_elapsed         | 1429        |
|    total_timesteps      | 92160       |
| train/                  |             |
|    approx_kl            | 0.015625896 |
|    clip_fraction        | 0.172       |
|    clip_range           | 0.2         |
|    entropy_loss         | -8.52       |
|    explained_variance   | 0.545       |
|    learning_rate        | 0.0003      |
|    loss                 | -0.00691    |
|    n_updates            | 440         |
|    policy_gradient_loss | -0.023      |
|    std                  | 0.815       |
|    value_loss           | 0.00728     |
-----------------------------------------
-----------------------------------------
| rollout/                |             |
|    ep_len_mean          | 95          |
|    ep_rew_mean          | -64.4       |
| time/                   |             |
|    fps                  | 64          |
|    iterations           | 46          |
|    time_elapsed         | 1464        |
|    total_timesteps      | 94208       |
| train/                  |             |
|    approx_kl            | 0.015666438 |
|    clip_fraction        | 0.19        |
|    clip_range           | 0.2         |
|    entropy_loss         | -8.47       |
|    explained_variance   | 0.372       |
|    learning_rate        | 0.0003      |
|    loss                 | -0.0236     |
|    n_updates            | 450         |
|    policy_gradient_loss | -0.024      |
|    std                  | 0.81        |
|    value_loss           | 0.00709     |
-----------------------------------------
-----------------------------------------
| rollout/                |             |
|    ep_len_mean          | 90.9        |
|    ep_rew_mean          | -59.9       |
| time/                   |             |
|    fps                  | 64          |
|    iterations           | 47          |
|    time_elapsed         | 1498        |
|    total_timesteps      | 96256       |
| train/                  |             |
|    approx_kl            | 0.018819645 |
|    clip_fraction        | 0.226       |
|    clip_range           | 0.2         |
|    entropy_loss         | -8.42       |
|    explained_variance   | 0.831       |
|    learning_rate        | 0.0003      |
|    loss                 | -0.0465     |
|    n_updates            | 460         |
|    policy_gradient_loss | -0.0296     |
|    std                  | 0.805       |
|    value_loss           | 0.00927     |
-----------------------------------------
-----------------------------------------
| rollout/                |             |
|    ep_len_mean          | 85.7        |
|    ep_rew_mean          | -54.9       |
| time/                   |             |
|    fps                  | 64          |
|    iterations           | 48          |
|    time_elapsed         | 1533        |
|    total_timesteps      | 98304       |
| train/                  |             |
|    approx_kl            | 0.018033585 |
|    clip_fraction        | 0.209       |
|    clip_range           | 0.2         |
|    entropy_loss         | -8.4        |
|    explained_variance   | 0.57        |
|    learning_rate        | 0.0003      |
|    loss                 | -0.0385     |
|    n_updates            | 470         |
|    policy_gradient_loss | -0.0271     |
|    std                  | 0.804       |
|    value_loss           | 0.00997     |
-----------------------------------------
-----------------------------------------
| rollout/                |             |
|    ep_len_mean          | 83          |
|    ep_rew_mean          | -55.1       |
| time/                   |             |
|    fps                  | 64          |
|    iterations           | 49          |
|    time_elapsed         | 1567        |
|    total_timesteps      | 100352      |
| train/                  |             |
|    approx_kl            | 0.016299583 |
|    clip_fraction        | 0.196       |
|    clip_range           | 0.2         |
|    entropy_loss         | -8.39       |
|    explained_variance   | 0.785       |
|    learning_rate        | 0.0003      |
|    loss                 | -0.0236     |
|    n_updates            | 480         |
|    policy_gradient_loss | -0.0235     |
|    std                  | 0.802       |
|    value_loss           | 0.011       |
-----------------------------------------
-----------------------------------------
| rollout/                |             |
|    ep_len_mean          | 77.1        |
|    ep_rew_mean          | -47.3       |
| time/                   |             |
|    fps                  | 63          |
|    iterations           | 50          |
|    time_elapsed         | 1601        |
|    total_timesteps      | 102400      |
| train/                  |             |
|    approx_kl            | 0.015442141 |
|    clip_fraction        | 0.197       |
|    clip_range           | 0.2         |
|    entropy_loss         | -8.36       |
|    explained_variance   | 0.428       |
|    learning_rate        | 0.0003      |
|    loss                 | -0.0396     |
|    n_updates            | 490         |
|    policy_gradient_loss | -0.0229     |
|    std                  | 0.798       |
|    value_loss           | 0.0112      |
-----------------------------------------
----------------------------------------
| rollout/                |            |
|    ep_len_mean          | 78.1       |
|    ep_rew_mean          | -46.7      |
| time/                   |            |
|    fps                  | 63         |
|    iterations           | 51         |
|    time_elapsed         | 1636       |
|    total_timesteps      | 104448     |
| train/                  |            |
|    approx_kl            | 0.01664188 |
|    clip_fraction        | 0.198      |
|    clip_range           | 0.2        |
|    entropy_loss         | -8.34      |
|    explained_variance   | 0.782      |
|    learning_rate        | 0.0003     |
|    loss                 | -0.0325    |
|    n_updates            | 500        |
|    policy_gradient_loss | -0.0232    |
|    std                  | 0.799      |
|    value_loss           | 0.00737    |
----------------------------------------
-----------------------------------------
| rollout/                |             |
|    ep_len_mean          | 67.8        |
|    ep_rew_mean          | -38.5       |
| time/                   |             |
|    fps                  | 63          |
|    iterations           | 52          |
|    time_elapsed         | 1674        |
|    total_timesteps      | 106496      |
| train/                  |             |
|    approx_kl            | 0.018487398 |
|    clip_fraction        | 0.22        |
|    clip_range           | 0.2         |
|    entropy_loss         | -8.34       |
|    explained_variance   | 0.601       |
|    learning_rate        | 0.0003      |
|    loss                 | -0.0422     |
|    n_updates            | 510         |
|    policy_gradient_loss | -0.0284     |
|    std                  | 0.796       |
|    value_loss           | 0.00607     |
-----------------------------------------
-----------------------------------------
| rollout/                |             |
|    ep_len_mean          | 65.2        |
|    ep_rew_mean          | -39.1       |
| time/                   |             |
|    fps                  | 63          |
|    iterations           | 53          |
|    time_elapsed         | 1712        |
|    total_timesteps      | 108544      |
| train/                  |             |
|    approx_kl            | 0.016434338 |
|    clip_fraction        | 0.208       |
|    clip_range           | 0.2         |
|    entropy_loss         | -8.34       |
|    explained_variance   | 0.833       |
|    learning_rate        | 0.0003      |
|    loss                 | -0.053      |
|    n_updates            | 520         |
|    policy_gradient_loss | -0.0261     |
|    std                  | 0.799       |
|    value_loss           | 0.00901     |
-----------------------------------------
-----------------------------------------
| rollout/                |             |
|    ep_len_mean          | 62.3        |
|    ep_rew_mean          | -36.5       |
| time/                   |             |
|    fps                  | 63          |
|    iterations           | 54          |
|    time_elapsed         | 1750        |
|    total_timesteps      | 110592      |
| train/                  |             |
|    approx_kl            | 0.017589688 |
|    clip_fraction        | 0.204       |
|    clip_range           | 0.2         |
|    entropy_loss         | -8.33       |
|    explained_variance   | 0.757       |
|    learning_rate        | 0.0003      |
|    loss                 | -0.0415     |
|    n_updates            | 530         |
|    policy_gradient_loss | -0.0268     |
|    std                  | 0.795       |
|    value_loss           | 0.0105      |
-----------------------------------------
----------------------------------------
| rollout/                |            |
|    ep_len_mean          | 62.1       |
|    ep_rew_mean          | -37.3      |
| time/                   |            |
|    fps                  | 63         |
|    iterations           | 55         |
|    time_elapsed         | 1787       |
|    total_timesteps      | 112640     |
| train/                  |            |
|    approx_kl            | 0.01760431 |
|    clip_fraction        | 0.219      |
|    clip_range           | 0.2        |
|    entropy_loss         | -8.29      |
|    explained_variance   | 0.572      |
|    learning_rate        | 0.0003     |
|    loss                 | -0.0341    |
|    n_updates            | 540        |
|    policy_gradient_loss | -0.0313    |
|    std                  | 0.791      |
|    value_loss           | 0.0071     |
----------------------------------------
-----------------------------------------
| rollout/                |             |
|    ep_len_mean          | 68.3        |
|    ep_rew_mean          | -43.7       |
| time/                   |             |
|    fps                  | 62          |
|    iterations           | 56          |
|    time_elapsed         | 1824        |
|    total_timesteps      | 114688      |
| train/                  |             |
|    approx_kl            | 0.018125566 |
|    clip_fraction        | 0.207       |
|    clip_range           | 0.2         |
|    entropy_loss         | -8.26       |
|    explained_variance   | 0.815       |
|    learning_rate        | 0.0003      |
|    loss                 | -0.0481     |
|    n_updates            | 550         |
|    policy_gradient_loss | -0.0295     |
|    std                  | 0.788       |
|    value_loss           | 0.0104      |
-----------------------------------------
-----------------------------------------
| rollout/                |             |
|    ep_len_mean          | 66.1        |
|    ep_rew_mean          | -41.3       |
| time/                   |             |
|    fps                  | 62          |
|    iterations           | 57          |
|    time_elapsed         | 1863        |
|    total_timesteps      | 116736      |
| train/                  |             |
|    approx_kl            | 0.013307529 |
|    clip_fraction        | 0.183       |
|    clip_range           | 0.2         |
|    entropy_loss         | -8.23       |
|    explained_variance   | 0.759       |
|    learning_rate        | 0.0003      |
|    loss                 | -0.041      |
|    n_updates            | 560         |
|    policy_gradient_loss | -0.0231     |
|    std                  | 0.784       |
|    value_loss           | 0.0101      |
-----------------------------------------
-----------------------------------------
| rollout/                |             |
|    ep_len_mean          | 66.5        |
|    ep_rew_mean          | -37.4       |
| time/                   |             |
|    fps                  | 62          |
|    iterations           | 58          |
|    time_elapsed         | 1899        |
|    total_timesteps      | 118784      |
| train/                  |             |
|    approx_kl            | 0.013955778 |
|    clip_fraction        | 0.183       |
|    clip_range           | 0.2         |
|    entropy_loss         | -8.19       |
|    explained_variance   | 0.527       |
|    learning_rate        | 0.0003      |
|    loss                 | -0.0418     |
|    n_updates            | 570         |
|    policy_gradient_loss | -0.0253     |
|    std                  | 0.781       |
|    value_loss           | 0.00611     |
-----------------------------------------
-----------------------------------------
| rollout/                |             |
|    ep_len_mean          | 58.2        |
|    ep_rew_mean          | -26.9       |
| time/                   |             |
|    fps                  | 62          |
|    iterations           | 59          |
|    time_elapsed         | 1934        |
|    total_timesteps      | 120832      |
| train/                  |             |
|    approx_kl            | 0.016529681 |
|    clip_fraction        | 0.201       |
|    clip_range           | 0.2         |
|    entropy_loss         | -8.16       |
|    explained_variance   | 0.647       |
|    learning_rate        | 0.0003      |
|    loss                 | -0.0296     |
|    n_updates            | 580         |
|    policy_gradient_loss | -0.0282     |
|    std                  | 0.778       |
|    value_loss           | 0.00581     |
-----------------------------------------
----------------------------------------
| rollout/                |            |
|    ep_len_mean          | 60.9       |
|    ep_rew_mean          | -26.7      |
| time/                   |            |
|    fps                  | 62         |
|    iterations           | 60         |
|    time_elapsed         | 1969       |
|    total_timesteps      | 122880     |
| train/                  |            |
|    approx_kl            | 0.01530561 |
|    clip_fraction        | 0.183      |
|    clip_range           | 0.2        |
|    entropy_loss         | -8.16      |
|    explained_variance   | 0.626      |
|    learning_rate        | 0.0003     |
|    loss                 | -0.0183    |
|    n_updates            | 590        |
|    policy_gradient_loss | -0.0245    |
|    std                  | 0.778      |
|    value_loss           | 0.00379    |
----------------------------------------
-----------------------------------------
| rollout/                |             |
|    ep_len_mean          | 58.9        |
|    ep_rew_mean          | -25.7       |
| time/                   |             |
|    fps                  | 62          |
|    iterations           | 61          |
|    time_elapsed         | 2005        |
|    total_timesteps      | 124928      |
| train/                  |             |
|    approx_kl            | 0.017763842 |
|    clip_fraction        | 0.217       |
|    clip_range           | 0.2         |
|    entropy_loss         | -8.12       |
|    explained_variance   | 0.584       |
|    learning_rate        | 0.0003      |
|    loss                 | -0.0474     |
|    n_updates            | 600         |
|    policy_gradient_loss | -0.0291     |
|    std                  | 0.773       |
|    value_loss           | 0.00326     |
-----------------------------------------
-----------------------------------------
| rollout/                |             |
|    ep_len_mean          | 54.1        |
|    ep_rew_mean          | -23.4       |
| time/                   |             |
|    fps                  | 62          |
|    iterations           | 62          |
|    time_elapsed         | 2041        |
|    total_timesteps      | 126976      |
| train/                  |             |
|    approx_kl            | 0.015656237 |
|    clip_fraction        | 0.203       |
|    clip_range           | 0.2         |
|    entropy_loss         | -8.09       |
|    explained_variance   | 0.626       |
|    learning_rate        | 0.0003      |
|    loss                 | -0.0277     |
|    n_updates            | 610         |
|    policy_gradient_loss | -0.0269     |
|    std                  | 0.771       |
|    value_loss           | 0.0035      |
-----------------------------------------
-----------------------------------------
| rollout/                |             |
|    ep_len_mean          | 49.9        |
|    ep_rew_mean          | -23.5       |
| time/                   |             |
|    fps                  | 62          |
|    iterations           | 63          |
|    time_elapsed         | 2076        |
|    total_timesteps      | 129024      |
| train/                  |             |
|    approx_kl            | 0.015303592 |
|    clip_fraction        | 0.196       |
|    clip_range           | 0.2         |
|    entropy_loss         | -8.08       |
|    explained_variance   | 0.856       |
|    learning_rate        | 0.0003      |
|    loss                 | -0.00975    |
|    n_updates            | 620         |
|    policy_gradient_loss | -0.0241     |
|    std                  | 0.77        |
|    value_loss           | 0.0029      |
-----------------------------------------
---------------------------------------
| rollout/                |           |
|    ep_len_mean          | 54.2      |
|    ep_rew_mean          | -22.9     |
| time/                   |           |
|    fps                  | 62        |
|    iterations           | 64        |
|    time_elapsed         | 2111      |
|    total_timesteps      | 131072    |
| train/                  |           |
|    approx_kl            | 0.0157503 |
|    clip_fraction        | 0.196     |
|    clip_range           | 0.2       |
|    entropy_loss         | -8.08     |
|    explained_variance   | 0.584     |
|    learning_rate        | 0.0003    |
|    loss                 | -0.00315  |
|    n_updates            | 630       |
|    policy_gradient_loss | -0.0271   |
|    std                  | 0.772     |
|    value_loss           | 0.00313   |
---------------------------------------
----------------------------------------
| rollout/                |            |
|    ep_len_mean          | 53.1       |
|    ep_rew_mean          | -22.5      |
| time/                   |            |
|    fps                  | 61         |
|    iterations           | 65         |
|    time_elapsed         | 2147       |
|    total_timesteps      | 133120     |
| train/                  |            |
|    approx_kl            | 0.01797912 |
|    clip_fraction        | 0.197      |
|    clip_range           | 0.2        |
|    entropy_loss         | -8.04      |
|    explained_variance   | 0.546      |
|    learning_rate        | 0.0003     |
|    loss                 | -0.0429    |
|    n_updates            | 640        |
|    policy_gradient_loss | -0.0277    |
|    std                  | 0.763      |
|    value_loss           | 0.00349    |
----------------------------------------
-----------------------------------------
| rollout/                |             |
|    ep_len_mean          | 51.9        |
|    ep_rew_mean          | -20.6       |
| time/                   |             |
|    fps                  | 61          |
|    iterations           | 66          |
|    time_elapsed         | 2183        |
|    total_timesteps      | 135168      |
| train/                  |             |
|    approx_kl            | 0.015719805 |
|    clip_fraction        | 0.203       |
|    clip_range           | 0.2         |
|    entropy_loss         | -8          |
|    explained_variance   | 0.474       |
|    learning_rate        | 0.0003      |
|    loss                 | -0.0169     |
|    n_updates            | 650         |
|    policy_gradient_loss | -0.0247     |
|    std                  | 0.761       |
|    value_loss           | 0.00328     |
-----------------------------------------
-----------------------------------------
| rollout/                |             |
|    ep_len_mean          | 47.7        |
|    ep_rew_mean          | -18.7       |
| time/                   |             |
|    fps                  | 61          |
|    iterations           | 67          |
|    time_elapsed         | 2219        |
|    total_timesteps      | 137216      |
| train/                  |             |
|    approx_kl            | 0.015180167 |
|    clip_fraction        | 0.189       |
|    clip_range           | 0.2         |
|    entropy_loss         | -7.97       |
|    explained_variance   | 0.574       |
|    learning_rate        | 0.0003      |
|    loss                 | -0.0342     |
|    n_updates            | 660         |
|    policy_gradient_loss | -0.0263     |
|    std                  | 0.758       |
|    value_loss           | 0.00289     |
-----------------------------------------
-----------------------------------------
| rollout/                |             |
|    ep_len_mean          | 41.1        |
|    ep_rew_mean          | -17.8       |
| time/                   |             |
|    fps                  | 61          |
|    iterations           | 68          |
|    time_elapsed         | 2256        |
|    total_timesteps      | 139264      |
| train/                  |             |
|    approx_kl            | 0.016036877 |
|    clip_fraction        | 0.192       |
|    clip_range           | 0.2         |
|    entropy_loss         | -7.97       |
|    explained_variance   | 0.634       |
|    learning_rate        | 0.0003      |
|    loss                 | -0.028      |
|    n_updates            | 670         |
|    policy_gradient_loss | -0.0264     |
|    std                  | 0.759       |
|    value_loss           | 0.00269     |
-----------------------------------------
-----------------------------------------
| rollout/                |             |
|    ep_len_mean          | 41.2        |
|    ep_rew_mean          | -17.4       |
| time/                   |             |
|    fps                  | 61          |
|    iterations           | 69          |
|    time_elapsed         | 2292        |
|    total_timesteps      | 141312      |
| train/                  |             |
|    approx_kl            | 0.015084652 |
|    clip_fraction        | 0.195       |
|    clip_range           | 0.2         |
|    entropy_loss         | -7.96       |
|    explained_variance   | 0.495       |
|    learning_rate        | 0.0003      |
|    loss                 | -0.0313     |
|    n_updates            | 680         |
|    policy_gradient_loss | -0.0254     |
|    std                  | 0.757       |
|    value_loss           | 0.0041      |
-----------------------------------------
-----------------------------------------
| rollout/                |             |
|    ep_len_mean          | 43.9        |
|    ep_rew_mean          | -17.5       |
| time/                   |             |
|    fps                  | 61          |
|    iterations           | 70          |
|    time_elapsed         | 2328        |
|    total_timesteps      | 143360      |
| train/                  |             |
|    approx_kl            | 0.014251759 |
|    clip_fraction        | 0.19        |
|    clip_range           | 0.2         |
|    entropy_loss         | -7.92       |
|    explained_variance   | 0.572       |
|    learning_rate        | 0.0003      |
|    loss                 | -0.0193     |
|    n_updates            | 690         |
|    policy_gradient_loss | -0.0268     |
|    std                  | 0.751       |
|    value_loss           | 0.00263     |
-----------------------------------------
-----------------------------------------
| rollout/                |             |
|    ep_len_mean          | 46.1        |
|    ep_rew_mean          | -16.9       |
| time/                   |             |
|    fps                  | 61          |
|    iterations           | 71          |
|    time_elapsed         | 2364        |
|    total_timesteps      | 145408      |
| train/                  |             |
|    approx_kl            | 0.015822418 |
|    clip_fraction        | 0.178       |
|    clip_range           | 0.2         |
|    entropy_loss         | -7.88       |
|    explained_variance   | 0.754       |
|    learning_rate        | 0.0003      |
|    loss                 | -0.063      |
|    n_updates            | 700         |
|    policy_gradient_loss | -0.0255     |
|    std                  | 0.748       |
|    value_loss           | 0.00322     |
-----------------------------------------
-----------------------------------------
| rollout/                |             |
|    ep_len_mean          | 44.1        |
|    ep_rew_mean          | -15.4       |
| time/                   |             |
|    fps                  | 61          |
|    iterations           | 72          |
|    time_elapsed         | 2400        |
|    total_timesteps      | 147456      |
| train/                  |             |
|    approx_kl            | 0.017346343 |
|    clip_fraction        | 0.188       |
|    clip_range           | 0.2         |
|    entropy_loss         | -7.87       |
|    explained_variance   | 0.591       |
|    learning_rate        | 0.0003      |
|    loss                 | -0.0528     |
|    n_updates            | 710         |
|    policy_gradient_loss | -0.0234     |
|    std                  | 0.749       |
|    value_loss           | 0.00305     |
-----------------------------------------
----------------------------------------
| rollout/                |            |
|    ep_len_mean          | 41.5       |
|    ep_rew_mean          | -14.2      |
| time/                   |            |
|    fps                  | 61         |
|    iterations           | 73         |
|    time_elapsed         | 2437       |
|    total_timesteps      | 149504     |
| train/                  |            |
|    approx_kl            | 0.01610627 |
|    clip_fraction        | 0.194      |
|    clip_range           | 0.2        |
|    entropy_loss         | -7.87      |
|    explained_variance   | 0.726      |
|    learning_rate        | 0.0003     |
|    loss                 | -0.0358    |
|    n_updates            | 720        |
|    policy_gradient_loss | -0.0265    |
|    std                  | 0.748      |
|    value_loss           | 0.00184    |
----------------------------------------
-----------------------------------------
| rollout/                |             |
|    ep_len_mean          | 42.5        |
|    ep_rew_mean          | -16.7       |
| time/                   |             |
|    fps                  | 61          |
|    iterations           | 74          |
|    time_elapsed         | 2473        |
|    total_timesteps      | 151552      |
| train/                  |             |
|    approx_kl            | 0.015411115 |
|    clip_fraction        | 0.205       |
|    clip_range           | 0.2         |
|    entropy_loss         | -7.83       |
|    explained_variance   | 0.609       |
|    learning_rate        | 0.0003      |
|    loss                 | -0.0397     |
|    n_updates            | 730         |
|    policy_gradient_loss | -0.0269     |
|    std                  | 0.741       |
|    value_loss           | 0.00277     |
-----------------------------------------
-----------------------------------------
| rollout/                |             |
|    ep_len_mean          | 43.3        |
|    ep_rew_mean          | -17.8       |
| time/                   |             |
|    fps                  | 61          |
|    iterations           | 75          |
|    time_elapsed         | 2510        |
|    total_timesteps      | 153600      |
| train/                  |             |
|    approx_kl            | 0.017872661 |
|    clip_fraction        | 0.193       |
|    clip_range           | 0.2         |
|    entropy_loss         | -7.78       |
|    explained_variance   | 0.666       |
|    learning_rate        | 0.0003      |
|    loss                 | -0.0365     |
|    n_updates            | 740         |
|    policy_gradient_loss | -0.0275     |
|    std                  | 0.736       |
|    value_loss           | 0.00632     |
-----------------------------------------
-----------------------------------------
| rollout/                |             |
|    ep_len_mean          | 40.6        |
|    ep_rew_mean          | -19.4       |
| time/                   |             |
|    fps                  | 61          |
|    iterations           | 76          |
|    time_elapsed         | 2546        |
|    total_timesteps      | 155648      |
| train/                  |             |
|    approx_kl            | 0.015575629 |
|    clip_fraction        | 0.181       |
|    clip_range           | 0.2         |
|    entropy_loss         | -7.74       |
|    explained_variance   | 0.395       |
|    learning_rate        | 0.0003      |
|    loss                 | -0.0467     |
|    n_updates            | 750         |
|    policy_gradient_loss | -0.026      |
|    std                  | 0.733       |
|    value_loss           | 0.0049      |
-----------------------------------------
-----------------------------------------
| rollout/                |             |
|    ep_len_mean          | 42.8        |
|    ep_rew_mean          | -19         |
| time/                   |             |
|    fps                  | 61          |
|    iterations           | 77          |
|    time_elapsed         | 2583        |
|    total_timesteps      | 157696      |
| train/                  |             |
|    approx_kl            | 0.016445406 |
|    clip_fraction        | 0.19        |
|    clip_range           | 0.2         |
|    entropy_loss         | -7.7        |
|    explained_variance   | 0.848       |
|    learning_rate        | 0.0003      |
|    loss                 | -0.00664    |
|    n_updates            | 760         |
|    policy_gradient_loss | -0.0271     |
|    std                  | 0.729       |
|    value_loss           | 0.00687     |
-----------------------------------------
-----------------------------------------
| rollout/                |             |
|    ep_len_mean          | 39          |
|    ep_rew_mean          | -13.9       |
| time/                   |             |
|    fps                  | 60          |
|    iterations           | 78          |
|    time_elapsed         | 2620        |
|    total_timesteps      | 159744      |
| train/                  |             |
|    approx_kl            | 0.013974555 |
|    clip_fraction        | 0.161       |
|    clip_range           | 0.2         |
|    entropy_loss         | -7.65       |
|    explained_variance   | 0.513       |
|    learning_rate        | 0.0003      |
|    loss                 | -0.00913    |
|    n_updates            | 770         |
|    policy_gradient_loss | -0.023      |
|    std                  | 0.722       |
|    value_loss           | 0.00287     |
-----------------------------------------
-----------------------------------------
| rollout/                |             |
|    ep_len_mean          | 37.7        |
|    ep_rew_mean          | -13.8       |
| time/                   |             |
|    fps                  | 60          |
|    iterations           | 79          |
|    time_elapsed         | 2657        |
|    total_timesteps      | 161792      |
| train/                  |             |
|    approx_kl            | 0.018597482 |
|    clip_fraction        | 0.211       |
|    clip_range           | 0.2         |
|    entropy_loss         | -7.6        |
|    explained_variance   | 0.518       |
|    learning_rate        | 0.0003      |
|    loss                 | -0.0466     |
|    n_updates            | 780         |
|    policy_gradient_loss | -0.0298     |
|    std                  | 0.717       |
|    value_loss           | 0.00341     |
-----------------------------------------
-----------------------------------------
| rollout/                |             |
|    ep_len_mean          | 41.3        |
|    ep_rew_mean          | -14.4       |
| time/                   |             |
|    fps                  | 60          |
|    iterations           | 80          |
|    time_elapsed         | 2693        |
|    total_timesteps      | 163840      |
| train/                  |             |
|    approx_kl            | 0.018504094 |
|    clip_fraction        | 0.224       |
|    clip_range           | 0.2         |
|    entropy_loss         | -7.57       |
|    explained_variance   | 0.578       |
|    learning_rate        | 0.0003      |
|    loss                 | -0.047      |
|    n_updates            | 790         |
|    policy_gradient_loss | -0.0264     |
|    std                  | 0.717       |
|    value_loss           | 0.00248     |
-----------------------------------------
-----------------------------------------
| rollout/                |             |
|    ep_len_mean          | 39.9        |
|    ep_rew_mean          | -13.6       |
| time/                   |             |
|    fps                  | 60          |
|    iterations           | 81          |
|    time_elapsed         | 2730        |
|    total_timesteps      | 165888      |
| train/                  |             |
|    approx_kl            | 0.015807085 |
|    clip_fraction        | 0.189       |
|    clip_range           | 0.2         |
|    entropy_loss         | -7.55       |
|    explained_variance   | 0.586       |
|    learning_rate        | 0.0003      |
|    loss                 | -0.0357     |
|    n_updates            | 800         |
|    policy_gradient_loss | -0.0284     |
|    std                  | 0.714       |
|    value_loss           | 0.00247     |
-----------------------------------------
----------------------------------------
| rollout/                |            |
|    ep_len_mean          | 36.5       |
|    ep_rew_mean          | -12.8      |
| time/                   |            |
|    fps                  | 60         |
|    iterations           | 82         |
|    time_elapsed         | 2766       |
|    total_timesteps      | 167936     |
| train/                  |            |
|    approx_kl            | 0.01728574 |
|    clip_fraction        | 0.223      |
|    clip_range           | 0.2        |
|    entropy_loss         | -7.52      |
|    explained_variance   | 0.591      |
|    learning_rate        | 0.0003     |
|    loss                 | 0.00643    |
|    n_updates            | 810        |
|    policy_gradient_loss | -0.0274    |
|    std                  | 0.711      |
|    value_loss           | 0.00219    |
----------------------------------------
-----------------------------------------
| rollout/                |             |
|    ep_len_mean          | 36.8        |
|    ep_rew_mean          | -14         |
| time/                   |             |
|    fps                  | 60          |
|    iterations           | 83          |
|    time_elapsed         | 2804        |
|    total_timesteps      | 169984      |
| train/                  |             |
|    approx_kl            | 0.020499432 |
|    clip_fraction        | 0.215       |
|    clip_range           | 0.2         |
|    entropy_loss         | -7.52       |
|    explained_variance   | 0.599       |
|    learning_rate        | 0.0003      |
|    loss                 | -0.0072     |
|    n_updates            | 820         |
|    policy_gradient_loss | -0.0265     |
|    std                  | 0.713       |
|    value_loss           | 0.00252     |
-----------------------------------------
-----------------------------------------
| rollout/                |             |
|    ep_len_mean          | 38.7        |
|    ep_rew_mean          | -13.6       |
| time/                   |             |
|    fps                  | 60          |
|    iterations           | 84          |
|    time_elapsed         | 2840        |
|    total_timesteps      | 172032      |
| train/                  |             |
|    approx_kl            | 0.016629754 |
|    clip_fraction        | 0.2         |
|    clip_range           | 0.2         |
|    entropy_loss         | -7.5        |
|    explained_variance   | 0.532       |
|    learning_rate        | 0.0003      |
|    loss                 | -0.0586     |
|    n_updates            | 830         |
|    policy_gradient_loss | -0.0304     |
|    std                  | 0.708       |
|    value_loss           | 0.00305     |
-----------------------------------------
-----------------------------------------
| rollout/                |             |
|    ep_len_mean          | 40.8        |
|    ep_rew_mean          | -12.7       |
| time/                   |             |
|    fps                  | 60          |
|    iterations           | 85          |
|    time_elapsed         | 2877        |
|    total_timesteps      | 174080      |
| train/                  |             |
|    approx_kl            | 0.019973654 |
|    clip_fraction        | 0.204       |
|    clip_range           | 0.2         |
|    entropy_loss         | -7.46       |
|    explained_variance   | 0.631       |
|    learning_rate        | 0.0003      |
|    loss                 | -0.0717     |
|    n_updates            | 840         |
|    policy_gradient_loss | -0.0308     |
|    std                  | 0.705       |
|    value_loss           | 0.00223     |
-----------------------------------------
----------------------------------------
| rollout/                |            |
|    ep_len_mean          | 37.2       |
|    ep_rew_mean          | -11.1      |
| time/                   |            |
|    fps                  | 60         |
|    iterations           | 86         |
|    time_elapsed         | 2914       |
|    total_timesteps      | 176128     |
| train/                  |            |
|    approx_kl            | 0.02407237 |
|    clip_fraction        | 0.253      |
|    clip_range           | 0.2        |
|    entropy_loss         | -7.44      |
|    explained_variance   | 0.605      |
|    learning_rate        | 0.0003     |
|    loss                 | -0.0448    |
|    n_updates            | 850        |
|    policy_gradient_loss | -0.0316    |
|    std                  | 0.704      |
|    value_loss           | 0.00257    |
----------------------------------------
-----------------------------------------
| rollout/                |             |
|    ep_len_mean          | 36.8        |
|    ep_rew_mean          | -11.1       |
| time/                   |             |
|    fps                  | 60          |
|    iterations           | 87          |
|    time_elapsed         | 2951        |
|    total_timesteps      | 178176      |
| train/                  |             |
|    approx_kl            | 0.015918415 |
|    clip_fraction        | 0.203       |
|    clip_range           | 0.2         |
|    entropy_loss         | -7.42       |
|    explained_variance   | 0.521       |
|    learning_rate        | 0.0003      |
|    loss                 | -0.022      |
|    n_updates            | 860         |
|    policy_gradient_loss | -0.0278     |
|    std                  | 0.701       |
|    value_loss           | 0.00287     |
-----------------------------------------
-----------------------------------------
| rollout/                |             |
|    ep_len_mean          | 34.5        |
|    ep_rew_mean          | -10.3       |
| time/                   |             |
|    fps                  | 60          |
|    iterations           | 88          |
|    time_elapsed         | 2988        |
|    total_timesteps      | 180224      |
| train/                  |             |
|    approx_kl            | 0.017019099 |
|    clip_fraction        | 0.203       |
|    clip_range           | 0.2         |
|    entropy_loss         | -7.41       |
|    explained_variance   | 0.553       |
|    learning_rate        | 0.0003      |
|    loss                 | -0.0358     |
|    n_updates            | 870         |
|    policy_gradient_loss | -0.0241     |
|    std                  | 0.701       |
|    value_loss           | 0.00269     |
-----------------------------------------
----------------------------------------
| rollout/                |            |
|    ep_len_mean          | 34.1       |
|    ep_rew_mean          | -9.28      |
| time/                   |            |
|    fps                  | 60         |
|    iterations           | 89         |
|    time_elapsed         | 3026       |
|    total_timesteps      | 182272     |
| train/                  |            |
|    approx_kl            | 0.01940468 |
|    clip_fraction        | 0.22       |
|    clip_range           | 0.2        |
|    entropy_loss         | -7.37      |
|    explained_variance   | 0.542      |
|    learning_rate        | 0.0003     |
|    loss                 | -0.0425    |
|    n_updates            | 880        |
|    policy_gradient_loss | -0.0306    |
|    std                  | 0.695      |
|    value_loss           | 0.00304    |
----------------------------------------
-----------------------------------------
| rollout/                |             |
|    ep_len_mean          | 37.7        |
|    ep_rew_mean          | -10.2       |
| time/                   |             |
|    fps                  | 60          |
|    iterations           | 90          |
|    time_elapsed         | 3063        |
|    total_timesteps      | 184320      |
| train/                  |             |
|    approx_kl            | 0.018447656 |
|    clip_fraction        | 0.229       |
|    clip_range           | 0.2         |
|    entropy_loss         | -7.32       |
|    explained_variance   | 0.519       |
|    learning_rate        | 0.0003      |
|    loss                 | -0.0323     |
|    n_updates            | 890         |
|    policy_gradient_loss | -0.0276     |
|    std                  | 0.69        |
|    value_loss           | 0.00302     |
-----------------------------------------
-----------------------------------------
| rollout/                |             |
|    ep_len_mean          | 40.2        |
|    ep_rew_mean          | -12.7       |
| time/                   |             |
|    fps                  | 60          |
|    iterations           | 91          |
|    time_elapsed         | 3099        |
|    total_timesteps      | 186368      |
| train/                  |             |
|    approx_kl            | 0.019171536 |
|    clip_fraction        | 0.237       |
|    clip_range           | 0.2         |
|    entropy_loss         | -7.29       |
|    explained_variance   | 0.586       |
|    learning_rate        | 0.0003      |
|    loss                 | -0.056      |
|    n_updates            | 900         |
|    policy_gradient_loss | -0.0314     |
|    std                  | 0.688       |
|    value_loss           | 0.00333     |
-----------------------------------------
-----------------------------------------
| rollout/                |             |
|    ep_len_mean          | 36.3        |
|    ep_rew_mean          | -10.9       |
| time/                   |             |
|    fps                  | 60          |
|    iterations           | 92          |
|    time_elapsed         | 3137        |
|    total_timesteps      | 188416      |
| train/                  |             |
|    approx_kl            | 0.021121092 |
|    clip_fraction        | 0.217       |
|    clip_range           | 0.2         |
|    entropy_loss         | -7.24       |
|    explained_variance   | 0.613       |
|    learning_rate        | 0.0003      |
|    loss                 | -0.049      |
|    n_updates            | 910         |
|    policy_gradient_loss | -0.0289     |
|    std                  | 0.681       |
|    value_loss           | 0.00339     |
-----------------------------------------
----------------------------------------
| rollout/                |            |
|    ep_len_mean          | 36.5       |
|    ep_rew_mean          | -10        |
| time/                   |            |
|    fps                  | 60         |
|    iterations           | 93         |
|    time_elapsed         | 3174       |
|    total_timesteps      | 190464     |
| train/                  |            |
|    approx_kl            | 0.01977323 |
|    clip_fraction        | 0.208      |
|    clip_range           | 0.2        |
|    entropy_loss         | -7.19      |
|    explained_variance   | 0.595      |
|    learning_rate        | 0.0003     |
|    loss                 | -0.0409    |
|    n_updates            | 920        |
|    policy_gradient_loss | -0.0259    |
|    std                  | 0.678      |
|    value_loss           | 0.00394    |
----------------------------------------
-----------------------------------------
| rollout/                |             |
|    ep_len_mean          | 39.5        |
|    ep_rew_mean          | -13.9       |
| time/                   |             |
|    fps                  | 59          |
|    iterations           | 94          |
|    time_elapsed         | 3210        |
|    total_timesteps      | 192512      |
| train/                  |             |
|    approx_kl            | 0.019405257 |
|    clip_fraction        | 0.227       |
|    clip_range           | 0.2         |
|    entropy_loss         | -7.12       |
|    explained_variance   | 0.658       |
|    learning_rate        | 0.0003      |
|    loss                 | -0.00791    |
|    n_updates            | 930         |
|    policy_gradient_loss | -0.0307     |
|    std                  | 0.671       |
|    value_loss           | 0.00229     |
-----------------------------------------
----------------------------------------
| rollout/                |            |
|    ep_len_mean          | 38.5       |
|    ep_rew_mean          | -12.3      |
| time/                   |            |
|    fps                  | 59         |
|    iterations           | 95         |
|    time_elapsed         | 3247       |
|    total_timesteps      | 194560     |
| train/                  |            |
|    approx_kl            | 0.01892712 |
|    clip_fraction        | 0.213      |
|    clip_range           | 0.2        |
|    entropy_loss         | -7.12      |
|    explained_variance   | 0.662      |
|    learning_rate        | 0.0003     |
|    loss                 | -0.0381    |
|    n_updates            | 940        |
|    policy_gradient_loss | -0.0279    |
|    std                  | 0.674      |
|    value_loss           | 0.00602    |
----------------------------------------
-----------------------------------------
| rollout/                |             |
|    ep_len_mean          | 39.2        |
|    ep_rew_mean          | -9.14       |
| time/                   |             |
|    fps                  | 59          |
|    iterations           | 96          |
|    time_elapsed         | 3284        |
|    total_timesteps      | 196608      |
| train/                  |             |
|    approx_kl            | 0.021119192 |
|    clip_fraction        | 0.239       |
|    clip_range           | 0.2         |
|    entropy_loss         | -7.12       |
|    explained_variance   | 0.527       |
|    learning_rate        | 0.0003      |
|    loss                 | -0.0699     |
|    n_updates            | 950         |
|    policy_gradient_loss | -0.029      |
|    std                  | 0.672       |
|    value_loss           | 0.00276     |
-----------------------------------------
-----------------------------------------
| rollout/                |             |
|    ep_len_mean          | 36.3        |
|    ep_rew_mean          | -7.98       |
| time/                   |             |
|    fps                  | 59          |
|    iterations           | 97          |
|    time_elapsed         | 3322        |
|    total_timesteps      | 198656      |
| train/                  |             |
|    approx_kl            | 0.017771628 |
|    clip_fraction        | 0.22        |
|    clip_range           | 0.2         |
|    entropy_loss         | -7.12       |
|    explained_variance   | 0.584       |
|    learning_rate        | 0.0003      |
|    loss                 | -0.0443     |
|    n_updates            | 960         |
|    policy_gradient_loss | -0.0285     |
|    std                  | 0.673       |
|    value_loss           | 0.00312     |
-----------------------------------------
-----------------------------------------
| rollout/                |             |
|    ep_len_mean          | 35.1        |
|    ep_rew_mean          | -10.6       |
| time/                   |             |
|    fps                  | 59          |
|    iterations           | 98          |
|    time_elapsed         | 3359        |
|    total_timesteps      | 200704      |
| train/                  |             |
|    approx_kl            | 0.021315223 |
|    clip_fraction        | 0.231       |
|    clip_range           | 0.2         |
|    entropy_loss         | -7.09       |
|    explained_variance   | 0.544       |
|    learning_rate        | 0.0003      |
|    loss                 | -8.23e-05   |
|    n_updates            | 970         |
|    policy_gradient_loss | -0.029      |
|    std                  | 0.668       |
|    value_loss           | 0.00281     |
-----------------------------------------
-----------------------------------------
| rollout/                |             |
|    ep_len_mean          | 32.3        |
|    ep_rew_mean          | -7.67       |
| time/                   |             |
|    fps                  | 59          |
|    iterations           | 99          |
|    time_elapsed         | 3397        |
|    total_timesteps      | 202752      |
| train/                  |             |
|    approx_kl            | 0.025415458 |
|    clip_fraction        | 0.244       |
|    clip_range           | 0.2         |
|    entropy_loss         | -7.06       |
|    explained_variance   | 0.859       |
|    learning_rate        | 0.0003      |
|    loss                 | -0.0328     |
|    n_updates            | 980         |
|    policy_gradient_loss | -0.0339     |
|    std                  | 0.666       |
|    value_loss           | 0.00435     |
-----------------------------------------
-----------------------------------------
| rollout/                |             |
|    ep_len_mean          | 32          |
|    ep_rew_mean          | -6.46       |
| time/                   |             |
|    fps                  | 59          |
|    iterations           | 100         |
|    time_elapsed         | 3434        |
|    total_timesteps      | 204800      |
| train/                  |             |
|    approx_kl            | 0.019425279 |
|    clip_fraction        | 0.231       |
|    clip_range           | 0.2         |
|    entropy_loss         | -7.01       |
|    explained_variance   | 0.608       |
|    learning_rate        | 0.0003      |
|    loss                 | -0.0509     |
|    n_updates            | 990         |
|    policy_gradient_loss | -0.0287     |
|    std                  | 0.66        |
|    value_loss           | 0.00242     |
-----------------------------------------
-----------------------------------------
| rollout/                |             |
|    ep_len_mean          | 36.4        |
|    ep_rew_mean          | -8.88       |
| time/                   |             |
|    fps                  | 59          |
|    iterations           | 101         |
|    time_elapsed         | 3471        |
|    total_timesteps      | 206848      |
| train/                  |             |
|    approx_kl            | 0.019019231 |
|    clip_fraction        | 0.232       |
|    clip_range           | 0.2         |
|    entropy_loss         | -6.98       |
|    explained_variance   | 0.587       |
|    learning_rate        | 0.0003      |
|    loss                 | -0.0396     |
|    n_updates            | 1000        |
|    policy_gradient_loss | -0.0255     |
|    std                  | 0.659       |
|    value_loss           | 0.0018      |
-----------------------------------------
----------------------------------------
| rollout/                |            |
|    ep_len_mean          | 35.2       |
|    ep_rew_mean          | -5.69      |
| time/                   |            |
|    fps                  | 59         |
|    iterations           | 102        |
|    time_elapsed         | 3508       |
|    total_timesteps      | 208896     |
| train/                  |            |
|    approx_kl            | 0.02089934 |
|    clip_fraction        | 0.204      |
|    clip_range           | 0.2        |
|    entropy_loss         | -6.97      |
|    explained_variance   | 0.912      |
|    learning_rate        | 0.0003     |
|    loss                 | -0.0512    |
|    n_updates            | 1010       |
|    policy_gradient_loss | -0.0268    |
|    std                  | 0.657      |
|    value_loss           | 0.00379    |
----------------------------------------
-----------------------------------------
| rollout/                |             |
|    ep_len_mean          | 34.6        |
|    ep_rew_mean          | -5.97       |
| time/                   |             |
|    fps                  | 59          |
|    iterations           | 103         |
|    time_elapsed         | 3545        |
|    total_timesteps      | 210944      |
| train/                  |             |
|    approx_kl            | 0.017812075 |
|    clip_fraction        | 0.225       |
|    clip_range           | 0.2         |
|    entropy_loss         | -6.96       |
|    explained_variance   | 0.578       |
|    learning_rate        | 0.0003      |
|    loss                 | -0.0635     |
|    n_updates            | 1020        |
|    policy_gradient_loss | -0.0264     |
|    std                  | 0.659       |
|    value_loss           | 0.00206     |
-----------------------------------------
-----------------------------------------
| rollout/                |             |
|    ep_len_mean          | 34.8        |
|    ep_rew_mean          | -6.22       |
| time/                   |             |
|    fps                  | 59          |
|    iterations           | 104         |
|    time_elapsed         | 3583        |
|    total_timesteps      | 212992      |
| train/                  |             |
|    approx_kl            | 0.021326944 |
|    clip_fraction        | 0.24        |
|    clip_range           | 0.2         |
|    entropy_loss         | -6.93       |
|    explained_variance   | 0.556       |
|    learning_rate        | 0.0003      |
|    loss                 | -0.0557     |
|    n_updates            | 1030        |
|    policy_gradient_loss | -0.0282     |
|    std                  | 0.652       |
|    value_loss           | 0.00202     |
-----------------------------------------
-----------------------------------------
| rollout/                |             |
|    ep_len_mean          | 33.3        |
|    ep_rew_mean          | -6.44       |
| time/                   |             |
|    fps                  | 59          |
|    iterations           | 105         |
|    time_elapsed         | 3620        |
|    total_timesteps      | 215040      |
| train/                  |             |
|    approx_kl            | 0.018935632 |
|    clip_fraction        | 0.23        |
|    clip_range           | 0.2         |
|    entropy_loss         | -6.88       |
|    explained_variance   | 0.468       |
|    learning_rate        | 0.0003      |
|    loss                 | -0.0468     |
|    n_updates            | 1040        |
|    policy_gradient_loss | -0.0298     |
|    std                  | 0.649       |
|    value_loss           | 0.00222     |
-----------------------------------------
-----------------------------------------
| rollout/                |             |
|    ep_len_mean          | 34.1        |
|    ep_rew_mean          | -6.45       |
| time/                   |             |
|    fps                  | 59          |
|    iterations           | 106         |
|    time_elapsed         | 3657        |
|    total_timesteps      | 217088      |
| train/                  |             |
|    approx_kl            | 0.018006936 |
|    clip_fraction        | 0.21        |
|    clip_range           | 0.2         |
|    entropy_loss         | -6.85       |
|    explained_variance   | 0.582       |
|    learning_rate        | 0.0003      |
|    loss                 | -0.0667     |
|    n_updates            | 1050        |
|    policy_gradient_loss | -0.0277     |
|    std                  | 0.646       |
|    value_loss           | 0.00184     |
-----------------------------------------
-----------------------------------------
| rollout/                |             |
|    ep_len_mean          | 31.7        |
|    ep_rew_mean          | -6.59       |
| time/                   |             |
|    fps                  | 59          |
|    iterations           | 107         |
|    time_elapsed         | 3695        |
|    total_timesteps      | 219136      |
| train/                  |             |
|    approx_kl            | 0.018390113 |
|    clip_fraction        | 0.226       |
|    clip_range           | 0.2         |
|    entropy_loss         | -6.82       |
|    explained_variance   | 0.589       |
|    learning_rate        | 0.0003      |
|    loss                 | -0.0412     |
|    n_updates            | 1060        |
|    policy_gradient_loss | -0.0253     |
|    std                  | 0.642       |
|    value_loss           | 0.00181     |
-----------------------------------------
-----------------------------------------
| rollout/                |             |
|    ep_len_mean          | 30.6        |
|    ep_rew_mean          | -6.93       |
| time/                   |             |
|    fps                  | 59          |
|    iterations           | 108         |
|    time_elapsed         | 3733        |
|    total_timesteps      | 221184      |
| train/                  |             |
|    approx_kl            | 0.018515158 |
|    clip_fraction        | 0.217       |
|    clip_range           | 0.2         |
|    entropy_loss         | -6.76       |
|    explained_variance   | 0.635       |
|    learning_rate        | 0.0003      |
|    loss                 | -0.0201     |
|    n_updates            | 1070        |
|    policy_gradient_loss | -0.0254     |
|    std                  | 0.637       |
|    value_loss           | 0.00204     |
-----------------------------------------
-----------------------------------------
| rollout/                |             |
|    ep_len_mean          | 32.5        |
|    ep_rew_mean          | -5.78       |
| time/                   |             |
|    fps                  | 59          |
|    iterations           | 109         |
|    time_elapsed         | 3771        |
|    total_timesteps      | 223232      |
| train/                  |             |
|    approx_kl            | 0.022858147 |
|    clip_fraction        | 0.247       |
|    clip_range           | 0.2         |
|    entropy_loss         | -6.71       |
|    explained_variance   | 0.582       |
|    learning_rate        | 0.0003      |
|    loss                 | -0.0503     |
|    n_updates            | 1080        |
|    policy_gradient_loss | -0.0267     |
|    std                  | 0.632       |
|    value_loss           | 0.00245     |
-----------------------------------------
-----------------------------------------
| rollout/                |             |
|    ep_len_mean          | 33.9        |
|    ep_rew_mean          | -4.46       |
| time/                   |             |
|    fps                  | 59          |
|    iterations           | 110         |
|    time_elapsed         | 3808        |
|    total_timesteps      | 225280      |
| train/                  |             |
|    approx_kl            | 0.020580191 |
|    clip_fraction        | 0.237       |
|    clip_range           | 0.2         |
|    entropy_loss         | -6.65       |
|    explained_variance   | 0.626       |
|    learning_rate        | 0.0003      |
|    loss                 | -0.0195     |
|    n_updates            | 1090        |
|    policy_gradient_loss | -0.0296     |
|    std                  | 0.627       |
|    value_loss           | 0.00178     |
-----------------------------------------
----------------------------------------
| rollout/                |            |
|    ep_len_mean          | 29.7       |
|    ep_rew_mean          | -4.49      |
| time/                   |            |
|    fps                  | 59         |
|    iterations           | 111        |
|    time_elapsed         | 3846       |
|    total_timesteps      | 227328     |
| train/                  |            |
|    approx_kl            | 0.02143294 |
|    clip_fraction        | 0.225      |
|    clip_range           | 0.2        |
|    entropy_loss         | -6.6       |
|    explained_variance   | 0.586      |
|    learning_rate        | 0.0003     |
|    loss                 | -0.0239    |
|    n_updates            | 1100       |
|    policy_gradient_loss | -0.0245    |
|    std                  | 0.623      |
|    value_loss           | 0.00194    |
----------------------------------------
-----------------------------------------
| rollout/                |             |
|    ep_len_mean          | 30.9        |
|    ep_rew_mean          | -6.22       |
| time/                   |             |
|    fps                  | 59          |
|    iterations           | 112         |
|    time_elapsed         | 3884        |
|    total_timesteps      | 229376      |
| train/                  |             |
|    approx_kl            | 0.019870903 |
|    clip_fraction        | 0.222       |
|    clip_range           | 0.2         |
|    entropy_loss         | -6.57       |
|    explained_variance   | 0.607       |
|    learning_rate        | 0.0003      |
|    loss                 | -0.0294     |
|    n_updates            | 1110        |
|    policy_gradient_loss | -0.0247     |
|    std                  | 0.621       |
|    value_loss           | 0.00226     |
-----------------------------------------
-----------------------------------------
| rollout/                |             |
|    ep_len_mean          | 29.6        |
|    ep_rew_mean          | -5.05       |
| time/                   |             |
|    fps                  | 58          |
|    iterations           | 113         |
|    time_elapsed         | 3922        |
|    total_timesteps      | 231424      |
| train/                  |             |
|    approx_kl            | 0.020348657 |
|    clip_fraction        | 0.209       |
|    clip_range           | 0.2         |
|    entropy_loss         | -6.52       |
|    explained_variance   | 0.539       |
|    learning_rate        | 0.0003      |
|    loss                 | -0.0182     |
|    n_updates            | 1120        |
|    policy_gradient_loss | -0.0244     |
|    std                  | 0.616       |
|    value_loss           | 0.00244     |
-----------------------------------------
-----------------------------------------
| rollout/                |             |
|    ep_len_mean          | 31.9        |
|    ep_rew_mean          | -5.1        |
| time/                   |             |
|    fps                  | 58          |
|    iterations           | 114         |
|    time_elapsed         | 3960        |
|    total_timesteps      | 233472      |
| train/                  |             |
|    approx_kl            | 0.022973437 |
|    clip_fraction        | 0.25        |
|    clip_range           | 0.2         |
|    entropy_loss         | -6.5        |
|    explained_variance   | 0.502       |
|    learning_rate        | 0.0003      |
|    loss                 | -0.0351     |
|    n_updates            | 1130        |
|    policy_gradient_loss | -0.0274     |
|    std                  | 0.616       |
|    value_loss           | 0.00235     |
-----------------------------------------
-----------------------------------------
| rollout/                |             |
|    ep_len_mean          | 30.9        |
|    ep_rew_mean          | -5.36       |
| time/                   |             |
|    fps                  | 58          |
|    iterations           | 115         |
|    time_elapsed         | 3998        |
|    total_timesteps      | 235520      |
| train/                  |             |
|    approx_kl            | 0.017706523 |
|    clip_fraction        | 0.22        |
|    clip_range           | 0.2         |
|    entropy_loss         | -6.5        |
|    explained_variance   | 0.522       |
|    learning_rate        | 0.0003      |
|    loss                 | -0.00922    |
|    n_updates            | 1140        |
|    policy_gradient_loss | -0.0243     |
|    std                  | 0.616       |
|    value_loss           | 0.0023      |
-----------------------------------------
-----------------------------------------
| rollout/                |             |
|    ep_len_mean          | 30.6        |
|    ep_rew_mean          | -5.08       |
| time/                   |             |
|    fps                  | 58          |
|    iterations           | 116         |
|    time_elapsed         | 4035        |
|    total_timesteps      | 237568      |
| train/                  |             |
|    approx_kl            | 0.019510742 |
|    clip_fraction        | 0.241       |
|    clip_range           | 0.2         |
|    entropy_loss         | -6.48       |
|    explained_variance   | 0.608       |
|    learning_rate        | 0.0003      |
|    loss                 | -0.0372     |
|    n_updates            | 1150        |
|    policy_gradient_loss | -0.0273     |
|    std                  | 0.613       |
|    value_loss           | 0.00188     |
-----------------------------------------
----------------------------------------
| rollout/                |            |
|    ep_len_mean          | 30.7       |
|    ep_rew_mean          | -2.8       |
| time/                   |            |
|    fps                  | 58         |
|    iterations           | 117        |
|    time_elapsed         | 4073       |
|    total_timesteps      | 239616     |
| train/                  |            |
|    approx_kl            | 0.01859903 |
|    clip_fraction        | 0.245      |
|    clip_range           | 0.2        |
|    entropy_loss         | -6.45      |
|    explained_variance   | 0.557      |
|    learning_rate        | 0.0003     |
|    loss                 | -0.0308    |
|    n_updates            | 1160       |
|    policy_gradient_loss | -0.0301    |
|    std                  | 0.61       |
|    value_loss           | 0.00198    |
----------------------------------------
-----------------------------------------
| rollout/                |             |
|    ep_len_mean          | 29.9        |
|    ep_rew_mean          | -3.36       |
| time/                   |             |
|    fps                  | 58          |
|    iterations           | 118         |
|    time_elapsed         | 4111        |
|    total_timesteps      | 241664      |
| train/                  |             |
|    approx_kl            | 0.019163258 |
|    clip_fraction        | 0.255       |
|    clip_range           | 0.2         |
|    entropy_loss         | -6.4        |
|    explained_variance   | 0.592       |
|    learning_rate        | 0.0003      |
|    loss                 | -0.027      |
|    n_updates            | 1170        |
|    policy_gradient_loss | -0.0268     |
|    std                  | 0.605       |
|    value_loss           | 0.00125     |
-----------------------------------------
-----------------------------------------
| rollout/                |             |
|    ep_len_mean          | 30.1        |
|    ep_rew_mean          | -3.93       |
| time/                   |             |
|    fps                  | 58          |
|    iterations           | 119         |
|    time_elapsed         | 4149        |
|    total_timesteps      | 243712      |
| train/                  |             |
|    approx_kl            | 0.022552505 |
|    clip_fraction        | 0.229       |
|    clip_range           | 0.2         |
|    entropy_loss         | -6.37       |
|    explained_variance   | 0.547       |
|    learning_rate        | 0.0003      |
|    loss                 | -0.042      |
|    n_updates            | 1180        |
|    policy_gradient_loss | -0.0245     |
|    std                  | 0.603       |
|    value_loss           | 0.00201     |
-----------------------------------------
-----------------------------------------
| rollout/                |             |
|    ep_len_mean          | 28.4        |
|    ep_rew_mean          | -4.36       |
| time/                   |             |
|    fps                  | 58          |
|    iterations           | 120         |
|    time_elapsed         | 4188        |
|    total_timesteps      | 245760      |
| train/                  |             |
|    approx_kl            | 0.021984898 |
|    clip_fraction        | 0.245       |
|    clip_range           | 0.2         |
|    entropy_loss         | -6.36       |
|    explained_variance   | 0.545       |
|    learning_rate        | 0.0003      |
|    loss                 | -0.0363     |
|    n_updates            | 1190        |
|    policy_gradient_loss | -0.0285     |
|    std                  | 0.604       |
|    value_loss           | 0.00198     |
-----------------------------------------
-----------------------------------------
| rollout/                |             |
|    ep_len_mean          | 28.8        |
|    ep_rew_mean          | -7.95       |
| time/                   |             |
|    fps                  | 58          |
|    iterations           | 121         |
|    time_elapsed         | 4226        |
|    total_timesteps      | 247808      |
| train/                  |             |
|    approx_kl            | 0.023854781 |
|    clip_fraction        | 0.265       |
|    clip_range           | 0.2         |
|    entropy_loss         | -6.33       |
|    explained_variance   | 0.52        |
|    learning_rate        | 0.0003      |
|    loss                 | -0.0374     |
|    n_updates            | 1200        |
|    policy_gradient_loss | -0.0264     |
|    std                  | 0.598       |
|    value_loss           | 0.00234     |
-----------------------------------------
-----------------------------------------
| rollout/                |             |
|    ep_len_mean          | 29          |
|    ep_rew_mean          | -4.92       |
| time/                   |             |
|    fps                  | 58          |
|    iterations           | 122         |
|    time_elapsed         | 4264        |
|    total_timesteps      | 249856      |
| train/                  |             |
|    approx_kl            | 0.021743078 |
|    clip_fraction        | 0.24        |
|    clip_range           | 0.2         |
|    entropy_loss         | -6.27       |
|    explained_variance   | 0.731       |
|    learning_rate        | 0.0003      |
|    loss                 | -0.0506     |
|    n_updates            | 1210        |
|    policy_gradient_loss | -0.0336     |
|    std                  | 0.594       |
|    value_loss           | 0.00342     |
-----------------------------------------
-----------------------------------------
| rollout/                |             |
|    ep_len_mean          | 26.9        |
|    ep_rew_mean          | -2.77       |
| time/                   |             |
|    fps                  | 58          |
|    iterations           | 123         |
|    time_elapsed         | 4303        |
|    total_timesteps      | 251904      |
| train/                  |             |
|    approx_kl            | 0.023083473 |
|    clip_fraction        | 0.251       |
|    clip_range           | 0.2         |
|    entropy_loss         | -6.22       |
|    explained_variance   | 0.649       |
|    learning_rate        | 0.0003      |
|    loss                 | -0.052      |
|    n_updates            | 1220        |
|    policy_gradient_loss | -0.0303     |
|    std                  | 0.589       |
|    value_loss           | 0.00201     |
-----------------------------------------
-----------------------------------------
| rollout/                |             |
|    ep_len_mean          | 27.5        |
|    ep_rew_mean          | -3.87       |
| time/                   |             |
|    fps                  | 58          |
|    iterations           | 124         |
|    time_elapsed         | 4340        |
|    total_timesteps      | 253952      |
| train/                  |             |
|    approx_kl            | 0.020790342 |
|    clip_fraction        | 0.237       |
|    clip_range           | 0.2         |
|    entropy_loss         | -6.19       |
|    explained_variance   | 0.475       |
|    learning_rate        | 0.0003      |
|    loss                 | -0.0314     |
|    n_updates            | 1230        |
|    policy_gradient_loss | -0.024      |
|    std                  | 0.589       |
|    value_loss           | 0.00193     |
-----------------------------------------
-----------------------------------------
| rollout/                |             |
|    ep_len_mean          | 30.2        |
|    ep_rew_mean          | -4.34       |
| time/                   |             |
|    fps                  | 58          |
|    iterations           | 125         |
|    time_elapsed         | 4379        |
|    total_timesteps      | 256000      |
| train/                  |             |
|    approx_kl            | 0.024101662 |
|    clip_fraction        | 0.257       |
|    clip_range           | 0.2         |
|    entropy_loss         | -6.17       |
|    explained_variance   | 0.513       |
|    learning_rate        | 0.0003      |
|    loss                 | -0.0413     |
|    n_updates            | 1240        |
|    policy_gradient_loss | -0.0311     |
|    std                  | 0.587       |
|    value_loss           | 0.00198     |
-----------------------------------------
-----------------------------------------
| rollout/                |             |
|    ep_len_mean          | 31.1        |
|    ep_rew_mean          | -4.74       |
| time/                   |             |
|    fps                  | 58          |
|    iterations           | 126         |
|    time_elapsed         | 4416        |
|    total_timesteps      | 258048      |
| train/                  |             |
|    approx_kl            | 0.020433426 |
|    clip_fraction        | 0.262       |
|    clip_range           | 0.2         |
|    entropy_loss         | -6.13       |
|    explained_variance   | 0.515       |
|    learning_rate        | 0.0003      |
|    loss                 | -0.0392     |
|    n_updates            | 1250        |
|    policy_gradient_loss | -0.031      |
|    std                  | 0.583       |
|    value_loss           | 0.00211     |
-----------------------------------------
----------------------------------------
| rollout/                |            |
|    ep_len_mean          | 29.7       |
|    ep_rew_mean          | -3.03      |
| time/                   |            |
|    fps                  | 58         |
|    iterations           | 127        |
|    time_elapsed         | 4454       |
|    total_timesteps      | 260096     |
| train/                  |            |
|    approx_kl            | 0.02167156 |
|    clip_fraction        | 0.277      |
|    clip_range           | 0.2        |
|    entropy_loss         | -6.08      |
|    explained_variance   | 0.58       |
|    learning_rate        | 0.0003     |
|    loss                 | -0.0326    |
|    n_updates            | 1260       |
|    policy_gradient_loss | -0.0306    |
|    std                  | 0.578      |
|    value_loss           | 0.0023     |
----------------------------------------
----------------------------------------
| rollout/                |            |
|    ep_len_mean          | 29.2       |
|    ep_rew_mean          | -2.31      |
| time/                   |            |
|    fps                  | 58         |
|    iterations           | 128        |
|    time_elapsed         | 4492       |
|    total_timesteps      | 262144     |
| train/                  |            |
|    approx_kl            | 0.02047648 |
|    clip_fraction        | 0.23       |
|    clip_range           | 0.2        |
|    entropy_loss         | -6.04      |
|    explained_variance   | 0.561      |
|    learning_rate        | 0.0003     |
|    loss                 | -0.0366    |
|    n_updates            | 1270       |
|    policy_gradient_loss | -0.0233    |
|    std                  | 0.576      |
|    value_loss           | 0.00141    |
----------------------------------------
-----------------------------------------
| rollout/                |             |
|    ep_len_mean          | 28.4        |
|    ep_rew_mean          | -1.77       |
| time/                   |             |
|    fps                  | 58          |
|    iterations           | 129         |
|    time_elapsed         | 4531        |
|    total_timesteps      | 264192      |
| train/                  |             |
|    approx_kl            | 0.020709937 |
|    clip_fraction        | 0.251       |
|    clip_range           | 0.2         |
|    entropy_loss         | -6          |
|    explained_variance   | 0.556       |
|    learning_rate        | 0.0003      |
|    loss                 | -0.0296     |
|    n_updates            | 1280        |
|    policy_gradient_loss | -0.0285     |
|    std                  | 0.573       |
|    value_loss           | 0.00166     |
-----------------------------------------
----------------------------------------
| rollout/                |            |
|    ep_len_mean          | 28.5       |
|    ep_rew_mean          | -2.04      |
| time/                   |            |
|    fps                  | 58         |
|    iterations           | 130        |
|    time_elapsed         | 4570       |
|    total_timesteps      | 266240     |
| train/                  |            |
|    approx_kl            | 0.01973642 |
|    clip_fraction        | 0.241      |
|    clip_range           | 0.2        |
|    entropy_loss         | -5.96      |
|    explained_variance   | 0.514      |
|    learning_rate        | 0.0003     |
|    loss                 | -0.027     |
|    n_updates            | 1290       |
|    policy_gradient_loss | -0.0268    |
|    std                  | 0.569      |
|    value_loss           | 0.00148    |
----------------------------------------
-----------------------------------------
| rollout/                |             |
|    ep_len_mean          | 30.8        |
|    ep_rew_mean          | -3.55       |
| time/                   |             |
|    fps                  | 58          |
|    iterations           | 131         |
|    time_elapsed         | 4608        |
|    total_timesteps      | 268288      |
| train/                  |             |
|    approx_kl            | 0.024679232 |
|    clip_fraction        | 0.274       |
|    clip_range           | 0.2         |
|    entropy_loss         | -5.93       |
|    explained_variance   | 0.571       |
|    learning_rate        | 0.0003      |
|    loss                 | -0.0358     |
|    n_updates            | 1300        |
|    policy_gradient_loss | -0.0314     |
|    std                  | 0.567       |
|    value_loss           | 0.00134     |
-----------------------------------------
-----------------------------------------
| rollout/                |             |
|    ep_len_mean          | 29.2        |
|    ep_rew_mean          | -2.33       |
| time/                   |             |
|    fps                  | 58          |
|    iterations           | 132         |
|    time_elapsed         | 4646        |
|    total_timesteps      | 270336      |
| train/                  |             |
|    approx_kl            | 0.024196377 |
|    clip_fraction        | 0.261       |
|    clip_range           | 0.2         |
|    entropy_loss         | -5.9        |
|    explained_variance   | 0.585       |
|    learning_rate        | 0.0003      |
|    loss                 | -0.0549     |
|    n_updates            | 1310        |
|    policy_gradient_loss | -0.0324     |
|    std                  | 0.565       |
|    value_loss           | 0.00191     |
-----------------------------------------
-----------------------------------------
| rollout/                |             |
|    ep_len_mean          | 29.1        |
|    ep_rew_mean          | -1.58       |
| time/                   |             |
|    fps                  | 58          |
|    iterations           | 133         |
|    time_elapsed         | 4685        |
|    total_timesteps      | 272384      |
| train/                  |             |
|    approx_kl            | 0.021720622 |
|    clip_fraction        | 0.261       |
|    clip_range           | 0.2         |
|    entropy_loss         | -5.86       |
|    explained_variance   | 0.565       |
|    learning_rate        | 0.0003      |
|    loss                 | -0.0388     |
|    n_updates            | 1320        |
|    policy_gradient_loss | -0.0315     |
|    std                  | 0.561       |
|    value_loss           | 0.00152     |
-----------------------------------------
-----------------------------------------
| rollout/                |             |
|    ep_len_mean          | 30.2        |
|    ep_rew_mean          | -2.07       |
| time/                   |             |
|    fps                  | 58          |
|    iterations           | 134         |
|    time_elapsed         | 4723        |
|    total_timesteps      | 274432      |
| train/                  |             |
|    approx_kl            | 0.022463333 |
|    clip_fraction        | 0.274       |
|    clip_range           | 0.2         |
|    entropy_loss         | -5.82       |
|    explained_variance   | 0.547       |
|    learning_rate        | 0.0003      |
|    loss                 | 0.00702     |
|    n_updates            | 1330        |
|    policy_gradient_loss | -0.0284     |
|    std                  | 0.559       |
|    value_loss           | 0.00145     |
-----------------------------------------
-----------------------------------------
| rollout/                |             |
|    ep_len_mean          | 30.4        |
|    ep_rew_mean          | -2.54       |
| time/                   |             |
|    fps                  | 58          |
|    iterations           | 135         |
|    time_elapsed         | 4761        |
|    total_timesteps      | 276480      |
| train/                  |             |
|    approx_kl            | 0.025249587 |
|    clip_fraction        | 0.266       |
|    clip_range           | 0.2         |
|    entropy_loss         | -5.78       |
|    explained_variance   | 0.613       |
|    learning_rate        | 0.0003      |
|    loss                 | -0.0487     |
|    n_updates            | 1340        |
|    policy_gradient_loss | -0.0322     |
|    std                  | 0.554       |
|    value_loss           | 0.00103     |
-----------------------------------------
----------------------------------------
| rollout/                |            |
|    ep_len_mean          | 29.9       |
|    ep_rew_mean          | -1.93      |
| time/                   |            |
|    fps                  | 58         |
|    iterations           | 136        |
|    time_elapsed         | 4795       |
|    total_timesteps      | 278528     |
| train/                  |            |
|    approx_kl            | 0.02076768 |
|    clip_fraction        | 0.249      |
|    clip_range           | 0.2        |
|    entropy_loss         | -5.73      |
|    explained_variance   | 0.616      |
|    learning_rate        | 0.0003     |
|    loss                 | -0.0475    |
|    n_updates            | 1350       |
|    policy_gradient_loss | -0.0323    |
|    std                  | 0.551      |
|    value_loss           | 0.00195    |
----------------------------------------
----------------------------------------
| rollout/                |            |
|    ep_len_mean          | 28.2       |
|    ep_rew_mean          | -0.536     |
| time/                   |            |
|    fps                  | 58         |
|    iterations           | 137        |
|    time_elapsed         | 4829       |
|    total_timesteps      | 280576     |
| train/                  |            |
|    approx_kl            | 0.02700813 |
|    clip_fraction        | 0.26       |
|    clip_range           | 0.2        |
|    entropy_loss         | -5.68      |
|    explained_variance   | 0.5        |
|    learning_rate        | 0.0003     |
|    loss                 | -0.0457    |
|    n_updates            | 1360       |
|    policy_gradient_loss | -0.0323    |
|    std                  | 0.548      |
|    value_loss           | 0.00145    |
----------------------------------------
----------------------------------------
| rollout/                |            |
|    ep_len_mean          | 27.8       |
|    ep_rew_mean          | -1.39      |
| time/                   |            |
|    fps                  | 58         |
|    iterations           | 138        |
|    time_elapsed         | 4863       |
|    total_timesteps      | 282624     |
| train/                  |            |
|    approx_kl            | 0.02284465 |
|    clip_fraction        | 0.249      |
|    clip_range           | 0.2        |
|    entropy_loss         | -5.66      |
|    explained_variance   | 0.587      |
|    learning_rate        | 0.0003     |
|    loss                 | -0.0156    |
|    n_updates            | 1370       |
|    policy_gradient_loss | -0.0288    |
|    std                  | 0.546      |
|    value_loss           | 0.00119    |
----------------------------------------
-----------------------------------------
| rollout/                |             |
|    ep_len_mean          | 27.8        |
|    ep_rew_mean          | -1.85       |
| time/                   |             |
|    fps                  | 58          |
|    iterations           | 139         |
|    time_elapsed         | 4897        |
|    total_timesteps      | 284672      |
| train/                  |             |
|    approx_kl            | 0.023444856 |
|    clip_fraction        | 0.27        |
|    clip_range           | 0.2         |
|    entropy_loss         | -5.62       |
|    explained_variance   | 0.536       |
|    learning_rate        | 0.0003      |
|    loss                 | -0.0279     |
|    n_updates            | 1380        |
|    policy_gradient_loss | -0.0295     |
|    std                  | 0.544       |
|    value_loss           | 0.00149     |
-----------------------------------------
-----------------------------------------
| rollout/                |             |
|    ep_len_mean          | 29.9        |
|    ep_rew_mean          | -2.59       |
| time/                   |             |
|    fps                  | 58          |
|    iterations           | 140         |
|    time_elapsed         | 4931        |
|    total_timesteps      | 286720      |
| train/                  |             |
|    approx_kl            | 0.020851042 |
|    clip_fraction        | 0.25        |
|    clip_range           | 0.2         |
|    entropy_loss         | -5.61       |
|    explained_variance   | 0.541       |
|    learning_rate        | 0.0003      |
|    loss                 | -0.0381     |
|    n_updates            | 1390        |
|    policy_gradient_loss | -0.0258     |
|    std                  | 0.545       |
|    value_loss           | 0.00155     |
-----------------------------------------
-----------------------------------------
| rollout/                |             |
|    ep_len_mean          | 30          |
|    ep_rew_mean          | -1.65       |
| time/                   |             |
|    fps                  | 58          |
|    iterations           | 141         |
|    time_elapsed         | 4965        |
|    total_timesteps      | 288768      |
| train/                  |             |
|    approx_kl            | 0.025133785 |
|    clip_fraction        | 0.293       |
|    clip_range           | 0.2         |
|    entropy_loss         | -5.61       |
|    explained_variance   | 0.67        |
|    learning_rate        | 0.0003      |
|    loss                 | -0.0648     |
|    n_updates            | 1400        |
|    policy_gradient_loss | -0.0311     |
|    std                  | 0.543       |
|    value_loss           | 0.00232     |
-----------------------------------------
----------------------------------------
| rollout/                |            |
|    ep_len_mean          | 30.1       |
|    ep_rew_mean          | -1.57      |
| time/                   |            |
|    fps                  | 58         |
|    iterations           | 142        |
|    time_elapsed         | 4998       |
|    total_timesteps      | 290816     |
| train/                  |            |
|    approx_kl            | 0.02726145 |
|    clip_fraction        | 0.277      |
|    clip_range           | 0.2        |
|    entropy_loss         | -5.61      |
|    explained_variance   | 0.516      |
|    learning_rate        | 0.0003     |
|    loss                 | -0.046     |
|    n_updates            | 1410       |
|    policy_gradient_loss | -0.03      |
|    std                  | 0.544      |
|    value_loss           | 0.0015     |
----------------------------------------
-----------------------------------------
| rollout/                |             |
|    ep_len_mean          | 29.3        |
|    ep_rew_mean          | -1.67       |
| time/                   |             |
|    fps                  | 58          |
|    iterations           | 143         |
|    time_elapsed         | 5032        |
|    total_timesteps      | 292864      |
| train/                  |             |
|    approx_kl            | 0.023095839 |
|    clip_fraction        | 0.267       |
|    clip_range           | 0.2         |
|    entropy_loss         | -5.59       |
|    explained_variance   | 0.607       |
|    learning_rate        | 0.0003      |
|    loss                 | -0.0236     |
|    n_updates            | 1420        |
|    policy_gradient_loss | -0.0308     |
|    std                  | 0.541       |
|    value_loss           | 0.00151     |
-----------------------------------------
-----------------------------------------
| rollout/                |             |
|    ep_len_mean          | 29.8        |
|    ep_rew_mean          | -1.43       |
| time/                   |             |
|    fps                  | 58          |
|    iterations           | 144         |
|    time_elapsed         | 5066        |
|    total_timesteps      | 294912      |
| train/                  |             |
|    approx_kl            | 0.024306858 |
|    clip_fraction        | 0.261       |
|    clip_range           | 0.2         |
|    entropy_loss         | -5.58       |
|    explained_variance   | 0.518       |
|    learning_rate        | 0.0003      |
|    loss                 | -0.0594     |
|    n_updates            | 1430        |
|    policy_gradient_loss | -0.0273     |
|    std                  | 0.54        |
|    value_loss           | 0.00136     |
-----------------------------------------
-----------------------------------------
| rollout/                |             |
|    ep_len_mean          | 28.9        |
|    ep_rew_mean          | -1.16       |
| time/                   |             |
|    fps                  | 58          |
|    iterations           | 145         |
|    time_elapsed         | 5100        |
|    total_timesteps      | 296960      |
| train/                  |             |
|    approx_kl            | 0.021991838 |
|    clip_fraction        | 0.275       |
|    clip_range           | 0.2         |
|    entropy_loss         | -5.55       |
|    explained_variance   | 0.491       |
|    learning_rate        | 0.0003      |
|    loss                 | -0.00333    |
|    n_updates            | 1440        |
|    policy_gradient_loss | -0.0303     |
|    std                  | 0.538       |
|    value_loss           | 0.00147     |
-----------------------------------------
-----------------------------------------
| rollout/                |             |
|    ep_len_mean          | 28.4        |
|    ep_rew_mean          | -0.427      |
| time/                   |             |
|    fps                  | 58          |
|    iterations           | 146         |
|    time_elapsed         | 5134        |
|    total_timesteps      | 299008      |
| train/                  |             |
|    approx_kl            | 0.027284484 |
|    clip_fraction        | 0.303       |
|    clip_range           | 0.2         |
|    entropy_loss         | -5.52       |
|    explained_variance   | 0.565       |
|    learning_rate        | 0.0003      |
|    loss                 | -0.0347     |
|    n_updates            | 1450        |
|    policy_gradient_loss | -0.0339     |
|    std                  | 0.536       |
|    value_loss           | 0.00136     |
-----------------------------------------
-----------------------------------------
| rollout/                |             |
|    ep_len_mean          | 30.3        |
|    ep_rew_mean          | -1.08       |
| time/                   |             |
|    fps                  | 58          |
|    iterations           | 147         |
|    time_elapsed         | 5167        |
|    total_timesteps      | 301056      |
| train/                  |             |
|    approx_kl            | 0.023442497 |
|    clip_fraction        | 0.264       |
|    clip_range           | 0.2         |
|    entropy_loss         | -5.49       |
|    explained_variance   | 0.537       |
|    learning_rate        | 0.0003      |
|    loss                 | -0.0381     |
|    n_updates            | 1460        |
|    policy_gradient_loss | -0.0287     |
|    std                  | 0.534       |
|    value_loss           | 0.00156     |
-----------------------------------------
-----------------------------------------
| rollout/                |             |
|    ep_len_mean          | 28.3        |
|    ep_rew_mean          | 0.253       |
| time/                   |             |
|    fps                  | 58          |
|    iterations           | 148         |
|    time_elapsed         | 5201        |
|    total_timesteps      | 303104      |
| train/                  |             |
|    approx_kl            | 0.024417982 |
|    clip_fraction        | 0.288       |
|    clip_range           | 0.2         |
|    entropy_loss         | -5.46       |
|    explained_variance   | 0.552       |
|    learning_rate        | 0.0003      |
|    loss                 | -0.0541     |
|    n_updates            | 1470        |
|    policy_gradient_loss | -0.0292     |
|    std                  | 0.532       |
|    value_loss           | 0.00115     |
-----------------------------------------
-----------------------------------------
| rollout/                |             |
|    ep_len_mean          | 27.8        |
|    ep_rew_mean          | -0.54       |
| time/                   |             |
|    fps                  | 58          |
|    iterations           | 149         |
|    time_elapsed         | 5236        |
|    total_timesteps      | 305152      |
| train/                  |             |
|    approx_kl            | 0.025474366 |
|    clip_fraction        | 0.273       |
|    clip_range           | 0.2         |
|    entropy_loss         | -5.42       |
|    explained_variance   | 0.571       |
|    learning_rate        | 0.0003      |
|    loss                 | -0.0425     |
|    n_updates            | 1480        |
|    policy_gradient_loss | -0.0327     |
|    std                  | 0.527       |
|    value_loss           | 0.00145     |
-----------------------------------------
-----------------------------------------
| rollout/                |             |
|    ep_len_mean          | 27.6        |
|    ep_rew_mean          | -0.787      |
| time/                   |             |
|    fps                  | 58          |
|    iterations           | 150         |
|    time_elapsed         | 5270        |
|    total_timesteps      | 307200      |
| train/                  |             |
|    approx_kl            | 0.025856595 |
|    clip_fraction        | 0.269       |
|    clip_range           | 0.2         |
|    entropy_loss         | -5.38       |
|    explained_variance   | 0.477       |
|    learning_rate        | 0.0003      |
|    loss                 | -0.0455     |
|    n_updates            | 1490        |
|    policy_gradient_loss | -0.0326     |
|    std                  | 0.526       |
|    value_loss           | 0.00186     |
-----------------------------------------
-----------------------------------------
| rollout/                |             |
|    ep_len_mean          | 29.3        |
|    ep_rew_mean          | -0.916      |
| time/                   |             |
|    fps                  | 58          |
|    iterations           | 151         |
|    time_elapsed         | 5304        |
|    total_timesteps      | 309248      |
| train/                  |             |
|    approx_kl            | 0.022987064 |
|    clip_fraction        | 0.27        |
|    clip_range           | 0.2         |
|    entropy_loss         | -5.38       |
|    explained_variance   | 0.59        |
|    learning_rate        | 0.0003      |
|    loss                 | -0.0241     |
|    n_updates            | 1500        |
|    policy_gradient_loss | -0.0296     |
|    std                  | 0.526       |
|    value_loss           | 0.00114     |
-----------------------------------------
-----------------------------------------
| rollout/                |             |
|    ep_len_mean          | 28.3        |
|    ep_rew_mean          | -0.62       |
| time/                   |             |
|    fps                  | 58          |
|    iterations           | 152         |
|    time_elapsed         | 5338        |
|    total_timesteps      | 311296      |
| train/                  |             |
|    approx_kl            | 0.027985098 |
|    clip_fraction        | 0.307       |
|    clip_range           | 0.2         |
|    entropy_loss         | -5.37       |
|    explained_variance   | 0.512       |
|    learning_rate        | 0.0003      |
|    loss                 | -0.0541     |
|    n_updates            | 1510        |
|    policy_gradient_loss | -0.0329     |
|    std                  | 0.525       |
|    value_loss           | 0.00156     |
-----------------------------------------
-----------------------------------------
| rollout/                |             |
|    ep_len_mean          | 28.4        |
|    ep_rew_mean          | -1.02       |
| time/                   |             |
|    fps                  | 58          |
|    iterations           | 153         |
|    time_elapsed         | 5372        |
|    total_timesteps      | 313344      |
| train/                  |             |
|    approx_kl            | 0.024782397 |
|    clip_fraction        | 0.284       |
|    clip_range           | 0.2         |
|    entropy_loss         | -5.35       |
|    explained_variance   | 0.496       |
|    learning_rate        | 0.0003      |
|    loss                 | -0.0294     |
|    n_updates            | 1520        |
|    policy_gradient_loss | -0.0299     |
|    std                  | 0.523       |
|    value_loss           | 0.00169     |
-----------------------------------------
-----------------------------------------
| rollout/                |             |
|    ep_len_mean          | 27.6        |
|    ep_rew_mean          | 0.161       |
| time/                   |             |
|    fps                  | 58          |
|    iterations           | 154         |
|    time_elapsed         | 5406        |
|    total_timesteps      | 315392      |
| train/                  |             |
|    approx_kl            | 0.025883699 |
|    clip_fraction        | 0.274       |
|    clip_range           | 0.2         |
|    entropy_loss         | -5.31       |
|    explained_variance   | 0.536       |
|    learning_rate        | 0.0003      |
|    loss                 | -0.0512     |
|    n_updates            | 1530        |
|    policy_gradient_loss | -0.0296     |
|    std                  | 0.521       |
|    value_loss           | 0.00141     |
-----------------------------------------
-----------------------------------------
| rollout/                |             |
|    ep_len_mean          | 28.6        |
|    ep_rew_mean          | -0.361      |
| time/                   |             |
|    fps                  | 58          |
|    iterations           | 155         |
|    time_elapsed         | 5440        |
|    total_timesteps      | 317440      |
| train/                  |             |
|    approx_kl            | 0.022746623 |
|    clip_fraction        | 0.285       |
|    clip_range           | 0.2         |
|    entropy_loss         | -5.28       |
|    explained_variance   | 0.553       |
|    learning_rate        | 0.0003      |
|    loss                 | -0.0352     |
|    n_updates            | 1540        |
|    policy_gradient_loss | -0.0284     |
|    std                  | 0.518       |
|    value_loss           | 0.00123     |
-----------------------------------------
-----------------------------------------
| rollout/                |             |
|    ep_len_mean          | 29.6        |
|    ep_rew_mean          | -0.3        |
| time/                   |             |
|    fps                  | 58          |
|    iterations           | 156         |
|    time_elapsed         | 5474        |
|    total_timesteps      | 319488      |
| train/                  |             |
|    approx_kl            | 0.021914791 |
|    clip_fraction        | 0.288       |
|    clip_range           | 0.2         |
|    entropy_loss         | -5.27       |
|    explained_variance   | 0.547       |
|    learning_rate        | 0.0003      |
|    loss                 | -0.0369     |
|    n_updates            | 1550        |
|    policy_gradient_loss | -0.0273     |
|    std                  | 0.52        |
|    value_loss           | 0.00148     |
-----------------------------------------
-----------------------------------------
| rollout/                |             |
|    ep_len_mean          | 30.2        |
|    ep_rew_mean          | -0.658      |
| time/                   |             |
|    fps                  | 58          |
|    iterations           | 157         |
|    time_elapsed         | 5508        |
|    total_timesteps      | 321536      |
| train/                  |             |
|    approx_kl            | 0.024546798 |
|    clip_fraction        | 0.285       |
|    clip_range           | 0.2         |
|    entropy_loss         | -5.28       |
|    explained_variance   | 0.576       |
|    learning_rate        | 0.0003      |
|    loss                 | -0.0147     |
|    n_updates            | 1560        |
|    policy_gradient_loss | -0.0291     |
|    std                  | 0.52        |
|    value_loss           | 0.00131     |
-----------------------------------------
----------------------------------------
| rollout/                |            |
|    ep_len_mean          | 31.3       |
|    ep_rew_mean          | -0.619     |
| time/                   |            |
|    fps                  | 58         |
|    iterations           | 158        |
|    time_elapsed         | 5541       |
|    total_timesteps      | 323584     |
| train/                  |            |
|    approx_kl            | 0.02578298 |
|    clip_fraction        | 0.284      |
|    clip_range           | 0.2        |
|    entropy_loss         | -5.29      |
|    explained_variance   | 0.575      |
|    learning_rate        | 0.0003     |
|    loss                 | -0.0377    |
|    n_updates            | 1570       |
|    policy_gradient_loss | -0.0327    |
|    std                  | 0.522      |
|    value_loss           | 0.00175    |
----------------------------------------
----------------------------------------
| rollout/                |            |
|    ep_len_mean          | 29.7       |
|    ep_rew_mean          | -0.595     |
| time/                   |            |
|    fps                  | 58         |
|    iterations           | 159        |
|    time_elapsed         | 5575       |
|    total_timesteps      | 325632     |
| train/                  |            |
|    approx_kl            | 0.02499824 |
|    clip_fraction        | 0.28       |
|    clip_range           | 0.2        |
|    entropy_loss         | -5.28      |
|    explained_variance   | 0.504      |
|    learning_rate        | 0.0003     |
|    loss                 | -0.0424    |
|    n_updates            | 1580       |
|    policy_gradient_loss | -0.03      |
|    std                  | 0.519      |
|    value_loss           | 0.00182    |
----------------------------------------
-----------------------------------------
| rollout/                |             |
|    ep_len_mean          | 29.4        |
|    ep_rew_mean          | -0.401      |
| time/                   |             |
|    fps                  | 58          |
|    iterations           | 160         |
|    time_elapsed         | 5609        |
|    total_timesteps      | 327680      |
| train/                  |             |
|    approx_kl            | 0.027495172 |
|    clip_fraction        | 0.292       |
|    clip_range           | 0.2         |
|    entropy_loss         | -5.25       |
|    explained_variance   | 0.471       |
|    learning_rate        | 0.0003      |
|    loss                 | -0.0551     |
|    n_updates            | 1590        |
|    policy_gradient_loss | -0.0293     |
|    std                  | 0.519       |
|    value_loss           | 0.00196     |
-----------------------------------------
-----------------------------------------
| rollout/                |             |
|    ep_len_mean          | 29.6        |
|    ep_rew_mean          | -0.858      |
| time/                   |             |
|    fps                  | 58          |
|    iterations           | 161         |
|    time_elapsed         | 5643        |
|    total_timesteps      | 329728      |
| train/                  |             |
|    approx_kl            | 0.023871427 |
|    clip_fraction        | 0.257       |
|    clip_range           | 0.2         |
|    entropy_loss         | -5.24       |
|    explained_variance   | 0.535       |
|    learning_rate        | 0.0003      |
|    loss                 | -0.0144     |
|    n_updates            | 1600        |
|    policy_gradient_loss | -0.0284     |
|    std                  | 0.517       |
|    value_loss           | 0.0016      |
-----------------------------------------
-----------------------------------------
| rollout/                |             |
|    ep_len_mean          | 31.1        |
|    ep_rew_mean          | -2.67       |
| time/                   |             |
|    fps                  | 58          |
|    iterations           | 162         |
|    time_elapsed         | 5677        |
|    total_timesteps      | 331776      |
| train/                  |             |
|    approx_kl            | 0.023327775 |
|    clip_fraction        | 0.264       |
|    clip_range           | 0.2         |
|    entropy_loss         | -5.2        |
|    explained_variance   | 0.534       |
|    learning_rate        | 0.0003      |
|    loss                 | -0.0298     |
|    n_updates            | 1610        |
|    policy_gradient_loss | -0.0317     |
|    std                  | 0.514       |
|    value_loss           | 0.00159     |
-----------------------------------------
-----------------------------------------
| rollout/                |             |
|    ep_len_mean          | 28.3        |
|    ep_rew_mean          | 0.154       |
| time/                   |             |
|    fps                  | 58          |
|    iterations           | 163         |
|    time_elapsed         | 5711        |
|    total_timesteps      | 333824      |
| train/                  |             |
|    approx_kl            | 0.027454676 |
|    clip_fraction        | 0.272       |
|    clip_range           | 0.2         |
|    entropy_loss         | -5.14       |
|    explained_variance   | 0.845       |
|    learning_rate        | 0.0003      |
|    loss                 | -0.0453     |
|    n_updates            | 1620        |
|    policy_gradient_loss | -0.0285     |
|    std                  | 0.509       |
|    value_loss           | 0.00304     |
-----------------------------------------
-----------------------------------------
| rollout/                |             |
|    ep_len_mean          | 29          |
|    ep_rew_mean          | -0.336      |
| time/                   |             |
|    fps                  | 58          |
|    iterations           | 164         |
|    time_elapsed         | 5745        |
|    total_timesteps      | 335872      |
| train/                  |             |
|    approx_kl            | 0.026718713 |
|    clip_fraction        | 0.306       |
|    clip_range           | 0.2         |
|    entropy_loss         | -5.08       |
|    explained_variance   | 0.456       |
|    learning_rate        | 0.0003      |
|    loss                 | -0.0431     |
|    n_updates            | 1630        |
|    policy_gradient_loss | -0.0297     |
|    std                  | 0.504       |
|    value_loss           | 0.00151     |
-----------------------------------------
-----------------------------------------
| rollout/                |             |
|    ep_len_mean          | 29.6        |
|    ep_rew_mean          | -0.781      |
| time/                   |             |
|    fps                  | 58          |
|    iterations           | 165         |
|    time_elapsed         | 5779        |
|    total_timesteps      | 337920      |
| train/                  |             |
|    approx_kl            | 0.026487723 |
|    clip_fraction        | 0.293       |
|    clip_range           | 0.2         |
|    entropy_loss         | -5.01       |
|    explained_variance   | 0.498       |
|    learning_rate        | 0.0003      |
|    loss                 | -0.0679     |
|    n_updates            | 1640        |
|    policy_gradient_loss | -0.0294     |
|    std                  | 0.5         |
|    value_loss           | 0.00182     |
-----------------------------------------
-----------------------------------------
| rollout/                |             |
|    ep_len_mean          | 29.1        |
|    ep_rew_mean          | 0.00654     |
| time/                   |             |
|    fps                  | 58          |
|    iterations           | 166         |
|    time_elapsed         | 5813        |
|    total_timesteps      | 339968      |
| train/                  |             |
|    approx_kl            | 0.029231323 |
|    clip_fraction        | 0.313       |
|    clip_range           | 0.2         |
|    entropy_loss         | -5          |
|    explained_variance   | 0.524       |
|    learning_rate        | 0.0003      |
|    loss                 | -0.0402     |
|    n_updates            | 1650        |
|    policy_gradient_loss | -0.0314     |
|    std                  | 0.501       |
|    value_loss           | 0.00168     |
-----------------------------------------
----------------------------------------
| rollout/                |            |
|    ep_len_mean          | 29.2       |
|    ep_rew_mean          | -0.454     |
| time/                   |            |
|    fps                  | 58         |
|    iterations           | 167        |
|    time_elapsed         | 5847       |
|    total_timesteps      | 342016     |
| train/                  |            |
|    approx_kl            | 0.02454431 |
|    clip_fraction        | 0.296      |
|    clip_range           | 0.2        |
|    entropy_loss         | -5.01      |
|    explained_variance   | 0.534      |
|    learning_rate        | 0.0003     |
|    loss                 | -0.0347    |
|    n_updates            | 1660       |
|    policy_gradient_loss | -0.0322    |
|    std                  | 0.502      |
|    value_loss           | 0.00137    |
----------------------------------------
-----------------------------------------
| rollout/                |             |
|    ep_len_mean          | 29.1        |
|    ep_rew_mean          | -1.15       |
| time/                   |             |
|    fps                  | 58          |
|    iterations           | 168         |
|    time_elapsed         | 5881        |
|    total_timesteps      | 344064      |
| train/                  |             |
|    approx_kl            | 0.025345445 |
|    clip_fraction        | 0.284       |
|    clip_range           | 0.2         |
|    entropy_loss         | -5          |
|    explained_variance   | 0.484       |
|    learning_rate        | 0.0003      |
|    loss                 | -0.0572     |
|    n_updates            | 1670        |
|    policy_gradient_loss | -0.0302     |
|    std                  | 0.5         |
|    value_loss           | 0.00209     |
-----------------------------------------
-----------------------------------------
| rollout/                |             |
|    ep_len_mean          | 27.3        |
|    ep_rew_mean          | 0.377       |
| time/                   |             |
|    fps                  | 58          |
|    iterations           | 169         |
|    time_elapsed         | 5916        |
|    total_timesteps      | 346112      |
| train/                  |             |
|    approx_kl            | 0.028175572 |
|    clip_fraction        | 0.302       |
|    clip_range           | 0.2         |
|    entropy_loss         | -4.95       |
|    explained_variance   | 0.606       |
|    learning_rate        | 0.0003      |
|    loss                 | -0.0578     |
|    n_updates            | 1680        |
|    policy_gradient_loss | -0.0352     |
|    std                  | 0.495       |
|    value_loss           | 0.00209     |
-----------------------------------------
----------------------------------------
| rollout/                |            |
|    ep_len_mean          | 27.1       |
|    ep_rew_mean          | -0.00844   |
| time/                   |            |
|    fps                  | 58         |
|    iterations           | 170        |
|    time_elapsed         | 5950       |
|    total_timesteps      | 348160     |
| train/                  |            |
|    approx_kl            | 0.02608743 |
|    clip_fraction        | 0.288      |
|    clip_range           | 0.2        |
|    entropy_loss         | -4.9       |
|    explained_variance   | 0.399      |
|    learning_rate        | 0.0003     |
|    loss                 | -0.0331    |
|    n_updates            | 1690       |
|    policy_gradient_loss | -0.0284    |
|    std                  | 0.491      |
|    value_loss           | 0.00159    |
----------------------------------------
-----------------------------------------
| rollout/                |             |
|    ep_len_mean          | 29.3        |
|    ep_rew_mean          | -0.674      |
| time/                   |             |
|    fps                  | 58          |
|    iterations           | 171         |
|    time_elapsed         | 5983        |
|    total_timesteps      | 350208      |
| train/                  |             |
|    approx_kl            | 0.028785557 |
|    clip_fraction        | 0.284       |
|    clip_range           | 0.2         |
|    entropy_loss         | -4.87       |
|    explained_variance   | 0.427       |
|    learning_rate        | 0.0003      |
|    loss                 | -0.038      |
|    n_updates            | 1700        |
|    policy_gradient_loss | -0.0276     |
|    std                  | 0.492       |
|    value_loss           | 0.00172     |
-----------------------------------------
-----------------------------------------
| rollout/                |             |
|    ep_len_mean          | 27.4        |
|    ep_rew_mean          | 0.538       |
| time/                   |             |
|    fps                  | 58          |
|    iterations           | 172         |
|    time_elapsed         | 6018        |
|    total_timesteps      | 352256      |
| train/                  |             |
|    approx_kl            | 0.027432913 |
|    clip_fraction        | 0.284       |
|    clip_range           | 0.2         |
|    entropy_loss         | -4.88       |
|    explained_variance   | 0.521       |
|    learning_rate        | 0.0003      |
|    loss                 | -0.0487     |
|    n_updates            | 1710        |
|    policy_gradient_loss | -0.0274     |
|    std                  | 0.492       |
|    value_loss           | 0.0014      |
-----------------------------------------
----------------------------------------
| rollout/                |            |
|    ep_len_mean          | 27.9       |
|    ep_rew_mean          | -0.0787    |
| time/                   |            |
|    fps                  | 58         |
|    iterations           | 173        |
|    time_elapsed         | 6052       |
|    total_timesteps      | 354304     |
| train/                  |            |
|    approx_kl            | 0.02691758 |
|    clip_fraction        | 0.29       |
|    clip_range           | 0.2        |
|    entropy_loss         | -4.88      |
|    explained_variance   | 0.605      |
|    learning_rate        | 0.0003     |
|    loss                 | -0.0309    |
|    n_updates            | 1720       |
|    policy_gradient_loss | -0.0317    |
|    std                  | 0.492      |
|    value_loss           | 0.00137    |
----------------------------------------
-----------------------------------------
| rollout/                |             |
|    ep_len_mean          | 27          |
|    ep_rew_mean          | 0.786       |
| time/                   |             |
|    fps                  | 58          |
|    iterations           | 174         |
|    time_elapsed         | 6086        |
|    total_timesteps      | 356352      |
| train/                  |             |
|    approx_kl            | 0.023478001 |
|    clip_fraction        | 0.272       |
|    clip_range           | 0.2         |
|    entropy_loss         | -4.84       |
|    explained_variance   | 0.558       |
|    learning_rate        | 0.0003      |
|    loss                 | -0.0366     |
|    n_updates            | 1730        |
|    policy_gradient_loss | -0.0303     |
|    std                  | 0.487       |
|    value_loss           | 0.00165     |
-----------------------------------------
-----------------------------------------
| rollout/                |             |
|    ep_len_mean          | 27.1        |
|    ep_rew_mean          | 0.897       |
| time/                   |             |
|    fps                  | 58          |
|    iterations           | 175         |
|    time_elapsed         | 6120        |
|    total_timesteps      | 358400      |
| train/                  |             |
|    approx_kl            | 0.029090215 |
|    clip_fraction        | 0.294       |
|    clip_range           | 0.2         |
|    entropy_loss         | -4.79       |
|    explained_variance   | 0.48        |
|    learning_rate        | 0.0003      |
|    loss                 | -0.034      |
|    n_updates            | 1740        |
|    policy_gradient_loss | -0.0322     |
|    std                  | 0.485       |
|    value_loss           | 0.00109     |
-----------------------------------------
-----------------------------------------
| rollout/                |             |
|    ep_len_mean          | 27.2        |
|    ep_rew_mean          | 0.506       |
| time/                   |             |
|    fps                  | 58          |
|    iterations           | 176         |
|    time_elapsed         | 6155        |
|    total_timesteps      | 360448      |
| train/                  |             |
|    approx_kl            | 0.023830896 |
|    clip_fraction        | 0.28        |
|    clip_range           | 0.2         |
|    entropy_loss         | -4.75       |
|    explained_variance   | 0.543       |
|    learning_rate        | 0.0003      |
|    loss                 | -0.056      |
|    n_updates            | 1750        |
|    policy_gradient_loss | -0.0357     |
|    std                  | 0.483       |
|    value_loss           | 0.00121     |
-----------------------------------------
-----------------------------------------
| rollout/                |             |
|    ep_len_mean          | 28.2        |
|    ep_rew_mean          | 0.346       |
| time/                   |             |
|    fps                  | 58          |
|    iterations           | 177         |
|    time_elapsed         | 6189        |
|    total_timesteps      | 362496      |
| train/                  |             |
|    approx_kl            | 0.029621497 |
|    clip_fraction        | 0.293       |
|    clip_range           | 0.2         |
|    entropy_loss         | -4.72       |
|    explained_variance   | 0.531       |
|    learning_rate        | 0.0003      |
|    loss                 | -0.0384     |
|    n_updates            | 1760        |
|    policy_gradient_loss | -0.0295     |
|    std                  | 0.481       |
|    value_loss           | 0.00124     |
-----------------------------------------
-----------------------------------------
| rollout/                |             |
|    ep_len_mean          | 25.4        |
|    ep_rew_mean          | 1.44        |
| time/                   |             |
|    fps                  | 58          |
|    iterations           | 178         |
|    time_elapsed         | 6224        |
|    total_timesteps      | 364544      |
| train/                  |             |
|    approx_kl            | 0.025944892 |
|    clip_fraction        | 0.297       |
|    clip_range           | 0.2         |
|    entropy_loss         | -4.69       |
|    explained_variance   | 0.535       |
|    learning_rate        | 0.0003      |
|    loss                 | -0.028      |
|    n_updates            | 1770        |
|    policy_gradient_loss | -0.031      |
|    std                  | 0.479       |
|    value_loss           | 0.00148     |
-----------------------------------------
-----------------------------------------
| rollout/                |             |
|    ep_len_mean          | 26.9        |
|    ep_rew_mean          | 0.638       |
| time/                   |             |
|    fps                  | 58          |
|    iterations           | 179         |
|    time_elapsed         | 6258        |
|    total_timesteps      | 366592      |
| train/                  |             |
|    approx_kl            | 0.025657091 |
|    clip_fraction        | 0.31        |
|    clip_range           | 0.2         |
|    entropy_loss         | -4.67       |
|    explained_variance   | 0.476       |
|    learning_rate        | 0.0003      |
|    loss                 | -0.045      |
|    n_updates            | 1780        |
|    policy_gradient_loss | -0.0304     |
|    std                  | 0.477       |
|    value_loss           | 0.00109     |
-----------------------------------------
-----------------------------------------
| rollout/                |             |
|    ep_len_mean          | 25.7        |
|    ep_rew_mean          | 1.07        |
| time/                   |             |
|    fps                  | 58          |
|    iterations           | 180         |
|    time_elapsed         | 6293        |
|    total_timesteps      | 368640      |
| train/                  |             |
|    approx_kl            | 0.030229907 |
|    clip_fraction        | 0.3         |
|    clip_range           | 0.2         |
|    entropy_loss         | -4.65       |
|    explained_variance   | 0.561       |
|    learning_rate        | 0.0003      |
|    loss                 | -0.0225     |
|    n_updates            | 1790        |
|    policy_gradient_loss | -0.0287     |
|    std                  | 0.476       |
|    value_loss           | 0.00127     |
-----------------------------------------
-----------------------------------------
| rollout/                |             |
|    ep_len_mean          | 26.6        |
|    ep_rew_mean          | 0.442       |
| time/                   |             |
|    fps                  | 58          |
|    iterations           | 181         |
|    time_elapsed         | 6327        |
|    total_timesteps      | 370688      |
| train/                  |             |
|    approx_kl            | 0.026237901 |
|    clip_fraction        | 0.268       |
|    clip_range           | 0.2         |
|    entropy_loss         | -4.62       |
|    explained_variance   | 0.545       |
|    learning_rate        | 0.0003      |
|    loss                 | -0.0657     |
|    n_updates            | 1800        |
|    policy_gradient_loss | -0.0307     |
|    std                  | 0.472       |
|    value_loss           | 0.000856    |
-----------------------------------------
----------------------------------------
| rollout/                |            |
|    ep_len_mean          | 27.6       |
|    ep_rew_mean          | 0.909      |
| time/                   |            |
|    fps                  | 58         |
|    iterations           | 182        |
|    time_elapsed         | 6361       |
|    total_timesteps      | 372736     |
| train/                  |            |
|    approx_kl            | 0.02359527 |
|    clip_fraction        | 0.302      |
|    clip_range           | 0.2        |
|    entropy_loss         | -4.6       |
|    explained_variance   | 0.517      |
|    learning_rate        | 0.0003     |
|    loss                 | -0.0499    |
|    n_updates            | 1810       |
|    policy_gradient_loss | -0.0319    |
|    std                  | 0.473      |
|    value_loss           | 0.00131    |
----------------------------------------
-----------------------------------------
| rollout/                |             |
|    ep_len_mean          | 27          |
|    ep_rew_mean          | 1.34        |
| time/                   |             |
|    fps                  | 58          |
|    iterations           | 183         |
|    time_elapsed         | 6395        |
|    total_timesteps      | 374784      |
| train/                  |             |
|    approx_kl            | 0.026370525 |
|    clip_fraction        | 0.299       |
|    clip_range           | 0.2         |
|    entropy_loss         | -4.59       |
|    explained_variance   | 0.595       |
|    learning_rate        | 0.0003      |
|    loss                 | -0.0542     |
|    n_updates            | 1820        |
|    policy_gradient_loss | -0.0298     |
|    std                  | 0.471       |
|    value_loss           | 0.00105     |
-----------------------------------------
-----------------------------------------
| rollout/                |             |
|    ep_len_mean          | 27.2        |
|    ep_rew_mean          | 0.985       |
| time/                   |             |
|    fps                  | 58          |
|    iterations           | 184         |
|    time_elapsed         | 6430        |
|    total_timesteps      | 376832      |
| train/                  |             |
|    approx_kl            | 0.026695112 |
|    clip_fraction        | 0.311       |
|    clip_range           | 0.2         |
|    entropy_loss         | -4.54       |
|    explained_variance   | 0.556       |
|    learning_rate        | 0.0003      |
|    loss                 | -0.0365     |
|    n_updates            | 1830        |
|    policy_gradient_loss | -0.031      |
|    std                  | 0.468       |
|    value_loss           | 0.00122     |
-----------------------------------------
-----------------------------------------
| rollout/                |             |
|    ep_len_mean          | 30.4        |
|    ep_rew_mean          | -0.417      |
| time/                   |             |
|    fps                  | 58          |
|    iterations           | 185         |
|    time_elapsed         | 6463        |
|    total_timesteps      | 378880      |
| train/                  |             |
|    approx_kl            | 0.028189573 |
|    clip_fraction        | 0.3         |
|    clip_range           | 0.2         |
|    entropy_loss         | -4.53       |
|    explained_variance   | 0.554       |
|    learning_rate        | 0.0003      |
|    loss                 | -0.0604     |
|    n_updates            | 1840        |
|    policy_gradient_loss | -0.0275     |
|    std                  | 0.468       |
|    value_loss           | 0.001       |
-----------------------------------------
-----------------------------------------
| rollout/                |             |
|    ep_len_mean          | 31.1        |
|    ep_rew_mean          | -0.268      |
| time/                   |             |
|    fps                  | 58          |
|    iterations           | 186         |
|    time_elapsed         | 6497        |
|    total_timesteps      | 380928      |
| train/                  |             |
|    approx_kl            | 0.027104795 |
|    clip_fraction        | 0.297       |
|    clip_range           | 0.2         |
|    entropy_loss         | -4.53       |
|    explained_variance   | 0.585       |
|    learning_rate        | 0.0003      |
|    loss                 | -0.0625     |
|    n_updates            | 1850        |
|    policy_gradient_loss | -0.0336     |
|    std                  | 0.467       |
|    value_loss           | 0.00161     |
-----------------------------------------
-----------------------------------------
| rollout/                |             |
|    ep_len_mean          | 29          |
|    ep_rew_mean          | -0.141      |
| time/                   |             |
|    fps                  | 58          |
|    iterations           | 187         |
|    time_elapsed         | 6531        |
|    total_timesteps      | 382976      |
| train/                  |             |
|    approx_kl            | 0.028088503 |
|    clip_fraction        | 0.313       |
|    clip_range           | 0.2         |
|    entropy_loss         | -4.52       |
|    explained_variance   | 0.565       |
|    learning_rate        | 0.0003      |
|    loss                 | -0.0577     |
|    n_updates            | 1860        |
|    policy_gradient_loss | -0.032      |
|    std                  | 0.467       |
|    value_loss           | 0.00126     |
-----------------------------------------
-----------------------------------------
| rollout/                |             |
|    ep_len_mean          | 26.1        |
|    ep_rew_mean          | 0.248       |
| time/                   |             |
|    fps                  | 58          |
|    iterations           | 188         |
|    time_elapsed         | 6565        |
|    total_timesteps      | 385024      |
| train/                  |             |
|    approx_kl            | 0.027784491 |
|    clip_fraction        | 0.316       |
|    clip_range           | 0.2         |
|    entropy_loss         | -4.53       |
|    explained_variance   | 0.502       |
|    learning_rate        | 0.0003      |
|    loss                 | -0.0648     |
|    n_updates            | 1870        |
|    policy_gradient_loss | -0.033      |
|    std                  | 0.468       |
|    value_loss           | 0.00207     |
-----------------------------------------
-----------------------------------------
| rollout/                |             |
|    ep_len_mean          | 27.8        |
|    ep_rew_mean          | -0.058      |
| time/                   |             |
|    fps                  | 58          |
|    iterations           | 189         |
|    time_elapsed         | 6599        |
|    total_timesteps      | 387072      |
| train/                  |             |
|    approx_kl            | 0.029902162 |
|    clip_fraction        | 0.318       |
|    clip_range           | 0.2         |
|    entropy_loss         | -4.52       |
|    explained_variance   | 0.476       |
|    learning_rate        | 0.0003      |
|    loss                 | -0.0342     |
|    n_updates            | 1880        |
|    policy_gradient_loss | -0.0311     |
|    std                  | 0.466       |
|    value_loss           | 0.00216     |
-----------------------------------------
-----------------------------------------
| rollout/                |             |
|    ep_len_mean          | 26.8        |
|    ep_rew_mean          | 0.277       |
| time/                   |             |
|    fps                  | 58          |
|    iterations           | 190         |
|    time_elapsed         | 6634        |
|    total_timesteps      | 389120      |
| train/                  |             |
|    approx_kl            | 0.027474966 |
|    clip_fraction        | 0.306       |
|    clip_range           | 0.2         |
|    entropy_loss         | -4.5        |
|    explained_variance   | 0.495       |
|    learning_rate        | 0.0003      |
|    loss                 | -0.0436     |
|    n_updates            | 1890        |
|    policy_gradient_loss | -0.0276     |
|    std                  | 0.465       |
|    value_loss           | 0.0017      |
-----------------------------------------
-----------------------------------------
| rollout/                |             |
|    ep_len_mean          | 27.2        |
|    ep_rew_mean          | 0.755       |
| time/                   |             |
|    fps                  | 58          |
|    iterations           | 191         |
|    time_elapsed         | 6668        |
|    total_timesteps      | 391168      |
| train/                  |             |
|    approx_kl            | 0.029114949 |
|    clip_fraction        | 0.307       |
|    clip_range           | 0.2         |
|    entropy_loss         | -4.48       |
|    explained_variance   | 0.483       |
|    learning_rate        | 0.0003      |
|    loss                 | -0.0435     |
|    n_updates            | 1900        |
|    policy_gradient_loss | -0.0286     |
|    std                  | 0.464       |
|    value_loss           | 0.00171     |
-----------------------------------------
-----------------------------------------
| rollout/                |             |
|    ep_len_mean          | 26.6        |
|    ep_rew_mean          | 1.1         |
| time/                   |             |
|    fps                  | 58          |
|    iterations           | 192         |
|    time_elapsed         | 6703        |
|    total_timesteps      | 393216      |
| train/                  |             |
|    approx_kl            | 0.030786043 |
|    clip_fraction        | 0.329       |
|    clip_range           | 0.2         |
|    entropy_loss         | -4.45       |
|    explained_variance   | 0.51        |
|    learning_rate        | 0.0003      |
|    loss                 | -0.00124    |
|    n_updates            | 1910        |
|    policy_gradient_loss | -0.0338     |
|    std                  | 0.461       |
|    value_loss           | 0.00195     |
-----------------------------------------
----------------------------------------
| rollout/                |            |
|    ep_len_mean          | 26.7       |
|    ep_rew_mean          | 1.03       |
| time/                   |            |
|    fps                  | 58         |
|    iterations           | 193        |
|    time_elapsed         | 6737       |
|    total_timesteps      | 395264     |
| train/                  |            |
|    approx_kl            | 0.02482048 |
|    clip_fraction        | 0.294      |
|    clip_range           | 0.2        |
|    entropy_loss         | -4.39      |
|    explained_variance   | 0.46       |
|    learning_rate        | 0.0003     |
|    loss                 | -0.0671    |
|    n_updates            | 1920       |
|    policy_gradient_loss | -0.0318    |
|    std                  | 0.457      |
|    value_loss           | 0.00123    |
----------------------------------------
-----------------------------------------
| rollout/                |             |
|    ep_len_mean          | 27.6        |
|    ep_rew_mean          | 0.715       |
| time/                   |             |
|    fps                  | 58          |
|    iterations           | 194         |
|    time_elapsed         | 6769        |
|    total_timesteps      | 397312      |
| train/                  |             |
|    approx_kl            | 0.027821055 |
|    clip_fraction        | 0.301       |
|    clip_range           | 0.2         |
|    entropy_loss         | -4.35       |
|    explained_variance   | 0.598       |
|    learning_rate        | 0.0003      |
|    loss                 | -0.0592     |
|    n_updates            | 1930        |
|    policy_gradient_loss | -0.0316     |
|    std                  | 0.456       |
|    value_loss           | 0.00123     |
-----------------------------------------
-----------------------------------------
| rollout/                |             |
|    ep_len_mean          | 24.8        |
|    ep_rew_mean          | 1.92        |
| time/                   |             |
|    fps                  | 58          |
|    iterations           | 195         |
|    time_elapsed         | 6800        |
|    total_timesteps      | 399360      |
| train/                  |             |
|    approx_kl            | 0.025039801 |
|    clip_fraction        | 0.3         |
|    clip_range           | 0.2         |
|    entropy_loss         | -4.34       |
|    explained_variance   | 0.513       |
|    learning_rate        | 0.0003      |
|    loss                 | -0.0546     |
|    n_updates            | 1940        |
|    policy_gradient_loss | -0.0307     |
|    std                  | 0.456       |
|    value_loss           | 0.00136     |
-----------------------------------------
----------------------------------------
| rollout/                |            |
|    ep_len_mean          | 25.7       |
|    ep_rew_mean          | 1.15       |
| time/                   |            |
|    fps                  | 58         |
|    iterations           | 196        |
|    time_elapsed         | 6830       |
|    total_timesteps      | 401408     |
| train/                  |            |
|    approx_kl            | 0.02792816 |
|    clip_fraction        | 0.299      |
|    clip_range           | 0.2        |
|    entropy_loss         | -4.34      |
|    explained_variance   | 0.544      |
|    learning_rate        | 0.0003     |
|    loss                 | -0.035     |
|    n_updates            | 1950       |
|    policy_gradient_loss | -0.0283    |
|    std                  | 0.456      |
|    value_loss           | 0.000845   |
----------------------------------------
saved models/C2_lam0.5_seed2.zip and models/C2_lam0.5_seed2_vecnormalize.pkl
