=== training C2_lam5_seed2 for 400000 steps ===
    port 5242
--------------------------------------------------------------
[threshold consistency]
  success distance      = 0.030 m
  force at success      = 5.00 N
  comfort / danger      = 6.0 N / 10.0 N
  >>> OK: the success point lies inside the safe band.
--------------------------------------------------------------
Waiting for connections on port: 5243...
Connected successfully
Using cpu device
---------------------------------
| rollout/           |          |
|    ep_len_mean     | 200      |
|    ep_rew_mean     | -918     |
| time/              |          |
|    fps             | 68       |
|    iterations      | 1        |
|    time_elapsed    | 29       |
|    total_timesteps | 2048     |
---------------------------------
-----------------------------------------
| rollout/                |             |
|    ep_len_mean          | 200         |
|    ep_rew_mean          | -1.09e+03   |
| time/                   |             |
|    fps                  | 68          |
|    iterations           | 2           |
|    time_elapsed         | 59          |
|    total_timesteps      | 4096        |
| train/                  |             |
|    approx_kl            | 0.015249795 |
|    clip_fraction        | 0.136       |
|    clip_range           | 0.2         |
|    entropy_loss         | -9.93       |
|    explained_variance   | 0.329       |
|    learning_rate        | 0.0003      |
|    loss                 | -0.0306     |
|    n_updates            | 10          |
|    policy_gradient_loss | -0.0255     |
|    std                  | 0.999       |
|    value_loss           | 0.524       |
-----------------------------------------
-----------------------------------------
| rollout/                |             |
|    ep_len_mean          | 200         |
|    ep_rew_mean          | -1.09e+03   |
| time/                   |             |
|    fps                  | 68          |
|    iterations           | 3           |
|    time_elapsed         | 89          |
|    total_timesteps      | 6144        |
| train/                  |             |
|    approx_kl            | 0.015565844 |
|    clip_fraction        | 0.169       |
|    clip_range           | 0.2         |
|    entropy_loss         | -9.92       |
|    explained_variance   | 0.754       |
|    learning_rate        | 0.0003      |
|    loss                 | -0.0138     |
|    n_updates            | 20          |
|    policy_gradient_loss | -0.0283     |
|    std                  | 0.996       |
|    value_loss           | 0.0645      |
-----------------------------------------
----------------------------------------
| rollout/                |            |
|    ep_len_mean          | 200        |
|    ep_rew_mean          | -1.08e+03  |
| time/                   |            |
|    fps                  | 68         |
|    iterations           | 4          |
|    time_elapsed         | 119        |
|    total_timesteps      | 8192       |
| train/                  |            |
|    approx_kl            | 0.01914129 |
|    clip_fraction        | 0.226      |
|    clip_range           | 0.2        |
|    entropy_loss         | -9.88      |
|    explained_variance   | 0.497      |
|    learning_rate        | 0.0003     |
|    loss                 | -0.0455    |
|    n_updates            | 30         |
|    policy_gradient_loss | -0.0342    |
|    std                  | 0.99       |
|    value_loss           | 0.0441     |
----------------------------------------
-----------------------------------------
| rollout/                |             |
|    ep_len_mean          | 200         |
|    ep_rew_mean          | -1.02e+03   |
| time/                   |             |
|    fps                  | 68          |
|    iterations           | 5           |
|    time_elapsed         | 149         |
|    total_timesteps      | 10240       |
| train/                  |             |
|    approx_kl            | 0.015161719 |
|    clip_fraction        | 0.172       |
|    clip_range           | 0.2         |
|    entropy_loss         | -9.85       |
|    explained_variance   | 0.68        |
|    learning_rate        | 0.0003      |
|    loss                 | -0.0505     |
|    n_updates            | 40          |
|    policy_gradient_loss | -0.0283     |
|    std                  | 0.987       |
|    value_loss           | 0.0229      |
-----------------------------------------
-----------------------------------------
| rollout/                |             |
|    ep_len_mean          | 200         |
|    ep_rew_mean          | -964        |
| time/                   |             |
|    fps                  | 68          |
|    iterations           | 6           |
|    time_elapsed         | 179         |
|    total_timesteps      | 12288       |
| train/                  |             |
|    approx_kl            | 0.019747514 |
|    clip_fraction        | 0.202       |
|    clip_range           | 0.2         |
|    entropy_loss         | -9.82       |
|    explained_variance   | 0.191       |
|    learning_rate        | 0.0003      |
|    loss                 | -0.0437     |
|    n_updates            | 50          |
|    policy_gradient_loss | -0.034      |
|    std                  | 0.983       |
|    value_loss           | 0.0216      |
-----------------------------------------
-----------------------------------------
| rollout/                |             |
|    ep_len_mean          | 200         |
|    ep_rew_mean          | -915        |
| time/                   |             |
|    fps                  | 68          |
|    iterations           | 7           |
|    time_elapsed         | 209         |
|    total_timesteps      | 14336       |
| train/                  |             |
|    approx_kl            | 0.019685699 |
|    clip_fraction        | 0.229       |
|    clip_range           | 0.2         |
|    entropy_loss         | -9.8        |
|    explained_variance   | 0.523       |
|    learning_rate        | 0.0003      |
|    loss                 | -0.0376     |
|    n_updates            | 60          |
|    policy_gradient_loss | -0.0349     |
|    std                  | 0.979       |
|    value_loss           | 0.0164      |
-----------------------------------------
-----------------------------------------
| rollout/                |             |
|    ep_len_mean          | 200         |
|    ep_rew_mean          | -855        |
| time/                   |             |
|    fps                  | 68          |
|    iterations           | 8           |
|    time_elapsed         | 240         |
|    total_timesteps      | 16384       |
| train/                  |             |
|    approx_kl            | 0.015699869 |
|    clip_fraction        | 0.18        |
|    clip_range           | 0.2         |
|    entropy_loss         | -9.78       |
|    explained_variance   | 0.488       |
|    learning_rate        | 0.0003      |
|    loss                 | -0.0591     |
|    n_updates            | 70          |
|    policy_gradient_loss | -0.0303     |
|    std                  | 0.978       |
|    value_loss           | 0.0127      |
-----------------------------------------
-----------------------------------------
| rollout/                |             |
|    ep_len_mean          | 200         |
|    ep_rew_mean          | -805        |
| time/                   |             |
|    fps                  | 68          |
|    iterations           | 9           |
|    time_elapsed         | 270         |
|    total_timesteps      | 18432       |
| train/                  |             |
|    approx_kl            | 0.017521996 |
|    clip_fraction        | 0.204       |
|    clip_range           | 0.2         |
|    entropy_loss         | -9.75       |
|    explained_variance   | 0.728       |
|    learning_rate        | 0.0003      |
|    loss                 | -0.0573     |
|    n_updates            | 80          |
|    policy_gradient_loss | -0.0351     |
|    std                  | 0.973       |
|    value_loss           | 0.00886     |
-----------------------------------------
-----------------------------------------
| rollout/                |             |
|    ep_len_mean          | 200         |
|    ep_rew_mean          | -760        |
| time/                   |             |
|    fps                  | 68          |
|    iterations           | 10          |
|    time_elapsed         | 300         |
|    total_timesteps      | 20480       |
| train/                  |             |
|    approx_kl            | 0.017729037 |
|    clip_fraction        | 0.202       |
|    clip_range           | 0.2         |
|    entropy_loss         | -9.76       |
|    explained_variance   | 0.125       |
|    learning_rate        | 0.0003      |
|    loss                 | -0.0735     |
|    n_updates            | 90          |
|    policy_gradient_loss | -0.0314     |
|    std                  | 0.977       |
|    value_loss           | 0.00745     |
-----------------------------------------
----------------------------------------
| rollout/                |            |
|    ep_len_mean          | 200        |
|    ep_rew_mean          | -700       |
| time/                   |            |
|    fps                  | 68         |
|    iterations           | 11         |
|    time_elapsed         | 330        |
|    total_timesteps      | 22528      |
| train/                  |            |
|    approx_kl            | 0.01573538 |
|    clip_fraction        | 0.173      |
|    clip_range           | 0.2        |
|    entropy_loss         | -9.75      |
|    explained_variance   | -0.00372   |
|    learning_rate        | 0.0003     |
|    loss                 | -0.0161    |
|    n_updates            | 100        |
|    policy_gradient_loss | -0.0267    |
|    std                  | 0.973      |
|    value_loss           | 0.0049     |
----------------------------------------
-----------------------------------------
| rollout/                |             |
|    ep_len_mean          | 200         |
|    ep_rew_mean          | -609        |
| time/                   |             |
|    fps                  | 68          |
|    iterations           | 12          |
|    time_elapsed         | 360         |
|    total_timesteps      | 24576       |
| train/                  |             |
|    approx_kl            | 0.015301313 |
|    clip_fraction        | 0.177       |
|    clip_range           | 0.2         |
|    entropy_loss         | -9.74       |
|    explained_variance   | -0.134      |
|    learning_rate        | 0.0003      |
|    loss                 | -0.0628     |
|    n_updates            | 110         |
|    policy_gradient_loss | -0.029      |
|    std                  | 0.972       |
|    value_loss           | 0.00493     |
-----------------------------------------
----------------------------------------
| rollout/                |            |
|    ep_len_mean          | 200        |
|    ep_rew_mean          | -514       |
| time/                   |            |
|    fps                  | 68         |
|    iterations           | 13         |
|    time_elapsed         | 390        |
|    total_timesteps      | 26624      |
| train/                  |            |
|    approx_kl            | 0.01482236 |
|    clip_fraction        | 0.181      |
|    clip_range           | 0.2        |
|    entropy_loss         | -9.74      |
|    explained_variance   | 0.257      |
|    learning_rate        | 0.0003     |
|    loss                 | -0.058     |
|    n_updates            | 120        |
|    policy_gradient_loss | -0.0305    |
|    std                  | 0.973      |
|    value_loss           | 0.00305    |
----------------------------------------
-----------------------------------------
| rollout/                |             |
|    ep_len_mean          | 200         |
|    ep_rew_mean          | -450        |
| time/                   |             |
|    fps                  | 68          |
|    iterations           | 14          |
|    time_elapsed         | 419         |
|    total_timesteps      | 28672       |
| train/                  |             |
|    approx_kl            | 0.013435936 |
|    clip_fraction        | 0.157       |
|    clip_range           | 0.2         |
|    entropy_loss         | -9.7        |
|    explained_variance   | -0.189      |
|    learning_rate        | 0.0003      |
|    loss                 | -0.0461     |
|    n_updates            | 130         |
|    policy_gradient_loss | -0.0269     |
|    std                  | 0.964       |
|    value_loss           | 0.00293     |
-----------------------------------------
-----------------------------------------
| rollout/                |             |
|    ep_len_mean          | 200         |
|    ep_rew_mean          | -394        |
| time/                   |             |
|    fps                  | 68          |
|    iterations           | 15          |
|    time_elapsed         | 450         |
|    total_timesteps      | 30720       |
| train/                  |             |
|    approx_kl            | 0.017624106 |
|    clip_fraction        | 0.194       |
|    clip_range           | 0.2         |
|    entropy_loss         | -9.63       |
|    explained_variance   | 0.186       |
|    learning_rate        | 0.0003      |
|    loss                 | -0.0609     |
|    n_updates            | 140         |
|    policy_gradient_loss | -0.0346     |
|    std                  | 0.952       |
|    value_loss           | 0.00226     |
-----------------------------------------
-----------------------------------------
| rollout/                |             |
|    ep_len_mean          | 200         |
|    ep_rew_mean          | -359        |
| time/                   |             |
|    fps                  | 68          |
|    iterations           | 16          |
|    time_elapsed         | 480         |
|    total_timesteps      | 32768       |
| train/                  |             |
|    approx_kl            | 0.014867959 |
|    clip_fraction        | 0.173       |
|    clip_range           | 0.2         |
|    entropy_loss         | -9.58       |
|    explained_variance   | -0.953      |
|    learning_rate        | 0.0003      |
|    loss                 | -0.0475     |
|    n_updates            | 150         |
|    policy_gradient_loss | -0.0279     |
|    std                  | 0.949       |
|    value_loss           | 0.00216     |
-----------------------------------------
-----------------------------------------
| rollout/                |             |
|    ep_len_mean          | 200         |
|    ep_rew_mean          | -324        |
| time/                   |             |
|    fps                  | 68          |
|    iterations           | 17          |
|    time_elapsed         | 510         |
|    total_timesteps      | 34816       |
| train/                  |             |
|    approx_kl            | 0.015219859 |
|    clip_fraction        | 0.18        |
|    clip_range           | 0.2         |
|    entropy_loss         | -9.55       |
|    explained_variance   | 0.349       |
|    learning_rate        | 0.0003      |
|    loss                 | -0.0494     |
|    n_updates            | 160         |
|    policy_gradient_loss | -0.028      |
|    std                  | 0.945       |
|    value_loss           | 0.00186     |
-----------------------------------------
-----------------------------------------
| rollout/                |             |
|    ep_len_mean          | 200         |
|    ep_rew_mean          | -301        |
| time/                   |             |
|    fps                  | 68          |
|    iterations           | 18          |
|    time_elapsed         | 540         |
|    total_timesteps      | 36864       |
| train/                  |             |
|    approx_kl            | 0.018328024 |
|    clip_fraction        | 0.206       |
|    clip_range           | 0.2         |
|    entropy_loss         | -9.5        |
|    explained_variance   | 0.724       |
|    learning_rate        | 0.0003      |
|    loss                 | -0.0604     |
|    n_updates            | 170         |
|    policy_gradient_loss | -0.0324     |
|    std                  | 0.937       |
|    value_loss           | 0.00134     |
-----------------------------------------
-----------------------------------------
| rollout/                |             |
|    ep_len_mean          | 200         |
|    ep_rew_mean          | -278        |
| time/                   |             |
|    fps                  | 68          |
|    iterations           | 19          |
|    time_elapsed         | 570         |
|    total_timesteps      | 38912       |
| train/                  |             |
|    approx_kl            | 0.016805477 |
|    clip_fraction        | 0.207       |
|    clip_range           | 0.2         |
|    entropy_loss         | -9.47       |
|    explained_variance   | 0.541       |
|    learning_rate        | 0.0003      |
|    loss                 | -0.0387     |
|    n_updates            | 180         |
|    policy_gradient_loss | -0.0333     |
|    std                  | 0.935       |
|    value_loss           | 0.00106     |
-----------------------------------------
-----------------------------------------
| rollout/                |             |
|    ep_len_mean          | 200         |
|    ep_rew_mean          | -258        |
| time/                   |             |
|    fps                  | 68          |
|    iterations           | 20          |
|    time_elapsed         | 601         |
|    total_timesteps      | 40960       |
| train/                  |             |
|    approx_kl            | 0.019836402 |
|    clip_fraction        | 0.226       |
|    clip_range           | 0.2         |
|    entropy_loss         | -9.43       |
|    explained_variance   | 0.876       |
|    learning_rate        | 0.0003      |
|    loss                 | -0.0475     |
|    n_updates            | 190         |
|    policy_gradient_loss | -0.0353     |
|    std                  | 0.928       |
|    value_loss           | 0.000835    |
-----------------------------------------
-----------------------------------------
| rollout/                |             |
|    ep_len_mean          | 200         |
|    ep_rew_mean          | -241        |
| time/                   |             |
|    fps                  | 67          |
|    iterations           | 21          |
|    time_elapsed         | 632         |
|    total_timesteps      | 43008       |
| train/                  |             |
|    approx_kl            | 0.016084109 |
|    clip_fraction        | 0.199       |
|    clip_range           | 0.2         |
|    entropy_loss         | -9.38       |
|    explained_variance   | 0.568       |
|    learning_rate        | 0.0003      |
|    loss                 | -0.0161     |
|    n_updates            | 200         |
|    policy_gradient_loss | -0.0283     |
|    std                  | 0.92        |
|    value_loss           | 0.000787    |
-----------------------------------------
-----------------------------------------
| rollout/                |             |
|    ep_len_mean          | 200         |
|    ep_rew_mean          | -229        |
| time/                   |             |
|    fps                  | 67          |
|    iterations           | 22          |
|    time_elapsed         | 663         |
|    total_timesteps      | 45056       |
| train/                  |             |
|    approx_kl            | 0.014514263 |
|    clip_fraction        | 0.186       |
|    clip_range           | 0.2         |
|    entropy_loss         | -9.32       |
|    explained_variance   | 0.455       |
|    learning_rate        | 0.0003      |
|    loss                 | -0.0276     |
|    n_updates            | 210         |
|    policy_gradient_loss | -0.0305     |
|    std                  | 0.913       |
|    value_loss           | 0.000849    |
-----------------------------------------
-----------------------------------------
| rollout/                |             |
|    ep_len_mean          | 199         |
|    ep_rew_mean          | -221        |
| time/                   |             |
|    fps                  | 67          |
|    iterations           | 23          |
|    time_elapsed         | 695         |
|    total_timesteps      | 47104       |
| train/                  |             |
|    approx_kl            | 0.017996643 |
|    clip_fraction        | 0.195       |
|    clip_range           | 0.2         |
|    entropy_loss         | -9.27       |
|    explained_variance   | 0.459       |
|    learning_rate        | 0.0003      |
|    loss                 | -0.0581     |
|    n_updates            | 220         |
|    policy_gradient_loss | -0.0278     |
|    std                  | 0.907       |
|    value_loss           | 0.0007      |
-----------------------------------------
-----------------------------------------
| rollout/                |             |
|    ep_len_mean          | 199         |
|    ep_rew_mean          | -209        |
| time/                   |             |
|    fps                  | 67          |
|    iterations           | 24          |
|    time_elapsed         | 726         |
|    total_timesteps      | 49152       |
| train/                  |             |
|    approx_kl            | 0.016593646 |
|    clip_fraction        | 0.212       |
|    clip_range           | 0.2         |
|    entropy_loss         | -9.23       |
|    explained_variance   | 0.195       |
|    learning_rate        | 0.0003      |
|    loss                 | -0.0507     |
|    n_updates            | 230         |
|    policy_gradient_loss | -0.0284     |
|    std                  | 0.903       |
|    value_loss           | 0.00897     |
-----------------------------------------
-----------------------------------------
| rollout/                |             |
|    ep_len_mean          | 199         |
|    ep_rew_mean          | -198        |
| time/                   |             |
|    fps                  | 67          |
|    iterations           | 25          |
|    time_elapsed         | 756         |
|    total_timesteps      | 51200       |
| train/                  |             |
|    approx_kl            | 0.017538564 |
|    clip_fraction        | 0.197       |
|    clip_range           | 0.2         |
|    entropy_loss         | -9.18       |
|    explained_variance   | 0.318       |
|    learning_rate        | 0.0003      |
|    loss                 | -0.0541     |
|    n_updates            | 240         |
|    policy_gradient_loss | -0.032      |
|    std                  | 0.896       |
|    value_loss           | 0.000835    |
-----------------------------------------
----------------------------------------
| rollout/                |            |
|    ep_len_mean          | 199        |
|    ep_rew_mean          | -189       |
| time/                   |            |
|    fps                  | 67         |
|    iterations           | 26         |
|    time_elapsed         | 787        |
|    total_timesteps      | 53248      |
| train/                  |            |
|    approx_kl            | 0.01690422 |
|    clip_fraction        | 0.198      |
|    clip_range           | 0.2        |
|    entropy_loss         | -9.1       |
|    explained_variance   | -0.43      |
|    learning_rate        | 0.0003     |
|    loss                 | -0.0493    |
|    n_updates            | 250        |
|    policy_gradient_loss | -0.0337    |
|    std                  | 0.884      |
|    value_loss           | 0.000462   |
----------------------------------------
-----------------------------------------
| rollout/                |             |
|    ep_len_mean          | 199         |
|    ep_rew_mean          | -183        |
| time/                   |             |
|    fps                  | 67          |
|    iterations           | 27          |
|    time_elapsed         | 818         |
|    total_timesteps      | 55296       |
| train/                  |             |
|    approx_kl            | 0.014185558 |
|    clip_fraction        | 0.168       |
|    clip_range           | 0.2         |
|    entropy_loss         | -9.05       |
|    explained_variance   | 0.651       |
|    learning_rate        | 0.0003      |
|    loss                 | -0.0105     |
|    n_updates            | 260         |
|    policy_gradient_loss | -0.028      |
|    std                  | 0.882       |
|    value_loss           | 0.00104     |
-----------------------------------------
-----------------------------------------
| rollout/                |             |
|    ep_len_mean          | 199         |
|    ep_rew_mean          | -179        |
| time/                   |             |
|    fps                  | 67          |
|    iterations           | 28          |
|    time_elapsed         | 849         |
|    total_timesteps      | 57344       |
| train/                  |             |
|    approx_kl            | 0.016065117 |
|    clip_fraction        | 0.186       |
|    clip_range           | 0.2         |
|    entropy_loss         | -9.05       |
|    explained_variance   | 0.702       |
|    learning_rate        | 0.0003      |
|    loss                 | -0.0162     |
|    n_updates            | 270         |
|    policy_gradient_loss | -0.03       |
|    std                  | 0.882       |
|    value_loss           | 0.00088     |
-----------------------------------------
-----------------------------------------
| rollout/                |             |
|    ep_len_mean          | 199         |
|    ep_rew_mean          | -174        |
| time/                   |             |
|    fps                  | 67          |
|    iterations           | 29          |
|    time_elapsed         | 879         |
|    total_timesteps      | 59392       |
| train/                  |             |
|    approx_kl            | 0.015307023 |
|    clip_fraction        | 0.19        |
|    clip_range           | 0.2         |
|    entropy_loss         | -9.04       |
|    explained_variance   | 0.808       |
|    learning_rate        | 0.0003      |
|    loss                 | -0.055      |
|    n_updates            | 280         |
|    policy_gradient_loss | -0.03       |
|    std                  | 0.88        |
|    value_loss           | 0.000623    |
-----------------------------------------
-----------------------------------------
| rollout/                |             |
|    ep_len_mean          | 199         |
|    ep_rew_mean          | -171        |
| time/                   |             |
|    fps                  | 67          |
|    iterations           | 30          |
|    time_elapsed         | 910         |
|    total_timesteps      | 61440       |
| train/                  |             |
|    approx_kl            | 0.015332838 |
|    clip_fraction        | 0.177       |
|    clip_range           | 0.2         |
|    entropy_loss         | -8.98       |
|    explained_variance   | 0.031       |
|    learning_rate        | 0.0003      |
|    loss                 | -0.0479     |
|    n_updates            | 290         |
|    policy_gradient_loss | -0.0287     |
|    std                  | 0.87        |
|    value_loss           | 0.000424    |
-----------------------------------------
----------------------------------------
| rollout/                |            |
|    ep_len_mean          | 199        |
|    ep_rew_mean          | -167       |
| time/                   |            |
|    fps                  | 67         |
|    iterations           | 31         |
|    time_elapsed         | 940        |
|    total_timesteps      | 63488      |
| train/                  |            |
|    approx_kl            | 0.01662666 |
|    clip_fraction        | 0.214      |
|    clip_range           | 0.2        |
|    entropy_loss         | -8.95      |
|    explained_variance   | 0.201      |
|    learning_rate        | 0.0003     |
|    loss                 | -0.0239    |
|    n_updates            | 300        |
|    policy_gradient_loss | -0.0318    |
|    std                  | 0.869      |
|    value_loss           | 0.00088    |
----------------------------------------
-----------------------------------------
| rollout/                |             |
|    ep_len_mean          | 199         |
|    ep_rew_mean          | -161        |
| time/                   |             |
|    fps                  | 67          |
|    iterations           | 32          |
|    time_elapsed         | 970         |
|    total_timesteps      | 65536       |
| train/                  |             |
|    approx_kl            | 0.016170707 |
|    clip_fraction        | 0.187       |
|    clip_range           | 0.2         |
|    entropy_loss         | -8.9        |
|    explained_variance   | -1.55       |
|    learning_rate        | 0.0003      |
|    loss                 | -0.0369     |
|    n_updates            | 310         |
|    policy_gradient_loss | -0.0292     |
|    std                  | 0.859       |
|    value_loss           | 0.00021     |
-----------------------------------------
-----------------------------------------
| rollout/                |             |
|    ep_len_mean          | 200         |
|    ep_rew_mean          | -152        |
| time/                   |             |
|    fps                  | 67          |
|    iterations           | 33          |
|    time_elapsed         | 1000        |
|    total_timesteps      | 67584       |
| train/                  |             |
|    approx_kl            | 0.016064273 |
|    clip_fraction        | 0.193       |
|    clip_range           | 0.2         |
|    entropy_loss         | -8.81       |
|    explained_variance   | -0.194      |
|    learning_rate        | 0.0003      |
|    loss                 | -0.0425     |
|    n_updates            | 320         |
|    policy_gradient_loss | -0.0291     |
|    std                  | 0.847       |
|    value_loss           | 0.000148    |
-----------------------------------------
-----------------------------------------
| rollout/                |             |
|    ep_len_mean          | 200         |
|    ep_rew_mean          | -149        |
| time/                   |             |
|    fps                  | 67          |
|    iterations           | 34          |
|    time_elapsed         | 1030        |
|    total_timesteps      | 69632       |
| train/                  |             |
|    approx_kl            | 0.017705828 |
|    clip_fraction        | 0.205       |
|    clip_range           | 0.2         |
|    entropy_loss         | -8.69       |
|    explained_variance   | -0.348      |
|    learning_rate        | 0.0003      |
|    loss                 | -0.035      |
|    n_updates            | 330         |
|    policy_gradient_loss | -0.0321     |
|    std                  | 0.833       |
|    value_loss           | 0.00015     |
-----------------------------------------
-----------------------------------------
| rollout/                |             |
|    ep_len_mean          | 200         |
|    ep_rew_mean          | -146        |
| time/                   |             |
|    fps                  | 67          |
|    iterations           | 35          |
|    time_elapsed         | 1060        |
|    total_timesteps      | 71680       |
| train/                  |             |
|    approx_kl            | 0.016459998 |
|    clip_fraction        | 0.212       |
|    clip_range           | 0.2         |
|    entropy_loss         | -8.6        |
|    explained_variance   | -0.179      |
|    learning_rate        | 0.0003      |
|    loss                 | -0.0482     |
|    n_updates            | 340         |
|    policy_gradient_loss | -0.0301     |
|    std                  | 0.824       |
|    value_loss           | 0.000106    |
-----------------------------------------
------------------------------------------
| rollout/                |              |
|    ep_len_mean          | 200          |
|    ep_rew_mean          | -142         |
| time/                   |              |
|    fps                  | 67           |
|    iterations           | 36           |
|    time_elapsed         | 1090         |
|    total_timesteps      | 73728        |
| train/                  |              |
|    approx_kl            | 0.0150165465 |
|    clip_fraction        | 0.198        |
|    clip_range           | 0.2          |
|    entropy_loss         | -8.53        |
|    explained_variance   | -0.547       |
|    learning_rate        | 0.0003       |
|    loss                 | -0.0375      |
|    n_updates            | 350          |
|    policy_gradient_loss | -0.0274      |
|    std                  | 0.816        |
|    value_loss           | 0.000105     |
------------------------------------------
-----------------------------------------
| rollout/                |             |
|    ep_len_mean          | 200         |
|    ep_rew_mean          | -137        |
| time/                   |             |
|    fps                  | 67          |
|    iterations           | 37          |
|    time_elapsed         | 1120        |
|    total_timesteps      | 75776       |
| train/                  |             |
|    approx_kl            | 0.016986962 |
|    clip_fraction        | 0.205       |
|    clip_range           | 0.2         |
|    entropy_loss         | -8.47       |
|    explained_variance   | -0.193      |
|    learning_rate        | 0.0003      |
|    loss                 | -0.0195     |
|    n_updates            | 360         |
|    policy_gradient_loss | -0.0272     |
|    std                  | 0.808       |
|    value_loss           | 9.74e-05    |
-----------------------------------------
-----------------------------------------
| rollout/                |             |
|    ep_len_mean          | 200         |
|    ep_rew_mean          | -133        |
| time/                   |             |
|    fps                  | 67          |
|    iterations           | 38          |
|    time_elapsed         | 1150        |
|    total_timesteps      | 77824       |
| train/                  |             |
|    approx_kl            | 0.017944744 |
|    clip_fraction        | 0.204       |
|    clip_range           | 0.2         |
|    entropy_loss         | -8.36       |
|    explained_variance   | -0.207      |
|    learning_rate        | 0.0003      |
|    loss                 | -0.0357     |
|    n_updates            | 370         |
|    policy_gradient_loss | -0.0316     |
|    std                  | 0.794       |
|    value_loss           | 0.000102    |
-----------------------------------------
-----------------------------------------
| rollout/                |             |
|    ep_len_mean          | 200         |
|    ep_rew_mean          | -130        |
| time/                   |             |
|    fps                  | 67          |
|    iterations           | 39          |
|    time_elapsed         | 1181        |
|    total_timesteps      | 79872       |
| train/                  |             |
|    approx_kl            | 0.018525451 |
|    clip_fraction        | 0.215       |
|    clip_range           | 0.2         |
|    entropy_loss         | -8.25       |
|    explained_variance   | -0.495      |
|    learning_rate        | 0.0003      |
|    loss                 | -0.0227     |
|    n_updates            | 380         |
|    policy_gradient_loss | -0.0298     |
|    std                  | 0.783       |
|    value_loss           | 6.9e-05     |
-----------------------------------------
-----------------------------------------
| rollout/                |             |
|    ep_len_mean          | 200         |
|    ep_rew_mean          | -126        |
| time/                   |             |
|    fps                  | 67          |
|    iterations           | 40          |
|    time_elapsed         | 1211        |
|    total_timesteps      | 81920       |
| train/                  |             |
|    approx_kl            | 0.015941616 |
|    clip_fraction        | 0.197       |
|    clip_range           | 0.2         |
|    entropy_loss         | -8.13       |
|    explained_variance   | -0.246      |
|    learning_rate        | 0.0003      |
|    loss                 | -0.0209     |
|    n_updates            | 390         |
|    policy_gradient_loss | -0.0301     |
|    std                  | 0.768       |
|    value_loss           | 7.84e-05    |
-----------------------------------------
-----------------------------------------
| rollout/                |             |
|    ep_len_mean          | 200         |
|    ep_rew_mean          | -123        |
| time/                   |             |
|    fps                  | 67          |
|    iterations           | 41          |
|    time_elapsed         | 1241        |
|    total_timesteps      | 83968       |
| train/                  |             |
|    approx_kl            | 0.018934302 |
|    clip_fraction        | 0.198       |
|    clip_range           | 0.2         |
|    entropy_loss         | -8          |
|    explained_variance   | -0.258      |
|    learning_rate        | 0.0003      |
|    loss                 | -0.0214     |
|    n_updates            | 400         |
|    policy_gradient_loss | -0.0286     |
|    std                  | 0.754       |
|    value_loss           | 7.65e-05    |
-----------------------------------------
-----------------------------------------
| rollout/                |             |
|    ep_len_mean          | 200         |
|    ep_rew_mean          | -121        |
| time/                   |             |
|    fps                  | 67          |
|    iterations           | 42          |
|    time_elapsed         | 1272        |
|    total_timesteps      | 86016       |
| train/                  |             |
|    approx_kl            | 0.015758287 |
|    clip_fraction        | 0.197       |
|    clip_range           | 0.2         |
|    entropy_loss         | -7.86       |
|    explained_variance   | -0.297      |
|    learning_rate        | 0.0003      |
|    loss                 | -0.0449     |
|    n_updates            | 410         |
|    policy_gradient_loss | -0.0278     |
|    std                  | 0.739       |
|    value_loss           | 6.16e-05    |
-----------------------------------------
-----------------------------------------
| rollout/                |             |
|    ep_len_mean          | 200         |
|    ep_rew_mean          | -118        |
| time/                   |             |
|    fps                  | 67          |
|    iterations           | 43          |
|    time_elapsed         | 1302        |
|    total_timesteps      | 88064       |
| train/                  |             |
|    approx_kl            | 0.019909283 |
|    clip_fraction        | 0.215       |
|    clip_range           | 0.2         |
|    entropy_loss         | -7.75       |
|    explained_variance   | -0.281      |
|    learning_rate        | 0.0003      |
|    loss                 | -0.0405     |
|    n_updates            | 420         |
|    policy_gradient_loss | -0.0303     |
|    std                  | 0.728       |
|    value_loss           | 7.53e-05    |
-----------------------------------------
---------------------------------------
| rollout/                |           |
|    ep_len_mean          | 200       |
|    ep_rew_mean          | -116      |
| time/                   |           |
|    fps                  | 67        |
|    iterations           | 44        |
|    time_elapsed         | 1332      |
|    total_timesteps      | 90112     |
| train/                  |           |
|    approx_kl            | 0.0181323 |
|    clip_fraction        | 0.214     |
|    clip_range           | 0.2       |
|    entropy_loss         | -7.64     |
|    explained_variance   | -0.37     |
|    learning_rate        | 0.0003    |
|    loss                 | -0.0457   |
|    n_updates            | 430       |
|    policy_gradient_loss | -0.0283   |
|    std                  | 0.717     |
|    value_loss           | 6.45e-05  |
---------------------------------------
-----------------------------------------
| rollout/                |             |
|    ep_len_mean          | 200         |
|    ep_rew_mean          | -113        |
| time/                   |             |
|    fps                  | 67          |
|    iterations           | 45          |
|    time_elapsed         | 1363        |
|    total_timesteps      | 92160       |
| train/                  |             |
|    approx_kl            | 0.015487318 |
|    clip_fraction        | 0.207       |
|    clip_range           | 0.2         |
|    entropy_loss         | -7.52       |
|    explained_variance   | -0.393      |
|    learning_rate        | 0.0003      |
|    loss                 | -0.0366     |
|    n_updates            | 440         |
|    policy_gradient_loss | -0.0261     |
|    std                  | 0.705       |
|    value_loss           | 5.21e-05    |
-----------------------------------------
-----------------------------------------
| rollout/                |             |
|    ep_len_mean          | 200         |
|    ep_rew_mean          | -111        |
| time/                   |             |
|    fps                  | 67          |
|    iterations           | 46          |
|    time_elapsed         | 1393        |
|    total_timesteps      | 94208       |
| train/                  |             |
|    approx_kl            | 0.018968489 |
|    clip_fraction        | 0.223       |
|    clip_range           | 0.2         |
|    entropy_loss         | -7.41       |
|    explained_variance   | -0.207      |
|    learning_rate        | 0.0003      |
|    loss                 | -0.0287     |
|    n_updates            | 450         |
|    policy_gradient_loss | -0.025      |
|    std                  | 0.694       |
|    value_loss           | 5.2e-05     |
-----------------------------------------
-----------------------------------------
| rollout/                |             |
|    ep_len_mean          | 200         |
|    ep_rew_mean          | -109        |
| time/                   |             |
|    fps                  | 67          |
|    iterations           | 47          |
|    time_elapsed         | 1423        |
|    total_timesteps      | 96256       |
| train/                  |             |
|    approx_kl            | 0.019418828 |
|    clip_fraction        | 0.207       |
|    clip_range           | 0.2         |
|    entropy_loss         | -7.31       |
|    explained_variance   | -0.0709     |
|    learning_rate        | 0.0003      |
|    loss                 | -0.0201     |
|    n_updates            | 460         |
|    policy_gradient_loss | -0.0243     |
|    std                  | 0.685       |
|    value_loss           | 0.000111    |
-----------------------------------------
-----------------------------------------
| rollout/                |             |
|    ep_len_mean          | 200         |
|    ep_rew_mean          | -107        |
| time/                   |             |
|    fps                  | 67          |
|    iterations           | 48          |
|    time_elapsed         | 1454        |
|    total_timesteps      | 98304       |
| train/                  |             |
|    approx_kl            | 0.018713847 |
|    clip_fraction        | 0.21        |
|    clip_range           | 0.2         |
|    entropy_loss         | -7.21       |
|    explained_variance   | -0.257      |
|    learning_rate        | 0.0003      |
|    loss                 | -0.0353     |
|    n_updates            | 470         |
|    policy_gradient_loss | -0.0243     |
|    std                  | 0.676       |
|    value_loss           | 5.71e-05    |
-----------------------------------------
-----------------------------------------
| rollout/                |             |
|    ep_len_mean          | 200         |
|    ep_rew_mean          | -105        |
| time/                   |             |
|    fps                  | 67          |
|    iterations           | 49          |
|    time_elapsed         | 1484        |
|    total_timesteps      | 100352      |
| train/                  |             |
|    approx_kl            | 0.017955685 |
|    clip_fraction        | 0.213       |
|    clip_range           | 0.2         |
|    entropy_loss         | -7.1        |
|    explained_variance   | -0.171      |
|    learning_rate        | 0.0003      |
|    loss                 | -0.0518     |
|    n_updates            | 480         |
|    policy_gradient_loss | -0.0254     |
|    std                  | 0.664       |
|    value_loss           | 4.61e-05    |
-----------------------------------------
-----------------------------------------
| rollout/                |             |
|    ep_len_mean          | 200         |
|    ep_rew_mean          | -104        |
| time/                   |             |
|    fps                  | 67          |
|    iterations           | 50          |
|    time_elapsed         | 1514        |
|    total_timesteps      | 102400      |
| train/                  |             |
|    approx_kl            | 0.018643757 |
|    clip_fraction        | 0.226       |
|    clip_range           | 0.2         |
|    entropy_loss         | -6.98       |
|    explained_variance   | -0.0477     |
|    learning_rate        | 0.0003      |
|    loss                 | -0.0349     |
|    n_updates            | 490         |
|    policy_gradient_loss | -0.0268     |
|    std                  | 0.652       |
|    value_loss           | 5.06e-05    |
-----------------------------------------
----------------------------------------
| rollout/                |            |
|    ep_len_mean          | 200        |
|    ep_rew_mean          | -102       |
| time/                   |            |
|    fps                  | 67         |
|    iterations           | 51         |
|    time_elapsed         | 1545       |
|    total_timesteps      | 104448     |
| train/                  |            |
|    approx_kl            | 0.02136448 |
|    clip_fraction        | 0.247      |
|    clip_range           | 0.2        |
|    entropy_loss         | -6.84      |
|    explained_variance   | -0.209     |
|    learning_rate        | 0.0003     |
|    loss                 | -0.0637    |
|    n_updates            | 500        |
|    policy_gradient_loss | -0.0292    |
|    std                  | 0.639      |
|    value_loss           | 4.32e-05   |
----------------------------------------
-----------------------------------------
| rollout/                |             |
|    ep_len_mean          | 200         |
|    ep_rew_mean          | -101        |
| time/                   |             |
|    fps                  | 67          |
|    iterations           | 52          |
|    time_elapsed         | 1575        |
|    total_timesteps      | 106496      |
| train/                  |             |
|    approx_kl            | 0.017283209 |
|    clip_fraction        | 0.221       |
|    clip_range           | 0.2         |
|    entropy_loss         | -6.73       |
|    explained_variance   | -0.039      |
|    learning_rate        | 0.0003      |
|    loss                 | -0.0276     |
|    n_updates            | 510         |
|    policy_gradient_loss | -0.027      |
|    std                  | 0.631       |
|    value_loss           | 4.85e-05    |
-----------------------------------------
-----------------------------------------
| rollout/                |             |
|    ep_len_mean          | 200         |
|    ep_rew_mean          | -99.2       |
| time/                   |             |
|    fps                  | 67          |
|    iterations           | 53          |
|    time_elapsed         | 1606        |
|    total_timesteps      | 108544      |
| train/                  |             |
|    approx_kl            | 0.018609062 |
|    clip_fraction        | 0.238       |
|    clip_range           | 0.2         |
|    entropy_loss         | -6.62       |
|    explained_variance   | -0.32       |
|    learning_rate        | 0.0003      |
|    loss                 | -0.0226     |
|    n_updates            | 520         |
|    policy_gradient_loss | -0.0284     |
|    std                  | 0.62        |
|    value_loss           | 4.55e-05    |
-----------------------------------------
-----------------------------------------
| rollout/                |             |
|    ep_len_mean          | 200         |
|    ep_rew_mean          | -98.1       |
| time/                   |             |
|    fps                  | 67          |
|    iterations           | 54          |
|    time_elapsed         | 1637        |
|    total_timesteps      | 110592      |
| train/                  |             |
|    approx_kl            | 0.016714677 |
|    clip_fraction        | 0.216       |
|    clip_range           | 0.2         |
|    entropy_loss         | -6.5        |
|    explained_variance   | -0.181      |
|    learning_rate        | 0.0003      |
|    loss                 | -0.0219     |
|    n_updates            | 530         |
|    policy_gradient_loss | -0.0274     |
|    std                  | 0.61        |
|    value_loss           | 3.96e-05    |
-----------------------------------------
-----------------------------------------
| rollout/                |             |
|    ep_len_mean          | 200         |
|    ep_rew_mean          | -96.8       |
| time/                   |             |
|    fps                  | 67          |
|    iterations           | 55          |
|    time_elapsed         | 1668        |
|    total_timesteps      | 112640      |
| train/                  |             |
|    approx_kl            | 0.021021917 |
|    clip_fraction        | 0.251       |
|    clip_range           | 0.2         |
|    entropy_loss         | -6.42       |
|    explained_variance   | -0.112      |
|    learning_rate        | 0.0003      |
|    loss                 | -0.017      |
|    n_updates            | 540         |
|    policy_gradient_loss | -0.0229     |
|    std                  | 0.603       |
|    value_loss           | 0.000153    |
-----------------------------------------
-----------------------------------------
| rollout/                |             |
|    ep_len_mean          | 200         |
|    ep_rew_mean          | -95.3       |
| time/                   |             |
|    fps                  | 67          |
|    iterations           | 56          |
|    time_elapsed         | 1699        |
|    total_timesteps      | 114688      |
| train/                  |             |
|    approx_kl            | 0.018622568 |
|    clip_fraction        | 0.206       |
|    clip_range           | 0.2         |
|    entropy_loss         | -6.33       |
|    explained_variance   | -0.96       |
|    learning_rate        | 0.0003      |
|    loss                 | -0.00681    |
|    n_updates            | 550         |
|    policy_gradient_loss | -0.0229     |
|    std                  | 0.597       |
|    value_loss           | 5.92e-05    |
-----------------------------------------
-----------------------------------------
| rollout/                |             |
|    ep_len_mean          | 200         |
|    ep_rew_mean          | -94.1       |
| time/                   |             |
|    fps                  | 67          |
|    iterations           | 57          |
|    time_elapsed         | 1730        |
|    total_timesteps      | 116736      |
| train/                  |             |
|    approx_kl            | 0.017642245 |
|    clip_fraction        | 0.227       |
|    clip_range           | 0.2         |
|    entropy_loss         | -6.23       |
|    explained_variance   | -0.221      |
|    learning_rate        | 0.0003      |
|    loss                 | -0.0587     |
|    n_updates            | 560         |
|    policy_gradient_loss | -0.0247     |
|    std                  | 0.587       |
|    value_loss           | 4.91e-05    |
-----------------------------------------
-----------------------------------------
| rollout/                |             |
|    ep_len_mean          | 200         |
|    ep_rew_mean          | -92.4       |
| time/                   |             |
|    fps                  | 67          |
|    iterations           | 58          |
|    time_elapsed         | 1761        |
|    total_timesteps      | 118784      |
| train/                  |             |
|    approx_kl            | 0.016905144 |
|    clip_fraction        | 0.207       |
|    clip_range           | 0.2         |
|    entropy_loss         | -6.1        |
|    explained_variance   | -0.374      |
|    learning_rate        | 0.0003      |
|    loss                 | -0.0185     |
|    n_updates            | 570         |
|    policy_gradient_loss | -0.0261     |
|    std                  | 0.576       |
|    value_loss           | 3.49e-05    |
-----------------------------------------
-----------------------------------------
| rollout/                |             |
|    ep_len_mean          | 200         |
|    ep_rew_mean          | -91.1       |
| time/                   |             |
|    fps                  | 67          |
|    iterations           | 59          |
|    time_elapsed         | 1792        |
|    total_timesteps      | 120832      |
| train/                  |             |
|    approx_kl            | 0.019498186 |
|    clip_fraction        | 0.223       |
|    clip_range           | 0.2         |
|    entropy_loss         | -5.97       |
|    explained_variance   | -0.208      |
|    learning_rate        | 0.0003      |
|    loss                 | -0.0395     |
|    n_updates            | 580         |
|    policy_gradient_loss | -0.026      |
|    std                  | 0.566       |
|    value_loss           | 4.75e-05    |
-----------------------------------------
-----------------------------------------
| rollout/                |             |
|    ep_len_mean          | 200         |
|    ep_rew_mean          | -89.7       |
| time/                   |             |
|    fps                  | 67          |
|    iterations           | 60          |
|    time_elapsed         | 1823        |
|    total_timesteps      | 122880      |
| train/                  |             |
|    approx_kl            | 0.020210046 |
|    clip_fraction        | 0.222       |
|    clip_range           | 0.2         |
|    entropy_loss         | -5.84       |
|    explained_variance   | -0.313      |
|    learning_rate        | 0.0003      |
|    loss                 | -0.0698     |
|    n_updates            | 590         |
|    policy_gradient_loss | -0.0243     |
|    std                  | 0.556       |
|    value_loss           | 3.47e-05    |
-----------------------------------------
-----------------------------------------
| rollout/                |             |
|    ep_len_mean          | 200         |
|    ep_rew_mean          | -88.3       |
| time/                   |             |
|    fps                  | 67          |
|    iterations           | 61          |
|    time_elapsed         | 1854        |
|    total_timesteps      | 124928      |
| train/                  |             |
|    approx_kl            | 0.019710584 |
|    clip_fraction        | 0.23        |
|    clip_range           | 0.2         |
|    entropy_loss         | -5.7        |
|    explained_variance   | -0.121      |
|    learning_rate        | 0.0003      |
|    loss                 | -0.0558     |
|    n_updates            | 600         |
|    policy_gradient_loss | -0.0284     |
|    std                  | 0.545       |
|    value_loss           | 3.78e-05    |
-----------------------------------------
----------------------------------------
| rollout/                |            |
|    ep_len_mean          | 200        |
|    ep_rew_mean          | -87        |
| time/                   |            |
|    fps                  | 67         |
|    iterations           | 62         |
|    time_elapsed         | 1886       |
|    total_timesteps      | 126976     |
| train/                  |            |
|    approx_kl            | 0.01879463 |
|    clip_fraction        | 0.218      |
|    clip_range           | 0.2        |
|    entropy_loss         | -5.58      |
|    explained_variance   | -0.187     |
|    learning_rate        | 0.0003     |
|    loss                 | -0.0314    |
|    n_updates            | 610        |
|    policy_gradient_loss | -0.0235    |
|    std                  | 0.537      |
|    value_loss           | 3.39e-05   |
----------------------------------------
----------------------------------------
| rollout/                |            |
|    ep_len_mean          | 200        |
|    ep_rew_mean          | -86        |
| time/                   |            |
|    fps                  | 67         |
|    iterations           | 63         |
|    time_elapsed         | 1917       |
|    total_timesteps      | 129024     |
| train/                  |            |
|    approx_kl            | 0.01850295 |
|    clip_fraction        | 0.208      |
|    clip_range           | 0.2        |
|    entropy_loss         | -5.48      |
|    explained_variance   | -0.232     |
|    learning_rate        | 0.0003     |
|    loss                 | -0.052     |
|    n_updates            | 620        |
|    policy_gradient_loss | -0.022     |
|    std                  | 0.529      |
|    value_loss           | 5.53e-05   |
----------------------------------------
-----------------------------------------
| rollout/                |             |
|    ep_len_mean          | 200         |
|    ep_rew_mean          | -84.5       |
| time/                   |             |
|    fps                  | 67          |
|    iterations           | 64          |
|    time_elapsed         | 1948        |
|    total_timesteps      | 131072      |
| train/                  |             |
|    approx_kl            | 0.021098822 |
|    clip_fraction        | 0.243       |
|    clip_range           | 0.2         |
|    entropy_loss         | -5.36       |
|    explained_variance   | -0.468      |
|    learning_rate        | 0.0003      |
|    loss                 | -0.0387     |
|    n_updates            | 630         |
|    policy_gradient_loss | -0.0271     |
|    std                  | 0.521       |
|    value_loss           | 3.79e-05    |
-----------------------------------------
---------------------------------------
| rollout/                |           |
|    ep_len_mean          | 200       |
|    ep_rew_mean          | -83.3     |
| time/                   |           |
|    fps                  | 67        |
|    iterations           | 65        |
|    time_elapsed         | 1979      |
|    total_timesteps      | 133120    |
| train/                  |           |
|    approx_kl            | 0.0212337 |
|    clip_fraction        | 0.226     |
|    clip_range           | 0.2       |
|    entropy_loss         | -5.24     |
|    explained_variance   | -0.226    |
|    learning_rate        | 0.0003    |
|    loss                 | -0.0422   |
|    n_updates            | 640       |
|    policy_gradient_loss | -0.024    |
|    std                  | 0.512     |
|    value_loss           | 3e-05     |
---------------------------------------
-----------------------------------------
| rollout/                |             |
|    ep_len_mean          | 200         |
|    ep_rew_mean          | -82.1       |
| time/                   |             |
|    fps                  | 67          |
|    iterations           | 66          |
|    time_elapsed         | 2010        |
|    total_timesteps      | 135168      |
| train/                  |             |
|    approx_kl            | 0.021435712 |
|    clip_fraction        | 0.247       |
|    clip_range           | 0.2         |
|    entropy_loss         | -5.11       |
|    explained_variance   | -0.283      |
|    learning_rate        | 0.0003      |
|    loss                 | -0.0467     |
|    n_updates            | 650         |
|    policy_gradient_loss | -0.0252     |
|    std                  | 0.502       |
|    value_loss           | 3.56e-05    |
-----------------------------------------
-----------------------------------------
| rollout/                |             |
|    ep_len_mean          | 200         |
|    ep_rew_mean          | -80.9       |
| time/                   |             |
|    fps                  | 67          |
|    iterations           | 67          |
|    time_elapsed         | 2041        |
|    total_timesteps      | 137216      |
| train/                  |             |
|    approx_kl            | 0.019614104 |
|    clip_fraction        | 0.231       |
|    clip_range           | 0.2         |
|    entropy_loss         | -4.98       |
|    explained_variance   | -0.214      |
|    learning_rate        | 0.0003      |
|    loss                 | -0.0612     |
|    n_updates            | 660         |
|    policy_gradient_loss | -0.0234     |
|    std                  | 0.494       |
|    value_loss           | 2.9e-05     |
-----------------------------------------
-----------------------------------------
| rollout/                |             |
|    ep_len_mean          | 200         |
|    ep_rew_mean          | -79.7       |
| time/                   |             |
|    fps                  | 67          |
|    iterations           | 68          |
|    time_elapsed         | 2072        |
|    total_timesteps      | 139264      |
| train/                  |             |
|    approx_kl            | 0.022343475 |
|    clip_fraction        | 0.251       |
|    clip_range           | 0.2         |
|    entropy_loss         | -4.85       |
|    explained_variance   | -0.249      |
|    learning_rate        | 0.0003      |
|    loss                 | -0.00673    |
|    n_updates            | 670         |
|    policy_gradient_loss | -0.0233     |
|    std                  | 0.485       |
|    value_loss           | 3.25e-05    |
-----------------------------------------
-----------------------------------------
| rollout/                |             |
|    ep_len_mean          | 200         |
|    ep_rew_mean          | -78.4       |
| time/                   |             |
|    fps                  | 67          |
|    iterations           | 69          |
|    time_elapsed         | 2104        |
|    total_timesteps      | 141312      |
| train/                  |             |
|    approx_kl            | 0.018043239 |
|    clip_fraction        | 0.251       |
|    clip_range           | 0.2         |
|    entropy_loss         | -4.72       |
|    explained_variance   | -0.222      |
|    learning_rate        | 0.0003      |
|    loss                 | -0.0515     |
|    n_updates            | 680         |
|    policy_gradient_loss | -0.0214     |
|    std                  | 0.477       |
|    value_loss           | 3.17e-05    |
-----------------------------------------
-----------------------------------------
| rollout/                |             |
|    ep_len_mean          | 200         |
|    ep_rew_mean          | -77.3       |
| time/                   |             |
|    fps                  | 67          |
|    iterations           | 70          |
|    time_elapsed         | 2135        |
|    total_timesteps      | 143360      |
| train/                  |             |
|    approx_kl            | 0.023136776 |
|    clip_fraction        | 0.27        |
|    clip_range           | 0.2         |
|    entropy_loss         | -4.59       |
|    explained_variance   | 0.0521      |
|    learning_rate        | 0.0003      |
|    loss                 | -0.0429     |
|    n_updates            | 690         |
|    policy_gradient_loss | -0.0254     |
|    std                  | 0.467       |
|    value_loss           | 2.91e-05    |
-----------------------------------------
-----------------------------------------
| rollout/                |             |
|    ep_len_mean          | 200         |
|    ep_rew_mean          | -75.9       |
| time/                   |             |
|    fps                  | 67          |
|    iterations           | 71          |
|    time_elapsed         | 2167        |
|    total_timesteps      | 145408      |
| train/                  |             |
|    approx_kl            | 0.021444514 |
|    clip_fraction        | 0.262       |
|    clip_range           | 0.2         |
|    entropy_loss         | -4.45       |
|    explained_variance   | -0.213      |
|    learning_rate        | 0.0003      |
|    loss                 | -0.0336     |
|    n_updates            | 700         |
|    policy_gradient_loss | -0.0253     |
|    std                  | 0.458       |
|    value_loss           | 2.73e-05    |
-----------------------------------------
-----------------------------------------
| rollout/                |             |
|    ep_len_mean          | 200         |
|    ep_rew_mean          | -74.7       |
| time/                   |             |
|    fps                  | 67          |
|    iterations           | 72          |
|    time_elapsed         | 2198        |
|    total_timesteps      | 147456      |
| train/                  |             |
|    approx_kl            | 0.024573486 |
|    clip_fraction        | 0.28        |
|    clip_range           | 0.2         |
|    entropy_loss         | -4.32       |
|    explained_variance   | -0.39       |
|    learning_rate        | 0.0003      |
|    loss                 | -0.00166    |
|    n_updates            | 710         |
|    policy_gradient_loss | -0.0229     |
|    std                  | 0.451       |
|    value_loss           | 2.5e-05     |
-----------------------------------------
-----------------------------------------
| rollout/                |             |
|    ep_len_mean          | 200         |
|    ep_rew_mean          | -73.2       |
| time/                   |             |
|    fps                  | 67          |
|    iterations           | 73          |
|    time_elapsed         | 2230        |
|    total_timesteps      | 149504      |
| train/                  |             |
|    approx_kl            | 0.022592522 |
|    clip_fraction        | 0.248       |
|    clip_range           | 0.2         |
|    entropy_loss         | -4.2        |
|    explained_variance   | -0.143      |
|    learning_rate        | 0.0003      |
|    loss                 | -0.00784    |
|    n_updates            | 720         |
|    policy_gradient_loss | -0.0214     |
|    std                  | 0.443       |
|    value_loss           | 2.37e-05    |
-----------------------------------------
-----------------------------------------
| rollout/                |             |
|    ep_len_mean          | 200         |
|    ep_rew_mean          | -72.1       |
| time/                   |             |
|    fps                  | 66          |
|    iterations           | 74          |
|    time_elapsed         | 2262        |
|    total_timesteps      | 151552      |
| train/                  |             |
|    approx_kl            | 0.022722472 |
|    clip_fraction        | 0.251       |
|    clip_range           | 0.2         |
|    entropy_loss         | -4.09       |
|    explained_variance   | -0.0707     |
|    learning_rate        | 0.0003      |
|    loss                 | -0.0513     |
|    n_updates            | 730         |
|    policy_gradient_loss | -0.0191     |
|    std                  | 0.437       |
|    value_loss           | 4.86e-05    |
-----------------------------------------
----------------------------------------
| rollout/                |            |
|    ep_len_mean          | 200        |
|    ep_rew_mean          | -70.8      |
| time/                   |            |
|    fps                  | 66         |
|    iterations           | 75         |
|    time_elapsed         | 2294       |
|    total_timesteps      | 153600     |
| train/                  |            |
|    approx_kl            | 0.02736618 |
|    clip_fraction        | 0.278      |
|    clip_range           | 0.2        |
|    entropy_loss         | -3.98      |
|    explained_variance   | -0.126     |
|    learning_rate        | 0.0003     |
|    loss                 | -0.0582    |
|    n_updates            | 740        |
|    policy_gradient_loss | -0.0241    |
|    std                  | 0.431      |
|    value_loss           | 3.85e-05   |
----------------------------------------
-----------------------------------------
| rollout/                |             |
|    ep_len_mean          | 200         |
|    ep_rew_mean          | -69.7       |
| time/                   |             |
|    fps                  | 66          |
|    iterations           | 76          |
|    time_elapsed         | 2326        |
|    total_timesteps      | 155648      |
| train/                  |             |
|    approx_kl            | 0.026262391 |
|    clip_fraction        | 0.287       |
|    clip_range           | 0.2         |
|    entropy_loss         | -3.88       |
|    explained_variance   | -0.204      |
|    learning_rate        | 0.0003      |
|    loss                 | -0.00795    |
|    n_updates            | 750         |
|    policy_gradient_loss | -0.0256     |
|    std                  | 0.425       |
|    value_loss           | 2.91e-05    |
-----------------------------------------
-----------------------------------------
| rollout/                |             |
|    ep_len_mean          | 200         |
|    ep_rew_mean          | -68.5       |
| time/                   |             |
|    fps                  | 66          |
|    iterations           | 77          |
|    time_elapsed         | 2359        |
|    total_timesteps      | 157696      |
| train/                  |             |
|    approx_kl            | 0.022862539 |
|    clip_fraction        | 0.295       |
|    clip_range           | 0.2         |
|    entropy_loss         | -3.77       |
|    explained_variance   | -0.0394     |
|    learning_rate        | 0.0003      |
|    loss                 | -0.0265     |
|    n_updates            | 760         |
|    policy_gradient_loss | -0.0198     |
|    std                  | 0.418       |
|    value_loss           | 8.8e-05     |
-----------------------------------------
-----------------------------------------
| rollout/                |             |
|    ep_len_mean          | 200         |
|    ep_rew_mean          | -67.5       |
| time/                   |             |
|    fps                  | 66          |
|    iterations           | 78          |
|    time_elapsed         | 2391        |
|    total_timesteps      | 159744      |
| train/                  |             |
|    approx_kl            | 0.029986618 |
|    clip_fraction        | 0.299       |
|    clip_range           | 0.2         |
|    entropy_loss         | -3.64       |
|    explained_variance   | -0.476      |
|    learning_rate        | 0.0003      |
|    loss                 | -0.0519     |
|    n_updates            | 770         |
|    policy_gradient_loss | -0.024      |
|    std                  | 0.411       |
|    value_loss           | 2.47e-05    |
-----------------------------------------
-----------------------------------------
| rollout/                |             |
|    ep_len_mean          | 200         |
|    ep_rew_mean          | -66.5       |
| time/                   |             |
|    fps                  | 66          |
|    iterations           | 79          |
|    time_elapsed         | 2423        |
|    total_timesteps      | 161792      |
| train/                  |             |
|    approx_kl            | 0.022559479 |
|    clip_fraction        | 0.284       |
|    clip_range           | 0.2         |
|    entropy_loss         | -3.52       |
|    explained_variance   | -0.152      |
|    learning_rate        | 0.0003      |
|    loss                 | -0.0368     |
|    n_updates            | 780         |
|    policy_gradient_loss | -0.0241     |
|    std                  | 0.404       |
|    value_loss           | 2.55e-05    |
-----------------------------------------
-----------------------------------------
| rollout/                |             |
|    ep_len_mean          | 200         |
|    ep_rew_mean          | -65.6       |
| time/                   |             |
|    fps                  | 66          |
|    iterations           | 80          |
|    time_elapsed         | 2455        |
|    total_timesteps      | 163840      |
| train/                  |             |
|    approx_kl            | 0.026692903 |
|    clip_fraction        | 0.289       |
|    clip_range           | 0.2         |
|    entropy_loss         | -3.39       |
|    explained_variance   | -0.108      |
|    learning_rate        | 0.0003      |
|    loss                 | -0.0371     |
|    n_updates            | 790         |
|    policy_gradient_loss | -0.0212     |
|    std                  | 0.397       |
|    value_loss           | 2.47e-05    |
-----------------------------------------
-----------------------------------------
| rollout/                |             |
|    ep_len_mean          | 200         |
|    ep_rew_mean          | -64.6       |
| time/                   |             |
|    fps                  | 66          |
|    iterations           | 81          |
|    time_elapsed         | 2488        |
|    total_timesteps      | 165888      |
| train/                  |             |
|    approx_kl            | 0.028902259 |
|    clip_fraction        | 0.299       |
|    clip_range           | 0.2         |
|    entropy_loss         | -3.27       |
|    explained_variance   | -0.127      |
|    learning_rate        | 0.0003      |
|    loss                 | 0.0382      |
|    n_updates            | 800         |
|    policy_gradient_loss | -0.0208     |
|    std                  | 0.39        |
|    value_loss           | 2.88e-05    |
-----------------------------------------
-----------------------------------------
| rollout/                |             |
|    ep_len_mean          | 200         |
|    ep_rew_mean          | -63.5       |
| time/                   |             |
|    fps                  | 66          |
|    iterations           | 82          |
|    time_elapsed         | 2520        |
|    total_timesteps      | 167936      |
| train/                  |             |
|    approx_kl            | 0.025272312 |
|    clip_fraction        | 0.307       |
|    clip_range           | 0.2         |
|    entropy_loss         | -3.16       |
|    explained_variance   | -0.0562     |
|    learning_rate        | 0.0003      |
|    loss                 | -0.0314     |
|    n_updates            | 810         |
|    policy_gradient_loss | -0.0201     |
|    std                  | 0.385       |
|    value_loss           | 3.19e-05    |
-----------------------------------------
-----------------------------------------
| rollout/                |             |
|    ep_len_mean          | 200         |
|    ep_rew_mean          | -62.6       |
| time/                   |             |
|    fps                  | 66          |
|    iterations           | 83          |
|    time_elapsed         | 2553        |
|    total_timesteps      | 169984      |
| train/                  |             |
|    approx_kl            | 0.024643648 |
|    clip_fraction        | 0.287       |
|    clip_range           | 0.2         |
|    entropy_loss         | -3.05       |
|    explained_variance   | -0.00865    |
|    learning_rate        | 0.0003      |
|    loss                 | -0.048      |
|    n_updates            | 820         |
|    policy_gradient_loss | -0.0208     |
|    std                  | 0.379       |
|    value_loss           | 3.18e-05    |
-----------------------------------------
-----------------------------------------
| rollout/                |             |
|    ep_len_mean          | 200         |
|    ep_rew_mean          | -61.6       |
| time/                   |             |
|    fps                  | 66          |
|    iterations           | 84          |
|    time_elapsed         | 2585        |
|    total_timesteps      | 172032      |
| train/                  |             |
|    approx_kl            | 0.023838058 |
|    clip_fraction        | 0.29        |
|    clip_range           | 0.2         |
|    entropy_loss         | -2.95       |
|    explained_variance   | -0.235      |
|    learning_rate        | 0.0003      |
|    loss                 | -0.00744    |
|    n_updates            | 830         |
|    policy_gradient_loss | -0.0169     |
|    std                  | 0.374       |
|    value_loss           | 1.85e-05    |
-----------------------------------------
----------------------------------------
| rollout/                |            |
|    ep_len_mean          | 200        |
|    ep_rew_mean          | -60.6      |
| time/                   |            |
|    fps                  | 66         |
|    iterations           | 85         |
|    time_elapsed         | 2618       |
|    total_timesteps      | 174080     |
| train/                  |            |
|    approx_kl            | 0.02629534 |
|    clip_fraction        | 0.321      |
|    clip_range           | 0.2        |
|    entropy_loss         | -2.84      |
|    explained_variance   | -0.0185    |
|    learning_rate        | 0.0003     |
|    loss                 | -0.0219    |
|    n_updates            | 840        |
|    policy_gradient_loss | -0.0197    |
|    std                  | 0.368      |
|    value_loss           | 3.69e-05   |
----------------------------------------
----------------------------------------
| rollout/                |            |
|    ep_len_mean          | 200        |
|    ep_rew_mean          | -59.5      |
| time/                   |            |
|    fps                  | 66         |
|    iterations           | 86         |
|    time_elapsed         | 2650       |
|    total_timesteps      | 176128     |
| train/                  |            |
|    approx_kl            | 0.02778224 |
|    clip_fraction        | 0.307      |
|    clip_range           | 0.2        |
|    entropy_loss         | -2.71      |
|    explained_variance   | -0.124     |
|    learning_rate        | 0.0003     |
|    loss                 | -0.0135    |
|    n_updates            | 850        |
|    policy_gradient_loss | -0.0247    |
|    std                  | 0.361      |
|    value_loss           | 2.06e-05   |
----------------------------------------
-----------------------------------------
| rollout/                |             |
|    ep_len_mean          | 200         |
|    ep_rew_mean          | -58.6       |
| time/                   |             |
|    fps                  | 66          |
|    iterations           | 87          |
|    time_elapsed         | 2683        |
|    total_timesteps      | 178176      |
| train/                  |             |
|    approx_kl            | 0.028411303 |
|    clip_fraction        | 0.279       |
|    clip_range           | 0.2         |
|    entropy_loss         | -2.55       |
|    explained_variance   | -0.0606     |
|    learning_rate        | 0.0003      |
|    loss                 | -0.00909    |
|    n_updates            | 860         |
|    policy_gradient_loss | -0.0172     |
|    std                  | 0.353       |
|    value_loss           | 1.91e-05    |
-----------------------------------------
-----------------------------------------
| rollout/                |             |
|    ep_len_mean          | 200         |
|    ep_rew_mean          | -57.7       |
| time/                   |             |
|    fps                  | 66          |
|    iterations           | 88          |
|    time_elapsed         | 2715        |
|    total_timesteps      | 180224      |
| train/                  |             |
|    approx_kl            | 0.030171761 |
|    clip_fraction        | 0.315       |
|    clip_range           | 0.2         |
|    entropy_loss         | -2.43       |
|    explained_variance   | -0.22       |
|    learning_rate        | 0.0003      |
|    loss                 | -0.0585     |
|    n_updates            | 870         |
|    policy_gradient_loss | -0.0188     |
|    std                  | 0.348       |
|    value_loss           | 1.97e-05    |
-----------------------------------------
-----------------------------------------
| rollout/                |             |
|    ep_len_mean          | 200         |
|    ep_rew_mean          | -56.5       |
| time/                   |             |
|    fps                  | 66          |
|    iterations           | 89          |
|    time_elapsed         | 2748        |
|    total_timesteps      | 182272      |
| train/                  |             |
|    approx_kl            | 0.028590199 |
|    clip_fraction        | 0.329       |
|    clip_range           | 0.2         |
|    entropy_loss         | -2.29       |
|    explained_variance   | 0.0271      |
|    learning_rate        | 0.0003      |
|    loss                 | -0.0368     |
|    n_updates            | 880         |
|    policy_gradient_loss | -0.0194     |
|    std                  | 0.34        |
|    value_loss           | 1.83e-05    |
-----------------------------------------
-----------------------------------------
| rollout/                |             |
|    ep_len_mean          | 200         |
|    ep_rew_mean          | -55.5       |
| time/                   |             |
|    fps                  | 66          |
|    iterations           | 90          |
|    time_elapsed         | 2780        |
|    total_timesteps      | 184320      |
| train/                  |             |
|    approx_kl            | 0.024631854 |
|    clip_fraction        | 0.29        |
|    clip_range           | 0.2         |
|    entropy_loss         | -2.14       |
|    explained_variance   | -0.101      |
|    learning_rate        | 0.0003      |
|    loss                 | -0.0558     |
|    n_updates            | 890         |
|    policy_gradient_loss | -0.0177     |
|    std                  | 0.334       |
|    value_loss           | 2.09e-05    |
-----------------------------------------
-----------------------------------------
| rollout/                |             |
|    ep_len_mean          | 200         |
|    ep_rew_mean          | -54.5       |
| time/                   |             |
|    fps                  | 66          |
|    iterations           | 91          |
|    time_elapsed         | 2813        |
|    total_timesteps      | 186368      |
| train/                  |             |
|    approx_kl            | 0.031827778 |
|    clip_fraction        | 0.333       |
|    clip_range           | 0.2         |
|    entropy_loss         | -2          |
|    explained_variance   | -0.00624    |
|    learning_rate        | 0.0003      |
|    loss                 | -0.0133     |
|    n_updates            | 900         |
|    policy_gradient_loss | -0.0197     |
|    std                  | 0.328       |
|    value_loss           | 1.84e-05    |
-----------------------------------------
-----------------------------------------
| rollout/                |             |
|    ep_len_mean          | 200         |
|    ep_rew_mean          | -53.6       |
| time/                   |             |
|    fps                  | 66          |
|    iterations           | 92          |
|    time_elapsed         | 2845        |
|    total_timesteps      | 188416      |
| train/                  |             |
|    approx_kl            | 0.032730684 |
|    clip_fraction        | 0.313       |
|    clip_range           | 0.2         |
|    entropy_loss         | -1.86       |
|    explained_variance   | -0.0519     |
|    learning_rate        | 0.0003      |
|    loss                 | -0.0414     |
|    n_updates            | 910         |
|    policy_gradient_loss | -0.0139     |
|    std                  | 0.322       |
|    value_loss           | 1.79e-05    |
-----------------------------------------
-----------------------------------------
| rollout/                |             |
|    ep_len_mean          | 200         |
|    ep_rew_mean          | -52.6       |
| time/                   |             |
|    fps                  | 66          |
|    iterations           | 93          |
|    time_elapsed         | 2878        |
|    total_timesteps      | 190464      |
| train/                  |             |
|    approx_kl            | 0.028539136 |
|    clip_fraction        | 0.324       |
|    clip_range           | 0.2         |
|    entropy_loss         | -1.73       |
|    explained_variance   | 0.0238      |
|    learning_rate        | 0.0003      |
|    loss                 | -0.0376     |
|    n_updates            | 920         |
|    policy_gradient_loss | -0.0209     |
|    std                  | 0.316       |
|    value_loss           | 1.91e-05    |
-----------------------------------------
-----------------------------------------
| rollout/                |             |
|    ep_len_mean          | 200         |
|    ep_rew_mean          | -51.7       |
| time/                   |             |
|    fps                  | 66          |
|    iterations           | 94          |
|    time_elapsed         | 2910        |
|    total_timesteps      | 192512      |
| train/                  |             |
|    approx_kl            | 0.031558428 |
|    clip_fraction        | 0.318       |
|    clip_range           | 0.2         |
|    entropy_loss         | -1.58       |
|    explained_variance   | -0.142      |
|    learning_rate        | 0.0003      |
|    loss                 | -0.0194     |
|    n_updates            | 930         |
|    policy_gradient_loss | -0.0151     |
|    std                  | 0.31        |
|    value_loss           | 1.49e-05    |
-----------------------------------------
-----------------------------------------
| rollout/                |             |
|    ep_len_mean          | 200         |
|    ep_rew_mean          | -50.7       |
| time/                   |             |
|    fps                  | 66          |
|    iterations           | 95          |
|    time_elapsed         | 2939        |
|    total_timesteps      | 194560      |
| train/                  |             |
|    approx_kl            | 0.026850369 |
|    clip_fraction        | 0.332       |
|    clip_range           | 0.2         |
|    entropy_loss         | -1.43       |
|    explained_variance   | 0.038       |
|    learning_rate        | 0.0003      |
|    loss                 | -0.0546     |
|    n_updates            | 940         |
|    policy_gradient_loss | -0.0137     |
|    std                  | 0.304       |
|    value_loss           | 1.66e-05    |
-----------------------------------------
-----------------------------------------
| rollout/                |             |
|    ep_len_mean          | 200         |
|    ep_rew_mean          | -49.8       |
| time/                   |             |
|    fps                  | 66          |
|    iterations           | 96          |
|    time_elapsed         | 2968        |
|    total_timesteps      | 196608      |
| train/                  |             |
|    approx_kl            | 0.031430047 |
|    clip_fraction        | 0.319       |
|    clip_range           | 0.2         |
|    entropy_loss         | -1.3        |
|    explained_variance   | -7.03e-06   |
|    learning_rate        | 0.0003      |
|    loss                 | -0.00971    |
|    n_updates            | 950         |
|    policy_gradient_loss | -0.0142     |
|    std                  | 0.298       |
|    value_loss           | 1.25e-05    |
-----------------------------------------
-----------------------------------------
| rollout/                |             |
|    ep_len_mean          | 200         |
|    ep_rew_mean          | -48.9       |
| time/                   |             |
|    fps                  | 66          |
|    iterations           | 97          |
|    time_elapsed         | 2997        |
|    total_timesteps      | 198656      |
| train/                  |             |
|    approx_kl            | 0.029554809 |
|    clip_fraction        | 0.341       |
|    clip_range           | 0.2         |
|    entropy_loss         | -1.17       |
|    explained_variance   | -0.0157     |
|    learning_rate        | 0.0003      |
|    loss                 | 0.00517     |
|    n_updates            | 960         |
|    policy_gradient_loss | -0.0162     |
|    std                  | 0.293       |
|    value_loss           | 1.65e-05    |
-----------------------------------------
----------------------------------------
| rollout/                |            |
|    ep_len_mean          | 200        |
|    ep_rew_mean          | -48        |
| time/                   |            |
|    fps                  | 66         |
|    iterations           | 98         |
|    time_elapsed         | 3026       |
|    total_timesteps      | 200704     |
| train/                  |            |
|    approx_kl            | 0.03404164 |
|    clip_fraction        | 0.352      |
|    clip_range           | 0.2        |
|    entropy_loss         | -1.02      |
|    explained_variance   | 0.0323     |
|    learning_rate        | 0.0003     |
|    loss                 | -0.0122    |
|    n_updates            | 970        |
|    policy_gradient_loss | -0.014     |
|    std                  | 0.287      |
|    value_loss           | 1.53e-05   |
----------------------------------------
-----------------------------------------
| rollout/                |             |
|    ep_len_mean          | 200         |
|    ep_rew_mean          | -47.2       |
| time/                   |             |
|    fps                  | 66          |
|    iterations           | 99          |
|    time_elapsed         | 3055        |
|    total_timesteps      | 202752      |
| train/                  |             |
|    approx_kl            | 0.031721793 |
|    clip_fraction        | 0.345       |
|    clip_range           | 0.2         |
|    entropy_loss         | -0.879      |
|    explained_variance   | -0.199      |
|    learning_rate        | 0.0003      |
|    loss                 | -0.0461     |
|    n_updates            | 980         |
|    policy_gradient_loss | -0.0131     |
|    std                  | 0.282       |
|    value_loss           | 1.35e-05    |
-----------------------------------------
-----------------------------------------
| rollout/                |             |
|    ep_len_mean          | 200         |
|    ep_rew_mean          | -46.2       |
| time/                   |             |
|    fps                  | 66          |
|    iterations           | 100         |
|    time_elapsed         | 3085        |
|    total_timesteps      | 204800      |
| train/                  |             |
|    approx_kl            | 0.028981764 |
|    clip_fraction        | 0.345       |
|    clip_range           | 0.2         |
|    entropy_loss         | -0.753      |
|    explained_variance   | 0.0297      |
|    learning_rate        | 0.0003      |
|    loss                 | -0.0363     |
|    n_updates            | 990         |
|    policy_gradient_loss | -0.0131     |
|    std                  | 0.278       |
|    value_loss           | 1.29e-05    |
-----------------------------------------
---------------------------------------
| rollout/                |           |
|    ep_len_mean          | 200       |
|    ep_rew_mean          | -45.5     |
| time/                   |           |
|    fps                  | 66        |
|    iterations           | 101       |
|    time_elapsed         | 3114      |
|    total_timesteps      | 206848    |
| train/                  |           |
|    approx_kl            | 0.0357763 |
|    clip_fraction        | 0.343     |
|    clip_range           | 0.2       |
|    entropy_loss         | -0.63     |
|    explained_variance   | 0.0223    |
|    learning_rate        | 0.0003    |
|    loss                 | -0.0133   |
|    n_updates            | 1000      |
|    policy_gradient_loss | -0.0129   |
|    std                  | 0.273     |
|    value_loss           | 1.51e-05  |
---------------------------------------
----------------------------------------
| rollout/                |            |
|    ep_len_mean          | 200        |
|    ep_rew_mean          | -44.6      |
| time/                   |            |
|    fps                  | 66         |
|    iterations           | 102        |
|    time_elapsed         | 3143       |
|    total_timesteps      | 208896     |
| train/                  |            |
|    approx_kl            | 0.03172103 |
|    clip_fraction        | 0.361      |
|    clip_range           | 0.2        |
|    entropy_loss         | -0.491     |
|    explained_variance   | -0.0444    |
|    learning_rate        | 0.0003     |
|    loss                 | -0.00142   |
|    n_updates            | 1010       |
|    policy_gradient_loss | -0.0149    |
|    std                  | 0.268      |
|    value_loss           | 1.22e-05   |
----------------------------------------
-----------------------------------------
| rollout/                |             |
|    ep_len_mean          | 200         |
|    ep_rew_mean          | -43.8       |
| time/                   |             |
|    fps                  | 66          |
|    iterations           | 103         |
|    time_elapsed         | 3172        |
|    total_timesteps      | 210944      |
| train/                  |             |
|    approx_kl            | 0.037839197 |
|    clip_fraction        | 0.364       |
|    clip_range           | 0.2         |
|    entropy_loss         | -0.352      |
|    explained_variance   | 0.117       |
|    learning_rate        | 0.0003      |
|    loss                 | 0.0161      |
|    n_updates            | 1020        |
|    policy_gradient_loss | -0.0137     |
|    std                  | 0.263       |
|    value_loss           | 1.27e-05    |
-----------------------------------------
-----------------------------------------
| rollout/                |             |
|    ep_len_mean          | 200         |
|    ep_rew_mean          | -43         |
| time/                   |             |
|    fps                  | 66          |
|    iterations           | 104         |
|    time_elapsed         | 3202        |
|    total_timesteps      | 212992      |
| train/                  |             |
|    approx_kl            | 0.029988032 |
|    clip_fraction        | 0.35        |
|    clip_range           | 0.2         |
|    entropy_loss         | -0.218      |
|    explained_variance   | 0.056       |
|    learning_rate        | 0.0003      |
|    loss                 | -0.0383     |
|    n_updates            | 1030        |
|    policy_gradient_loss | -0.00657    |
|    std                  | 0.259       |
|    value_loss           | 1.22e-05    |
-----------------------------------------
-----------------------------------------
| rollout/                |             |
|    ep_len_mean          | 200         |
|    ep_rew_mean          | -42.3       |
| time/                   |             |
|    fps                  | 66          |
|    iterations           | 105         |
|    time_elapsed         | 3231        |
|    total_timesteps      | 215040      |
| train/                  |             |
|    approx_kl            | 0.044320863 |
|    clip_fraction        | 0.409       |
|    clip_range           | 0.2         |
|    entropy_loss         | -0.104      |
|    explained_variance   | -0.0846     |
|    learning_rate        | 0.0003      |
|    loss                 | -0.0296     |
|    n_updates            | 1040        |
|    policy_gradient_loss | -0.00862    |
|    std                  | 0.256       |
|    value_loss           | 1.07e-05    |
-----------------------------------------
----------------------------------------
| rollout/                |            |
|    ep_len_mean          | 200        |
|    ep_rew_mean          | -41.4      |
| time/                   |            |
|    fps                  | 66         |
|    iterations           | 106        |
|    time_elapsed         | 3261       |
|    total_timesteps      | 217088     |
| train/                  |            |
|    approx_kl            | 0.03597763 |
|    clip_fraction        | 0.39       |
|    clip_range           | 0.2        |
|    entropy_loss         | 0.00855    |
|    explained_variance   | -0.14      |
|    learning_rate        | 0.0003     |
|    loss                 | -0.0607    |
|    n_updates            | 1050       |
|    policy_gradient_loss | -0.00914   |
|    std                  | 0.252      |
|    value_loss           | 1.08e-05   |
----------------------------------------
-----------------------------------------
| rollout/                |             |
|    ep_len_mean          | 200         |
|    ep_rew_mean          | -40.7       |
| time/                   |             |
|    fps                  | 66          |
|    iterations           | 107         |
|    time_elapsed         | 3290        |
|    total_timesteps      | 219136      |
| train/                  |             |
|    approx_kl            | 0.045443308 |
|    clip_fraction        | 0.398       |
|    clip_range           | 0.2         |
|    entropy_loss         | 0.147       |
|    explained_variance   | -0.0903     |
|    learning_rate        | 0.0003      |
|    loss                 | -0.0296     |
|    n_updates            | 1060        |
|    policy_gradient_loss | -0.00865    |
|    std                  | 0.247       |
|    value_loss           | 1.16e-05    |
-----------------------------------------
-----------------------------------------
| rollout/                |             |
|    ep_len_mean          | 200         |
|    ep_rew_mean          | -40         |
| time/                   |             |
|    fps                  | 66          |
|    iterations           | 108         |
|    time_elapsed         | 3320        |
|    total_timesteps      | 221184      |
| train/                  |             |
|    approx_kl            | 0.037716374 |
|    clip_fraction        | 0.394       |
|    clip_range           | 0.2         |
|    entropy_loss         | 0.275       |
|    explained_variance   | -0.0127     |
|    learning_rate        | 0.0003      |
|    loss                 | -0.0095     |
|    n_updates            | 1070        |
|    policy_gradient_loss | -0.00689    |
|    std                  | 0.243       |
|    value_loss           | 1.12e-05    |
-----------------------------------------
----------------------------------------
| rollout/                |            |
|    ep_len_mean          | 200        |
|    ep_rew_mean          | -39.3      |
| time/                   |            |
|    fps                  | 66         |
|    iterations           | 109        |
|    time_elapsed         | 3349       |
|    total_timesteps      | 223232     |
| train/                  |            |
|    approx_kl            | 0.03632164 |
|    clip_fraction        | 0.378      |
|    clip_range           | 0.2        |
|    entropy_loss         | 0.405      |
|    explained_variance   | 0.0715     |
|    learning_rate        | 0.0003     |
|    loss                 | 0.00445    |
|    n_updates            | 1080       |
|    policy_gradient_loss | -0.00735   |
|    std                  | 0.238      |
|    value_loss           | 8.41e-06   |
----------------------------------------
-----------------------------------------
| rollout/                |             |
|    ep_len_mean          | 200         |
|    ep_rew_mean          | -38.6       |
| time/                   |             |
|    fps                  | 66          |
|    iterations           | 110         |
|    time_elapsed         | 3379        |
|    total_timesteps      | 225280      |
| train/                  |             |
|    approx_kl            | 0.044671506 |
|    clip_fraction        | 0.391       |
|    clip_range           | 0.2         |
|    entropy_loss         | 0.527       |
|    explained_variance   | 0.0934      |
|    learning_rate        | 0.0003      |
|    loss                 | 0.00193     |
|    n_updates            | 1090        |
|    policy_gradient_loss | -0.00605    |
|    std                  | 0.235       |
|    value_loss           | 1.11e-05    |
-----------------------------------------
---------------------------------------
| rollout/                |           |
|    ep_len_mean          | 200       |
|    ep_rew_mean          | -37.9     |
| time/                   |           |
|    fps                  | 66        |
|    iterations           | 111       |
|    time_elapsed         | 3409      |
|    total_timesteps      | 227328    |
| train/                  |           |
|    approx_kl            | 0.0477266 |
|    clip_fraction        | 0.385     |
|    clip_range           | 0.2       |
|    entropy_loss         | 0.641     |
|    explained_variance   | -0.0696   |
|    learning_rate        | 0.0003    |
|    loss                 | -0.0195   |
|    n_updates            | 1100      |
|    policy_gradient_loss | -0.00683  |
|    std                  | 0.231     |
|    value_loss           | 1.02e-05  |
---------------------------------------
-----------------------------------------
| rollout/                |             |
|    ep_len_mean          | 200         |
|    ep_rew_mean          | -37.2       |
| time/                   |             |
|    fps                  | 66          |
|    iterations           | 112         |
|    time_elapsed         | 3438        |
|    total_timesteps      | 229376      |
| train/                  |             |
|    approx_kl            | 0.033751853 |
|    clip_fraction        | 0.397       |
|    clip_range           | 0.2         |
|    entropy_loss         | 0.782       |
|    explained_variance   | 0.0278      |
|    learning_rate        | 0.0003      |
|    loss                 | -0.0477     |
|    n_updates            | 1110        |
|    policy_gradient_loss | -0.00268    |
|    std                  | 0.226       |
|    value_loss           | 8.95e-06    |
-----------------------------------------
-----------------------------------------
| rollout/                |             |
|    ep_len_mean          | 200         |
|    ep_rew_mean          | -36.6       |
| time/                   |             |
|    fps                  | 66          |
|    iterations           | 113         |
|    time_elapsed         | 3468        |
|    total_timesteps      | 231424      |
| train/                  |             |
|    approx_kl            | 0.043845624 |
|    clip_fraction        | 0.394       |
|    clip_range           | 0.2         |
|    entropy_loss         | 0.923       |
|    explained_variance   | 0.107       |
|    learning_rate        | 0.0003      |
|    loss                 | -0.0107     |
|    n_updates            | 1120        |
|    policy_gradient_loss | -0.00937    |
|    std                  | 0.222       |
|    value_loss           | 1.04e-05    |
-----------------------------------------
----------------------------------------
| rollout/                |            |
|    ep_len_mean          | 200        |
|    ep_rew_mean          | -35.9      |
| time/                   |            |
|    fps                  | 66         |
|    iterations           | 114        |
|    time_elapsed         | 3498       |
|    total_timesteps      | 233472     |
| train/                  |            |
|    approx_kl            | 0.05146914 |
|    clip_fraction        | 0.402      |
|    clip_range           | 0.2        |
|    entropy_loss         | 1.04       |
|    explained_variance   | -0.178     |
|    learning_rate        | 0.0003     |
|    loss                 | -0.0191    |
|    n_updates            | 1130       |
|    policy_gradient_loss | -0.00595   |
|    std                  | 0.219      |
|    value_loss           | 8.61e-06   |
----------------------------------------
-----------------------------------------
| rollout/                |             |
|    ep_len_mean          | 200         |
|    ep_rew_mean          | -35.4       |
| time/                   |             |
|    fps                  | 66          |
|    iterations           | 115         |
|    time_elapsed         | 3527        |
|    total_timesteps      | 235520      |
| train/                  |             |
|    approx_kl            | 0.051773556 |
|    clip_fraction        | 0.432       |
|    clip_range           | 0.2         |
|    entropy_loss         | 1.16        |
|    explained_variance   | 0.212       |
|    learning_rate        | 0.0003      |
|    loss                 | -0.0579     |
|    n_updates            | 1140        |
|    policy_gradient_loss | -0.00381    |
|    std                  | 0.215       |
|    value_loss           | 8.48e-06    |
-----------------------------------------
-----------------------------------------
| rollout/                |             |
|    ep_len_mean          | 200         |
|    ep_rew_mean          | -34.8       |
| time/                   |             |
|    fps                  | 66          |
|    iterations           | 116         |
|    time_elapsed         | 3557        |
|    total_timesteps      | 237568      |
| train/                  |             |
|    approx_kl            | 0.041101694 |
|    clip_fraction        | 0.406       |
|    clip_range           | 0.2         |
|    entropy_loss         | 1.29        |
|    explained_variance   | 0.0773      |
|    learning_rate        | 0.0003      |
|    loss                 | 0.0361      |
|    n_updates            | 1150        |
|    policy_gradient_loss | -0.000111   |
|    std                  | 0.212       |
|    value_loss           | 8.06e-06    |
-----------------------------------------
----------------------------------------
| rollout/                |            |
|    ep_len_mean          | 200        |
|    ep_rew_mean          | -34.2      |
| time/                   |            |
|    fps                  | 66         |
|    iterations           | 117        |
|    time_elapsed         | 3587       |
|    total_timesteps      | 239616     |
| train/                  |            |
|    approx_kl            | 0.03489238 |
|    clip_fraction        | 0.392      |
|    clip_range           | 0.2        |
|    entropy_loss         | 1.4        |
|    explained_variance   | 0.153      |
|    learning_rate        | 0.0003     |
|    loss                 | 0.0255     |
|    n_updates            | 1160       |
|    policy_gradient_loss | -0.00551   |
|    std                  | 0.209      |
|    value_loss           | 6.92e-06   |
----------------------------------------
----------------------------------------
| rollout/                |            |
|    ep_len_mean          | 200        |
|    ep_rew_mean          | -33.6      |
| time/                   |            |
|    fps                  | 66         |
|    iterations           | 118        |
|    time_elapsed         | 3616       |
|    total_timesteps      | 241664     |
| train/                  |            |
|    approx_kl            | 0.07093221 |
|    clip_fraction        | 0.437      |
|    clip_range           | 0.2        |
|    entropy_loss         | 1.52       |
|    explained_variance   | 0.242      |
|    learning_rate        | 0.0003     |
|    loss                 | 0.0031     |
|    n_updates            | 1170       |
|    policy_gradient_loss | -0.00175   |
|    std                  | 0.205      |
|    value_loss           | 6.36e-06   |
----------------------------------------
---------------------------------------
| rollout/                |           |
|    ep_len_mean          | 200       |
|    ep_rew_mean          | -33       |
| time/                   |           |
|    fps                  | 66        |
|    iterations           | 119       |
|    time_elapsed         | 3646      |
|    total_timesteps      | 243712    |
| train/                  |           |
|    approx_kl            | 0.0449383 |
|    clip_fraction        | 0.432     |
|    clip_range           | 0.2       |
|    entropy_loss         | 1.66      |
|    explained_variance   | 0.179     |
|    learning_rate        | 0.0003    |
|    loss                 | -0.0155   |
|    n_updates            | 1180      |
|    policy_gradient_loss | -0.00149  |
|    std                  | 0.201     |
|    value_loss           | 6.67e-06  |
---------------------------------------
-----------------------------------------
| rollout/                |             |
|    ep_len_mean          | 200         |
|    ep_rew_mean          | -32.5       |
| time/                   |             |
|    fps                  | 66          |
|    iterations           | 120         |
|    time_elapsed         | 3676        |
|    total_timesteps      | 245760      |
| train/                  |             |
|    approx_kl            | 0.052416794 |
|    clip_fraction        | 0.444       |
|    clip_range           | 0.2         |
|    entropy_loss         | 1.79        |
|    explained_variance   | 0.314       |
|    learning_rate        | 0.0003      |
|    loss                 | 0.0164      |
|    n_updates            | 1190        |
|    policy_gradient_loss | -0.00539    |
|    std                  | 0.198       |
|    value_loss           | 6.73e-06    |
-----------------------------------------
----------------------------------------
| rollout/                |            |
|    ep_len_mean          | 200        |
|    ep_rew_mean          | -32        |
| time/                   |            |
|    fps                  | 66         |
|    iterations           | 121        |
|    time_elapsed         | 3706       |
|    total_timesteps      | 247808     |
| train/                  |            |
|    approx_kl            | 0.04324028 |
|    clip_fraction        | 0.426      |
|    clip_range           | 0.2        |
|    entropy_loss         | 1.93       |
|    explained_variance   | 0.3        |
|    learning_rate        | 0.0003     |
|    loss                 | -0.00665   |
|    n_updates            | 1200       |
|    policy_gradient_loss | 0.00159    |
|    std                  | 0.194      |
|    value_loss           | 6.97e-06   |
----------------------------------------
-----------------------------------------
| rollout/                |             |
|    ep_len_mean          | 200         |
|    ep_rew_mean          | -31.4       |
| time/                   |             |
|    fps                  | 66          |
|    iterations           | 122         |
|    time_elapsed         | 3735        |
|    total_timesteps      | 249856      |
| train/                  |             |
|    approx_kl            | 0.056952473 |
|    clip_fraction        | 0.457       |
|    clip_range           | 0.2         |
|    entropy_loss         | 2.06        |
|    explained_variance   | -0.151      |
|    learning_rate        | 0.0003      |
|    loss                 | -0.00539    |
|    n_updates            | 1210        |
|    policy_gradient_loss | 0.00208     |
|    std                  | 0.192       |
|    value_loss           | 5.34e-06    |
-----------------------------------------
-----------------------------------------
| rollout/                |             |
|    ep_len_mean          | 200         |
|    ep_rew_mean          | -30.9       |
| time/                   |             |
|    fps                  | 66          |
|    iterations           | 123         |
|    time_elapsed         | 3766        |
|    total_timesteps      | 251904      |
| train/                  |             |
|    approx_kl            | 0.059613816 |
|    clip_fraction        | 0.442       |
|    clip_range           | 0.2         |
|    entropy_loss         | 2.2         |
|    explained_variance   | 0.318       |
|    learning_rate        | 0.0003      |
|    loss                 | -0.0205     |
|    n_updates            | 1220        |
|    policy_gradient_loss | -0.000577   |
|    std                  | 0.188       |
|    value_loss           | 6.41e-06    |
-----------------------------------------
-----------------------------------------
| rollout/                |             |
|    ep_len_mean          | 200         |
|    ep_rew_mean          | -30.3       |
| time/                   |             |
|    fps                  | 66          |
|    iterations           | 124         |
|    time_elapsed         | 3796        |
|    total_timesteps      | 253952      |
| train/                  |             |
|    approx_kl            | 0.040028278 |
|    clip_fraction        | 0.436       |
|    clip_range           | 0.2         |
|    entropy_loss         | 2.32        |
|    explained_variance   | 0.243       |
|    learning_rate        | 0.0003      |
|    loss                 | -0.0218     |
|    n_updates            | 1230        |
|    policy_gradient_loss | 0.005       |
|    std                  | 0.187       |
|    value_loss           | 6.61e-06    |
-----------------------------------------
----------------------------------------
| rollout/                |            |
|    ep_len_mean          | 200        |
|    ep_rew_mean          | -29.8      |
| time/                   |            |
|    fps                  | 66         |
|    iterations           | 125        |
|    time_elapsed         | 3826       |
|    total_timesteps      | 256000     |
| train/                  |            |
|    approx_kl            | 0.07118413 |
|    clip_fraction        | 0.457      |
|    clip_range           | 0.2        |
|    entropy_loss         | 2.44       |
|    explained_variance   | 0.291      |
|    learning_rate        | 0.0003     |
|    loss                 | -0.0627    |
|    n_updates            | 1240       |
|    policy_gradient_loss | 0.00351    |
|    std                  | 0.183      |
|    value_loss           | 8.36e-06   |
----------------------------------------
-----------------------------------------
| rollout/                |             |
|    ep_len_mean          | 200         |
|    ep_rew_mean          | -29.4       |
| time/                   |             |
|    fps                  | 66          |
|    iterations           | 126         |
|    time_elapsed         | 3856        |
|    total_timesteps      | 258048      |
| train/                  |             |
|    approx_kl            | 0.053015903 |
|    clip_fraction        | 0.453       |
|    clip_range           | 0.2         |
|    entropy_loss         | 2.57        |
|    explained_variance   | 0.345       |
|    learning_rate        | 0.0003      |
|    loss                 | -0.000431   |
|    n_updates            | 1250        |
|    policy_gradient_loss | 0.00588     |
|    std                  | 0.181       |
|    value_loss           | 6.13e-06    |
-----------------------------------------
-----------------------------------------
| rollout/                |             |
|    ep_len_mean          | 200         |
|    ep_rew_mean          | -28.8       |
| time/                   |             |
|    fps                  | 66          |
|    iterations           | 127         |
|    time_elapsed         | 3886        |
|    total_timesteps      | 260096      |
| train/                  |             |
|    approx_kl            | 0.051458016 |
|    clip_fraction        | 0.459       |
|    clip_range           | 0.2         |
|    entropy_loss         | 2.7         |
|    explained_variance   | 0.133       |
|    learning_rate        | 0.0003      |
|    loss                 | -0.0126     |
|    n_updates            | 1260        |
|    policy_gradient_loss | -0.000307   |
|    std                  | 0.177       |
|    value_loss           | 4.67e-06    |
-----------------------------------------
-----------------------------------------
| rollout/                |             |
|    ep_len_mean          | 200         |
|    ep_rew_mean          | -28.4       |
| time/                   |             |
|    fps                  | 66          |
|    iterations           | 128         |
|    time_elapsed         | 3916        |
|    total_timesteps      | 262144      |
| train/                  |             |
|    approx_kl            | 0.052681144 |
|    clip_fraction        | 0.441       |
|    clip_range           | 0.2         |
|    entropy_loss         | 2.83        |
|    explained_variance   | 0.186       |
|    learning_rate        | 0.0003      |
|    loss                 | -0.018      |
|    n_updates            | 1270        |
|    policy_gradient_loss | 0.0069      |
|    std                  | 0.175       |
|    value_loss           | 3.9e-06     |
-----------------------------------------
-----------------------------------------
| rollout/                |             |
|    ep_len_mean          | 200         |
|    ep_rew_mean          | -28         |
| time/                   |             |
|    fps                  | 66          |
|    iterations           | 129         |
|    time_elapsed         | 3946        |
|    total_timesteps      | 264192      |
| train/                  |             |
|    approx_kl            | 0.058959153 |
|    clip_fraction        | 0.455       |
|    clip_range           | 0.2         |
|    entropy_loss         | 2.94        |
|    explained_variance   | 0.309       |
|    learning_rate        | 0.0003      |
|    loss                 | 0.0316      |
|    n_updates            | 1280        |
|    policy_gradient_loss | 0.00723     |
|    std                  | 0.172       |
|    value_loss           | 4.91e-06    |
-----------------------------------------
----------------------------------------
| rollout/                |            |
|    ep_len_mean          | 200        |
|    ep_rew_mean          | -27.6      |
| time/                   |            |
|    fps                  | 66         |
|    iterations           | 130        |
|    time_elapsed         | 3976       |
|    total_timesteps      | 266240     |
| train/                  |            |
|    approx_kl            | 0.09635702 |
|    clip_fraction        | 0.485      |
|    clip_range           | 0.2        |
|    entropy_loss         | 3.06       |
|    explained_variance   | 0.49       |
|    learning_rate        | 0.0003     |
|    loss                 | 0.0289     |
|    n_updates            | 1290       |
|    policy_gradient_loss | 0.00961    |
|    std                  | 0.169      |
|    value_loss           | 4.99e-06   |
----------------------------------------
-----------------------------------------
| rollout/                |             |
|    ep_len_mean          | 200         |
|    ep_rew_mean          | -27.2       |
| time/                   |             |
|    fps                  | 66          |
|    iterations           | 131         |
|    time_elapsed         | 4006        |
|    total_timesteps      | 268288      |
| train/                  |             |
|    approx_kl            | 0.054984625 |
|    clip_fraction        | 0.47        |
|    clip_range           | 0.2         |
|    entropy_loss         | 3.16        |
|    explained_variance   | 0.383       |
|    learning_rate        | 0.0003      |
|    loss                 | 0.00155     |
|    n_updates            | 1300        |
|    policy_gradient_loss | 0.011       |
|    std                  | 0.167       |
|    value_loss           | 4.41e-06    |
-----------------------------------------
-----------------------------------------
| rollout/                |             |
|    ep_len_mean          | 200         |
|    ep_rew_mean          | -26.9       |
| time/                   |             |
|    fps                  | 66          |
|    iterations           | 132         |
|    time_elapsed         | 4036        |
|    total_timesteps      | 270336      |
| train/                  |             |
|    approx_kl            | 0.056836434 |
|    clip_fraction        | 0.487       |
|    clip_range           | 0.2         |
|    entropy_loss         | 3.28        |
|    explained_variance   | 0.41        |
|    learning_rate        | 0.0003      |
|    loss                 | -0.00427    |
|    n_updates            | 1310        |
|    policy_gradient_loss | 0.00461     |
|    std                  | 0.164       |
|    value_loss           | 4.37e-06    |
-----------------------------------------
-----------------------------------------
| rollout/                |             |
|    ep_len_mean          | 200         |
|    ep_rew_mean          | -26.5       |
| time/                   |             |
|    fps                  | 66          |
|    iterations           | 133         |
|    time_elapsed         | 4067        |
|    total_timesteps      | 272384      |
| train/                  |             |
|    approx_kl            | 0.057644606 |
|    clip_fraction        | 0.479       |
|    clip_range           | 0.2         |
|    entropy_loss         | 3.4         |
|    explained_variance   | 0.362       |
|    learning_rate        | 0.0003      |
|    loss                 | 0.00746     |
|    n_updates            | 1320        |
|    policy_gradient_loss | 0.00477     |
|    std                  | 0.162       |
|    value_loss           | 6.03e-06    |
-----------------------------------------
----------------------------------------
| rollout/                |            |
|    ep_len_mean          | 200        |
|    ep_rew_mean          | -26.2      |
| time/                   |            |
|    fps                  | 66         |
|    iterations           | 134        |
|    time_elapsed         | 4097       |
|    total_timesteps      | 274432     |
| train/                  |            |
|    approx_kl            | 0.07425447 |
|    clip_fraction        | 0.487      |
|    clip_range           | 0.2        |
|    entropy_loss         | 3.51       |
|    explained_variance   | 0.198      |
|    learning_rate        | 0.0003     |
|    loss                 | -0.0137    |
|    n_updates            | 1330       |
|    policy_gradient_loss | 0.0123     |
|    std                  | 0.16       |
|    value_loss           | 3.83e-06   |
----------------------------------------
---------------------------------------
| rollout/                |           |
|    ep_len_mean          | 200       |
|    ep_rew_mean          | -25.9     |
| time/                   |           |
|    fps                  | 66        |
|    iterations           | 135       |
|    time_elapsed         | 4127      |
|    total_timesteps      | 276480    |
| train/                  |           |
|    approx_kl            | 0.0531744 |
|    clip_fraction        | 0.492     |
|    clip_range           | 0.2       |
|    entropy_loss         | 3.64      |
|    explained_variance   | 0.49      |
|    learning_rate        | 0.0003    |
|    loss                 | -0.0411   |
|    n_updates            | 1340      |
|    policy_gradient_loss | 0.00639   |
|    std                  | 0.157     |
|    value_loss           | 3.16e-06  |
---------------------------------------
----------------------------------------
| rollout/                |            |
|    ep_len_mean          | 200        |
|    ep_rew_mean          | -25.8      |
| time/                   |            |
|    fps                  | 66         |
|    iterations           | 136        |
|    time_elapsed         | 4158       |
|    total_timesteps      | 278528     |
| train/                  |            |
|    approx_kl            | 0.07817955 |
|    clip_fraction        | 0.499      |
|    clip_range           | 0.2        |
|    entropy_loss         | 3.75       |
|    explained_variance   | 0.308      |
|    learning_rate        | 0.0003     |
|    loss                 | 0.0313     |
|    n_updates            | 1350       |
|    policy_gradient_loss | 0.0096     |
|    std                  | 0.155      |
|    value_loss           | 7.78e-06   |
----------------------------------------
----------------------------------------
| rollout/                |            |
|    ep_len_mean          | 200        |
|    ep_rew_mean          | -25.7      |
| time/                   |            |
|    fps                  | 66         |
|    iterations           | 137        |
|    time_elapsed         | 4188       |
|    total_timesteps      | 280576     |
| train/                  |            |
|    approx_kl            | 0.07445552 |
|    clip_fraction        | 0.5        |
|    clip_range           | 0.2        |
|    entropy_loss         | 3.82       |
|    explained_variance   | 0.394      |
|    learning_rate        | 0.0003     |
|    loss                 | -0.0178    |
|    n_updates            | 1360       |
|    policy_gradient_loss | 0.0129     |
|    std                  | 0.154      |
|    value_loss           | 1.01e-05   |
----------------------------------------
----------------------------------------
| rollout/                |            |
|    ep_len_mean          | 200        |
|    ep_rew_mean          | -25.4      |
| time/                   |            |
|    fps                  | 66         |
|    iterations           | 138        |
|    time_elapsed         | 4218       |
|    total_timesteps      | 282624     |
| train/                  |            |
|    approx_kl            | 0.13534863 |
|    clip_fraction        | 0.522      |
|    clip_range           | 0.2        |
|    entropy_loss         | 3.91       |
|    explained_variance   | 0.23       |
|    learning_rate        | 0.0003     |
|    loss                 | -0.0047    |
|    n_updates            | 1370       |
|    policy_gradient_loss | -0.00309   |
|    std                  | 0.153      |
|    value_loss           | 4.07e-05   |
----------------------------------------
-----------------------------------------
| rollout/                |             |
|    ep_len_mean          | 200         |
|    ep_rew_mean          | -25.2       |
| time/                   |             |
|    fps                  | 67          |
|    iterations           | 139         |
|    time_elapsed         | 4248        |
|    total_timesteps      | 284672      |
| train/                  |             |
|    approx_kl            | 0.069536515 |
|    clip_fraction        | 0.511       |
|    clip_range           | 0.2         |
|    entropy_loss         | 3.99        |
|    explained_variance   | 0.312       |
|    learning_rate        | 0.0003      |
|    loss                 | 0.00945     |
|    n_updates            | 1380        |
|    policy_gradient_loss | 0.00897     |
|    std                  | 0.151       |
|    value_loss           | 6.97e-06    |
-----------------------------------------
----------------------------------------
| rollout/                |            |
|    ep_len_mean          | 200        |
|    ep_rew_mean          | -24.9      |
| time/                   |            |
|    fps                  | 67         |
|    iterations           | 140        |
|    time_elapsed         | 4278       |
|    total_timesteps      | 286720     |
| train/                  |            |
|    approx_kl            | 0.09256153 |
|    clip_fraction        | 0.503      |
|    clip_range           | 0.2        |
|    entropy_loss         | 4.11       |
|    explained_variance   | 0.52       |
|    learning_rate        | 0.0003     |
|    loss                 | 0.00396    |
|    n_updates            | 1390       |
|    policy_gradient_loss | 0.0124     |
|    std                  | 0.148      |
|    value_loss           | 5.52e-06   |
----------------------------------------
-----------------------------------------
| rollout/                |             |
|    ep_len_mean          | 200         |
|    ep_rew_mean          | -24.7       |
| time/                   |             |
|    fps                  | 67          |
|    iterations           | 141         |
|    time_elapsed         | 4308        |
|    total_timesteps      | 288768      |
| train/                  |             |
|    approx_kl            | 0.065357335 |
|    clip_fraction        | 0.503       |
|    clip_range           | 0.2         |
|    entropy_loss         | 4.23        |
|    explained_variance   | 0.641       |
|    learning_rate        | 0.0003      |
|    loss                 | -0.00258    |
|    n_updates            | 1400        |
|    policy_gradient_loss | 0.0173      |
|    std                  | 0.145       |
|    value_loss           | 3.63e-06    |
-----------------------------------------
----------------------------------------
| rollout/                |            |
|    ep_len_mean          | 200        |
|    ep_rew_mean          | -24.4      |
| time/                   |            |
|    fps                  | 67         |
|    iterations           | 142        |
|    time_elapsed         | 4339       |
|    total_timesteps      | 290816     |
| train/                  |            |
|    approx_kl            | 0.08682167 |
|    clip_fraction        | 0.529      |
|    clip_range           | 0.2        |
|    entropy_loss         | 4.36       |
|    explained_variance   | 0.446      |
|    learning_rate        | 0.0003     |
|    loss                 | -0.00412   |
|    n_updates            | 1410       |
|    policy_gradient_loss | 0.0141     |
|    std                  | 0.143      |
|    value_loss           | 5.21e-06   |
----------------------------------------
-----------------------------------------
| rollout/                |             |
|    ep_len_mean          | 200         |
|    ep_rew_mean          | -24.1       |
| time/                   |             |
|    fps                  | 67          |
|    iterations           | 143         |
|    time_elapsed         | 4369        |
|    total_timesteps      | 292864      |
| train/                  |             |
|    approx_kl            | 0.058297336 |
|    clip_fraction        | 0.499       |
|    clip_range           | 0.2         |
|    entropy_loss         | 4.46        |
|    explained_variance   | 0.296       |
|    learning_rate        | 0.0003      |
|    loss                 | -0.00632    |
|    n_updates            | 1420        |
|    policy_gradient_loss | 0.0139      |
|    std                  | 0.141       |
|    value_loss           | 3.96e-06    |
-----------------------------------------
-----------------------------------------
| rollout/                |             |
|    ep_len_mean          | 200         |
|    ep_rew_mean          | -23.8       |
| time/                   |             |
|    fps                  | 67          |
|    iterations           | 144         |
|    time_elapsed         | 4400        |
|    total_timesteps      | 294912      |
| train/                  |             |
|    approx_kl            | 0.108135335 |
|    clip_fraction        | 0.494       |
|    clip_range           | 0.2         |
|    entropy_loss         | 4.57        |
|    explained_variance   | 0.206       |
|    learning_rate        | 0.0003      |
|    loss                 | -0.044      |
|    n_updates            | 1430        |
|    policy_gradient_loss | 0.00976     |
|    std                  | 0.139       |
|    value_loss           | 5.17e-06    |
-----------------------------------------
-----------------------------------------
| rollout/                |             |
|    ep_len_mean          | 200         |
|    ep_rew_mean          | -23.6       |
| time/                   |             |
|    fps                  | 67          |
|    iterations           | 145         |
|    time_elapsed         | 4430        |
|    total_timesteps      | 296960      |
| train/                  |             |
|    approx_kl            | 0.095585495 |
|    clip_fraction        | 0.536       |
|    clip_range           | 0.2         |
|    entropy_loss         | 4.68        |
|    explained_variance   | 0.397       |
|    learning_rate        | 0.0003      |
|    loss                 | -0.00174    |
|    n_updates            | 1440        |
|    policy_gradient_loss | 0.0227      |
|    std                  | 0.137       |
|    value_loss           | 4.39e-06    |
-----------------------------------------
-----------------------------------------
| rollout/                |             |
|    ep_len_mean          | 200         |
|    ep_rew_mean          | -23.3       |
| time/                   |             |
|    fps                  | 67          |
|    iterations           | 146         |
|    time_elapsed         | 4460        |
|    total_timesteps      | 299008      |
| train/                  |             |
|    approx_kl            | 0.094695896 |
|    clip_fraction        | 0.539       |
|    clip_range           | 0.2         |
|    entropy_loss         | 4.79        |
|    explained_variance   | 0.392       |
|    learning_rate        | 0.0003      |
|    loss                 | -0.0195     |
|    n_updates            | 1450        |
|    policy_gradient_loss | 0.0133      |
|    std                  | 0.135       |
|    value_loss           | 4.6e-06     |
-----------------------------------------
-----------------------------------------
| rollout/                |             |
|    ep_len_mean          | 200         |
|    ep_rew_mean          | -23         |
| time/                   |             |
|    fps                  | 67          |
|    iterations           | 147         |
|    time_elapsed         | 4491        |
|    total_timesteps      | 301056      |
| train/                  |             |
|    approx_kl            | 0.089955516 |
|    clip_fraction        | 0.527       |
|    clip_range           | 0.2         |
|    entropy_loss         | 4.9         |
|    explained_variance   | 0.565       |
|    learning_rate        | 0.0003      |
|    loss                 | 0.0285      |
|    n_updates            | 1460        |
|    policy_gradient_loss | 0.0132      |
|    std                  | 0.133       |
|    value_loss           | 4.13e-06    |
-----------------------------------------
----------------------------------------
| rollout/                |            |
|    ep_len_mean          | 200        |
|    ep_rew_mean          | -22.9      |
| time/                   |            |
|    fps                  | 67         |
|    iterations           | 148        |
|    time_elapsed         | 4521       |
|    total_timesteps      | 303104     |
| train/                  |            |
|    approx_kl            | 0.07664098 |
|    clip_fraction        | 0.529      |
|    clip_range           | 0.2        |
|    entropy_loss         | 5.01       |
|    explained_variance   | 0.721      |
|    learning_rate        | 0.0003     |
|    loss                 | -0.00054   |
|    n_updates            | 1470       |
|    policy_gradient_loss | 0.0185     |
|    std                  | 0.131      |
|    value_loss           | 3.43e-06   |
----------------------------------------
----------------------------------------
| rollout/                |            |
|    ep_len_mean          | 200        |
|    ep_rew_mean          | -22.8      |
| time/                   |            |
|    fps                  | 67         |
|    iterations           | 149        |
|    time_elapsed         | 4552       |
|    total_timesteps      | 305152     |
| train/                  |            |
|    approx_kl            | 0.08899984 |
|    clip_fraction        | 0.581      |
|    clip_range           | 0.2        |
|    entropy_loss         | 5.1        |
|    explained_variance   | 0.309      |
|    learning_rate        | 0.0003     |
|    loss                 | 0.0401     |
|    n_updates            | 1480       |
|    policy_gradient_loss | 0.0268     |
|    std                  | 0.13       |
|    value_loss           | 1.34e-05   |
----------------------------------------
----------------------------------------
| rollout/                |            |
|    ep_len_mean          | 200        |
|    ep_rew_mean          | -22.7      |
| time/                   |            |
|    fps                  | 67         |
|    iterations           | 150        |
|    time_elapsed         | 4582       |
|    total_timesteps      | 307200     |
| train/                  |            |
|    approx_kl            | 0.07272622 |
|    clip_fraction        | 0.559      |
|    clip_range           | 0.2        |
|    entropy_loss         | 5.15       |
|    explained_variance   | 0.396      |
|    learning_rate        | 0.0003     |
|    loss                 | 0.0403     |
|    n_updates            | 1490       |
|    policy_gradient_loss | 0.031      |
|    std                  | 0.129      |
|    value_loss           | 1.02e-05   |
----------------------------------------
---------------------------------------
| rollout/                |           |
|    ep_len_mean          | 200       |
|    ep_rew_mean          | -22.6     |
| time/                   |           |
|    fps                  | 67        |
|    iterations           | 151       |
|    time_elapsed         | 4612      |
|    total_timesteps      | 309248    |
| train/                  |           |
|    approx_kl            | 0.0778664 |
|    clip_fraction        | 0.574     |
|    clip_range           | 0.2       |
|    entropy_loss         | 5.18      |
|    explained_variance   | 0.531     |
|    learning_rate        | 0.0003    |
|    loss                 | 0.000973  |
|    n_updates            | 1500      |
|    policy_gradient_loss | 0.0288    |
|    std                  | 0.129     |
|    value_loss           | 1.1e-05   |
---------------------------------------
----------------------------------------
| rollout/                |            |
|    ep_len_mean          | 200        |
|    ep_rew_mean          | -22.7      |
| time/                   |            |
|    fps                  | 67         |
|    iterations           | 152        |
|    time_elapsed         | 4643       |
|    total_timesteps      | 311296     |
| train/                  |            |
|    approx_kl            | 0.09099135 |
|    clip_fraction        | 0.568      |
|    clip_range           | 0.2        |
|    entropy_loss         | 5.24       |
|    explained_variance   | 0.407      |
|    learning_rate        | 0.0003     |
|    loss                 | 0.0388     |
|    n_updates            | 1510       |
|    policy_gradient_loss | 0.0291     |
|    std                  | 0.128      |
|    value_loss           | 7.43e-06   |
----------------------------------------
----------------------------------------
| rollout/                |            |
|    ep_len_mean          | 200        |
|    ep_rew_mean          | -22.6      |
| time/                   |            |
|    fps                  | 67         |
|    iterations           | 153        |
|    time_elapsed         | 4673       |
|    total_timesteps      | 313344     |
| train/                  |            |
|    approx_kl            | 0.11425565 |
|    clip_fraction        | 0.556      |
|    clip_range           | 0.2        |
|    entropy_loss         | 5.32       |
|    explained_variance   | 0.498      |
|    learning_rate        | 0.0003     |
|    loss                 | 0.0545     |
|    n_updates            | 1520       |
|    policy_gradient_loss | 0.0236     |
|    std                  | 0.126      |
|    value_loss           | 1.01e-05   |
----------------------------------------
----------------------------------------
| rollout/                |            |
|    ep_len_mean          | 200        |
|    ep_rew_mean          | -22.6      |
| time/                   |            |
|    fps                  | 67         |
|    iterations           | 154        |
|    time_elapsed         | 4704       |
|    total_timesteps      | 315392     |
| train/                  |            |
|    approx_kl            | 0.11315891 |
|    clip_fraction        | 0.547      |
|    clip_range           | 0.2        |
|    entropy_loss         | 5.41       |
|    explained_variance   | 0.543      |
|    learning_rate        | 0.0003     |
|    loss                 | -0.0302    |
|    n_updates            | 1530       |
|    policy_gradient_loss | 0.0216     |
|    std                  | 0.124      |
|    value_loss           | 6.23e-06   |
----------------------------------------
----------------------------------------
| rollout/                |            |
|    ep_len_mean          | 200        |
|    ep_rew_mean          | -22.5      |
| time/                   |            |
|    fps                  | 67         |
|    iterations           | 155        |
|    time_elapsed         | 4734       |
|    total_timesteps      | 317440     |
| train/                  |            |
|    approx_kl            | 0.11527633 |
|    clip_fraction        | 0.613      |
|    clip_range           | 0.2        |
|    entropy_loss         | 5.48       |
|    explained_variance   | 0.289      |
|    learning_rate        | 0.0003     |
|    loss                 | 0.0104     |
|    n_updates            | 1540       |
|    policy_gradient_loss | 0.04       |
|    std                  | 0.123      |
|    value_loss           | 8.56e-06   |
----------------------------------------
---------------------------------------
| rollout/                |           |
|    ep_len_mean          | 200       |
|    ep_rew_mean          | -22.3     |
| time/                   |           |
|    fps                  | 67        |
|    iterations           | 156       |
|    time_elapsed         | 4764      |
|    total_timesteps      | 319488    |
| train/                  |           |
|    approx_kl            | 0.1906265 |
|    clip_fraction        | 0.572     |
|    clip_range           | 0.2       |
|    entropy_loss         | 5.57      |
|    explained_variance   | 0.609     |
|    learning_rate        | 0.0003    |
|    loss                 | 0.02      |
|    n_updates            | 1550      |
|    policy_gradient_loss | 0.025     |
|    std                  | 0.122     |
|    value_loss           | 3.77e-06  |
---------------------------------------
----------------------------------------
| rollout/                |            |
|    ep_len_mean          | 200        |
|    ep_rew_mean          | -22.3      |
| time/                   |            |
|    fps                  | 67         |
|    iterations           | 157        |
|    time_elapsed         | 4795       |
|    total_timesteps      | 321536     |
| train/                  |            |
|    approx_kl            | 0.08487207 |
|    clip_fraction        | 0.53       |
|    clip_range           | 0.2        |
|    entropy_loss         | 5.68       |
|    explained_variance   | 0.54       |
|    learning_rate        | 0.0003     |
|    loss                 | 0.0128     |
|    n_updates            | 1560       |
|    policy_gradient_loss | 0.0203     |
|    std                  | 0.12       |
|    value_loss           | 3.27e-06   |
----------------------------------------
---------------------------------------
| rollout/                |           |
|    ep_len_mean          | 200       |
|    ep_rew_mean          | -22.1     |
| time/                   |           |
|    fps                  | 67        |
|    iterations           | 158       |
|    time_elapsed         | 4825      |
|    total_timesteps      | 323584    |
| train/                  |           |
|    approx_kl            | 0.1322208 |
|    clip_fraction        | 0.591     |
|    clip_range           | 0.2       |
|    entropy_loss         | 5.74      |
|    explained_variance   | 0.51      |
|    learning_rate        | 0.0003    |
|    loss                 | 0.0079    |
|    n_updates            | 1570      |
|    policy_gradient_loss | 0.0383    |
|    std                  | 0.12      |
|    value_loss           | 5.66e-06  |
---------------------------------------
----------------------------------------
| rollout/                |            |
|    ep_len_mean          | 200        |
|    ep_rew_mean          | -21.9      |
| time/                   |            |
|    fps                  | 67         |
|    iterations           | 159        |
|    time_elapsed         | 4855       |
|    total_timesteps      | 325632     |
| train/                  |            |
|    approx_kl            | 0.07911725 |
|    clip_fraction        | 0.534      |
|    clip_range           | 0.2        |
|    entropy_loss         | 5.83       |
|    explained_variance   | 0.601      |
|    learning_rate        | 0.0003     |
|    loss                 | -0.018     |
|    n_updates            | 1580       |
|    policy_gradient_loss | 0.0207     |
|    std                  | 0.118      |
|    value_loss           | 3.99e-06   |
----------------------------------------
----------------------------------------
| rollout/                |            |
|    ep_len_mean          | 200        |
|    ep_rew_mean          | -21.6      |
| time/                   |            |
|    fps                  | 67         |
|    iterations           | 160        |
|    time_elapsed         | 4886       |
|    total_timesteps      | 327680     |
| train/                  |            |
|    approx_kl            | 0.09736156 |
|    clip_fraction        | 0.573      |
|    clip_range           | 0.2        |
|    entropy_loss         | 5.93       |
|    explained_variance   | 0.493      |
|    learning_rate        | 0.0003     |
|    loss                 | 0.0615     |
|    n_updates            | 1590       |
|    policy_gradient_loss | 0.0306     |
|    std                  | 0.117      |
|    value_loss           | 4.07e-06   |
----------------------------------------
----------------------------------------
| rollout/                |            |
|    ep_len_mean          | 200        |
|    ep_rew_mean          | -21.4      |
| time/                   |            |
|    fps                  | 67         |
|    iterations           | 161        |
|    time_elapsed         | 4913       |
|    total_timesteps      | 329728     |
| train/                  |            |
|    approx_kl            | 0.17328301 |
|    clip_fraction        | 0.596      |
|    clip_range           | 0.2        |
|    entropy_loss         | 6          |
|    explained_variance   | 0.516      |
|    learning_rate        | 0.0003     |
|    loss                 | 0.0473     |
|    n_updates            | 1600       |
|    policy_gradient_loss | 0.0393     |
|    std                  | 0.116      |
|    value_loss           | 4.1e-06    |
----------------------------------------
----------------------------------------
| rollout/                |            |
|    ep_len_mean          | 200        |
|    ep_rew_mean          | -21.3      |
| time/                   |            |
|    fps                  | 67         |
|    iterations           | 162        |
|    time_elapsed         | 4940       |
|    total_timesteps      | 331776     |
| train/                  |            |
|    approx_kl            | 0.12559068 |
|    clip_fraction        | 0.559      |
|    clip_range           | 0.2        |
|    entropy_loss         | 6.07       |
|    explained_variance   | 0.355      |
|    learning_rate        | 0.0003     |
|    loss                 | 0.0755     |
|    n_updates            | 1610       |
|    policy_gradient_loss | 0.0338     |
|    std                  | 0.115      |
|    value_loss           | 2.77e-06   |
----------------------------------------
----------------------------------------
| rollout/                |            |
|    ep_len_mean          | 200        |
|    ep_rew_mean          | -21.1      |
| time/                   |            |
|    fps                  | 67         |
|    iterations           | 163        |
|    time_elapsed         | 4967       |
|    total_timesteps      | 333824     |
| train/                  |            |
|    approx_kl            | 0.14110652 |
|    clip_fraction        | 0.571      |
|    clip_range           | 0.2        |
|    entropy_loss         | 6.15       |
|    explained_variance   | 0.528      |
|    learning_rate        | 0.0003     |
|    loss                 | 0.014      |
|    n_updates            | 1620       |
|    policy_gradient_loss | 0.0217     |
|    std                  | 0.113      |
|    value_loss           | 2.32e-06   |
----------------------------------------
----------------------------------------
| rollout/                |            |
|    ep_len_mean          | 200        |
|    ep_rew_mean          | -20.9      |
| time/                   |            |
|    fps                  | 67         |
|    iterations           | 164        |
|    time_elapsed         | 4994       |
|    total_timesteps      | 335872     |
| train/                  |            |
|    approx_kl            | 0.14917317 |
|    clip_fraction        | 0.552      |
|    clip_range           | 0.2        |
|    entropy_loss         | 6.26       |
|    explained_variance   | 0.513      |
|    learning_rate        | 0.0003     |
|    loss                 | 0.0212     |
|    n_updates            | 1630       |
|    policy_gradient_loss | 0.0142     |
|    std                  | 0.112      |
|    value_loss           | 2.46e-06   |
----------------------------------------
----------------------------------------
| rollout/                |            |
|    ep_len_mean          | 200        |
|    ep_rew_mean          | -20.8      |
| time/                   |            |
|    fps                  | 67         |
|    iterations           | 165        |
|    time_elapsed         | 5021       |
|    total_timesteps      | 337920     |
| train/                  |            |
|    approx_kl            | 0.14089093 |
|    clip_fraction        | 0.591      |
|    clip_range           | 0.2        |
|    entropy_loss         | 6.36       |
|    explained_variance   | 0.683      |
|    learning_rate        | 0.0003     |
|    loss                 | 0.0204     |
|    n_updates            | 1640       |
|    policy_gradient_loss | 0.0224     |
|    std                  | 0.11       |
|    value_loss           | 3.05e-06   |
----------------------------------------
----------------------------------------
| rollout/                |            |
|    ep_len_mean          | 200        |
|    ep_rew_mean          | -20.7      |
| time/                   |            |
|    fps                  | 67         |
|    iterations           | 166        |
|    time_elapsed         | 5046       |
|    total_timesteps      | 339968     |
| train/                  |            |
|    approx_kl            | 0.17120403 |
|    clip_fraction        | 0.606      |
|    clip_range           | 0.2        |
|    entropy_loss         | 6.45       |
|    explained_variance   | 0.627      |
|    learning_rate        | 0.0003     |
|    loss                 | -0.0101    |
|    n_updates            | 1650       |
|    policy_gradient_loss | 0.0221     |
|    std                  | 0.109      |
|    value_loss           | 2.95e-06   |
----------------------------------------
---------------------------------------
| rollout/                |           |
|    ep_len_mean          | 200       |
|    ep_rew_mean          | -20.5     |
| time/                   |           |
|    fps                  | 67        |
|    iterations           | 167       |
|    time_elapsed         | 5070      |
|    total_timesteps      | 342016    |
| train/                  |           |
|    approx_kl            | 0.1017978 |
|    clip_fraction        | 0.556     |
|    clip_range           | 0.2       |
|    entropy_loss         | 6.54      |
|    explained_variance   | 0.587     |
|    learning_rate        | 0.0003    |
|    loss                 | -0.0523   |
|    n_updates            | 1660      |
|    policy_gradient_loss | 0.0423    |
|    std                  | 0.108     |
|    value_loss           | 2.65e-06  |
---------------------------------------
----------------------------------------
| rollout/                |            |
|    ep_len_mean          | 200        |
|    ep_rew_mean          | -20.3      |
| time/                   |            |
|    fps                  | 67         |
|    iterations           | 168        |
|    time_elapsed         | 5094       |
|    total_timesteps      | 344064     |
| train/                  |            |
|    approx_kl            | 0.25187397 |
|    clip_fraction        | 0.622      |
|    clip_range           | 0.2        |
|    entropy_loss         | 6.58       |
|    explained_variance   | 0.693      |
|    learning_rate        | 0.0003     |
|    loss                 | 0.0608     |
|    n_updates            | 1670       |
|    policy_gradient_loss | 0.0381     |
|    std                  | 0.108      |
|    value_loss           | 2.6e-06    |
----------------------------------------
----------------------------------------
| rollout/                |            |
|    ep_len_mean          | 200        |
|    ep_rew_mean          | -20.3      |
| time/                   |            |
|    fps                  | 67         |
|    iterations           | 169        |
|    time_elapsed         | 5119       |
|    total_timesteps      | 346112     |
| train/                  |            |
|    approx_kl            | 0.09809523 |
|    clip_fraction        | 0.613      |
|    clip_range           | 0.2        |
|    entropy_loss         | 6.61       |
|    explained_variance   | 0.537      |
|    learning_rate        | 0.0003     |
|    loss                 | 0.0314     |
|    n_updates            | 1680       |
|    policy_gradient_loss | 0.0423     |
|    std                  | 0.107      |
|    value_loss           | 2.97e-06   |
----------------------------------------
----------------------------------------
| rollout/                |            |
|    ep_len_mean          | 200        |
|    ep_rew_mean          | -20.2      |
| time/                   |            |
|    fps                  | 67         |
|    iterations           | 170        |
|    time_elapsed         | 5142       |
|    total_timesteps      | 348160     |
| train/                  |            |
|    approx_kl            | 0.17109694 |
|    clip_fraction        | 0.616      |
|    clip_range           | 0.2        |
|    entropy_loss         | 6.67       |
|    explained_variance   | 0.537      |
|    learning_rate        | 0.0003     |
|    loss                 | 0.0412     |
|    n_updates            | 1690       |
|    policy_gradient_loss | 0.0404     |
|    std                  | 0.106      |
|    value_loss           | 3.43e-06   |
----------------------------------------
-----------------------------------------
| rollout/                |             |
|    ep_len_mean          | 200         |
|    ep_rew_mean          | -20.1       |
| time/                   |             |
|    fps                  | 67          |
|    iterations           | 171         |
|    time_elapsed         | 5166        |
|    total_timesteps      | 350208      |
| train/                  |             |
|    approx_kl            | 0.113649905 |
|    clip_fraction        | 0.594       |
|    clip_range           | 0.2         |
|    entropy_loss         | 6.75        |
|    explained_variance   | 0.523       |
|    learning_rate        | 0.0003      |
|    loss                 | 0.0463      |
|    n_updates            | 1700        |
|    policy_gradient_loss | 0.0356      |
|    std                  | 0.105       |
|    value_loss           | 4.11e-06    |
-----------------------------------------
----------------------------------------
| rollout/                |            |
|    ep_len_mean          | 200        |
|    ep_rew_mean          | -20        |
| time/                   |            |
|    fps                  | 67         |
|    iterations           | 172        |
|    time_elapsed         | 5190       |
|    total_timesteps      | 352256     |
| train/                  |            |
|    approx_kl            | 0.12720974 |
|    clip_fraction        | 0.623      |
|    clip_range           | 0.2        |
|    entropy_loss         | 6.82       |
|    explained_variance   | 0.589      |
|    learning_rate        | 0.0003     |
|    loss                 | 0.0186     |
|    n_updates            | 1710       |
|    policy_gradient_loss | 0.0524     |
|    std                  | 0.105      |
|    value_loss           | 3.83e-06   |
----------------------------------------
----------------------------------------
| rollout/                |            |
|    ep_len_mean          | 200        |
|    ep_rew_mean          | -19.8      |
| time/                   |            |
|    fps                  | 67         |
|    iterations           | 173        |
|    time_elapsed         | 5214       |
|    total_timesteps      | 354304     |
| train/                  |            |
|    approx_kl            | 0.14215395 |
|    clip_fraction        | 0.572      |
|    clip_range           | 0.2        |
|    entropy_loss         | 6.89       |
|    explained_variance   | 0.595      |
|    learning_rate        | 0.0003     |
|    loss                 | 0.0263     |
|    n_updates            | 1720       |
|    policy_gradient_loss | 0.0317     |
|    std                  | 0.104      |
|    value_loss           | 3.47e-06   |
----------------------------------------
----------------------------------------
| rollout/                |            |
|    ep_len_mean          | 200        |
|    ep_rew_mean          | -19.7      |
| time/                   |            |
|    fps                  | 68         |
|    iterations           | 174        |
|    time_elapsed         | 5236       |
|    total_timesteps      | 356352     |
| train/                  |            |
|    approx_kl            | 0.14569998 |
|    clip_fraction        | 0.58       |
|    clip_range           | 0.2        |
|    entropy_loss         | 6.99       |
|    explained_variance   | 0.492      |
|    learning_rate        | 0.0003     |
|    loss                 | 0.0643     |
|    n_updates            | 1730       |
|    policy_gradient_loss | 0.0308     |
|    std                  | 0.102      |
|    value_loss           | 3.21e-06   |
----------------------------------------
----------------------------------------
| rollout/                |            |
|    ep_len_mean          | 200        |
|    ep_rew_mean          | -19.6      |
| time/                   |            |
|    fps                  | 68         |
|    iterations           | 175        |
|    time_elapsed         | 5257       |
|    total_timesteps      | 358400     |
| train/                  |            |
|    approx_kl            | 0.18397373 |
|    clip_fraction        | 0.602      |
|    clip_range           | 0.2        |
|    entropy_loss         | 7.1        |
|    explained_variance   | 0.534      |
|    learning_rate        | 0.0003     |
|    loss                 | 0.0318     |
|    n_updates            | 1740       |
|    policy_gradient_loss | 0.0288     |
|    std                  | 0.1        |
|    value_loss           | 2.96e-06   |
----------------------------------------
-----------------------------------------
| rollout/                |             |
|    ep_len_mean          | 200         |
|    ep_rew_mean          | -19.5       |
| time/                   |             |
|    fps                  | 68          |
|    iterations           | 176         |
|    time_elapsed         | 5279        |
|    total_timesteps      | 360448      |
| train/                  |             |
|    approx_kl            | 0.119718336 |
|    clip_fraction        | 0.641       |
|    clip_range           | 0.2         |
|    entropy_loss         | 7.19        |
|    explained_variance   | 0.52        |
|    learning_rate        | 0.0003      |
|    loss                 | 0.0217      |
|    n_updates            | 1750        |
|    policy_gradient_loss | 0.0474      |
|    std                  | 0.0995      |
|    value_loss           | 3.04e-06    |
-----------------------------------------
----------------------------------------
| rollout/                |            |
|    ep_len_mean          | 200        |
|    ep_rew_mean          | -19.4      |
| time/                   |            |
|    fps                  | 68         |
|    iterations           | 177        |
|    time_elapsed         | 5301       |
|    total_timesteps      | 362496     |
| train/                  |            |
|    approx_kl            | 0.12327666 |
|    clip_fraction        | 0.605      |
|    clip_range           | 0.2        |
|    entropy_loss         | 7.25       |
|    explained_variance   | 0.567      |
|    learning_rate        | 0.0003     |
|    loss                 | 0.0568     |
|    n_updates            | 1760       |
|    policy_gradient_loss | 0.0429     |
|    std                  | 0.0984     |
|    value_loss           | 2.44e-06   |
----------------------------------------
----------------------------------------
| rollout/                |            |
|    ep_len_mean          | 200        |
|    ep_rew_mean          | -19.3      |
| time/                   |            |
|    fps                  | 68         |
|    iterations           | 178        |
|    time_elapsed         | 5322       |
|    total_timesteps      | 364544     |
| train/                  |            |
|    approx_kl            | 0.20867944 |
|    clip_fraction        | 0.635      |
|    clip_range           | 0.2        |
|    entropy_loss         | 7.32       |
|    explained_variance   | 0.472      |
|    learning_rate        | 0.0003     |
|    loss                 | 0.144      |
|    n_updates            | 1770       |
|    policy_gradient_loss | 0.0529     |
|    std                  | 0.0975     |
|    value_loss           | 4.21e-06   |
----------------------------------------
---------------------------------------
| rollout/                |           |
|    ep_len_mean          | 200       |
|    ep_rew_mean          | -19.1     |
| time/                   |           |
|    fps                  | 68        |
|    iterations           | 179       |
|    time_elapsed         | 5344      |
|    total_timesteps      | 366592    |
| train/                  |           |
|    approx_kl            | 0.2060805 |
|    clip_fraction        | 0.645     |
|    clip_range           | 0.2       |
|    entropy_loss         | 7.37      |
|    explained_variance   | 0.67      |
|    learning_rate        | 0.0003    |
|    loss                 | -0.0419   |
|    n_updates            | 1780      |
|    policy_gradient_loss | 0.0482    |
|    std                  | 0.0968    |
|    value_loss           | 1.99e-06  |
---------------------------------------
----------------------------------------
| rollout/                |            |
|    ep_len_mean          | 200        |
|    ep_rew_mean          | -19        |
| time/                   |            |
|    fps                  | 68         |
|    iterations           | 180        |
|    time_elapsed         | 5366       |
|    total_timesteps      | 368640     |
| train/                  |            |
|    approx_kl            | 0.22784218 |
|    clip_fraction        | 0.601      |
|    clip_range           | 0.2        |
|    entropy_loss         | 7.43       |
|    explained_variance   | 0.748      |
|    learning_rate        | 0.0003     |
|    loss                 | 0.168      |
|    n_updates            | 1790       |
|    policy_gradient_loss | 0.0465     |
|    std                  | 0.0961     |
|    value_loss           | 2.94e-06   |
----------------------------------------
----------------------------------------
| rollout/                |            |
|    ep_len_mean          | 200        |
|    ep_rew_mean          | -18.8      |
| time/                   |            |
|    fps                  | 68         |
|    iterations           | 181        |
|    time_elapsed         | 5387       |
|    total_timesteps      | 370688     |
| train/                  |            |
|    approx_kl            | 0.22993389 |
|    clip_fraction        | 0.61       |
|    clip_range           | 0.2        |
|    entropy_loss         | 7.5        |
|    explained_variance   | 0.695      |
|    learning_rate        | 0.0003     |
|    loss                 | -0.0108    |
|    n_updates            | 1800       |
|    policy_gradient_loss | 0.0454     |
|    std                  | 0.0955     |
|    value_loss           | 1.88e-06   |
----------------------------------------
----------------------------------------
| rollout/                |            |
|    ep_len_mean          | 200        |
|    ep_rew_mean          | -18.8      |
| time/                   |            |
|    fps                  | 68         |
|    iterations           | 182        |
|    time_elapsed         | 5409       |
|    total_timesteps      | 372736     |
| train/                  |            |
|    approx_kl            | 0.17705071 |
|    clip_fraction        | 0.601      |
|    clip_range           | 0.2        |
|    entropy_loss         | 7.57       |
|    explained_variance   | 0.772      |
|    learning_rate        | 0.0003     |
|    loss                 | 0.0259     |
|    n_updates            | 1810       |
|    policy_gradient_loss | 0.0402     |
|    std                  | 0.0948     |
|    value_loss           | 1.68e-06   |
----------------------------------------
----------------------------------------
| rollout/                |            |
|    ep_len_mean          | 200        |
|    ep_rew_mean          | -18.7      |
| time/                   |            |
|    fps                  | 69         |
|    iterations           | 183        |
|    time_elapsed         | 5430       |
|    total_timesteps      | 374784     |
| train/                  |            |
|    approx_kl            | 0.15532614 |
|    clip_fraction        | 0.62       |
|    clip_range           | 0.2        |
|    entropy_loss         | 7.64       |
|    explained_variance   | 0.77       |
|    learning_rate        | 0.0003     |
|    loss                 | 0.152      |
|    n_updates            | 1820       |
|    policy_gradient_loss | 0.0572     |
|    std                  | 0.0944     |
|    value_loss           | 2.34e-06   |
----------------------------------------
----------------------------------------
| rollout/                |            |
|    ep_len_mean          | 200        |
|    ep_rew_mean          | -18.6      |
| time/                   |            |
|    fps                  | 69         |
|    iterations           | 184        |
|    time_elapsed         | 5452       |
|    total_timesteps      | 376832     |
| train/                  |            |
|    approx_kl            | 0.24624845 |
|    clip_fraction        | 0.634      |
|    clip_range           | 0.2        |
|    entropy_loss         | 7.72       |
|    explained_variance   | 0.768      |
|    learning_rate        | 0.0003     |
|    loss                 | 0.0376     |
|    n_updates            | 1830       |
|    policy_gradient_loss | 0.0476     |
|    std                  | 0.0934     |
|    value_loss           | 1.6e-06    |
----------------------------------------
----------------------------------------
| rollout/                |            |
|    ep_len_mean          | 200        |
|    ep_rew_mean          | -18.5      |
| time/                   |            |
|    fps                  | 69         |
|    iterations           | 185        |
|    time_elapsed         | 5474       |
|    total_timesteps      | 378880     |
| train/                  |            |
|    approx_kl            | 0.20113449 |
|    clip_fraction        | 0.627      |
|    clip_range           | 0.2        |
|    entropy_loss         | 7.83       |
|    explained_variance   | 0.695      |
|    learning_rate        | 0.0003     |
|    loss                 | 0.0211     |
|    n_updates            | 1840       |
|    policy_gradient_loss | 0.0288     |
|    std                  | 0.092      |
|    value_loss           | 1.76e-06   |
----------------------------------------
----------------------------------------
| rollout/                |            |
|    ep_len_mean          | 200        |
|    ep_rew_mean          | -18.4      |
| time/                   |            |
|    fps                  | 69         |
|    iterations           | 186        |
|    time_elapsed         | 5495       |
|    total_timesteps      | 380928     |
| train/                  |            |
|    approx_kl            | 0.14988464 |
|    clip_fraction        | 0.627      |
|    clip_range           | 0.2        |
|    entropy_loss         | 7.94       |
|    explained_variance   | 0.796      |
|    learning_rate        | 0.0003     |
|    loss                 | 0.0117     |
|    n_updates            | 1850       |
|    policy_gradient_loss | 0.0546     |
|    std                  | 0.0909     |
|    value_loss           | 1.59e-06   |
----------------------------------------
----------------------------------------
| rollout/                |            |
|    ep_len_mean          | 200        |
|    ep_rew_mean          | -18.3      |
| time/                   |            |
|    fps                  | 69         |
|    iterations           | 187        |
|    time_elapsed         | 5517       |
|    total_timesteps      | 382976     |
| train/                  |            |
|    approx_kl            | 0.15486585 |
|    clip_fraction        | 0.66       |
|    clip_range           | 0.2        |
|    entropy_loss         | 8.01       |
|    explained_variance   | 0.764      |
|    learning_rate        | 0.0003     |
|    loss                 | 0.0382     |
|    n_updates            | 1860       |
|    policy_gradient_loss | 0.0767     |
|    std                  | 0.0902     |
|    value_loss           | 1.82e-06   |
----------------------------------------
---------------------------------------
| rollout/                |           |
|    ep_len_mean          | 200       |
|    ep_rew_mean          | -18.4     |
| time/                   |           |
|    fps                  | 69        |
|    iterations           | 188       |
|    time_elapsed         | 5539      |
|    total_timesteps      | 385024    |
| train/                  |           |
|    approx_kl            | 0.3363371 |
|    clip_fraction        | 0.676     |
|    clip_range           | 0.2       |
|    entropy_loss         | 8.04      |
|    explained_variance   | 0.762     |
|    learning_rate        | 0.0003    |
|    loss                 | 0.156     |
|    n_updates            | 1870      |
|    policy_gradient_loss | 0.0828    |
|    std                  | 0.0902    |
|    value_loss           | 2.01e-06  |
---------------------------------------
---------------------------------------
| rollout/                |           |
|    ep_len_mean          | 200       |
|    ep_rew_mean          | -18.5     |
| time/                   |           |
|    fps                  | 69        |
|    iterations           | 189       |
|    time_elapsed         | 5560      |
|    total_timesteps      | 387072    |
| train/                  |           |
|    approx_kl            | 0.2432715 |
|    clip_fraction        | 0.657     |
|    clip_range           | 0.2       |
|    entropy_loss         | 8.02      |
|    explained_variance   | 0.401     |
|    learning_rate        | 0.0003    |
|    loss                 | 0.0673    |
|    n_updates            | 1880      |
|    policy_gradient_loss | 0.0586    |
|    std                  | 0.0906    |
|    value_loss           | 5.09e-06  |
---------------------------------------
---------------------------------------
| rollout/                |           |
|    ep_len_mean          | 200       |
|    ep_rew_mean          | -18.6     |
| time/                   |           |
|    fps                  | 69        |
|    iterations           | 190       |
|    time_elapsed         | 5582      |
|    total_timesteps      | 389120    |
| train/                  |           |
|    approx_kl            | 0.1733413 |
|    clip_fraction        | 0.693     |
|    clip_range           | 0.2       |
|    entropy_loss         | 8.01      |
|    explained_variance   | 0.75      |
|    learning_rate        | 0.0003    |
|    loss                 | 0.0298    |
|    n_updates            | 1890      |
|    policy_gradient_loss | 0.0636    |
|    std                  | 0.0906    |
|    value_loss           | 2.41e-06  |
---------------------------------------
--------------------------------------
| rollout/                |          |
|    ep_len_mean          | 200      |
|    ep_rew_mean          | -18.7    |
| time/                   |          |
|    fps                  | 69       |
|    iterations           | 191      |
|    time_elapsed         | 5603     |
|    total_timesteps      | 391168   |
| train/                  |          |
|    approx_kl            | 0.315345 |
|    clip_fraction        | 0.658    |
|    clip_range           | 0.2      |
|    entropy_loss         | 8.04     |
|    explained_variance   | 0.637    |
|    learning_rate        | 0.0003   |
|    loss                 | -0.0024  |
|    n_updates            | 1900     |
|    policy_gradient_loss | 0.0548   |
|    std                  | 0.0901   |
|    value_loss           | 3.58e-06 |
--------------------------------------
---------------------------------------
| rollout/                |           |
|    ep_len_mean          | 200       |
|    ep_rew_mean          | -18.8     |
| time/                   |           |
|    fps                  | 69        |
|    iterations           | 192       |
|    time_elapsed         | 5622      |
|    total_timesteps      | 393216    |
| train/                  |           |
|    approx_kl            | 7.6204944 |
|    clip_fraction        | 0.716     |
|    clip_range           | 0.2       |
|    entropy_loss         | 8.1       |
|    explained_variance   | 0.643     |
|    learning_rate        | 0.0003    |
|    loss                 | 0.113     |
|    n_updates            | 1910      |
|    policy_gradient_loss | 0.092     |
|    std                  | 0.0891    |
|    value_loss           | 3.61e-06  |
---------------------------------------
----------------------------------------
| rollout/                |            |
|    ep_len_mean          | 200        |
|    ep_rew_mean          | -18.8      |
| time/                   |            |
|    fps                  | 70         |
|    iterations           | 193        |
|    time_elapsed         | 5641       |
|    total_timesteps      | 395264     |
| train/                  |            |
|    approx_kl            | 0.17504263 |
|    clip_fraction        | 0.643      |
|    clip_range           | 0.2        |
|    entropy_loss         | 8.14       |
|    explained_variance   | 0.697      |
|    learning_rate        | 0.0003     |
|    loss                 | -0.0048    |
|    n_updates            | 1920       |
|    policy_gradient_loss | 0.0498     |
|    std                  | 0.089      |
|    value_loss           | 2.11e-06   |
----------------------------------------
----------------------------------------
| rollout/                |            |
|    ep_len_mean          | 200        |
|    ep_rew_mean          | -18.8      |
| time/                   |            |
|    fps                  | 70         |
|    iterations           | 194        |
|    time_elapsed         | 5660       |
|    total_timesteps      | 397312     |
| train/                  |            |
|    approx_kl            | 0.14276376 |
|    clip_fraction        | 0.611      |
|    clip_range           | 0.2        |
|    entropy_loss         | 8.17       |
|    explained_variance   | 0.666      |
|    learning_rate        | 0.0003     |
|    loss                 | 0.0667     |
|    n_updates            | 1930       |
|    policy_gradient_loss | 0.0343     |
|    std                  | 0.0884     |
|    value_loss           | 1.94e-06   |
----------------------------------------
----------------------------------------
| rollout/                |            |
|    ep_len_mean          | 200        |
|    ep_rew_mean          | -18.8      |
| time/                   |            |
|    fps                  | 70         |
|    iterations           | 195        |
|    time_elapsed         | 5679       |
|    total_timesteps      | 399360     |
| train/                  |            |
|    approx_kl            | 0.11604418 |
|    clip_fraction        | 0.644      |
|    clip_range           | 0.2        |
|    entropy_loss         | 8.23       |
|    explained_variance   | 0.836      |
|    learning_rate        | 0.0003     |
|    loss                 | 0.0153     |
|    n_updates            | 1940       |
|    policy_gradient_loss | 0.0606     |
|    std                  | 0.0877     |
|    value_loss           | 1.54e-06   |
----------------------------------------
----------------------------------------
| rollout/                |            |
|    ep_len_mean          | 200        |
|    ep_rew_mean          | -18.8      |
| time/                   |            |
|    fps                  | 70         |
|    iterations           | 196        |
|    time_elapsed         | 5699       |
|    total_timesteps      | 401408     |
| train/                  |            |
|    approx_kl            | 0.14401153 |
|    clip_fraction        | 0.655      |
|    clip_range           | 0.2        |
|    entropy_loss         | 8.29       |
|    explained_variance   | 0.697      |
|    learning_rate        | 0.0003     |
|    loss                 | -0.0174    |
|    n_updates            | 1950       |
|    policy_gradient_loss | 0.0472     |
|    std                  | 0.0872     |
|    value_loss           | 2.37e-06   |
----------------------------------------
saved models/C2_lam5_seed2.zip and models/C2_lam5_seed2_vecnormalize.pkl
