=== training C1_seed0 for 400000 steps ===
    port 5100
--------------------------------------------------------------
[threshold consistency]
  success distance      = 0.030 m
  force at success      = 5.00 N
  comfort / danger      = 6.0 N / 10.0 N
  >>> OK: the success point lies inside the safe band.
--------------------------------------------------------------
Waiting for connections on port: 5101...
Connected successfully
Using cpu device
---------------------------------
| rollout/           |          |
|    ep_len_mean     | 200      |
|    ep_rew_mean     | -887     |
| time/              |          |
|    fps             | 70       |
|    iterations      | 1        |
|    time_elapsed    | 29       |
|    total_timesteps | 2048     |
---------------------------------
-----------------------------------------
| rollout/                |             |
|    ep_len_mean          | 200         |
|    ep_rew_mean          | -966        |
| time/                   |             |
|    fps                  | 64          |
|    iterations           | 2           |
|    time_elapsed         | 63          |
|    total_timesteps      | 4096        |
| train/                  |             |
|    approx_kl            | 0.015131993 |
|    clip_fraction        | 0.136       |
|    clip_range           | 0.2         |
|    entropy_loss         | -9.92       |
|    explained_variance   | -0.486      |
|    learning_rate        | 0.0003      |
|    loss                 | -0.0222     |
|    n_updates            | 10          |
|    policy_gradient_loss | -0.0246     |
|    std                  | 0.997       |
|    value_loss           | 0.387       |
-----------------------------------------
-----------------------------------------
| rollout/                |             |
|    ep_len_mean          | 200         |
|    ep_rew_mean          | -999        |
| time/                   |             |
|    fps                  | 65          |
|    iterations           | 3           |
|    time_elapsed         | 93          |
|    total_timesteps      | 6144        |
| train/                  |             |
|    approx_kl            | 0.014367353 |
|    clip_fraction        | 0.147       |
|    clip_range           | 0.2         |
|    entropy_loss         | -9.92       |
|    explained_variance   | 0.452       |
|    learning_rate        | 0.0003      |
|    loss                 | 0.0152      |
|    n_updates            | 20          |
|    policy_gradient_loss | -0.0266     |
|    std                  | 0.998       |
|    value_loss           | 0.0488      |
-----------------------------------------
-----------------------------------------
| rollout/                |             |
|    ep_len_mean          | 200         |
|    ep_rew_mean          | -956        |
| time/                   |             |
|    fps                  | 66          |
|    iterations           | 4           |
|    time_elapsed         | 123         |
|    total_timesteps      | 8192        |
| train/                  |             |
|    approx_kl            | 0.014721724 |
|    clip_fraction        | 0.157       |
|    clip_range           | 0.2         |
|    entropy_loss         | -9.91       |
|    explained_variance   | 0.39        |
|    learning_rate        | 0.0003      |
|    loss                 | -0.00618    |
|    n_updates            | 30          |
|    policy_gradient_loss | -0.0271     |
|    std                  | 0.996       |
|    value_loss           | 0.0389      |
-----------------------------------------
-----------------------------------------
| rollout/                |             |
|    ep_len_mean          | 200         |
|    ep_rew_mean          | -921        |
| time/                   |             |
|    fps                  | 66          |
|    iterations           | 5           |
|    time_elapsed         | 154         |
|    total_timesteps      | 10240       |
| train/                  |             |
|    approx_kl            | 0.014005432 |
|    clip_fraction        | 0.155       |
|    clip_range           | 0.2         |
|    entropy_loss         | -9.91       |
|    explained_variance   | 0.62        |
|    learning_rate        | 0.0003      |
|    loss                 | -0.0371     |
|    n_updates            | 40          |
|    policy_gradient_loss | -0.0284     |
|    std                  | 0.998       |
|    value_loss           | 0.0268      |
-----------------------------------------
-----------------------------------------
| rollout/                |             |
|    ep_len_mean          | 200         |
|    ep_rew_mean          | -874        |
| time/                   |             |
|    fps                  | 66          |
|    iterations           | 6           |
|    time_elapsed         | 185         |
|    total_timesteps      | 12288       |
| train/                  |             |
|    approx_kl            | 0.014104456 |
|    clip_fraction        | 0.156       |
|    clip_range           | 0.2         |
|    entropy_loss         | -9.9        |
|    explained_variance   | 0.618       |
|    learning_rate        | 0.0003      |
|    loss                 | -0.00203    |
|    n_updates            | 50          |
|    policy_gradient_loss | -0.0292     |
|    std                  | 0.993       |
|    value_loss           | 0.0235      |
-----------------------------------------
-----------------------------------------
| rollout/                |             |
|    ep_len_mean          | 200         |
|    ep_rew_mean          | -837        |
| time/                   |             |
|    fps                  | 66          |
|    iterations           | 7           |
|    time_elapsed         | 216         |
|    total_timesteps      | 14336       |
| train/                  |             |
|    approx_kl            | 0.014230508 |
|    clip_fraction        | 0.153       |
|    clip_range           | 0.2         |
|    entropy_loss         | -9.84       |
|    explained_variance   | 0.494       |
|    learning_rate        | 0.0003      |
|    loss                 | -0.0633     |
|    n_updates            | 60          |
|    policy_gradient_loss | -0.0272     |
|    std                  | 0.982       |
|    value_loss           | 0.0173      |
-----------------------------------------
-----------------------------------------
| rollout/                |             |
|    ep_len_mean          | 200         |
|    ep_rew_mean          | -792        |
| time/                   |             |
|    fps                  | 66          |
|    iterations           | 8           |
|    time_elapsed         | 247         |
|    total_timesteps      | 16384       |
| train/                  |             |
|    approx_kl            | 0.016491529 |
|    clip_fraction        | 0.176       |
|    clip_range           | 0.2         |
|    entropy_loss         | -9.81       |
|    explained_variance   | 0.056       |
|    learning_rate        | 0.0003      |
|    loss                 | -0.0422     |
|    n_updates            | 70          |
|    policy_gradient_loss | -0.0302     |
|    std                  | 0.982       |
|    value_loss           | 0.0151      |
-----------------------------------------
----------------------------------------
| rollout/                |            |
|    ep_len_mean          | 200        |
|    ep_rew_mean          | -761       |
| time/                   |            |
|    fps                  | 66         |
|    iterations           | 9          |
|    time_elapsed         | 277        |
|    total_timesteps      | 18432      |
| train/                  |            |
|    approx_kl            | 0.01625757 |
|    clip_fraction        | 0.189      |
|    clip_range           | 0.2        |
|    entropy_loss         | -9.8       |
|    explained_variance   | 0.157      |
|    learning_rate        | 0.0003     |
|    loss                 | -0.0434    |
|    n_updates            | 80         |
|    policy_gradient_loss | -0.0346    |
|    std                  | 0.982      |
|    value_loss           | 0.00931    |
----------------------------------------
-----------------------------------------
| rollout/                |             |
|    ep_len_mean          | 200         |
|    ep_rew_mean          | -737        |
| time/                   |             |
|    fps                  | 66          |
|    iterations           | 10          |
|    time_elapsed         | 308         |
|    total_timesteps      | 20480       |
| train/                  |             |
|    approx_kl            | 0.015384531 |
|    clip_fraction        | 0.165       |
|    clip_range           | 0.2         |
|    entropy_loss         | -9.8        |
|    explained_variance   | 0.0215      |
|    learning_rate        | 0.0003      |
|    loss                 | -0.0372     |
|    n_updates            | 90          |
|    policy_gradient_loss | -0.0293     |
|    std                  | 0.981       |
|    value_loss           | 0.0104      |
-----------------------------------------
------------------------------------------
| rollout/                |              |
|    ep_len_mean          | 200          |
|    ep_rew_mean          | -689         |
| time/                   |              |
|    fps                  | 66           |
|    iterations           | 11           |
|    time_elapsed         | 339          |
|    total_timesteps      | 22528        |
| train/                  |              |
|    approx_kl            | 0.0120011335 |
|    clip_fraction        | 0.143        |
|    clip_range           | 0.2          |
|    entropy_loss         | -9.8         |
|    explained_variance   | 0.516        |
|    learning_rate        | 0.0003       |
|    loss                 | -0.0222      |
|    n_updates            | 100          |
|    policy_gradient_loss | -0.0247      |
|    std                  | 0.982        |
|    value_loss           | 0.00876      |
------------------------------------------
-----------------------------------------
| rollout/                |             |
|    ep_len_mean          | 200         |
|    ep_rew_mean          | -628        |
| time/                   |             |
|    fps                  | 66          |
|    iterations           | 12          |
|    time_elapsed         | 370         |
|    total_timesteps      | 24576       |
| train/                  |             |
|    approx_kl            | 0.016521689 |
|    clip_fraction        | 0.197       |
|    clip_range           | 0.2         |
|    entropy_loss         | -9.79       |
|    explained_variance   | 0.82        |
|    learning_rate        | 0.0003      |
|    loss                 | 0.000164    |
|    n_updates            | 110         |
|    policy_gradient_loss | -0.03       |
|    std                  | 0.977       |
|    value_loss           | 0.00507     |
-----------------------------------------
-----------------------------------------
| rollout/                |             |
|    ep_len_mean          | 200         |
|    ep_rew_mean          | -558        |
| time/                   |             |
|    fps                  | 66          |
|    iterations           | 13          |
|    time_elapsed         | 401         |
|    total_timesteps      | 26624       |
| train/                  |             |
|    approx_kl            | 0.015523432 |
|    clip_fraction        | 0.177       |
|    clip_range           | 0.2         |
|    entropy_loss         | -9.75       |
|    explained_variance   | 0.659       |
|    learning_rate        | 0.0003      |
|    loss                 | -0.0437     |
|    n_updates            | 120         |
|    policy_gradient_loss | -0.0295     |
|    std                  | 0.973       |
|    value_loss           | 0.0043      |
-----------------------------------------
-----------------------------------------
| rollout/                |             |
|    ep_len_mean          | 198         |
|    ep_rew_mean          | -493        |
| time/                   |             |
|    fps                  | 66          |
|    iterations           | 14          |
|    time_elapsed         | 432         |
|    total_timesteps      | 28672       |
| train/                  |             |
|    approx_kl            | 0.016067743 |
|    clip_fraction        | 0.18        |
|    clip_range           | 0.2         |
|    entropy_loss         | -9.74       |
|    explained_variance   | 0.733       |
|    learning_rate        | 0.0003      |
|    loss                 | -0.0466     |
|    n_updates            | 130         |
|    policy_gradient_loss | -0.0326     |
|    std                  | 0.973       |
|    value_loss           | 0.00501     |
-----------------------------------------
-----------------------------------------
| rollout/                |             |
|    ep_len_mean          | 198         |
|    ep_rew_mean          | -453        |
| time/                   |             |
|    fps                  | 66          |
|    iterations           | 15          |
|    time_elapsed         | 462         |
|    total_timesteps      | 30720       |
| train/                  |             |
|    approx_kl            | 0.017979141 |
|    clip_fraction        | 0.178       |
|    clip_range           | 0.2         |
|    entropy_loss         | -9.72       |
|    explained_variance   | 0.675       |
|    learning_rate        | 0.0003      |
|    loss                 | -0.0408     |
|    n_updates            | 140         |
|    policy_gradient_loss | -0.0294     |
|    std                  | 0.967       |
|    value_loss           | 0.00749     |
-----------------------------------------
-----------------------------------------
| rollout/                |             |
|    ep_len_mean          | 198         |
|    ep_rew_mean          | -412        |
| time/                   |             |
|    fps                  | 66          |
|    iterations           | 16          |
|    time_elapsed         | 492         |
|    total_timesteps      | 32768       |
| train/                  |             |
|    approx_kl            | 0.018572293 |
|    clip_fraction        | 0.201       |
|    clip_range           | 0.2         |
|    entropy_loss         | -9.69       |
|    explained_variance   | 0.577       |
|    learning_rate        | 0.0003      |
|    loss                 | -0.026      |
|    n_updates            | 150         |
|    policy_gradient_loss | -0.0345     |
|    std                  | 0.966       |
|    value_loss           | 0.00244     |
-----------------------------------------
-----------------------------------------
| rollout/                |             |
|    ep_len_mean          | 197         |
|    ep_rew_mean          | -378        |
| time/                   |             |
|    fps                  | 66          |
|    iterations           | 17          |
|    time_elapsed         | 523         |
|    total_timesteps      | 34816       |
| train/                  |             |
|    approx_kl            | 0.020865194 |
|    clip_fraction        | 0.233       |
|    clip_range           | 0.2         |
|    entropy_loss         | -9.68       |
|    explained_variance   | 0.507       |
|    learning_rate        | 0.0003      |
|    loss                 | -0.0528     |
|    n_updates            | 160         |
|    policy_gradient_loss | -0.0343     |
|    std                  | 0.964       |
|    value_loss           | 0.00253     |
-----------------------------------------
-----------------------------------------
| rollout/                |             |
|    ep_len_mean          | 197         |
|    ep_rew_mean          | -357        |
| time/                   |             |
|    fps                  | 66          |
|    iterations           | 18          |
|    time_elapsed         | 553         |
|    total_timesteps      | 36864       |
| train/                  |             |
|    approx_kl            | 0.015812496 |
|    clip_fraction        | 0.188       |
|    clip_range           | 0.2         |
|    entropy_loss         | -9.63       |
|    explained_variance   | 0.399       |
|    learning_rate        | 0.0003      |
|    loss                 | -0.0586     |
|    n_updates            | 170         |
|    policy_gradient_loss | -0.0276     |
|    std                  | 0.955       |
|    value_loss           | 0.00488     |
-----------------------------------------
-----------------------------------------
| rollout/                |             |
|    ep_len_mean          | 197         |
|    ep_rew_mean          | -318        |
| time/                   |             |
|    fps                  | 66          |
|    iterations           | 19          |
|    time_elapsed         | 585         |
|    total_timesteps      | 38912       |
| train/                  |             |
|    approx_kl            | 0.017944034 |
|    clip_fraction        | 0.197       |
|    clip_range           | 0.2         |
|    entropy_loss         | -9.58       |
|    explained_variance   | 0.585       |
|    learning_rate        | 0.0003      |
|    loss                 | -0.0504     |
|    n_updates            | 180         |
|    policy_gradient_loss | -0.034      |
|    std                  | 0.95        |
|    value_loss           | 0.00417     |
-----------------------------------------
-----------------------------------------
| rollout/                |             |
|    ep_len_mean          | 195         |
|    ep_rew_mean          | -282        |
| time/                   |             |
|    fps                  | 66          |
|    iterations           | 20          |
|    time_elapsed         | 617         |
|    total_timesteps      | 40960       |
| train/                  |             |
|    approx_kl            | 0.014392156 |
|    clip_fraction        | 0.17        |
|    clip_range           | 0.2         |
|    entropy_loss         | -9.57       |
|    explained_variance   | 0.379       |
|    learning_rate        | 0.0003      |
|    loss                 | -0.0479     |
|    n_updates            | 190         |
|    policy_gradient_loss | -0.0289     |
|    std                  | 0.95        |
|    value_loss           | 0.00257     |
-----------------------------------------
-----------------------------------------
| rollout/                |             |
|    ep_len_mean          | 195         |
|    ep_rew_mean          | -266        |
| time/                   |             |
|    fps                  | 66          |
|    iterations           | 21          |
|    time_elapsed         | 649         |
|    total_timesteps      | 43008       |
| train/                  |             |
|    approx_kl            | 0.018881608 |
|    clip_fraction        | 0.215       |
|    clip_range           | 0.2         |
|    entropy_loss         | -9.53       |
|    explained_variance   | 0.219       |
|    learning_rate        | 0.0003      |
|    loss                 | -0.0482     |
|    n_updates            | 200         |
|    policy_gradient_loss | -0.0338     |
|    std                  | 0.943       |
|    value_loss           | 0.00509     |
-----------------------------------------
-----------------------------------------
| rollout/                |             |
|    ep_len_mean          | 195         |
|    ep_rew_mean          | -253        |
| time/                   |             |
|    fps                  | 66          |
|    iterations           | 22          |
|    time_elapsed         | 681         |
|    total_timesteps      | 45056       |
| train/                  |             |
|    approx_kl            | 0.014457323 |
|    clip_fraction        | 0.154       |
|    clip_range           | 0.2         |
|    entropy_loss         | -9.52       |
|    explained_variance   | 0.467       |
|    learning_rate        | 0.0003      |
|    loss                 | -0.0323     |
|    n_updates            | 210         |
|    policy_gradient_loss | -0.0286     |
|    std                  | 0.942       |
|    value_loss           | 0.00204     |
-----------------------------------------
-----------------------------------------
| rollout/                |             |
|    ep_len_mean          | 197         |
|    ep_rew_mean          | -243        |
| time/                   |             |
|    fps                  | 66          |
|    iterations           | 23          |
|    time_elapsed         | 713         |
|    total_timesteps      | 47104       |
| train/                  |             |
|    approx_kl            | 0.017131075 |
|    clip_fraction        | 0.192       |
|    clip_range           | 0.2         |
|    entropy_loss         | -9.52       |
|    explained_variance   | 0.386       |
|    learning_rate        | 0.0003      |
|    loss                 | -0.0353     |
|    n_updates            | 220         |
|    policy_gradient_loss | -0.0282     |
|    std                  | 0.942       |
|    value_loss           | 0.0055      |
-----------------------------------------
-----------------------------------------
| rollout/                |             |
|    ep_len_mean          | 194         |
|    ep_rew_mean          | -229        |
| time/                   |             |
|    fps                  | 65          |
|    iterations           | 24          |
|    time_elapsed         | 745         |
|    total_timesteps      | 49152       |
| train/                  |             |
|    approx_kl            | 0.013783684 |
|    clip_fraction        | 0.155       |
|    clip_range           | 0.2         |
|    entropy_loss         | -9.51       |
|    explained_variance   | 0.579       |
|    learning_rate        | 0.0003      |
|    loss                 | -0.0403     |
|    n_updates            | 230         |
|    policy_gradient_loss | -0.0277     |
|    std                  | 0.942       |
|    value_loss           | 0.00492     |
-----------------------------------------
----------------------------------------
| rollout/                |            |
|    ep_len_mean          | 193        |
|    ep_rew_mean          | -219       |
| time/                   |            |
|    fps                  | 65         |
|    iterations           | 25         |
|    time_elapsed         | 777        |
|    total_timesteps      | 51200      |
| train/                  |            |
|    approx_kl            | 0.01804597 |
|    clip_fraction        | 0.202      |
|    clip_range           | 0.2        |
|    entropy_loss         | -9.48      |
|    explained_variance   | 0.535      |
|    learning_rate        | 0.0003     |
|    loss                 | -0.0381    |
|    n_updates            | 240        |
|    policy_gradient_loss | -0.0267    |
|    std                  | 0.935      |
|    value_loss           | 0.00865    |
----------------------------------------
-----------------------------------------
| rollout/                |             |
|    ep_len_mean          | 191         |
|    ep_rew_mean          | -213        |
| time/                   |             |
|    fps                  | 65          |
|    iterations           | 26          |
|    time_elapsed         | 810         |
|    total_timesteps      | 53248       |
| train/                  |             |
|    approx_kl            | 0.017765554 |
|    clip_fraction        | 0.188       |
|    clip_range           | 0.2         |
|    entropy_loss         | -9.41       |
|    explained_variance   | 0.615       |
|    learning_rate        | 0.0003      |
|    loss                 | -0.0572     |
|    n_updates            | 250         |
|    policy_gradient_loss | -0.0284     |
|    std                  | 0.924       |
|    value_loss           | 0.00572     |
-----------------------------------------
-----------------------------------------
| rollout/                |             |
|    ep_len_mean          | 184         |
|    ep_rew_mean          | -194        |
| time/                   |             |
|    fps                  | 65          |
|    iterations           | 27          |
|    time_elapsed         | 843         |
|    total_timesteps      | 55296       |
| train/                  |             |
|    approx_kl            | 0.015948988 |
|    clip_fraction        | 0.196       |
|    clip_range           | 0.2         |
|    entropy_loss         | -9.37       |
|    explained_variance   | 0.563       |
|    learning_rate        | 0.0003      |
|    loss                 | -0.0438     |
|    n_updates            | 260         |
|    policy_gradient_loss | -0.0291     |
|    std                  | 0.923       |
|    value_loss           | 0.011       |
-----------------------------------------
------------------------------------------
| rollout/                |              |
|    ep_len_mean          | 172          |
|    ep_rew_mean          | -169         |
| time/                   |              |
|    fps                  | 65           |
|    iterations           | 28           |
|    time_elapsed         | 876          |
|    total_timesteps      | 57344        |
| train/                  |              |
|    approx_kl            | 0.0155167235 |
|    clip_fraction        | 0.177        |
|    clip_range           | 0.2          |
|    entropy_loss         | -9.34        |
|    explained_variance   | 0.33         |
|    learning_rate        | 0.0003       |
|    loss                 | -0.0212      |
|    n_updates            | 270          |
|    policy_gradient_loss | -0.0247      |
|    std                  | 0.916        |
|    value_loss           | 0.0194       |
------------------------------------------
-----------------------------------------
| rollout/                |             |
|    ep_len_mean          | 168         |
|    ep_rew_mean          | -158        |
| time/                   |             |
|    fps                  | 65          |
|    iterations           | 29          |
|    time_elapsed         | 908         |
|    total_timesteps      | 59392       |
| train/                  |             |
|    approx_kl            | 0.015968964 |
|    clip_fraction        | 0.18        |
|    clip_range           | 0.2         |
|    entropy_loss         | -9.28       |
|    explained_variance   | 0.433       |
|    learning_rate        | 0.0003      |
|    loss                 | -0.0269     |
|    n_updates            | 280         |
|    policy_gradient_loss | -0.0258     |
|    std                  | 0.908       |
|    value_loss           | 0.0196      |
-----------------------------------------
----------------------------------------
| rollout/                |            |
|    ep_len_mean          | 162        |
|    ep_rew_mean          | -141       |
| time/                   |            |
|    fps                  | 65         |
|    iterations           | 30         |
|    time_elapsed         | 941        |
|    total_timesteps      | 61440      |
| train/                  |            |
|    approx_kl            | 0.01627213 |
|    clip_fraction        | 0.195      |
|    clip_range           | 0.2        |
|    entropy_loss         | -9.21      |
|    explained_variance   | 0.593      |
|    learning_rate        | 0.0003     |
|    loss                 | -0.0322    |
|    n_updates            | 290        |
|    policy_gradient_loss | -0.0295    |
|    std                  | 0.898      |
|    value_loss           | 0.0104     |
----------------------------------------
-----------------------------------------
| rollout/                |             |
|    ep_len_mean          | 142         |
|    ep_rew_mean          | -115        |
| time/                   |             |
|    fps                  | 65          |
|    iterations           | 31          |
|    time_elapsed         | 975         |
|    total_timesteps      | 63488       |
| train/                  |             |
|    approx_kl            | 0.018123763 |
|    clip_fraction        | 0.203       |
|    clip_range           | 0.2         |
|    entropy_loss         | -9.15       |
|    explained_variance   | 0.364       |
|    learning_rate        | 0.0003      |
|    loss                 | -0.0639     |
|    n_updates            | 300         |
|    policy_gradient_loss | -0.0279     |
|    std                  | 0.892       |
|    value_loss           | 0.0119      |
-----------------------------------------
-----------------------------------------
| rollout/                |             |
|    ep_len_mean          | 137         |
|    ep_rew_mean          | -108        |
| time/                   |             |
|    fps                  | 64          |
|    iterations           | 32          |
|    time_elapsed         | 1008        |
|    total_timesteps      | 65536       |
| train/                  |             |
|    approx_kl            | 0.013722108 |
|    clip_fraction        | 0.159       |
|    clip_range           | 0.2         |
|    entropy_loss         | -9.08       |
|    explained_variance   | 0.322       |
|    learning_rate        | 0.0003      |
|    loss                 | -0.0389     |
|    n_updates            | 310         |
|    policy_gradient_loss | -0.025      |
|    std                  | 0.882       |
|    value_loss           | 0.022       |
-----------------------------------------
-----------------------------------------
| rollout/                |             |
|    ep_len_mean          | 128         |
|    ep_rew_mean          | -95.4       |
| time/                   |             |
|    fps                  | 64          |
|    iterations           | 33          |
|    time_elapsed         | 1042        |
|    total_timesteps      | 67584       |
| train/                  |             |
|    approx_kl            | 0.014537042 |
|    clip_fraction        | 0.159       |
|    clip_range           | 0.2         |
|    entropy_loss         | -9.02       |
|    explained_variance   | 0.523       |
|    learning_rate        | 0.0003      |
|    loss                 | -0.00286    |
|    n_updates            | 320         |
|    policy_gradient_loss | -0.0245     |
|    std                  | 0.877       |
|    value_loss           | 0.0152      |
-----------------------------------------
-----------------------------------------
| rollout/                |             |
|    ep_len_mean          | 122         |
|    ep_rew_mean          | -82.5       |
| time/                   |             |
|    fps                  | 64          |
|    iterations           | 34          |
|    time_elapsed         | 1076        |
|    total_timesteps      | 69632       |
| train/                  |             |
|    approx_kl            | 0.016844388 |
|    clip_fraction        | 0.191       |
|    clip_range           | 0.2         |
|    entropy_loss         | -8.99       |
|    explained_variance   | 0.478       |
|    learning_rate        | 0.0003      |
|    loss                 | -0.0309     |
|    n_updates            | 330         |
|    policy_gradient_loss | -0.0275     |
|    std                  | 0.872       |
|    value_loss           | 0.016       |
-----------------------------------------
-----------------------------------------
| rollout/                |             |
|    ep_len_mean          | 102         |
|    ep_rew_mean          | -62.6       |
| time/                   |             |
|    fps                  | 64          |
|    iterations           | 35          |
|    time_elapsed         | 1111        |
|    total_timesteps      | 71680       |
| train/                  |             |
|    approx_kl            | 0.014669618 |
|    clip_fraction        | 0.18        |
|    clip_range           | 0.2         |
|    entropy_loss         | -8.94       |
|    explained_variance   | 0.549       |
|    learning_rate        | 0.0003      |
|    loss                 | -0.0332     |
|    n_updates            | 340         |
|    policy_gradient_loss | -0.0243     |
|    std                  | 0.866       |
|    value_loss           | 0.0129      |
-----------------------------------------
----------------------------------------
| rollout/                |            |
|    ep_len_mean          | 102        |
|    ep_rew_mean          | -57.1      |
| time/                   |            |
|    fps                  | 64         |
|    iterations           | 36         |
|    time_elapsed         | 1145       |
|    total_timesteps      | 73728      |
| train/                  |            |
|    approx_kl            | 0.01561462 |
|    clip_fraction        | 0.188      |
|    clip_range           | 0.2        |
|    entropy_loss         | -8.89      |
|    explained_variance   | 0.49       |
|    learning_rate        | 0.0003     |
|    loss                 | -0.0451    |
|    n_updates            | 350        |
|    policy_gradient_loss | -0.0266    |
|    std                  | 0.859      |
|    value_loss           | 0.0147     |
----------------------------------------
-----------------------------------------
| rollout/                |             |
|    ep_len_mean          | 88.2        |
|    ep_rew_mean          | -38.1       |
| time/                   |             |
|    fps                  | 64          |
|    iterations           | 37          |
|    time_elapsed         | 1180        |
|    total_timesteps      | 75776       |
| train/                  |             |
|    approx_kl            | 0.015789032 |
|    clip_fraction        | 0.197       |
|    clip_range           | 0.2         |
|    entropy_loss         | -8.86       |
|    explained_variance   | 0.556       |
|    learning_rate        | 0.0003      |
|    loss                 | -0.0291     |
|    n_updates            | 360         |
|    policy_gradient_loss | -0.0265     |
|    std                  | 0.859       |
|    value_loss           | 0.0124      |
-----------------------------------------
-----------------------------------------
| rollout/                |             |
|    ep_len_mean          | 81.7        |
|    ep_rew_mean          | -31.3       |
| time/                   |             |
|    fps                  | 64          |
|    iterations           | 38          |
|    time_elapsed         | 1214        |
|    total_timesteps      | 77824       |
| train/                  |             |
|    approx_kl            | 0.015949205 |
|    clip_fraction        | 0.2         |
|    clip_range           | 0.2         |
|    entropy_loss         | -8.84       |
|    explained_variance   | 0.462       |
|    learning_rate        | 0.0003      |
|    loss                 | -0.0312     |
|    n_updates            | 370         |
|    policy_gradient_loss | -0.0266     |
|    std                  | 0.854       |
|    value_loss           | 0.00996     |
-----------------------------------------
-----------------------------------------
| rollout/                |             |
|    ep_len_mean          | 82.7        |
|    ep_rew_mean          | -29         |
| time/                   |             |
|    fps                  | 63          |
|    iterations           | 39          |
|    time_elapsed         | 1249        |
|    total_timesteps      | 79872       |
| train/                  |             |
|    approx_kl            | 0.016717795 |
|    clip_fraction        | 0.195       |
|    clip_range           | 0.2         |
|    entropy_loss         | -8.8        |
|    explained_variance   | 0.448       |
|    learning_rate        | 0.0003      |
|    loss                 | -0.0183     |
|    n_updates            | 380         |
|    policy_gradient_loss | -0.0246     |
|    std                  | 0.848       |
|    value_loss           | 0.00798     |
-----------------------------------------
-----------------------------------------
| rollout/                |             |
|    ep_len_mean          | 83.2        |
|    ep_rew_mean          | -30.5       |
| time/                   |             |
|    fps                  | 63          |
|    iterations           | 40          |
|    time_elapsed         | 1284        |
|    total_timesteps      | 81920       |
| train/                  |             |
|    approx_kl            | 0.014362635 |
|    clip_fraction        | 0.188       |
|    clip_range           | 0.2         |
|    entropy_loss         | -8.76       |
|    explained_variance   | 0.471       |
|    learning_rate        | 0.0003      |
|    loss                 | -0.0408     |
|    n_updates            | 390         |
|    policy_gradient_loss | -0.0261     |
|    std                  | 0.846       |
|    value_loss           | 0.00533     |
-----------------------------------------
-----------------------------------------
| rollout/                |             |
|    ep_len_mean          | 79.1        |
|    ep_rew_mean          | -27.8       |
| time/                   |             |
|    fps                  | 63          |
|    iterations           | 41          |
|    time_elapsed         | 1319        |
|    total_timesteps      | 83968       |
| train/                  |             |
|    approx_kl            | 0.017673552 |
|    clip_fraction        | 0.181       |
|    clip_range           | 0.2         |
|    entropy_loss         | -8.73       |
|    explained_variance   | 0.696       |
|    learning_rate        | 0.0003      |
|    loss                 | -0.0363     |
|    n_updates            | 400         |
|    policy_gradient_loss | -0.0297     |
|    std                  | 0.842       |
|    value_loss           | 0.00708     |
-----------------------------------------
-----------------------------------------
| rollout/                |             |
|    ep_len_mean          | 78          |
|    ep_rew_mean          | -26.5       |
| time/                   |             |
|    fps                  | 63          |
|    iterations           | 42          |
|    time_elapsed         | 1354        |
|    total_timesteps      | 86016       |
| train/                  |             |
|    approx_kl            | 0.017201157 |
|    clip_fraction        | 0.191       |
|    clip_range           | 0.2         |
|    entropy_loss         | -8.71       |
|    explained_variance   | 0.509       |
|    learning_rate        | 0.0003      |
|    loss                 | -0.0321     |
|    n_updates            | 410         |
|    policy_gradient_loss | -0.0266     |
|    std                  | 0.838       |
|    value_loss           | 0.00515     |
-----------------------------------------
-----------------------------------------
| rollout/                |             |
|    ep_len_mean          | 71.6        |
|    ep_rew_mean          | -23.2       |
| time/                   |             |
|    fps                  | 63          |
|    iterations           | 43          |
|    time_elapsed         | 1389        |
|    total_timesteps      | 88064       |
| train/                  |             |
|    approx_kl            | 0.012960964 |
|    clip_fraction        | 0.157       |
|    clip_range           | 0.2         |
|    entropy_loss         | -8.68       |
|    explained_variance   | 0.513       |
|    learning_rate        | 0.0003      |
|    loss                 | -0.0516     |
|    n_updates            | 420         |
|    policy_gradient_loss | -0.0221     |
|    std                  | 0.835       |
|    value_loss           | 0.00468     |
-----------------------------------------
-----------------------------------------
| rollout/                |             |
|    ep_len_mean          | 72.9        |
|    ep_rew_mean          | -21.5       |
| time/                   |             |
|    fps                  | 63          |
|    iterations           | 44          |
|    time_elapsed         | 1423        |
|    total_timesteps      | 90112       |
| train/                  |             |
|    approx_kl            | 0.015874881 |
|    clip_fraction        | 0.182       |
|    clip_range           | 0.2         |
|    entropy_loss         | -8.62       |
|    explained_variance   | 0.583       |
|    learning_rate        | 0.0003      |
|    loss                 | -0.0387     |
|    n_updates            | 430         |
|    policy_gradient_loss | -0.0247     |
|    std                  | 0.826       |
|    value_loss           | 0.00319     |
-----------------------------------------
-----------------------------------------
| rollout/                |             |
|    ep_len_mean          | 77.1        |
|    ep_rew_mean          | -23.5       |
| time/                   |             |
|    fps                  | 63          |
|    iterations           | 45          |
|    time_elapsed         | 1458        |
|    total_timesteps      | 92160       |
| train/                  |             |
|    approx_kl            | 0.012844617 |
|    clip_fraction        | 0.149       |
|    clip_range           | 0.2         |
|    entropy_loss         | -8.59       |
|    explained_variance   | 0.762       |
|    learning_rate        | 0.0003      |
|    loss                 | -0.0544     |
|    n_updates            | 440         |
|    policy_gradient_loss | -0.0236     |
|    std                  | 0.826       |
|    value_loss           | 0.0044      |
-----------------------------------------
----------------------------------------
| rollout/                |            |
|    ep_len_mean          | 82         |
|    ep_rew_mean          | -27.4      |
| time/                   |            |
|    fps                  | 63         |
|    iterations           | 46         |
|    time_elapsed         | 1492       |
|    total_timesteps      | 94208      |
| train/                  |            |
|    approx_kl            | 0.01692511 |
|    clip_fraction        | 0.189      |
|    clip_range           | 0.2        |
|    entropy_loss         | -8.56      |
|    explained_variance   | 0.668      |
|    learning_rate        | 0.0003     |
|    loss                 | -0.0185    |
|    n_updates            | 450        |
|    policy_gradient_loss | -0.028     |
|    std                  | 0.821      |
|    value_loss           | 0.00406    |
----------------------------------------
-----------------------------------------
| rollout/                |             |
|    ep_len_mean          | 76.5        |
|    ep_rew_mean          | -26.3       |
| time/                   |             |
|    fps                  | 62          |
|    iterations           | 47          |
|    time_elapsed         | 1528        |
|    total_timesteps      | 96256       |
| train/                  |             |
|    approx_kl            | 0.015996547 |
|    clip_fraction        | 0.168       |
|    clip_range           | 0.2         |
|    entropy_loss         | -8.51       |
|    explained_variance   | 0.805       |
|    learning_rate        | 0.0003      |
|    loss                 | -0.0692     |
|    n_updates            | 460         |
|    policy_gradient_loss | -0.0288     |
|    std                  | 0.814       |
|    value_loss           | 0.00679     |
-----------------------------------------
----------------------------------------
| rollout/                |            |
|    ep_len_mean          | 65.8       |
|    ep_rew_mean          | -17.7      |
| time/                   |            |
|    fps                  | 62         |
|    iterations           | 48         |
|    time_elapsed         | 1563       |
|    total_timesteps      | 98304      |
| train/                  |            |
|    approx_kl            | 0.01649177 |
|    clip_fraction        | 0.191      |
|    clip_range           | 0.2        |
|    entropy_loss         | -8.45      |
|    explained_variance   | 0.392      |
|    learning_rate        | 0.0003     |
|    loss                 | -0.0339    |
|    n_updates            | 470        |
|    policy_gradient_loss | -0.0275    |
|    std                  | 0.808      |
|    value_loss           | 0.00572    |
----------------------------------------
-----------------------------------------
| rollout/                |             |
|    ep_len_mean          | 63.5        |
|    ep_rew_mean          | -13.2       |
| time/                   |             |
|    fps                  | 62          |
|    iterations           | 49          |
|    time_elapsed         | 1598        |
|    total_timesteps      | 100352      |
| train/                  |             |
|    approx_kl            | 0.014374156 |
|    clip_fraction        | 0.183       |
|    clip_range           | 0.2         |
|    entropy_loss         | -8.41       |
|    explained_variance   | 0.523       |
|    learning_rate        | 0.0003      |
|    loss                 | -0.0486     |
|    n_updates            | 480         |
|    policy_gradient_loss | -0.0238     |
|    std                  | 0.805       |
|    value_loss           | 0.00437     |
-----------------------------------------
-----------------------------------------
| rollout/                |             |
|    ep_len_mean          | 61.9        |
|    ep_rew_mean          | -12.5       |
| time/                   |             |
|    fps                  | 62          |
|    iterations           | 50          |
|    time_elapsed         | 1634        |
|    total_timesteps      | 102400      |
| train/                  |             |
|    approx_kl            | 0.016715959 |
|    clip_fraction        | 0.195       |
|    clip_range           | 0.2         |
|    entropy_loss         | -8.39       |
|    explained_variance   | 0.66        |
|    learning_rate        | 0.0003      |
|    loss                 | -0.0161     |
|    n_updates            | 490         |
|    policy_gradient_loss | -0.0275     |
|    std                  | 0.802       |
|    value_loss           | 0.00261     |
-----------------------------------------
-----------------------------------------
| rollout/                |             |
|    ep_len_mean          | 61.7        |
|    ep_rew_mean          | -12         |
| time/                   |             |
|    fps                  | 62          |
|    iterations           | 51          |
|    time_elapsed         | 1669        |
|    total_timesteps      | 104448      |
| train/                  |             |
|    approx_kl            | 0.019865127 |
|    clip_fraction        | 0.22        |
|    clip_range           | 0.2         |
|    entropy_loss         | -8.35       |
|    explained_variance   | 0.653       |
|    learning_rate        | 0.0003      |
|    loss                 | -0.04       |
|    n_updates            | 500         |
|    policy_gradient_loss | -0.033      |
|    std                  | 0.796       |
|    value_loss           | 0.00441     |
-----------------------------------------
-----------------------------------------
| rollout/                |             |
|    ep_len_mean          | 53.7        |
|    ep_rew_mean          | -10.2       |
| time/                   |             |
|    fps                  | 62          |
|    iterations           | 52          |
|    time_elapsed         | 1705        |
|    total_timesteps      | 106496      |
| train/                  |             |
|    approx_kl            | 0.016165173 |
|    clip_fraction        | 0.196       |
|    clip_range           | 0.2         |
|    entropy_loss         | -8.28       |
|    explained_variance   | 0.431       |
|    learning_rate        | 0.0003      |
|    loss                 | -0.0615     |
|    n_updates            | 510         |
|    policy_gradient_loss | -0.0283     |
|    std                  | 0.789       |
|    value_loss           | 0.00392     |
-----------------------------------------
-----------------------------------------
| rollout/                |             |
|    ep_len_mean          | 55.1        |
|    ep_rew_mean          | -9.83       |
| time/                   |             |
|    fps                  | 62          |
|    iterations           | 53          |
|    time_elapsed         | 1741        |
|    total_timesteps      | 108544      |
| train/                  |             |
|    approx_kl            | 0.016058795 |
|    clip_fraction        | 0.209       |
|    clip_range           | 0.2         |
|    entropy_loss         | -8.22       |
|    explained_variance   | 0.609       |
|    learning_rate        | 0.0003      |
|    loss                 | -0.0385     |
|    n_updates            | 520         |
|    policy_gradient_loss | -0.0268     |
|    std                  | 0.781       |
|    value_loss           | 0.00323     |
-----------------------------------------
----------------------------------------
| rollout/                |            |
|    ep_len_mean          | 51.6       |
|    ep_rew_mean          | -11        |
| time/                   |            |
|    fps                  | 62         |
|    iterations           | 54         |
|    time_elapsed         | 1776       |
|    total_timesteps      | 110592     |
| train/                  |            |
|    approx_kl            | 0.01726465 |
|    clip_fraction        | 0.165      |
|    clip_range           | 0.2        |
|    entropy_loss         | -8.16      |
|    explained_variance   | 0.547      |
|    learning_rate        | 0.0003     |
|    loss                 | -0.0537    |
|    n_updates            | 530        |
|    policy_gradient_loss | -0.0253    |
|    std                  | 0.776      |
|    value_loss           | 0.00356    |
----------------------------------------
-----------------------------------------
| rollout/                |             |
|    ep_len_mean          | 50.8        |
|    ep_rew_mean          | -10.7       |
| time/                   |             |
|    fps                  | 62          |
|    iterations           | 55          |
|    time_elapsed         | 1812        |
|    total_timesteps      | 112640      |
| train/                  |             |
|    approx_kl            | 0.015443795 |
|    clip_fraction        | 0.174       |
|    clip_range           | 0.2         |
|    entropy_loss         | -8.15       |
|    explained_variance   | 0.837       |
|    learning_rate        | 0.0003      |
|    loss                 | -0.04       |
|    n_updates            | 540         |
|    policy_gradient_loss | -0.0246     |
|    std                  | 0.775       |
|    value_loss           | 0.0044      |
-----------------------------------------
-----------------------------------------
| rollout/                |             |
|    ep_len_mean          | 42.3        |
|    ep_rew_mean          | -4.07       |
| time/                   |             |
|    fps                  | 62          |
|    iterations           | 56          |
|    time_elapsed         | 1849        |
|    total_timesteps      | 114688      |
| train/                  |             |
|    approx_kl            | 0.015771832 |
|    clip_fraction        | 0.197       |
|    clip_range           | 0.2         |
|    entropy_loss         | -8.09       |
|    explained_variance   | 0.51        |
|    learning_rate        | 0.0003      |
|    loss                 | -0.0307     |
|    n_updates            | 550         |
|    policy_gradient_loss | -0.0266     |
|    std                  | 0.768       |
|    value_loss           | 0.00298     |
-----------------------------------------
-----------------------------------------
| rollout/                |             |
|    ep_len_mean          | 41          |
|    ep_rew_mean          | -3.28       |
| time/                   |             |
|    fps                  | 61          |
|    iterations           | 57          |
|    time_elapsed         | 1885        |
|    total_timesteps      | 116736      |
| train/                  |             |
|    approx_kl            | 0.016350606 |
|    clip_fraction        | 0.212       |
|    clip_range           | 0.2         |
|    entropy_loss         | -8.04       |
|    explained_variance   | 0.508       |
|    learning_rate        | 0.0003      |
|    loss                 | -0.0312     |
|    n_updates            | 560         |
|    policy_gradient_loss | -0.0288     |
|    std                  | 0.764       |
|    value_loss           | 0.00277     |
-----------------------------------------
-----------------------------------------
| rollout/                |             |
|    ep_len_mean          | 46.1        |
|    ep_rew_mean          | -5.36       |
| time/                   |             |
|    fps                  | 61          |
|    iterations           | 58          |
|    time_elapsed         | 1922        |
|    total_timesteps      | 118784      |
| train/                  |             |
|    approx_kl            | 0.015005262 |
|    clip_fraction        | 0.177       |
|    clip_range           | 0.2         |
|    entropy_loss         | -8.02       |
|    explained_variance   | 0.65        |
|    learning_rate        | 0.0003      |
|    loss                 | -0.0432     |
|    n_updates            | 570         |
|    policy_gradient_loss | -0.0239     |
|    std                  | 0.763       |
|    value_loss           | 0.00275     |
-----------------------------------------
---------------------------------------
| rollout/                |           |
|    ep_len_mean          | 42.5      |
|    ep_rew_mean          | -5.14     |
| time/                   |           |
|    fps                  | 61        |
|    iterations           | 59        |
|    time_elapsed         | 1958      |
|    total_timesteps      | 120832    |
| train/                  |           |
|    approx_kl            | 0.0177547 |
|    clip_fraction        | 0.214     |
|    clip_range           | 0.2       |
|    entropy_loss         | -8.01     |
|    explained_variance   | 0.561     |
|    learning_rate        | 0.0003    |
|    loss                 | -0.0542   |
|    n_updates            | 580       |
|    policy_gradient_loss | -0.0311   |
|    std                  | 0.761     |
|    value_loss           | 0.00331   |
---------------------------------------
-----------------------------------------
| rollout/                |             |
|    ep_len_mean          | 38.9        |
|    ep_rew_mean          | -3.51       |
| time/                   |             |
|    fps                  | 61          |
|    iterations           | 60          |
|    time_elapsed         | 1995        |
|    total_timesteps      | 122880      |
| train/                  |             |
|    approx_kl            | 0.017238457 |
|    clip_fraction        | 0.219       |
|    clip_range           | 0.2         |
|    entropy_loss         | -7.99       |
|    explained_variance   | 0.471       |
|    learning_rate        | 0.0003      |
|    loss                 | -0.0595     |
|    n_updates            | 590         |
|    policy_gradient_loss | -0.0297     |
|    std                  | 0.758       |
|    value_loss           | 0.00302     |
-----------------------------------------
----------------------------------------
| rollout/                |            |
|    ep_len_mean          | 34.4       |
|    ep_rew_mean          | -8.52      |
| time/                   |            |
|    fps                  | 61         |
|    iterations           | 61         |
|    time_elapsed         | 2033       |
|    total_timesteps      | 124928     |
| train/                  |            |
|    approx_kl            | 0.01874514 |
|    clip_fraction        | 0.209      |
|    clip_range           | 0.2        |
|    entropy_loss         | -7.97      |
|    explained_variance   | 0.475      |
|    learning_rate        | 0.0003     |
|    loss                 | -0.0518    |
|    n_updates            | 600        |
|    policy_gradient_loss | -0.0328    |
|    std                  | 0.759      |
|    value_loss           | 0.0035     |
----------------------------------------
-----------------------------------------
| rollout/                |             |
|    ep_len_mean          | 38.3        |
|    ep_rew_mean          | -9.32       |
| time/                   |             |
|    fps                  | 61          |
|    iterations           | 62          |
|    time_elapsed         | 2069        |
|    total_timesteps      | 126976      |
| train/                  |             |
|    approx_kl            | 0.023508653 |
|    clip_fraction        | 0.183       |
|    clip_range           | 0.2         |
|    entropy_loss         | -7.98       |
|    explained_variance   | 0.751       |
|    learning_rate        | 0.0003      |
|    loss                 | -0.0244     |
|    n_updates            | 610         |
|    policy_gradient_loss | -0.0264     |
|    std                  | 0.758       |
|    value_loss           | 0.00605     |
-----------------------------------------
-----------------------------------------
| rollout/                |             |
|    ep_len_mean          | 42.1        |
|    ep_rew_mean          | -28.7       |
| time/                   |             |
|    fps                  | 61          |
|    iterations           | 63          |
|    time_elapsed         | 2105        |
|    total_timesteps      | 129024      |
| train/                  |             |
|    approx_kl            | 0.015083991 |
|    clip_fraction        | 0.187       |
|    clip_range           | 0.2         |
|    entropy_loss         | -7.95       |
|    explained_variance   | 0.526       |
|    learning_rate        | 0.0003      |
|    loss                 | -0.0434     |
|    n_updates            | 620         |
|    policy_gradient_loss | -0.0242     |
|    std                  | 0.755       |
|    value_loss           | 0.00239     |
-----------------------------------------
-----------------------------------------
| rollout/                |             |
|    ep_len_mean          | 41.5        |
|    ep_rew_mean          | -34.5       |
| time/                   |             |
|    fps                  | 61          |
|    iterations           | 64          |
|    time_elapsed         | 2142        |
|    total_timesteps      | 131072      |
| train/                  |             |
|    approx_kl            | 0.023146786 |
|    clip_fraction        | 0.162       |
|    clip_range           | 0.2         |
|    entropy_loss         | -7.93       |
|    explained_variance   | 0.803       |
|    learning_rate        | 0.0003      |
|    loss                 | -0.00199    |
|    n_updates            | 630         |
|    policy_gradient_loss | -0.0316     |
|    std                  | 0.752       |
|    value_loss           | 0.0183      |
-----------------------------------------
---------------------------------------
| rollout/                |           |
|    ep_len_mean          | 39.1      |
|    ep_rew_mean          | -8.23     |
| time/                   |           |
|    fps                  | 61        |
|    iterations           | 65        |
|    time_elapsed         | 2179      |
|    total_timesteps      | 133120    |
| train/                  |           |
|    approx_kl            | 0.0173359 |
|    clip_fraction        | 0.161     |
|    clip_range           | 0.2       |
|    entropy_loss         | -7.92     |
|    explained_variance   | 0.945     |
|    learning_rate        | 0.0003    |
|    loss                 | -0.0444   |
|    n_updates            | 640       |
|    policy_gradient_loss | -0.0308   |
|    std                  | 0.752     |
|    value_loss           | 0.0069    |
---------------------------------------
-----------------------------------------
| rollout/                |             |
|    ep_len_mean          | 34.7        |
|    ep_rew_mean          | -0.753      |
| time/                   |             |
|    fps                  | 60          |
|    iterations           | 66          |
|    time_elapsed         | 2217        |
|    total_timesteps      | 135168      |
| train/                  |             |
|    approx_kl            | 0.020655945 |
|    clip_fraction        | 0.243       |
|    clip_range           | 0.2         |
|    entropy_loss         | -7.87       |
|    explained_variance   | 0.368       |
|    learning_rate        | 0.0003      |
|    loss                 | -0.0299     |
|    n_updates            | 650         |
|    policy_gradient_loss | -0.0321     |
|    std                  | 0.745       |
|    value_loss           | 0.00367     |
-----------------------------------------
-----------------------------------------
| rollout/                |             |
|    ep_len_mean          | 37.4        |
|    ep_rew_mean          | -1.34       |
| time/                   |             |
|    fps                  | 60          |
|    iterations           | 67          |
|    time_elapsed         | 2254        |
|    total_timesteps      | 137216      |
| train/                  |             |
|    approx_kl            | 0.016782172 |
|    clip_fraction        | 0.214       |
|    clip_range           | 0.2         |
|    entropy_loss         | -7.82       |
|    explained_variance   | 0.733       |
|    learning_rate        | 0.0003      |
|    loss                 | -0.0618     |
|    n_updates            | 660         |
|    policy_gradient_loss | -0.0286     |
|    std                  | 0.74        |
|    value_loss           | 0.00299     |
-----------------------------------------
-----------------------------------------
| rollout/                |             |
|    ep_len_mean          | 28.8        |
|    ep_rew_mean          | 0.579       |
| time/                   |             |
|    fps                  | 60          |
|    iterations           | 68          |
|    time_elapsed         | 2293        |
|    total_timesteps      | 139264      |
| train/                  |             |
|    approx_kl            | 0.014121839 |
|    clip_fraction        | 0.196       |
|    clip_range           | 0.2         |
|    entropy_loss         | -7.79       |
|    explained_variance   | 0.259       |
|    learning_rate        | 0.0003      |
|    loss                 | -0.0398     |
|    n_updates            | 670         |
|    policy_gradient_loss | -0.0271     |
|    std                  | 0.738       |
|    value_loss           | 0.00346     |
-----------------------------------------
-----------------------------------------
| rollout/                |             |
|    ep_len_mean          | 25.9        |
|    ep_rew_mean          | 1.96        |
| time/                   |             |
|    fps                  | 60          |
|    iterations           | 69          |
|    time_elapsed         | 2331        |
|    total_timesteps      | 141312      |
| train/                  |             |
|    approx_kl            | 0.018043755 |
|    clip_fraction        | 0.206       |
|    clip_range           | 0.2         |
|    entropy_loss         | -7.78       |
|    explained_variance   | 0.125       |
|    learning_rate        | 0.0003      |
|    loss                 | -0.0241     |
|    n_updates            | 680         |
|    policy_gradient_loss | -0.0265     |
|    std                  | 0.738       |
|    value_loss           | 0.00224     |
-----------------------------------------
----------------------------------------
| rollout/                |            |
|    ep_len_mean          | 27.4       |
|    ep_rew_mean          | 1.28       |
| time/                   |            |
|    fps                  | 60         |
|    iterations           | 70         |
|    time_elapsed         | 2370       |
|    total_timesteps      | 143360     |
| train/                  |            |
|    approx_kl            | 0.01945439 |
|    clip_fraction        | 0.233      |
|    clip_range           | 0.2        |
|    entropy_loss         | -7.74      |
|    explained_variance   | 0.195      |
|    learning_rate        | 0.0003     |
|    loss                 | -0.0266    |
|    n_updates            | 690        |
|    policy_gradient_loss | -0.0319    |
|    std                  | 0.73       |
|    value_loss           | 0.00277    |
----------------------------------------
-----------------------------------------
| rollout/                |             |
|    ep_len_mean          | 23.4        |
|    ep_rew_mean          | 3.08        |
| time/                   |             |
|    fps                  | 60          |
|    iterations           | 71          |
|    time_elapsed         | 2410        |
|    total_timesteps      | 145408      |
| train/                  |             |
|    approx_kl            | 0.020786323 |
|    clip_fraction        | 0.239       |
|    clip_range           | 0.2         |
|    entropy_loss         | -7.66       |
|    explained_variance   | 0.467       |
|    learning_rate        | 0.0003      |
|    loss                 | -0.00279    |
|    n_updates            | 700         |
|    policy_gradient_loss | -0.0312     |
|    std                  | 0.722       |
|    value_loss           | 0.00232     |
-----------------------------------------
-----------------------------------------
| rollout/                |             |
|    ep_len_mean          | 24.5        |
|    ep_rew_mean          | 2.46        |
| time/                   |             |
|    fps                  | 60          |
|    iterations           | 72          |
|    time_elapsed         | 2449        |
|    total_timesteps      | 147456      |
| train/                  |             |
|    approx_kl            | 0.020131417 |
|    clip_fraction        | 0.237       |
|    clip_range           | 0.2         |
|    entropy_loss         | -7.61       |
|    explained_variance   | 0.0901      |
|    learning_rate        | 0.0003      |
|    loss                 | -0.0236     |
|    n_updates            | 710         |
|    policy_gradient_loss | -0.0291     |
|    std                  | 0.718       |
|    value_loss           | 0.00145     |
-----------------------------------------
-----------------------------------------
| rollout/                |             |
|    ep_len_mean          | 25.9        |
|    ep_rew_mean          | 1.88        |
| time/                   |             |
|    fps                  | 60          |
|    iterations           | 73          |
|    time_elapsed         | 2488        |
|    total_timesteps      | 149504      |
| train/                  |             |
|    approx_kl            | 0.018090863 |
|    clip_fraction        | 0.199       |
|    clip_range           | 0.2         |
|    entropy_loss         | -7.58       |
|    explained_variance   | 0.235       |
|    learning_rate        | 0.0003      |
|    loss                 | -0.0141     |
|    n_updates            | 720         |
|    policy_gradient_loss | -0.0263     |
|    std                  | 0.716       |
|    value_loss           | 0.00141     |
-----------------------------------------
-----------------------------------------
| rollout/                |             |
|    ep_len_mean          | 25.3        |
|    ep_rew_mean          | 1.96        |
| time/                   |             |
|    fps                  | 59          |
|    iterations           | 74          |
|    time_elapsed         | 2527        |
|    total_timesteps      | 151552      |
| train/                  |             |
|    approx_kl            | 0.018393956 |
|    clip_fraction        | 0.208       |
|    clip_range           | 0.2         |
|    entropy_loss         | -7.57       |
|    explained_variance   | 0.253       |
|    learning_rate        | 0.0003      |
|    loss                 | -0.0583     |
|    n_updates            | 730         |
|    policy_gradient_loss | -0.028      |
|    std                  | 0.716       |
|    value_loss           | 0.00151     |
-----------------------------------------
-----------------------------------------
| rollout/                |             |
|    ep_len_mean          | 24.4        |
|    ep_rew_mean          | 2.95        |
| time/                   |             |
|    fps                  | 59          |
|    iterations           | 75          |
|    time_elapsed         | 2567        |
|    total_timesteps      | 153600      |
| train/                  |             |
|    approx_kl            | 0.017618515 |
|    clip_fraction        | 0.216       |
|    clip_range           | 0.2         |
|    entropy_loss         | -7.54       |
|    explained_variance   | 0.209       |
|    learning_rate        | 0.0003      |
|    loss                 | -0.0178     |
|    n_updates            | 740         |
|    policy_gradient_loss | -0.0273     |
|    std                  | 0.712       |
|    value_loss           | 0.00152     |
-----------------------------------------
-----------------------------------------
| rollout/                |             |
|    ep_len_mean          | 24.4        |
|    ep_rew_mean          | 2.76        |
| time/                   |             |
|    fps                  | 59          |
|    iterations           | 76          |
|    time_elapsed         | 2606        |
|    total_timesteps      | 155648      |
| train/                  |             |
|    approx_kl            | 0.021237208 |
|    clip_fraction        | 0.235       |
|    clip_range           | 0.2         |
|    entropy_loss         | -7.49       |
|    explained_variance   | 0.237       |
|    learning_rate        | 0.0003      |
|    loss                 | -0.0164     |
|    n_updates            | 750         |
|    policy_gradient_loss | -0.0343     |
|    std                  | 0.706       |
|    value_loss           | 0.00116     |
-----------------------------------------
-----------------------------------------
| rollout/                |             |
|    ep_len_mean          | 24.6        |
|    ep_rew_mean          | 2.95        |
| time/                   |             |
|    fps                  | 59          |
|    iterations           | 77          |
|    time_elapsed         | 2646        |
|    total_timesteps      | 157696      |
| train/                  |             |
|    approx_kl            | 0.015819315 |
|    clip_fraction        | 0.207       |
|    clip_range           | 0.2         |
|    entropy_loss         | -7.44       |
|    explained_variance   | 0.269       |
|    learning_rate        | 0.0003      |
|    loss                 | -0.0597     |
|    n_updates            | 760         |
|    policy_gradient_loss | -0.028      |
|    std                  | 0.702       |
|    value_loss           | 0.00137     |
-----------------------------------------
---------------------------------------
| rollout/                |           |
|    ep_len_mean          | 23.3      |
|    ep_rew_mean          | 3.43      |
| time/                   |           |
|    fps                  | 59        |
|    iterations           | 78        |
|    time_elapsed         | 2686      |
|    total_timesteps      | 159744    |
| train/                  |           |
|    approx_kl            | 0.0195666 |
|    clip_fraction        | 0.24      |
|    clip_range           | 0.2       |
|    entropy_loss         | -7.41     |
|    explained_variance   | 0.25      |
|    learning_rate        | 0.0003    |
|    loss                 | -0.0364   |
|    n_updates            | 770       |
|    policy_gradient_loss | -0.0267   |
|    std                  | 0.699     |
|    value_loss           | 0.00127   |
---------------------------------------
-----------------------------------------
| rollout/                |             |
|    ep_len_mean          | 24.9        |
|    ep_rew_mean          | -15.6       |
| time/                   |             |
|    fps                  | 59          |
|    iterations           | 79          |
|    time_elapsed         | 2725        |
|    total_timesteps      | 161792      |
| train/                  |             |
|    approx_kl            | 0.016577274 |
|    clip_fraction        | 0.213       |
|    clip_range           | 0.2         |
|    entropy_loss         | -7.37       |
|    explained_variance   | 0.105       |
|    learning_rate        | 0.0003      |
|    loss                 | -0.07       |
|    n_updates            | 780         |
|    policy_gradient_loss | -0.0272     |
|    std                  | 0.695       |
|    value_loss           | 0.00136     |
-----------------------------------------
-----------------------------------------
| rollout/                |             |
|    ep_len_mean          | 21.4        |
|    ep_rew_mean          | 3.89        |
| time/                   |             |
|    fps                  | 59          |
|    iterations           | 80          |
|    time_elapsed         | 2765        |
|    total_timesteps      | 163840      |
| train/                  |             |
|    approx_kl            | 0.035821963 |
|    clip_fraction        | 0.168       |
|    clip_range           | 0.2         |
|    entropy_loss         | -7.35       |
|    explained_variance   | 0.727       |
|    learning_rate        | 0.0003      |
|    loss                 | -0.061      |
|    n_updates            | 790         |
|    policy_gradient_loss | -0.0345     |
|    std                  | 0.693       |
|    value_loss           | 0.0126      |
-----------------------------------------
-----------------------------------------
| rollout/                |             |
|    ep_len_mean          | 20.8        |
|    ep_rew_mean          | 4.07        |
| time/                   |             |
|    fps                  | 59          |
|    iterations           | 81          |
|    time_elapsed         | 2806        |
|    total_timesteps      | 165888      |
| train/                  |             |
|    approx_kl            | 0.020870809 |
|    clip_fraction        | 0.248       |
|    clip_range           | 0.2         |
|    entropy_loss         | -7.28       |
|    explained_variance   | 0.116       |
|    learning_rate        | 0.0003      |
|    loss                 | -0.042      |
|    n_updates            | 800         |
|    policy_gradient_loss | -0.0327     |
|    std                  | 0.684       |
|    value_loss           | 0.00232     |
-----------------------------------------
-----------------------------------------
| rollout/                |             |
|    ep_len_mean          | 18.8        |
|    ep_rew_mean          | 5.06        |
| time/                   |             |
|    fps                  | 58          |
|    iterations           | 82          |
|    time_elapsed         | 2847        |
|    total_timesteps      | 167936      |
| train/                  |             |
|    approx_kl            | 0.019055491 |
|    clip_fraction        | 0.228       |
|    clip_range           | 0.2         |
|    entropy_loss         | -7.23       |
|    explained_variance   | 0.0294      |
|    learning_rate        | 0.0003      |
|    loss                 | -0.00243    |
|    n_updates            | 810         |
|    policy_gradient_loss | -0.0287     |
|    std                  | 0.682       |
|    value_loss           | 0.00162     |
-----------------------------------------
-----------------------------------------
| rollout/                |             |
|    ep_len_mean          | 18.2        |
|    ep_rew_mean          | 5.08        |
| time/                   |             |
|    fps                  | 58          |
|    iterations           | 83          |
|    time_elapsed         | 2889        |
|    total_timesteps      | 169984      |
| train/                  |             |
|    approx_kl            | 0.017077096 |
|    clip_fraction        | 0.237       |
|    clip_range           | 0.2         |
|    entropy_loss         | -7.19       |
|    explained_variance   | 0.138       |
|    learning_rate        | 0.0003      |
|    loss                 | -0.0309     |
|    n_updates            | 820         |
|    policy_gradient_loss | -0.0267     |
|    std                  | 0.677       |
|    value_loss           | 0.00123     |
-----------------------------------------
-----------------------------------------
| rollout/                |             |
|    ep_len_mean          | 20.4        |
|    ep_rew_mean          | 4.26        |
| time/                   |             |
|    fps                  | 58          |
|    iterations           | 84          |
|    time_elapsed         | 2930        |
|    total_timesteps      | 172032      |
| train/                  |             |
|    approx_kl            | 0.019506946 |
|    clip_fraction        | 0.245       |
|    clip_range           | 0.2         |
|    entropy_loss         | -7.13       |
|    explained_variance   | 0.0863      |
|    learning_rate        | 0.0003      |
|    loss                 | -0.0255     |
|    n_updates            | 830         |
|    policy_gradient_loss | -0.0311     |
|    std                  | 0.671       |
|    value_loss           | 0.00109     |
-----------------------------------------
-----------------------------------------
| rollout/                |             |
|    ep_len_mean          | 21.2        |
|    ep_rew_mean          | 4           |
| time/                   |             |
|    fps                  | 58          |
|    iterations           | 85          |
|    time_elapsed         | 2971        |
|    total_timesteps      | 174080      |
| train/                  |             |
|    approx_kl            | 0.019952344 |
|    clip_fraction        | 0.227       |
|    clip_range           | 0.2         |
|    entropy_loss         | -7.09       |
|    explained_variance   | 0.212       |
|    learning_rate        | 0.0003      |
|    loss                 | -0.0511     |
|    n_updates            | 840         |
|    policy_gradient_loss | -0.0286     |
|    std                  | 0.668       |
|    value_loss           | 0.00144     |
-----------------------------------------
-----------------------------------------
| rollout/                |             |
|    ep_len_mean          | 16.9        |
|    ep_rew_mean          | 5.77        |
| time/                   |             |
|    fps                  | 58          |
|    iterations           | 86          |
|    time_elapsed         | 3013        |
|    total_timesteps      | 176128      |
| train/                  |             |
|    approx_kl            | 0.017608665 |
|    clip_fraction        | 0.213       |
|    clip_range           | 0.2         |
|    entropy_loss         | -7.06       |
|    explained_variance   | 0.231       |
|    learning_rate        | 0.0003      |
|    loss                 | -0.0481     |
|    n_updates            | 850         |
|    policy_gradient_loss | -0.0271     |
|    std                  | 0.666       |
|    value_loss           | 0.00116     |
-----------------------------------------
-----------------------------------------
| rollout/                |             |
|    ep_len_mean          | 18.8        |
|    ep_rew_mean          | 5.12        |
| time/                   |             |
|    fps                  | 58          |
|    iterations           | 87          |
|    time_elapsed         | 3055        |
|    total_timesteps      | 178176      |
| train/                  |             |
|    approx_kl            | 0.020172562 |
|    clip_fraction        | 0.241       |
|    clip_range           | 0.2         |
|    entropy_loss         | -7.02       |
|    explained_variance   | 0.165       |
|    learning_rate        | 0.0003      |
|    loss                 | -0.0483     |
|    n_updates            | 860         |
|    policy_gradient_loss | -0.0273     |
|    std                  | 0.661       |
|    value_loss           | 0.000723    |
-----------------------------------------
-----------------------------------------
| rollout/                |             |
|    ep_len_mean          | 16.5        |
|    ep_rew_mean          | 6.03        |
| time/                   |             |
|    fps                  | 58          |
|    iterations           | 88          |
|    time_elapsed         | 3097        |
|    total_timesteps      | 180224      |
| train/                  |             |
|    approx_kl            | 0.020640988 |
|    clip_fraction        | 0.246       |
|    clip_range           | 0.2         |
|    entropy_loss         | -7          |
|    explained_variance   | 0.167       |
|    learning_rate        | 0.0003      |
|    loss                 | -0.0477     |
|    n_updates            | 870         |
|    policy_gradient_loss | -0.026      |
|    std                  | 0.662       |
|    value_loss           | 0.00103     |
-----------------------------------------
-----------------------------------------
| rollout/                |             |
|    ep_len_mean          | 19.6        |
|    ep_rew_mean          | 4.66        |
| time/                   |             |
|    fps                  | 58          |
|    iterations           | 89          |
|    time_elapsed         | 3138        |
|    total_timesteps      | 182272      |
| train/                  |             |
|    approx_kl            | 0.015584625 |
|    clip_fraction        | 0.204       |
|    clip_range           | 0.2         |
|    entropy_loss         | -6.97       |
|    explained_variance   | 0.176       |
|    learning_rate        | 0.0003      |
|    loss                 | -0.0353     |
|    n_updates            | 880         |
|    policy_gradient_loss | -0.0254     |
|    std                  | 0.656       |
|    value_loss           | 0.000593    |
-----------------------------------------
-----------------------------------------
| rollout/                |             |
|    ep_len_mean          | 17.4        |
|    ep_rew_mean          | 5.77        |
| time/                   |             |
|    fps                  | 57          |
|    iterations           | 90          |
|    time_elapsed         | 3180        |
|    total_timesteps      | 184320      |
| train/                  |             |
|    approx_kl            | 0.017151626 |
|    clip_fraction        | 0.23        |
|    clip_range           | 0.2         |
|    entropy_loss         | -6.92       |
|    explained_variance   | 0.284       |
|    learning_rate        | 0.0003      |
|    loss                 | -0.0266     |
|    n_updates            | 890         |
|    policy_gradient_loss | -0.0262     |
|    std                  | 0.652       |
|    value_loss           | 0.00102     |
-----------------------------------------
----------------------------------------
| rollout/                |            |
|    ep_len_mean          | 19.8       |
|    ep_rew_mean          | 4.47       |
| time/                   |            |
|    fps                  | 57         |
|    iterations           | 91         |
|    time_elapsed         | 3221       |
|    total_timesteps      | 186368     |
| train/                  |            |
|    approx_kl            | 0.01725512 |
|    clip_fraction        | 0.209      |
|    clip_range           | 0.2        |
|    entropy_loss         | -6.89      |
|    explained_variance   | 0.243      |
|    learning_rate        | 0.0003     |
|    loss                 | -0.0109    |
|    n_updates            | 900        |
|    policy_gradient_loss | -0.0241    |
|    std                  | 0.65       |
|    value_loss           | 0.000738   |
----------------------------------------
-----------------------------------------
| rollout/                |             |
|    ep_len_mean          | 17.1        |
|    ep_rew_mean          | 6.02        |
| time/                   |             |
|    fps                  | 57          |
|    iterations           | 92          |
|    time_elapsed         | 3264        |
|    total_timesteps      | 188416      |
| train/                  |             |
|    approx_kl            | 0.022373311 |
|    clip_fraction        | 0.266       |
|    clip_range           | 0.2         |
|    entropy_loss         | -6.85       |
|    explained_variance   | 0.412       |
|    learning_rate        | 0.0003      |
|    loss                 | -0.0477     |
|    n_updates            | 910         |
|    policy_gradient_loss | -0.0338     |
|    std                  | 0.646       |
|    value_loss           | 0.00136     |
-----------------------------------------
-----------------------------------------
| rollout/                |             |
|    ep_len_mean          | 16.8        |
|    ep_rew_mean          | 5.76        |
| time/                   |             |
|    fps                  | 57          |
|    iterations           | 93          |
|    time_elapsed         | 3306        |
|    total_timesteps      | 190464      |
| train/                  |             |
|    approx_kl            | 0.018364761 |
|    clip_fraction        | 0.22        |
|    clip_range           | 0.2         |
|    entropy_loss         | -6.79       |
|    explained_variance   | 0.244       |
|    learning_rate        | 0.0003      |
|    loss                 | -0.0363     |
|    n_updates            | 920         |
|    policy_gradient_loss | -0.0272     |
|    std                  | 0.639       |
|    value_loss           | 0.000675    |
-----------------------------------------
-----------------------------------------
| rollout/                |             |
|    ep_len_mean          | 17          |
|    ep_rew_mean          | 5.94        |
| time/                   |             |
|    fps                  | 57          |
|    iterations           | 94          |
|    time_elapsed         | 3348        |
|    total_timesteps      | 192512      |
| train/                  |             |
|    approx_kl            | 0.021318987 |
|    clip_fraction        | 0.246       |
|    clip_range           | 0.2         |
|    entropy_loss         | -6.74       |
|    explained_variance   | 0.229       |
|    learning_rate        | 0.0003      |
|    loss                 | -0.0492     |
|    n_updates            | 930         |
|    policy_gradient_loss | -0.0303     |
|    std                  | 0.636       |
|    value_loss           | 0.000767    |
-----------------------------------------
----------------------------------------
| rollout/                |            |
|    ep_len_mean          | 15.5       |
|    ep_rew_mean          | 6.43       |
| time/                   |            |
|    fps                  | 57         |
|    iterations           | 95         |
|    time_elapsed         | 3391       |
|    total_timesteps      | 194560     |
| train/                  |            |
|    approx_kl            | 0.01807487 |
|    clip_fraction        | 0.239      |
|    clip_range           | 0.2        |
|    entropy_loss         | -6.67      |
|    explained_variance   | 0.337      |
|    learning_rate        | 0.0003     |
|    loss                 | -0.00845   |
|    n_updates            | 940        |
|    policy_gradient_loss | -0.0294    |
|    std                  | 0.629      |
|    value_loss           | 0.000623   |
----------------------------------------
-----------------------------------------
| rollout/                |             |
|    ep_len_mean          | 15.7        |
|    ep_rew_mean          | 6.57        |
| time/                   |             |
|    fps                  | 57          |
|    iterations           | 96          |
|    time_elapsed         | 3435        |
|    total_timesteps      | 196608      |
| train/                  |             |
|    approx_kl            | 0.023051847 |
|    clip_fraction        | 0.253       |
|    clip_range           | 0.2         |
|    entropy_loss         | -6.6        |
|    explained_variance   | 0.249       |
|    learning_rate        | 0.0003      |
|    loss                 | -0.0308     |
|    n_updates            | 950         |
|    policy_gradient_loss | -0.0296     |
|    std                  | 0.623       |
|    value_loss           | 0.000547    |
-----------------------------------------
-----------------------------------------
| rollout/                |             |
|    ep_len_mean          | 16.2        |
|    ep_rew_mean          | 6.03        |
| time/                   |             |
|    fps                  | 57          |
|    iterations           | 97          |
|    time_elapsed         | 3478        |
|    total_timesteps      | 198656      |
| train/                  |             |
|    approx_kl            | 0.023374286 |
|    clip_fraction        | 0.26        |
|    clip_range           | 0.2         |
|    entropy_loss         | -6.53       |
|    explained_variance   | 0.373       |
|    learning_rate        | 0.0003      |
|    loss                 | -0.0617     |
|    n_updates            | 960         |
|    policy_gradient_loss | -0.0281     |
|    std                  | 0.618       |
|    value_loss           | 0.000467    |
-----------------------------------------
---------------------------------------
| rollout/                |           |
|    ep_len_mean          | 15.5      |
|    ep_rew_mean          | 6.6       |
| time/                   |           |
|    fps                  | 56        |
|    iterations           | 98        |
|    time_elapsed         | 3521      |
|    total_timesteps      | 200704    |
| train/                  |           |
|    approx_kl            | 0.0169105 |
|    clip_fraction        | 0.23      |
|    clip_range           | 0.2       |
|    entropy_loss         | -6.49     |
|    explained_variance   | 0.322     |
|    learning_rate        | 0.0003    |
|    loss                 | -0.0354   |
|    n_updates            | 970       |
|    policy_gradient_loss | -0.0249   |
|    std                  | 0.614     |
|    value_loss           | 0.000639  |
---------------------------------------
----------------------------------------
| rollout/                |            |
|    ep_len_mean          | 15.5       |
|    ep_rew_mean          | 6.52       |
| time/                   |            |
|    fps                  | 56         |
|    iterations           | 99         |
|    time_elapsed         | 3564       |
|    total_timesteps      | 202752     |
| train/                  |            |
|    approx_kl            | 0.02246819 |
|    clip_fraction        | 0.257      |
|    clip_range           | 0.2        |
|    entropy_loss         | -6.47      |
|    explained_variance   | 0.41       |
|    learning_rate        | 0.0003     |
|    loss                 | -0.0203    |
|    n_updates            | 980        |
|    policy_gradient_loss | -0.0252    |
|    std                  | 0.614      |
|    value_loss           | 0.000537   |
----------------------------------------
-----------------------------------------
| rollout/                |             |
|    ep_len_mean          | 16.2        |
|    ep_rew_mean          | 6.27        |
| time/                   |             |
|    fps                  | 56          |
|    iterations           | 100         |
|    time_elapsed         | 3607        |
|    total_timesteps      | 204800      |
| train/                  |             |
|    approx_kl            | 0.024482945 |
|    clip_fraction        | 0.258       |
|    clip_range           | 0.2         |
|    entropy_loss         | -6.42       |
|    explained_variance   | 0.36        |
|    learning_rate        | 0.0003      |
|    loss                 | -0.0409     |
|    n_updates            | 990         |
|    policy_gradient_loss | -0.0307     |
|    std                  | 0.609       |
|    value_loss           | 0.000497    |
-----------------------------------------
-----------------------------------------
| rollout/                |             |
|    ep_len_mean          | 15.7        |
|    ep_rew_mean          | 6.26        |
| time/                   |             |
|    fps                  | 56          |
|    iterations           | 101         |
|    time_elapsed         | 3651        |
|    total_timesteps      | 206848      |
| train/                  |             |
|    approx_kl            | 0.022456456 |
|    clip_fraction        | 0.25        |
|    clip_range           | 0.2         |
|    entropy_loss         | -6.36       |
|    explained_variance   | 0.497       |
|    learning_rate        | 0.0003      |
|    loss                 | -0.0557     |
|    n_updates            | 1000        |
|    policy_gradient_loss | -0.0281     |
|    std                  | 0.602       |
|    value_loss           | 0.00054     |
-----------------------------------------
----------------------------------------
| rollout/                |            |
|    ep_len_mean          | 14.7       |
|    ep_rew_mean          | 6.89       |
| time/                   |            |
|    fps                  | 56         |
|    iterations           | 102        |
|    time_elapsed         | 3694       |
|    total_timesteps      | 208896     |
| train/                  |            |
|    approx_kl            | 0.02256694 |
|    clip_fraction        | 0.246      |
|    clip_range           | 0.2        |
|    entropy_loss         | -6.3       |
|    explained_variance   | 0.311      |
|    learning_rate        | 0.0003     |
|    loss                 | -0.048     |
|    n_updates            | 1010       |
|    policy_gradient_loss | -0.0293    |
|    std                  | 0.599      |
|    value_loss           | 0.000667   |
----------------------------------------
-----------------------------------------
| rollout/                |             |
|    ep_len_mean          | 15.6        |
|    ep_rew_mean          | 6.48        |
| time/                   |             |
|    fps                  | 56          |
|    iterations           | 103         |
|    time_elapsed         | 3737        |
|    total_timesteps      | 210944      |
| train/                  |             |
|    approx_kl            | 0.020537738 |
|    clip_fraction        | 0.243       |
|    clip_range           | 0.2         |
|    entropy_loss         | -6.25       |
|    explained_variance   | 0.267       |
|    learning_rate        | 0.0003      |
|    loss                 | -0.0277     |
|    n_updates            | 1020        |
|    policy_gradient_loss | -0.0273     |
|    std                  | 0.595       |
|    value_loss           | 0.000614    |
-----------------------------------------
-----------------------------------------
| rollout/                |             |
|    ep_len_mean          | 15.5        |
|    ep_rew_mean          | 6.72        |
| time/                   |             |
|    fps                  | 56          |
|    iterations           | 104         |
|    time_elapsed         | 3781        |
|    total_timesteps      | 212992      |
| train/                  |             |
|    approx_kl            | 0.025494013 |
|    clip_fraction        | 0.272       |
|    clip_range           | 0.2         |
|    entropy_loss         | -6.19       |
|    explained_variance   | 0.273       |
|    learning_rate        | 0.0003      |
|    loss                 | -0.000251   |
|    n_updates            | 1030        |
|    policy_gradient_loss | -0.0326     |
|    std                  | 0.589       |
|    value_loss           | 0.00066     |
-----------------------------------------
----------------------------------------
| rollout/                |            |
|    ep_len_mean          | 15.2       |
|    ep_rew_mean          | 6.78       |
| time/                   |            |
|    fps                  | 56         |
|    iterations           | 105        |
|    time_elapsed         | 3824       |
|    total_timesteps      | 215040     |
| train/                  |            |
|    approx_kl            | 0.01978438 |
|    clip_fraction        | 0.246      |
|    clip_range           | 0.2        |
|    entropy_loss         | -6.14      |
|    explained_variance   | 0.402      |
|    learning_rate        | 0.0003     |
|    loss                 | -0.0416    |
|    n_updates            | 1040       |
|    policy_gradient_loss | -0.0237    |
|    std                  | 0.586      |
|    value_loss           | 0.000465   |
----------------------------------------
-----------------------------------------
| rollout/                |             |
|    ep_len_mean          | 15.2        |
|    ep_rew_mean          | 6.71        |
| time/                   |             |
|    fps                  | 56          |
|    iterations           | 106         |
|    time_elapsed         | 3868        |
|    total_timesteps      | 217088      |
| train/                  |             |
|    approx_kl            | 0.021397125 |
|    clip_fraction        | 0.262       |
|    clip_range           | 0.2         |
|    entropy_loss         | -6.11       |
|    explained_variance   | 0.473       |
|    learning_rate        | 0.0003      |
|    loss                 | -0.0208     |
|    n_updates            | 1050        |
|    policy_gradient_loss | -0.022      |
|    std                  | 0.583       |
|    value_loss           | 0.000419    |
-----------------------------------------
----------------------------------------
| rollout/                |            |
|    ep_len_mean          | 14.9       |
|    ep_rew_mean          | 6.94       |
| time/                   |            |
|    fps                  | 56         |
|    iterations           | 107        |
|    time_elapsed         | 3912       |
|    total_timesteps      | 219136     |
| train/                  |            |
|    approx_kl            | 0.02266413 |
|    clip_fraction        | 0.256      |
|    clip_range           | 0.2        |
|    entropy_loss         | -6.08      |
|    explained_variance   | 0.465      |
|    learning_rate        | 0.0003     |
|    loss                 | -0.0387    |
|    n_updates            | 1060       |
|    policy_gradient_loss | -0.0247    |
|    std                  | 0.58       |
|    value_loss           | 0.000482   |
----------------------------------------
-----------------------------------------
| rollout/                |             |
|    ep_len_mean          | 14.5        |
|    ep_rew_mean          | 7           |
| time/                   |             |
|    fps                  | 55          |
|    iterations           | 108         |
|    time_elapsed         | 3956        |
|    total_timesteps      | 221184      |
| train/                  |             |
|    approx_kl            | 0.025714517 |
|    clip_fraction        | 0.265       |
|    clip_range           | 0.2         |
|    entropy_loss         | -6.05       |
|    explained_variance   | 0.428       |
|    learning_rate        | 0.0003      |
|    loss                 | -0.0299     |
|    n_updates            | 1070        |
|    policy_gradient_loss | -0.0275     |
|    std                  | 0.579       |
|    value_loss           | 0.000533    |
-----------------------------------------
-----------------------------------------
| rollout/                |             |
|    ep_len_mean          | 14.1        |
|    ep_rew_mean          | 7.11        |
| time/                   |             |
|    fps                  | 55          |
|    iterations           | 109         |
|    time_elapsed         | 4000        |
|    total_timesteps      | 223232      |
| train/                  |             |
|    approx_kl            | 0.024799615 |
|    clip_fraction        | 0.266       |
|    clip_range           | 0.2         |
|    entropy_loss         | -6.01       |
|    explained_variance   | 0.446       |
|    learning_rate        | 0.0003      |
|    loss                 | -0.0301     |
|    n_updates            | 1080        |
|    policy_gradient_loss | -0.0254     |
|    std                  | 0.574       |
|    value_loss           | 0.000462    |
-----------------------------------------
-----------------------------------------
| rollout/                |             |
|    ep_len_mean          | 14.8        |
|    ep_rew_mean          | 7           |
| time/                   |             |
|    fps                  | 55          |
|    iterations           | 110         |
|    time_elapsed         | 4044        |
|    total_timesteps      | 225280      |
| train/                  |             |
|    approx_kl            | 0.019869296 |
|    clip_fraction        | 0.232       |
|    clip_range           | 0.2         |
|    entropy_loss         | -5.96       |
|    explained_variance   | 0.509       |
|    learning_rate        | 0.0003      |
|    loss                 | -0.0586     |
|    n_updates            | 1090        |
|    policy_gradient_loss | -0.024      |
|    std                  | 0.571       |
|    value_loss           | 0.000447    |
-----------------------------------------
-----------------------------------------
| rollout/                |             |
|    ep_len_mean          | 14          |
|    ep_rew_mean          | 7.08        |
| time/                   |             |
|    fps                  | 55          |
|    iterations           | 111         |
|    time_elapsed         | 4088        |
|    total_timesteps      | 227328      |
| train/                  |             |
|    approx_kl            | 0.022236984 |
|    clip_fraction        | 0.259       |
|    clip_range           | 0.2         |
|    entropy_loss         | -5.92       |
|    explained_variance   | 0.573       |
|    learning_rate        | 0.0003      |
|    loss                 | -0.00058    |
|    n_updates            | 1100        |
|    policy_gradient_loss | -0.026      |
|    std                  | 0.568       |
|    value_loss           | 0.000386    |
-----------------------------------------
-----------------------------------------
| rollout/                |             |
|    ep_len_mean          | 14.1        |
|    ep_rew_mean          | 7.31        |
| time/                   |             |
|    fps                  | 55          |
|    iterations           | 112         |
|    time_elapsed         | 4133        |
|    total_timesteps      | 229376      |
| train/                  |             |
|    approx_kl            | 0.022835905 |
|    clip_fraction        | 0.272       |
|    clip_range           | 0.2         |
|    entropy_loss         | -5.87       |
|    explained_variance   | 0.539       |
|    learning_rate        | 0.0003      |
|    loss                 | -0.0245     |
|    n_updates            | 1110        |
|    policy_gradient_loss | -0.0249     |
|    std                  | 0.563       |
|    value_loss           | 0.000446    |
-----------------------------------------
-----------------------------------------
| rollout/                |             |
|    ep_len_mean          | 13.7        |
|    ep_rew_mean          | 7.44        |
| time/                   |             |
|    fps                  | 55          |
|    iterations           | 113         |
|    time_elapsed         | 4177        |
|    total_timesteps      | 231424      |
| train/                  |             |
|    approx_kl            | 0.022446407 |
|    clip_fraction        | 0.268       |
|    clip_range           | 0.2         |
|    entropy_loss         | -5.82       |
|    explained_variance   | 0.606       |
|    learning_rate        | 0.0003      |
|    loss                 | 0.00145     |
|    n_updates            | 1120        |
|    policy_gradient_loss | -0.0233     |
|    std                  | 0.561       |
|    value_loss           | 0.000367    |
-----------------------------------------
-----------------------------------------
| rollout/                |             |
|    ep_len_mean          | 14.2        |
|    ep_rew_mean          | 7.32        |
| time/                   |             |
|    fps                  | 55          |
|    iterations           | 114         |
|    time_elapsed         | 4221        |
|    total_timesteps      | 233472      |
| train/                  |             |
|    approx_kl            | 0.021130146 |
|    clip_fraction        | 0.259       |
|    clip_range           | 0.2         |
|    entropy_loss         | -5.78       |
|    explained_variance   | 0.59        |
|    learning_rate        | 0.0003      |
|    loss                 | 0.0232      |
|    n_updates            | 1130        |
|    policy_gradient_loss | -0.0247     |
|    std                  | 0.558       |
|    value_loss           | 0.000365    |
-----------------------------------------
-----------------------------------------
| rollout/                |             |
|    ep_len_mean          | 13.7        |
|    ep_rew_mean          | 7.15        |
| time/                   |             |
|    fps                  | 55          |
|    iterations           | 115         |
|    time_elapsed         | 4267        |
|    total_timesteps      | 235520      |
| train/                  |             |
|    approx_kl            | 0.021733247 |
|    clip_fraction        | 0.243       |
|    clip_range           | 0.2         |
|    entropy_loss         | -5.74       |
|    explained_variance   | 0.557       |
|    learning_rate        | 0.0003      |
|    loss                 | -0.00259    |
|    n_updates            | 1140        |
|    policy_gradient_loss | -0.0223     |
|    std                  | 0.556       |
|    value_loss           | 0.000403    |
-----------------------------------------
-----------------------------------------
| rollout/                |             |
|    ep_len_mean          | 13.5        |
|    ep_rew_mean          | 7.41        |
| time/                   |             |
|    fps                  | 55          |
|    iterations           | 116         |
|    time_elapsed         | 4311        |
|    total_timesteps      | 237568      |
| train/                  |             |
|    approx_kl            | 0.019366812 |
|    clip_fraction        | 0.249       |
|    clip_range           | 0.2         |
|    entropy_loss         | -5.74       |
|    explained_variance   | 0.556       |
|    learning_rate        | 0.0003      |
|    loss                 | -0.0609     |
|    n_updates            | 1150        |
|    policy_gradient_loss | -0.0219     |
|    std                  | 0.557       |
|    value_loss           | 0.000397    |
-----------------------------------------
-----------------------------------------
| rollout/                |             |
|    ep_len_mean          | 13.7        |
|    ep_rew_mean          | 7.22        |
| time/                   |             |
|    fps                  | 55          |
|    iterations           | 117         |
|    time_elapsed         | 4356        |
|    total_timesteps      | 239616      |
| train/                  |             |
|    approx_kl            | 0.018313872 |
|    clip_fraction        | 0.225       |
|    clip_range           | 0.2         |
|    entropy_loss         | -5.73       |
|    explained_variance   | 0.533       |
|    learning_rate        | 0.0003      |
|    loss                 | -0.0322     |
|    n_updates            | 1160        |
|    policy_gradient_loss | -0.0217     |
|    std                  | 0.554       |
|    value_loss           | 0.000472    |
-----------------------------------------
-----------------------------------------
| rollout/                |             |
|    ep_len_mean          | 13.9        |
|    ep_rew_mean          | 7.42        |
| time/                   |             |
|    fps                  | 54          |
|    iterations           | 118         |
|    time_elapsed         | 4400        |
|    total_timesteps      | 241664      |
| train/                  |             |
|    approx_kl            | 0.025964718 |
|    clip_fraction        | 0.282       |
|    clip_range           | 0.2         |
|    entropy_loss         | -5.68       |
|    explained_variance   | 0.545       |
|    learning_rate        | 0.0003      |
|    loss                 | -0.0585     |
|    n_updates            | 1170        |
|    policy_gradient_loss | -0.0303     |
|    std                  | 0.55        |
|    value_loss           | 0.000459    |
-----------------------------------------
-----------------------------------------
| rollout/                |             |
|    ep_len_mean          | 13.2        |
|    ep_rew_mean          | 7.56        |
| time/                   |             |
|    fps                  | 54          |
|    iterations           | 119         |
|    time_elapsed         | 4445        |
|    total_timesteps      | 243712      |
| train/                  |             |
|    approx_kl            | 0.022399805 |
|    clip_fraction        | 0.252       |
|    clip_range           | 0.2         |
|    entropy_loss         | -5.63       |
|    explained_variance   | 0.52        |
|    learning_rate        | 0.0003      |
|    loss                 | -0.0635     |
|    n_updates            | 1180        |
|    policy_gradient_loss | -0.0256     |
|    std                  | 0.547       |
|    value_loss           | 0.000474    |
-----------------------------------------
----------------------------------------
| rollout/                |            |
|    ep_len_mean          | 13.6       |
|    ep_rew_mean          | 7.38       |
| time/                   |            |
|    fps                  | 54         |
|    iterations           | 120        |
|    time_elapsed         | 4490       |
|    total_timesteps      | 245760     |
| train/                  |            |
|    approx_kl            | 0.02530937 |
|    clip_fraction        | 0.277      |
|    clip_range           | 0.2        |
|    entropy_loss         | -5.58      |
|    explained_variance   | 0.624      |
|    learning_rate        | 0.0003     |
|    loss                 | -0.0517    |
|    n_updates            | 1190       |
|    policy_gradient_loss | -0.0263    |
|    std                  | 0.543      |
|    value_loss           | 0.000445   |
----------------------------------------
-----------------------------------------
| rollout/                |             |
|    ep_len_mean          | 13.5        |
|    ep_rew_mean          | 7.35        |
| time/                   |             |
|    fps                  | 54          |
|    iterations           | 121         |
|    time_elapsed         | 4535        |
|    total_timesteps      | 247808      |
| train/                  |             |
|    approx_kl            | 0.022490025 |
|    clip_fraction        | 0.288       |
|    clip_range           | 0.2         |
|    entropy_loss         | -5.53       |
|    explained_variance   | 0.572       |
|    learning_rate        | 0.0003      |
|    loss                 | -0.0486     |
|    n_updates            | 1200        |
|    policy_gradient_loss | -0.0268     |
|    std                  | 0.54        |
|    value_loss           | 0.00038     |
-----------------------------------------
-----------------------------------------
| rollout/                |             |
|    ep_len_mean          | 12.9        |
|    ep_rew_mean          | 7.61        |
| time/                   |             |
|    fps                  | 54          |
|    iterations           | 122         |
|    time_elapsed         | 4580        |
|    total_timesteps      | 249856      |
| train/                  |             |
|    approx_kl            | 0.022086574 |
|    clip_fraction        | 0.262       |
|    clip_range           | 0.2         |
|    entropy_loss         | -5.48       |
|    explained_variance   | 0.582       |
|    learning_rate        | 0.0003      |
|    loss                 | -0.00838    |
|    n_updates            | 1210        |
|    policy_gradient_loss | -0.0193     |
|    std                  | 0.537       |
|    value_loss           | 0.000435    |
-----------------------------------------
-----------------------------------------
| rollout/                |             |
|    ep_len_mean          | 13.4        |
|    ep_rew_mean          | 7.47        |
| time/                   |             |
|    fps                  | 54          |
|    iterations           | 123         |
|    time_elapsed         | 4625        |
|    total_timesteps      | 251904      |
| train/                  |             |
|    approx_kl            | 0.022157367 |
|    clip_fraction        | 0.264       |
|    clip_range           | 0.2         |
|    entropy_loss         | -5.42       |
|    explained_variance   | 0.635       |
|    learning_rate        | 0.0003      |
|    loss                 | -0.0395     |
|    n_updates            | 1220        |
|    policy_gradient_loss | -0.0247     |
|    std                  | 0.532       |
|    value_loss           | 0.000366    |
-----------------------------------------
----------------------------------------
| rollout/                |            |
|    ep_len_mean          | 14.2       |
|    ep_rew_mean          | 7.39       |
| time/                   |            |
|    fps                  | 54         |
|    iterations           | 124        |
|    time_elapsed         | 4670       |
|    total_timesteps      | 253952     |
| train/                  |            |
|    approx_kl            | 0.02653428 |
|    clip_fraction        | 0.29       |
|    clip_range           | 0.2        |
|    entropy_loss         | -5.36      |
|    explained_variance   | 0.618      |
|    learning_rate        | 0.0003     |
|    loss                 | -0.0026    |
|    n_updates            | 1230       |
|    policy_gradient_loss | -0.0283    |
|    std                  | 0.528      |
|    value_loss           | 0.000372   |
----------------------------------------
-----------------------------------------
| rollout/                |             |
|    ep_len_mean          | 12.9        |
|    ep_rew_mean          | 7.7         |
| time/                   |             |
|    fps                  | 54          |
|    iterations           | 125         |
|    time_elapsed         | 4715        |
|    total_timesteps      | 256000      |
| train/                  |             |
|    approx_kl            | 0.025210455 |
|    clip_fraction        | 0.289       |
|    clip_range           | 0.2         |
|    entropy_loss         | -5.3        |
|    explained_variance   | 0.564       |
|    learning_rate        | 0.0003      |
|    loss                 | -0.0427     |
|    n_updates            | 1240        |
|    policy_gradient_loss | -0.0245     |
|    std                  | 0.525       |
|    value_loss           | 0.000471    |
-----------------------------------------
----------------------------------------
| rollout/                |            |
|    ep_len_mean          | 13.4       |
|    ep_rew_mean          | 7.5        |
| time/                   |            |
|    fps                  | 54         |
|    iterations           | 126        |
|    time_elapsed         | 4760       |
|    total_timesteps      | 258048     |
| train/                  |            |
|    approx_kl            | 0.02219517 |
|    clip_fraction        | 0.271      |
|    clip_range           | 0.2        |
|    entropy_loss         | -5.24      |
|    explained_variance   | 0.6        |
|    learning_rate        | 0.0003     |
|    loss                 | -0.0488    |
|    n_updates            | 1250       |
|    policy_gradient_loss | -0.0269    |
|    std                  | 0.519      |
|    value_loss           | 0.000416   |
----------------------------------------
-----------------------------------------
| rollout/                |             |
|    ep_len_mean          | 12.7        |
|    ep_rew_mean          | 7.8         |
| time/                   |             |
|    fps                  | 54          |
|    iterations           | 127         |
|    time_elapsed         | 4806        |
|    total_timesteps      | 260096      |
| train/                  |             |
|    approx_kl            | 0.024694044 |
|    clip_fraction        | 0.288       |
|    clip_range           | 0.2         |
|    entropy_loss         | -5.17       |
|    explained_variance   | 0.504       |
|    learning_rate        | 0.0003      |
|    loss                 | -0.0646     |
|    n_updates            | 1260        |
|    policy_gradient_loss | -0.0239     |
|    std                  | 0.515       |
|    value_loss           | 0.000403    |
-----------------------------------------
----------------------------------------
| rollout/                |            |
|    ep_len_mean          | 12.7       |
|    ep_rew_mean          | 7.76       |
| time/                   |            |
|    fps                  | 54         |
|    iterations           | 128        |
|    time_elapsed         | 4851       |
|    total_timesteps      | 262144     |
| train/                  |            |
|    approx_kl            | 0.02212594 |
|    clip_fraction        | 0.274      |
|    clip_range           | 0.2        |
|    entropy_loss         | -5.13      |
|    explained_variance   | 0.629      |
|    learning_rate        | 0.0003     |
|    loss                 | -0.0259    |
|    n_updates            | 1270       |
|    policy_gradient_loss | -0.022     |
|    std                  | 0.512      |
|    value_loss           | 0.00035    |
----------------------------------------
----------------------------------------
| rollout/                |            |
|    ep_len_mean          | 12.6       |
|    ep_rew_mean          | 7.81       |
| time/                   |            |
|    fps                  | 53         |
|    iterations           | 129        |
|    time_elapsed         | 4897       |
|    total_timesteps      | 264192     |
| train/                  |            |
|    approx_kl            | 0.02689816 |
|    clip_fraction        | 0.316      |
|    clip_range           | 0.2        |
|    entropy_loss         | -5.09      |
|    explained_variance   | 0.568      |
|    learning_rate        | 0.0003     |
|    loss                 | -0.0688    |
|    n_updates            | 1280       |
|    policy_gradient_loss | -0.0286    |
|    std                  | 0.508      |
|    value_loss           | 0.000328   |
----------------------------------------
-----------------------------------------
| rollout/                |             |
|    ep_len_mean          | 12.8        |
|    ep_rew_mean          | 7.86        |
| time/                   |             |
|    fps                  | 53          |
|    iterations           | 130         |
|    time_elapsed         | 4942        |
|    total_timesteps      | 266240      |
| train/                  |             |
|    approx_kl            | 0.018701218 |
|    clip_fraction        | 0.256       |
|    clip_range           | 0.2         |
|    entropy_loss         | -5.04       |
|    explained_variance   | 0.722       |
|    learning_rate        | 0.0003      |
|    loss                 | 0.00511     |
|    n_updates            | 1290        |
|    policy_gradient_loss | -0.0175     |
|    std                  | 0.505       |
|    value_loss           | 0.00029     |
-----------------------------------------
-----------------------------------------
| rollout/                |             |
|    ep_len_mean          | 12.7        |
|    ep_rew_mean          | 7.85        |
| time/                   |             |
|    fps                  | 53          |
|    iterations           | 131         |
|    time_elapsed         | 4988        |
|    total_timesteps      | 268288      |
| train/                  |             |
|    approx_kl            | 0.021412183 |
|    clip_fraction        | 0.258       |
|    clip_range           | 0.2         |
|    entropy_loss         | -4.98       |
|    explained_variance   | 0.715       |
|    learning_rate        | 0.0003      |
|    loss                 | -0.0187     |
|    n_updates            | 1300        |
|    policy_gradient_loss | -0.0209     |
|    std                  | 0.501       |
|    value_loss           | 0.00032     |
-----------------------------------------
-----------------------------------------
| rollout/                |             |
|    ep_len_mean          | 13.2        |
|    ep_rew_mean          | 7.54        |
| time/                   |             |
|    fps                  | 53          |
|    iterations           | 132         |
|    time_elapsed         | 5033        |
|    total_timesteps      | 270336      |
| train/                  |             |
|    approx_kl            | 0.025106195 |
|    clip_fraction        | 0.265       |
|    clip_range           | 0.2         |
|    entropy_loss         | -4.95       |
|    explained_variance   | 0.662       |
|    learning_rate        | 0.0003      |
|    loss                 | -0.0175     |
|    n_updates            | 1310        |
|    policy_gradient_loss | -0.0202     |
|    std                  | 0.5         |
|    value_loss           | 0.000359    |
-----------------------------------------
-----------------------------------------
| rollout/                |             |
|    ep_len_mean          | 12.7        |
|    ep_rew_mean          | 7.9         |
| time/                   |             |
|    fps                  | 53          |
|    iterations           | 133         |
|    time_elapsed         | 5078        |
|    total_timesteps      | 272384      |
| train/                  |             |
|    approx_kl            | 0.021870878 |
|    clip_fraction        | 0.275       |
|    clip_range           | 0.2         |
|    entropy_loss         | -4.95       |
|    explained_variance   | 0.552       |
|    learning_rate        | 0.0003      |
|    loss                 | -0.0497     |
|    n_updates            | 1320        |
|    policy_gradient_loss | -0.0283     |
|    std                  | 0.5         |
|    value_loss           | 0.000461    |
-----------------------------------------
-----------------------------------------
| rollout/                |             |
|    ep_len_mean          | 12.4        |
|    ep_rew_mean          | 8.02        |
| time/                   |             |
|    fps                  | 53          |
|    iterations           | 134         |
|    time_elapsed         | 5124        |
|    total_timesteps      | 274432      |
| train/                  |             |
|    approx_kl            | 0.023531161 |
|    clip_fraction        | 0.275       |
|    clip_range           | 0.2         |
|    entropy_loss         | -4.91       |
|    explained_variance   | 0.687       |
|    learning_rate        | 0.0003      |
|    loss                 | -0.0521     |
|    n_updates            | 1330        |
|    policy_gradient_loss | -0.0265     |
|    std                  | 0.497       |
|    value_loss           | 0.000332    |
-----------------------------------------
-----------------------------------------
| rollout/                |             |
|    ep_len_mean          | 12.6        |
|    ep_rew_mean          | 7.9         |
| time/                   |             |
|    fps                  | 53          |
|    iterations           | 135         |
|    time_elapsed         | 5170        |
|    total_timesteps      | 276480      |
| train/                  |             |
|    approx_kl            | 0.024755925 |
|    clip_fraction        | 0.28        |
|    clip_range           | 0.2         |
|    entropy_loss         | -4.88       |
|    explained_variance   | 0.735       |
|    learning_rate        | 0.0003      |
|    loss                 | -0.0291     |
|    n_updates            | 1340        |
|    policy_gradient_loss | -0.0216     |
|    std                  | 0.496       |
|    value_loss           | 0.000284    |
-----------------------------------------
-----------------------------------------
| rollout/                |             |
|    ep_len_mean          | 12.8        |
|    ep_rew_mean          | 7.72        |
| time/                   |             |
|    fps                  | 53          |
|    iterations           | 136         |
|    time_elapsed         | 5216        |
|    total_timesteps      | 278528      |
| train/                  |             |
|    approx_kl            | 0.024270244 |
|    clip_fraction        | 0.299       |
|    clip_range           | 0.2         |
|    entropy_loss         | -4.85       |
|    explained_variance   | 0.694       |
|    learning_rate        | 0.0003      |
|    loss                 | -0.0558     |
|    n_updates            | 1350        |
|    policy_gradient_loss | -0.0244     |
|    std                  | 0.494       |
|    value_loss           | 0.000362    |
-----------------------------------------
-----------------------------------------
| rollout/                |             |
|    ep_len_mean          | 12.2        |
|    ep_rew_mean          | 8.03        |
| time/                   |             |
|    fps                  | 53          |
|    iterations           | 137         |
|    time_elapsed         | 5261        |
|    total_timesteps      | 280576      |
| train/                  |             |
|    approx_kl            | 0.024765434 |
|    clip_fraction        | 0.277       |
|    clip_range           | 0.2         |
|    entropy_loss         | -4.81       |
|    explained_variance   | 0.681       |
|    learning_rate        | 0.0003      |
|    loss                 | 0.0143      |
|    n_updates            | 1360        |
|    policy_gradient_loss | -0.024      |
|    std                  | 0.491       |
|    value_loss           | 0.000362    |
-----------------------------------------
-----------------------------------------
| rollout/                |             |
|    ep_len_mean          | 12.7        |
|    ep_rew_mean          | 7.77        |
| time/                   |             |
|    fps                  | 53          |
|    iterations           | 138         |
|    time_elapsed         | 5307        |
|    total_timesteps      | 282624      |
| train/                  |             |
|    approx_kl            | 0.023957562 |
|    clip_fraction        | 0.28        |
|    clip_range           | 0.2         |
|    entropy_loss         | -4.78       |
|    explained_variance   | 0.646       |
|    learning_rate        | 0.0003      |
|    loss                 | -0.0307     |
|    n_updates            | 1370        |
|    policy_gradient_loss | -0.0249     |
|    std                  | 0.49        |
|    value_loss           | 0.000389    |
-----------------------------------------
-----------------------------------------
| rollout/                |             |
|    ep_len_mean          | 12.9        |
|    ep_rew_mean          | 7.75        |
| time/                   |             |
|    fps                  | 53          |
|    iterations           | 139         |
|    time_elapsed         | 5353        |
|    total_timesteps      | 284672      |
| train/                  |             |
|    approx_kl            | 0.026541669 |
|    clip_fraction        | 0.298       |
|    clip_range           | 0.2         |
|    entropy_loss         | -4.75       |
|    explained_variance   | 0.562       |
|    learning_rate        | 0.0003      |
|    loss                 | -0.0407     |
|    n_updates            | 1380        |
|    policy_gradient_loss | -0.0327     |
|    std                  | 0.488       |
|    value_loss           | 0.000552    |
-----------------------------------------
-----------------------------------------
| rollout/                |             |
|    ep_len_mean          | 12.2        |
|    ep_rew_mean          | 8.02        |
| time/                   |             |
|    fps                  | 53          |
|    iterations           | 140         |
|    time_elapsed         | 5399        |
|    total_timesteps      | 286720      |
| train/                  |             |
|    approx_kl            | 0.023703665 |
|    clip_fraction        | 0.283       |
|    clip_range           | 0.2         |
|    entropy_loss         | -4.72       |
|    explained_variance   | 0.671       |
|    learning_rate        | 0.0003      |
|    loss                 | -0.0302     |
|    n_updates            | 1390        |
|    policy_gradient_loss | -0.0277     |
|    std                  | 0.485       |
|    value_loss           | 0.000394    |
-----------------------------------------
-----------------------------------------
| rollout/                |             |
|    ep_len_mean          | 12          |
|    ep_rew_mean          | 8.07        |
| time/                   |             |
|    fps                  | 53          |
|    iterations           | 141         |
|    time_elapsed         | 5445        |
|    total_timesteps      | 288768      |
| train/                  |             |
|    approx_kl            | 0.025690593 |
|    clip_fraction        | 0.315       |
|    clip_range           | 0.2         |
|    entropy_loss         | -4.65       |
|    explained_variance   | 0.693       |
|    learning_rate        | 0.0003      |
|    loss                 | -0.0612     |
|    n_updates            | 1400        |
|    policy_gradient_loss | -0.0256     |
|    std                  | 0.479       |
|    value_loss           | 0.000328    |
-----------------------------------------
-----------------------------------------
| rollout/                |             |
|    ep_len_mean          | 12.3        |
|    ep_rew_mean          | 7.9         |
| time/                   |             |
|    fps                  | 52          |
|    iterations           | 142         |
|    time_elapsed         | 5491        |
|    total_timesteps      | 290816      |
| train/                  |             |
|    approx_kl            | 0.024466343 |
|    clip_fraction        | 0.292       |
|    clip_range           | 0.2         |
|    entropy_loss         | -4.61       |
|    explained_variance   | 0.691       |
|    learning_rate        | 0.0003      |
|    loss                 | -0.0212     |
|    n_updates            | 1410        |
|    policy_gradient_loss | -0.0229     |
|    std                  | 0.478       |
|    value_loss           | 0.000345    |
-----------------------------------------
----------------------------------------
| rollout/                |            |
|    ep_len_mean          | 12.8       |
|    ep_rew_mean          | 7.64       |
| time/                   |            |
|    fps                  | 52         |
|    iterations           | 143        |
|    time_elapsed         | 5537       |
|    total_timesteps      | 292864     |
| train/                  |            |
|    approx_kl            | 0.02206971 |
|    clip_fraction        | 0.28       |
|    clip_range           | 0.2        |
|    entropy_loss         | -4.59      |
|    explained_variance   | 0.694      |
|    learning_rate        | 0.0003     |
|    loss                 | -0.0277    |
|    n_updates            | 1420       |
|    policy_gradient_loss | -0.0202    |
|    std                  | 0.476      |
|    value_loss           | 0.000359   |
----------------------------------------
-----------------------------------------
| rollout/                |             |
|    ep_len_mean          | 12.1        |
|    ep_rew_mean          | 8.04        |
| time/                   |             |
|    fps                  | 52          |
|    iterations           | 144         |
|    time_elapsed         | 5583        |
|    total_timesteps      | 294912      |
| train/                  |             |
|    approx_kl            | 0.024750404 |
|    clip_fraction        | 0.283       |
|    clip_range           | 0.2         |
|    entropy_loss         | -4.56       |
|    explained_variance   | 0.615       |
|    learning_rate        | 0.0003      |
|    loss                 | -0.0522     |
|    n_updates            | 1430        |
|    policy_gradient_loss | -0.0252     |
|    std                  | 0.474       |
|    value_loss           | 0.000503    |
-----------------------------------------
----------------------------------------
| rollout/                |            |
|    ep_len_mean          | 12         |
|    ep_rew_mean          | 8.12       |
| time/                   |            |
|    fps                  | 52         |
|    iterations           | 145        |
|    time_elapsed         | 5630       |
|    total_timesteps      | 296960     |
| train/                  |            |
|    approx_kl            | 0.02590676 |
|    clip_fraction        | 0.296      |
|    clip_range           | 0.2        |
|    entropy_loss         | -4.53      |
|    explained_variance   | 0.723      |
|    learning_rate        | 0.0003     |
|    loss                 | -0.0456    |
|    n_updates            | 1440       |
|    policy_gradient_loss | -0.0253    |
|    std                  | 0.474      |
|    value_loss           | 0.000298   |
----------------------------------------
-----------------------------------------
| rollout/                |             |
|    ep_len_mean          | 11.8        |
|    ep_rew_mean          | 8.17        |
| time/                   |             |
|    fps                  | 52          |
|    iterations           | 146         |
|    time_elapsed         | 5676        |
|    total_timesteps      | 299008      |
| train/                  |             |
|    approx_kl            | 0.024628505 |
|    clip_fraction        | 0.28        |
|    clip_range           | 0.2         |
|    entropy_loss         | -4.5        |
|    explained_variance   | 0.774       |
|    learning_rate        | 0.0003      |
|    loss                 | -0.0528     |
|    n_updates            | 1450        |
|    policy_gradient_loss | -0.0237     |
|    std                  | 0.471       |
|    value_loss           | 0.000282    |
-----------------------------------------
-----------------------------------------
| rollout/                |             |
|    ep_len_mean          | 11.5        |
|    ep_rew_mean          | 8.22        |
| time/                   |             |
|    fps                  | 52          |
|    iterations           | 147         |
|    time_elapsed         | 5722        |
|    total_timesteps      | 301056      |
| train/                  |             |
|    approx_kl            | 0.022065012 |
|    clip_fraction        | 0.264       |
|    clip_range           | 0.2         |
|    entropy_loss         | -4.47       |
|    explained_variance   | 0.736       |
|    learning_rate        | 0.0003      |
|    loss                 | -0.046      |
|    n_updates            | 1460        |
|    policy_gradient_loss | -0.0234     |
|    std                  | 0.47        |
|    value_loss           | 0.000314    |
-----------------------------------------
-----------------------------------------
| rollout/                |             |
|    ep_len_mean          | 12          |
|    ep_rew_mean          | 8.18        |
| time/                   |             |
|    fps                  | 52          |
|    iterations           | 148         |
|    time_elapsed         | 5769        |
|    total_timesteps      | 303104      |
| train/                  |             |
|    approx_kl            | 0.024329465 |
|    clip_fraction        | 0.298       |
|    clip_range           | 0.2         |
|    entropy_loss         | -4.43       |
|    explained_variance   | 0.775       |
|    learning_rate        | 0.0003      |
|    loss                 | -0.0378     |
|    n_updates            | 1470        |
|    policy_gradient_loss | -0.0228     |
|    std                  | 0.466       |
|    value_loss           | 0.000291    |
-----------------------------------------
-----------------------------------------
| rollout/                |             |
|    ep_len_mean          | 12          |
|    ep_rew_mean          | 8.03        |
| time/                   |             |
|    fps                  | 52          |
|    iterations           | 149         |
|    time_elapsed         | 5815        |
|    total_timesteps      | 305152      |
| train/                  |             |
|    approx_kl            | 0.027922697 |
|    clip_fraction        | 0.303       |
|    clip_range           | 0.2         |
|    entropy_loss         | -4.38       |
|    explained_variance   | 0.752       |
|    learning_rate        | 0.0003      |
|    loss                 | -0.0212     |
|    n_updates            | 1480        |
|    policy_gradient_loss | -0.0224     |
|    std                  | 0.464       |
|    value_loss           | 0.000339    |
-----------------------------------------
-----------------------------------------
| rollout/                |             |
|    ep_len_mean          | 11.8        |
|    ep_rew_mean          | 8.24        |
| time/                   |             |
|    fps                  | 52          |
|    iterations           | 150         |
|    time_elapsed         | 5861        |
|    total_timesteps      | 307200      |
| train/                  |             |
|    approx_kl            | 0.027816307 |
|    clip_fraction        | 0.296       |
|    clip_range           | 0.2         |
|    entropy_loss         | -4.35       |
|    explained_variance   | 0.746       |
|    learning_rate        | 0.0003      |
|    loss                 | -0.0323     |
|    n_updates            | 1490        |
|    policy_gradient_loss | -0.0235     |
|    std                  | 0.462       |
|    value_loss           | 0.000365    |
-----------------------------------------
-----------------------------------------
| rollout/                |             |
|    ep_len_mean          | 11.9        |
|    ep_rew_mean          | 8.15        |
| time/                   |             |
|    fps                  | 52          |
|    iterations           | 151         |
|    time_elapsed         | 5907        |
|    total_timesteps      | 309248      |
| train/                  |             |
|    approx_kl            | 0.024101198 |
|    clip_fraction        | 0.29        |
|    clip_range           | 0.2         |
|    entropy_loss         | -4.31       |
|    explained_variance   | 0.649       |
|    learning_rate        | 0.0003      |
|    loss                 | -0.0429     |
|    n_updates            | 1500        |
|    policy_gradient_loss | -0.0241     |
|    std                  | 0.459       |
|    value_loss           | 0.000515    |
-----------------------------------------
-----------------------------------------
| rollout/                |             |
|    ep_len_mean          | 12.3        |
|    ep_rew_mean          | 8.08        |
| time/                   |             |
|    fps                  | 52          |
|    iterations           | 152         |
|    time_elapsed         | 5953        |
|    total_timesteps      | 311296      |
| train/                  |             |
|    approx_kl            | 0.024292309 |
|    clip_fraction        | 0.289       |
|    clip_range           | 0.2         |
|    entropy_loss         | -4.26       |
|    explained_variance   | 0.735       |
|    learning_rate        | 0.0003      |
|    loss                 | -0.0438     |
|    n_updates            | 1510        |
|    policy_gradient_loss | -0.0229     |
|    std                  | 0.456       |
|    value_loss           | 0.000331    |
-----------------------------------------
-----------------------------------------
| rollout/                |             |
|    ep_len_mean          | 12          |
|    ep_rew_mean          | 8.19        |
| time/                   |             |
|    fps                  | 52          |
|    iterations           | 153         |
|    time_elapsed         | 5999        |
|    total_timesteps      | 313344      |
| train/                  |             |
|    approx_kl            | 0.022476075 |
|    clip_fraction        | 0.278       |
|    clip_range           | 0.2         |
|    entropy_loss         | -4.25       |
|    explained_variance   | 0.724       |
|    learning_rate        | 0.0003      |
|    loss                 | -0.0318     |
|    n_updates            | 1520        |
|    policy_gradient_loss | -0.0199     |
|    std                  | 0.457       |
|    value_loss           | 0.000355    |
-----------------------------------------
----------------------------------------
| rollout/                |            |
|    ep_len_mean          | 12         |
|    ep_rew_mean          | 8.18       |
| time/                   |            |
|    fps                  | 52         |
|    iterations           | 154        |
|    time_elapsed         | 6045       |
|    total_timesteps      | 315392     |
| train/                  |            |
|    approx_kl            | 0.02856144 |
|    clip_fraction        | 0.311      |
|    clip_range           | 0.2        |
|    entropy_loss         | -4.22      |
|    explained_variance   | 0.74       |
|    learning_rate        | 0.0003     |
|    loss                 | -0.0287    |
|    n_updates            | 1530       |
|    policy_gradient_loss | -0.0231    |
|    std                  | 0.454      |
|    value_loss           | 0.000345   |
----------------------------------------
----------------------------------------
| rollout/                |            |
|    ep_len_mean          | 11.5       |
|    ep_rew_mean          | 8.32       |
| time/                   |            |
|    fps                  | 52         |
|    iterations           | 155        |
|    time_elapsed         | 6092       |
|    total_timesteps      | 317440     |
| train/                  |            |
|    approx_kl            | 0.03028214 |
|    clip_fraction        | 0.329      |
|    clip_range           | 0.2        |
|    entropy_loss         | -4.16      |
|    explained_variance   | 0.707      |
|    learning_rate        | 0.0003     |
|    loss                 | -0.0628    |
|    n_updates            | 1540       |
|    policy_gradient_loss | -0.0247    |
|    std                  | 0.45       |
|    value_loss           | 0.000379   |
----------------------------------------
----------------------------------------
| rollout/                |            |
|    ep_len_mean          | 11.9       |
|    ep_rew_mean          | 8.26       |
| time/                   |            |
|    fps                  | 52         |
|    iterations           | 156        |
|    time_elapsed         | 6138       |
|    total_timesteps      | 319488     |
| train/                  |            |
|    approx_kl            | 0.02464534 |
|    clip_fraction        | 0.292      |
|    clip_range           | 0.2        |
|    entropy_loss         | -4.12      |
|    explained_variance   | 0.723      |
|    learning_rate        | 0.0003     |
|    loss                 | -0.0417    |
|    n_updates            | 1550       |
|    policy_gradient_loss | -0.018     |
|    std                  | 0.448      |
|    value_loss           | 0.000361   |
----------------------------------------
-----------------------------------------
| rollout/                |             |
|    ep_len_mean          | 12.2        |
|    ep_rew_mean          | 8.02        |
| time/                   |             |
|    fps                  | 51          |
|    iterations           | 157         |
|    time_elapsed         | 6184        |
|    total_timesteps      | 321536      |
| train/                  |             |
|    approx_kl            | 0.025495274 |
|    clip_fraction        | 0.296       |
|    clip_range           | 0.2         |
|    entropy_loss         | -4.09       |
|    explained_variance   | 0.758       |
|    learning_rate        | 0.0003      |
|    loss                 | -0.0181     |
|    n_updates            | 1560        |
|    policy_gradient_loss | -0.0237     |
|    std                  | 0.446       |
|    value_loss           | 0.000347    |
-----------------------------------------
----------------------------------------
| rollout/                |            |
|    ep_len_mean          | 11.7       |
|    ep_rew_mean          | 8.28       |
| time/                   |            |
|    fps                  | 51         |
|    iterations           | 158        |
|    time_elapsed         | 6231       |
|    total_timesteps      | 323584     |
| train/                  |            |
|    approx_kl            | 0.03107243 |
|    clip_fraction        | 0.316      |
|    clip_range           | 0.2        |
|    entropy_loss         | -4.07      |
|    explained_variance   | 0.578      |
|    learning_rate        | 0.0003     |
|    loss                 | -0.0366    |
|    n_updates            | 1570       |
|    policy_gradient_loss | -0.0299    |
|    std                  | 0.446      |
|    value_loss           | 0.000648   |
----------------------------------------
-----------------------------------------
| rollout/                |             |
|    ep_len_mean          | 11.6        |
|    ep_rew_mean          | 8.26        |
| time/                   |             |
|    fps                  | 51          |
|    iterations           | 159         |
|    time_elapsed         | 6278        |
|    total_timesteps      | 325632      |
| train/                  |             |
|    approx_kl            | 0.029847793 |
|    clip_fraction        | 0.308       |
|    clip_range           | 0.2         |
|    entropy_loss         | -4.03       |
|    explained_variance   | 0.76        |
|    learning_rate        | 0.0003      |
|    loss                 | -0.0522     |
|    n_updates            | 1580        |
|    policy_gradient_loss | -0.0207     |
|    std                  | 0.442       |
|    value_loss           | 0.000321    |
-----------------------------------------
-----------------------------------------
| rollout/                |             |
|    ep_len_mean          | 11.8        |
|    ep_rew_mean          | 8.29        |
| time/                   |             |
|    fps                  | 51          |
|    iterations           | 160         |
|    time_elapsed         | 6325        |
|    total_timesteps      | 327680      |
| train/                  |             |
|    approx_kl            | 0.029156301 |
|    clip_fraction        | 0.299       |
|    clip_range           | 0.2         |
|    entropy_loss         | -3.99       |
|    explained_variance   | 0.74        |
|    learning_rate        | 0.0003      |
|    loss                 | -0.0263     |
|    n_updates            | 1590        |
|    policy_gradient_loss | -0.0243     |
|    std                  | 0.44        |
|    value_loss           | 0.000374    |
-----------------------------------------
-----------------------------------------
| rollout/                |             |
|    ep_len_mean          | 11.8        |
|    ep_rew_mean          | 8.12        |
| time/                   |             |
|    fps                  | 51          |
|    iterations           | 161         |
|    time_elapsed         | 6372        |
|    total_timesteps      | 329728      |
| train/                  |             |
|    approx_kl            | 0.027755346 |
|    clip_fraction        | 0.301       |
|    clip_range           | 0.2         |
|    entropy_loss         | -3.97       |
|    explained_variance   | 0.68        |
|    learning_rate        | 0.0003      |
|    loss                 | -0.0696     |
|    n_updates            | 1600        |
|    policy_gradient_loss | -0.0249     |
|    std                  | 0.44        |
|    value_loss           | 0.000533    |
-----------------------------------------
-----------------------------------------
| rollout/                |             |
|    ep_len_mean          | 11.8        |
|    ep_rew_mean          | 8.23        |
| time/                   |             |
|    fps                  | 51          |
|    iterations           | 162         |
|    time_elapsed         | 6419        |
|    total_timesteps      | 331776      |
| train/                  |             |
|    approx_kl            | 0.027803205 |
|    clip_fraction        | 0.337       |
|    clip_range           | 0.2         |
|    entropy_loss         | -3.93       |
|    explained_variance   | 0.69        |
|    learning_rate        | 0.0003      |
|    loss                 | -0.066      |
|    n_updates            | 1610        |
|    policy_gradient_loss | -0.0245     |
|    std                  | 0.436       |
|    value_loss           | 0.00044     |
-----------------------------------------
----------------------------------------
| rollout/                |            |
|    ep_len_mean          | 11.3       |
|    ep_rew_mean          | 8.37       |
| time/                   |            |
|    fps                  | 51         |
|    iterations           | 163        |
|    time_elapsed         | 6466       |
|    total_timesteps      | 333824     |
| train/                  |            |
|    approx_kl            | 0.02567485 |
|    clip_fraction        | 0.314      |
|    clip_range           | 0.2        |
|    entropy_loss         | -3.91      |
|    explained_variance   | 0.71       |
|    learning_rate        | 0.0003     |
|    loss                 | -0.0513    |
|    n_updates            | 1620       |
|    policy_gradient_loss | -0.0246    |
|    std                  | 0.437      |
|    value_loss           | 0.000486   |
----------------------------------------
-----------------------------------------
| rollout/                |             |
|    ep_len_mean          | 12.1        |
|    ep_rew_mean          | 8.17        |
| time/                   |             |
|    fps                  | 51          |
|    iterations           | 164         |
|    time_elapsed         | 6513        |
|    total_timesteps      | 335872      |
| train/                  |             |
|    approx_kl            | 0.026150728 |
|    clip_fraction        | 0.303       |
|    clip_range           | 0.2         |
|    entropy_loss         | -3.91       |
|    explained_variance   | 0.702       |
|    learning_rate        | 0.0003      |
|    loss                 | -0.0328     |
|    n_updates            | 1630        |
|    policy_gradient_loss | -0.0219     |
|    std                  | 0.437       |
|    value_loss           | 0.000405    |
-----------------------------------------
-----------------------------------------
| rollout/                |             |
|    ep_len_mean          | 11.4        |
|    ep_rew_mean          | 8.31        |
| time/                   |             |
|    fps                  | 51          |
|    iterations           | 165         |
|    time_elapsed         | 6560        |
|    total_timesteps      | 337920      |
| train/                  |             |
|    approx_kl            | 0.026270732 |
|    clip_fraction        | 0.305       |
|    clip_range           | 0.2         |
|    entropy_loss         | -3.88       |
|    explained_variance   | 0.747       |
|    learning_rate        | 0.0003      |
|    loss                 | -0.0089     |
|    n_updates            | 1640        |
|    policy_gradient_loss | -0.0239     |
|    std                  | 0.435       |
|    value_loss           | 0.00037     |
-----------------------------------------
----------------------------------------
| rollout/                |            |
|    ep_len_mean          | 11.6       |
|    ep_rew_mean          | 8.3        |
| time/                   |            |
|    fps                  | 51         |
|    iterations           | 166        |
|    time_elapsed         | 6608       |
|    total_timesteps      | 339968     |
| train/                  |            |
|    approx_kl            | 0.02911371 |
|    clip_fraction        | 0.304      |
|    clip_range           | 0.2        |
|    entropy_loss         | -3.83      |
|    explained_variance   | 0.747      |
|    learning_rate        | 0.0003     |
|    loss                 | 0.0068     |
|    n_updates            | 1650       |
|    policy_gradient_loss | -0.0214    |
|    std                  | 0.431      |
|    value_loss           | 0.000389   |
----------------------------------------
---------------------------------------
| rollout/                |           |
|    ep_len_mean          | 11.7      |
|    ep_rew_mean          | 8.19      |
| time/                   |           |
|    fps                  | 51        |
|    iterations           | 167       |
|    time_elapsed         | 6655      |
|    total_timesteps      | 342016    |
| train/                  |           |
|    approx_kl            | 0.0305304 |
|    clip_fraction        | 0.314     |
|    clip_range           | 0.2       |
|    entropy_loss         | -3.78     |
|    explained_variance   | 0.725     |
|    learning_rate        | 0.0003    |
|    loss                 | -0.0613   |
|    n_updates            | 1660      |
|    policy_gradient_loss | -0.0216   |
|    std                  | 0.428     |
|    value_loss           | 0.000393  |
---------------------------------------
----------------------------------------
| rollout/                |            |
|    ep_len_mean          | 12.2       |
|    ep_rew_mean          | 8.06       |
| time/                   |            |
|    fps                  | 51         |
|    iterations           | 168        |
|    time_elapsed         | 6703       |
|    total_timesteps      | 344064     |
| train/                  |            |
|    approx_kl            | 0.02594227 |
|    clip_fraction        | 0.314      |
|    clip_range           | 0.2        |
|    entropy_loss         | -3.74      |
|    explained_variance   | 0.686      |
|    learning_rate        | 0.0003     |
|    loss                 | -0.0452    |
|    n_updates            | 1670       |
|    policy_gradient_loss | -0.023     |
|    std                  | 0.427      |
|    value_loss           | 0.000479   |
----------------------------------------
-----------------------------------------
| rollout/                |             |
|    ep_len_mean          | 11          |
|    ep_rew_mean          | 8.51        |
| time/                   |             |
|    fps                  | 51          |
|    iterations           | 169         |
|    time_elapsed         | 6753        |
|    total_timesteps      | 346112      |
| train/                  |             |
|    approx_kl            | 0.032585226 |
|    clip_fraction        | 0.331       |
|    clip_range           | 0.2         |
|    entropy_loss         | -3.71       |
|    explained_variance   | 0.7         |
|    learning_rate        | 0.0003      |
|    loss                 | -0.0541     |
|    n_updates            | 1680        |
|    policy_gradient_loss | -0.0239     |
|    std                  | 0.425       |
|    value_loss           | 0.000448    |
-----------------------------------------
-----------------------------------------
| rollout/                |             |
|    ep_len_mean          | 11.3        |
|    ep_rew_mean          | 8.4         |
| time/                   |             |
|    fps                  | 51          |
|    iterations           | 170         |
|    time_elapsed         | 6802        |
|    total_timesteps      | 348160      |
| train/                  |             |
|    approx_kl            | 0.030420164 |
|    clip_fraction        | 0.34        |
|    clip_range           | 0.2         |
|    entropy_loss         | -3.71       |
|    explained_variance   | 0.772       |
|    learning_rate        | 0.0003      |
|    loss                 | -0.0329     |
|    n_updates            | 1690        |
|    policy_gradient_loss | -0.0215     |
|    std                  | 0.426       |
|    value_loss           | 0.000321    |
-----------------------------------------
----------------------------------------
| rollout/                |            |
|    ep_len_mean          | 11.4       |
|    ep_rew_mean          | 8.32       |
| time/                   |            |
|    fps                  | 51         |
|    iterations           | 171        |
|    time_elapsed         | 6850       |
|    total_timesteps      | 350208     |
| train/                  |            |
|    approx_kl            | 0.02816207 |
|    clip_fraction        | 0.325      |
|    clip_range           | 0.2        |
|    entropy_loss         | -3.69      |
|    explained_variance   | 0.716      |
|    learning_rate        | 0.0003     |
|    loss                 | -0.0357    |
|    n_updates            | 1700       |
|    policy_gradient_loss | -0.0245    |
|    std                  | 0.424      |
|    value_loss           | 0.000444   |
----------------------------------------
-----------------------------------------
| rollout/                |             |
|    ep_len_mean          | 11.5        |
|    ep_rew_mean          | 8.36        |
| time/                   |             |
|    fps                  | 51          |
|    iterations           | 172         |
|    time_elapsed         | 6897        |
|    total_timesteps      | 352256      |
| train/                  |             |
|    approx_kl            | 0.029292589 |
|    clip_fraction        | 0.31        |
|    clip_range           | 0.2         |
|    entropy_loss         | -3.67       |
|    explained_variance   | 0.712       |
|    learning_rate        | 0.0003      |
|    loss                 | -0.026      |
|    n_updates            | 1710        |
|    policy_gradient_loss | -0.0189     |
|    std                  | 0.424       |
|    value_loss           | 0.000437    |
-----------------------------------------
----------------------------------------
| rollout/                |            |
|    ep_len_mean          | 11.4       |
|    ep_rew_mean          | 8.4        |
| time/                   |            |
|    fps                  | 51         |
|    iterations           | 173        |
|    time_elapsed         | 6945       |
|    total_timesteps      | 354304     |
| train/                  |            |
|    approx_kl            | 0.02916361 |
|    clip_fraction        | 0.308      |
|    clip_range           | 0.2        |
|    entropy_loss         | -3.63      |
|    explained_variance   | 0.726      |
|    learning_rate        | 0.0003     |
|    loss                 | -0.0493    |
|    n_updates            | 1720       |
|    policy_gradient_loss | -0.0224    |
|    std                  | 0.42       |
|    value_loss           | 0.000414   |
----------------------------------------
-----------------------------------------
| rollout/                |             |
|    ep_len_mean          | 11.2        |
|    ep_rew_mean          | 8.37        |
| time/                   |             |
|    fps                  | 50          |
|    iterations           | 174         |
|    time_elapsed         | 6992        |
|    total_timesteps      | 356352      |
| train/                  |             |
|    approx_kl            | 0.028794646 |
|    clip_fraction        | 0.328       |
|    clip_range           | 0.2         |
|    entropy_loss         | -3.61       |
|    explained_variance   | 0.744       |
|    learning_rate        | 0.0003      |
|    loss                 | -0.0361     |
|    n_updates            | 1730        |
|    policy_gradient_loss | -0.0221     |
|    std                  | 0.42        |
|    value_loss           | 0.000413    |
-----------------------------------------
---------------------------------------
| rollout/                |           |
|    ep_len_mean          | 11.6      |
|    ep_rew_mean          | 8.37      |
| time/                   |           |
|    fps                  | 50        |
|    iterations           | 175       |
|    time_elapsed         | 7039      |
|    total_timesteps      | 358400    |
| train/                  |           |
|    approx_kl            | 0.0334601 |
|    clip_fraction        | 0.327     |
|    clip_range           | 0.2       |
|    entropy_loss         | -3.61     |
|    explained_variance   | 0.718     |
|    learning_rate        | 0.0003    |
|    loss                 | -0.0544   |
|    n_updates            | 1740      |
|    policy_gradient_loss | -0.0258   |
|    std                  | 0.421     |
|    value_loss           | 0.000402  |
---------------------------------------
-----------------------------------------
| rollout/                |             |
|    ep_len_mean          | 11.6        |
|    ep_rew_mean          | 8.31        |
| time/                   |             |
|    fps                  | 50          |
|    iterations           | 176         |
|    time_elapsed         | 7087        |
|    total_timesteps      | 360448      |
| train/                  |             |
|    approx_kl            | 0.032596007 |
|    clip_fraction        | 0.329       |
|    clip_range           | 0.2         |
|    entropy_loss         | -3.57       |
|    explained_variance   | 0.745       |
|    learning_rate        | 0.0003      |
|    loss                 | -0.0791     |
|    n_updates            | 1750        |
|    policy_gradient_loss | -0.026      |
|    std                  | 0.418       |
|    value_loss           | 0.000389    |
-----------------------------------------
-----------------------------------------
| rollout/                |             |
|    ep_len_mean          | 11.2        |
|    ep_rew_mean          | 8.5         |
| time/                   |             |
|    fps                  | 50          |
|    iterations           | 177         |
|    time_elapsed         | 7135        |
|    total_timesteps      | 362496      |
| train/                  |             |
|    approx_kl            | 0.033399705 |
|    clip_fraction        | 0.328       |
|    clip_range           | 0.2         |
|    entropy_loss         | -3.53       |
|    explained_variance   | 0.693       |
|    learning_rate        | 0.0003      |
|    loss                 | -0.0371     |
|    n_updates            | 1760        |
|    policy_gradient_loss | -0.0224     |
|    std                  | 0.418       |
|    value_loss           | 0.000515    |
-----------------------------------------
----------------------------------------
| rollout/                |            |
|    ep_len_mean          | 11.2       |
|    ep_rew_mean          | 8.41       |
| time/                   |            |
|    fps                  | 50         |
|    iterations           | 178        |
|    time_elapsed         | 7183       |
|    total_timesteps      | 364544     |
| train/                  |            |
|    approx_kl            | 0.02830315 |
|    clip_fraction        | 0.314      |
|    clip_range           | 0.2        |
|    entropy_loss         | -3.51      |
|    explained_variance   | 0.712      |
|    learning_rate        | 0.0003     |
|    loss                 | -0.0276    |
|    n_updates            | 1770       |
|    policy_gradient_loss | -0.021     |
|    std                  | 0.416      |
|    value_loss           | 0.00041    |
----------------------------------------
-----------------------------------------
| rollout/                |             |
|    ep_len_mean          | 11.3        |
|    ep_rew_mean          | 8.48        |
| time/                   |             |
|    fps                  | 50          |
|    iterations           | 179         |
|    time_elapsed         | 7230        |
|    total_timesteps      | 366592      |
| train/                  |             |
|    approx_kl            | 0.030060649 |
|    clip_fraction        | 0.315       |
|    clip_range           | 0.2         |
|    entropy_loss         | -3.47       |
|    explained_variance   | 0.755       |
|    learning_rate        | 0.0003      |
|    loss                 | -0.0282     |
|    n_updates            | 1780        |
|    policy_gradient_loss | -0.021      |
|    std                  | 0.414       |
|    value_loss           | 0.000398    |
-----------------------------------------
-----------------------------------------
| rollout/                |             |
|    ep_len_mean          | 11.5        |
|    ep_rew_mean          | 8.35        |
| time/                   |             |
|    fps                  | 50          |
|    iterations           | 180         |
|    time_elapsed         | 7278        |
|    total_timesteps      | 368640      |
| train/                  |             |
|    approx_kl            | 0.032777965 |
|    clip_fraction        | 0.336       |
|    clip_range           | 0.2         |
|    entropy_loss         | -3.42       |
|    explained_variance   | 0.712       |
|    learning_rate        | 0.0003      |
|    loss                 | -0.011      |
|    n_updates            | 1790        |
|    policy_gradient_loss | -0.022      |
|    std                  | 0.411       |
|    value_loss           | 0.000462    |
-----------------------------------------
-----------------------------------------
| rollout/                |             |
|    ep_len_mean          | 11.1        |
|    ep_rew_mean          | 8.47        |
| time/                   |             |
|    fps                  | 50          |
|    iterations           | 181         |
|    time_elapsed         | 7326        |
|    total_timesteps      | 370688      |
| train/                  |             |
|    approx_kl            | 0.032017067 |
|    clip_fraction        | 0.335       |
|    clip_range           | 0.2         |
|    entropy_loss         | -3.37       |
|    explained_variance   | 0.72        |
|    learning_rate        | 0.0003      |
|    loss                 | -0.0152     |
|    n_updates            | 1800        |
|    policy_gradient_loss | -0.0232     |
|    std                  | 0.408       |
|    value_loss           | 0.000469    |
-----------------------------------------
-----------------------------------------
| rollout/                |             |
|    ep_len_mean          | 11.2        |
|    ep_rew_mean          | 8.39        |
| time/                   |             |
|    fps                  | 50          |
|    iterations           | 182         |
|    time_elapsed         | 7374        |
|    total_timesteps      | 372736      |
| train/                  |             |
|    approx_kl            | 0.029309694 |
|    clip_fraction        | 0.305       |
|    clip_range           | 0.2         |
|    entropy_loss         | -3.34       |
|    explained_variance   | 0.754       |
|    learning_rate        | 0.0003      |
|    loss                 | -0.0335     |
|    n_updates            | 1810        |
|    policy_gradient_loss | -0.0163     |
|    std                  | 0.407       |
|    value_loss           | 0.000397    |
-----------------------------------------
-----------------------------------------
| rollout/                |             |
|    ep_len_mean          | 11.4        |
|    ep_rew_mean          | 8.45        |
| time/                   |             |
|    fps                  | 50          |
|    iterations           | 183         |
|    time_elapsed         | 7422        |
|    total_timesteps      | 374784      |
| train/                  |             |
|    approx_kl            | 0.029512662 |
|    clip_fraction        | 0.354       |
|    clip_range           | 0.2         |
|    entropy_loss         | -3.3        |
|    explained_variance   | 0.723       |
|    learning_rate        | 0.0003      |
|    loss                 | -0.0594     |
|    n_updates            | 1820        |
|    policy_gradient_loss | -0.0194     |
|    std                  | 0.404       |
|    value_loss           | 0.000449    |
-----------------------------------------
-----------------------------------------
| rollout/                |             |
|    ep_len_mean          | 11.9        |
|    ep_rew_mean          | 8.26        |
| time/                   |             |
|    fps                  | 50          |
|    iterations           | 184         |
|    time_elapsed         | 7469        |
|    total_timesteps      | 376832      |
| train/                  |             |
|    approx_kl            | 0.028648956 |
|    clip_fraction        | 0.328       |
|    clip_range           | 0.2         |
|    entropy_loss         | -3.28       |
|    explained_variance   | 0.744       |
|    learning_rate        | 0.0003      |
|    loss                 | -0.014      |
|    n_updates            | 1830        |
|    policy_gradient_loss | -0.0204     |
|    std                  | 0.405       |
|    value_loss           | 0.000394    |
-----------------------------------------
-----------------------------------------
| rollout/                |             |
|    ep_len_mean          | 11.2        |
|    ep_rew_mean          | 8.49        |
| time/                   |             |
|    fps                  | 50          |
|    iterations           | 185         |
|    time_elapsed         | 7516        |
|    total_timesteps      | 378880      |
| train/                  |             |
|    approx_kl            | 0.030276004 |
|    clip_fraction        | 0.33        |
|    clip_range           | 0.2         |
|    entropy_loss         | -3.28       |
|    explained_variance   | 0.69        |
|    learning_rate        | 0.0003      |
|    loss                 | -0.00553    |
|    n_updates            | 1840        |
|    policy_gradient_loss | -0.0231     |
|    std                  | 0.405       |
|    value_loss           | 0.000546    |
-----------------------------------------
----------------------------------------
| rollout/                |            |
|    ep_len_mean          | 10.7       |
|    ep_rew_mean          | 8.61       |
| time/                   |            |
|    fps                  | 50         |
|    iterations           | 186        |
|    time_elapsed         | 7565       |
|    total_timesteps      | 380928     |
| train/                  |            |
|    approx_kl            | 0.02524744 |
|    clip_fraction        | 0.308      |
|    clip_range           | 0.2        |
|    entropy_loss         | -3.24      |
|    explained_variance   | 0.748      |
|    learning_rate        | 0.0003     |
|    loss                 | -0.0371    |
|    n_updates            | 1850       |
|    policy_gradient_loss | -0.0227    |
|    std                  | 0.402      |
|    value_loss           | 0.000403   |
----------------------------------------
----------------------------------------
| rollout/                |            |
|    ep_len_mean          | 11.5       |
|    ep_rew_mean          | 8.46       |
| time/                   |            |
|    fps                  | 50         |
|    iterations           | 187        |
|    time_elapsed         | 7612       |
|    total_timesteps      | 382976     |
| train/                  |            |
|    approx_kl            | 0.03239155 |
|    clip_fraction        | 0.34       |
|    clip_range           | 0.2        |
|    entropy_loss         | -3.2       |
|    explained_variance   | 0.79       |
|    learning_rate        | 0.0003     |
|    loss                 | 0.00261    |
|    n_updates            | 1860       |
|    policy_gradient_loss | -0.026     |
|    std                  | 0.4        |
|    value_loss           | 0.000357   |
----------------------------------------
----------------------------------------
| rollout/                |            |
|    ep_len_mean          | 11.2       |
|    ep_rew_mean          | 8.46       |
| time/                   |            |
|    fps                  | 50         |
|    iterations           | 188        |
|    time_elapsed         | 7660       |
|    total_timesteps      | 385024     |
| train/                  |            |
|    approx_kl            | 0.03254521 |
|    clip_fraction        | 0.338      |
|    clip_range           | 0.2        |
|    entropy_loss         | -3.16      |
|    explained_variance   | 0.752      |
|    learning_rate        | 0.0003     |
|    loss                 | -0.0296    |
|    n_updates            | 1870       |
|    policy_gradient_loss | -0.0226    |
|    std                  | 0.399      |
|    value_loss           | 0.000403   |
----------------------------------------
-----------------------------------------
| rollout/                |             |
|    ep_len_mean          | 10.7        |
|    ep_rew_mean          | 8.64        |
| time/                   |             |
|    fps                  | 50          |
|    iterations           | 189         |
|    time_elapsed         | 7707        |
|    total_timesteps      | 387072      |
| train/                  |             |
|    approx_kl            | 0.031921763 |
|    clip_fraction        | 0.345       |
|    clip_range           | 0.2         |
|    entropy_loss         | -3.14       |
|    explained_variance   | 0.743       |
|    learning_rate        | 0.0003      |
|    loss                 | -0.0423     |
|    n_updates            | 1880        |
|    policy_gradient_loss | -0.021      |
|    std                  | 0.398       |
|    value_loss           | 0.000433    |
-----------------------------------------
-----------------------------------------
| rollout/                |             |
|    ep_len_mean          | 11.3        |
|    ep_rew_mean          | 8.52        |
| time/                   |             |
|    fps                  | 50          |
|    iterations           | 190         |
|    time_elapsed         | 7755        |
|    total_timesteps      | 389120      |
| train/                  |             |
|    approx_kl            | 0.029942872 |
|    clip_fraction        | 0.327       |
|    clip_range           | 0.2         |
|    entropy_loss         | -3.11       |
|    explained_variance   | 0.79        |
|    learning_rate        | 0.0003      |
|    loss                 | -0.00741    |
|    n_updates            | 1890        |
|    policy_gradient_loss | -0.0221     |
|    std                  | 0.396       |
|    value_loss           | 0.000346    |
-----------------------------------------
-----------------------------------------
| rollout/                |             |
|    ep_len_mean          | 11.1        |
|    ep_rew_mean          | 8.55        |
| time/                   |             |
|    fps                  | 50          |
|    iterations           | 191         |
|    time_elapsed         | 7802        |
|    total_timesteps      | 391168      |
| train/                  |             |
|    approx_kl            | 0.033835977 |
|    clip_fraction        | 0.347       |
|    clip_range           | 0.2         |
|    entropy_loss         | -3.09       |
|    explained_variance   | 0.798       |
|    learning_rate        | 0.0003      |
|    loss                 | -0.0539     |
|    n_updates            | 1900        |
|    policy_gradient_loss | -0.0229     |
|    std                  | 0.396       |
|    value_loss           | 0.000361    |
-----------------------------------------
----------------------------------------
| rollout/                |            |
|    ep_len_mean          | 11.1       |
|    ep_rew_mean          | 8.61       |
| time/                   |            |
|    fps                  | 50         |
|    iterations           | 192        |
|    time_elapsed         | 7850       |
|    total_timesteps      | 393216     |
| train/                  |            |
|    approx_kl            | 0.03370621 |
|    clip_fraction        | 0.325      |
|    clip_range           | 0.2        |
|    entropy_loss         | -3.09      |
|    explained_variance   | 0.709      |
|    learning_rate        | 0.0003     |
|    loss                 | -0.0378    |
|    n_updates            | 1910       |
|    policy_gradient_loss | -0.0212    |
|    std                  | 0.395      |
|    value_loss           | 0.000551   |
----------------------------------------
-----------------------------------------
| rollout/                |             |
|    ep_len_mean          | 11.3        |
|    ep_rew_mean          | 8.48        |
| time/                   |             |
|    fps                  | 50          |
|    iterations           | 193         |
|    time_elapsed         | 7897        |
|    total_timesteps      | 395264      |
| train/                  |             |
|    approx_kl            | 0.030382074 |
|    clip_fraction        | 0.332       |
|    clip_range           | 0.2         |
|    entropy_loss         | -3.06       |
|    explained_variance   | 0.711       |
|    learning_rate        | 0.0003      |
|    loss                 | -0.0449     |
|    n_updates            | 1920        |
|    policy_gradient_loss | -0.0219     |
|    std                  | 0.393       |
|    value_loss           | 0.000475    |
-----------------------------------------
-----------------------------------------
| rollout/                |             |
|    ep_len_mean          | 11          |
|    ep_rew_mean          | 8.59        |
| time/                   |             |
|    fps                  | 50          |
|    iterations           | 194         |
|    time_elapsed         | 7945        |
|    total_timesteps      | 397312      |
| train/                  |             |
|    approx_kl            | 0.029940918 |
|    clip_fraction        | 0.347       |
|    clip_range           | 0.2         |
|    entropy_loss         | -3.03       |
|    explained_variance   | 0.745       |
|    learning_rate        | 0.0003      |
|    loss                 | -0.0522     |
|    n_updates            | 1930        |
|    policy_gradient_loss | -0.0207     |
|    std                  | 0.391       |
|    value_loss           | 0.000429    |
-----------------------------------------
-----------------------------------------
| rollout/                |             |
|    ep_len_mean          | 10.9        |
|    ep_rew_mean          | 8.65        |
| time/                   |             |
|    fps                  | 49          |
|    iterations           | 195         |
|    time_elapsed         | 7993        |
|    total_timesteps      | 399360      |
| train/                  |             |
|    approx_kl            | 0.026320811 |
|    clip_fraction        | 0.325       |
|    clip_range           | 0.2         |
|    entropy_loss         | -3.01       |
|    explained_variance   | 0.78        |
|    learning_rate        | 0.0003      |
|    loss                 | -0.0325     |
|    n_updates            | 1940        |
|    policy_gradient_loss | -0.0235     |
|    std                  | 0.39        |
|    value_loss           | 0.000383    |
-----------------------------------------
-----------------------------------------
| rollout/                |             |
|    ep_len_mean          | 11.1        |
|    ep_rew_mean          | 8.59        |
| time/                   |             |
|    fps                  | 49          |
|    iterations           | 196         |
|    time_elapsed         | 8040        |
|    total_timesteps      | 401408      |
| train/                  |             |
|    approx_kl            | 0.034630477 |
|    clip_fraction        | 0.342       |
|    clip_range           | 0.2         |
|    entropy_loss         | -2.99       |
|    explained_variance   | 0.777       |
|    learning_rate        | 0.0003      |
|    loss                 | -0.0276     |
|    n_updates            | 1950        |
|    policy_gradient_loss | -0.0165     |
|    std                  | 0.39        |
|    value_loss           | 0.0004      |
-----------------------------------------
saved models/C1_seed0.zip and models/C1_seed0_vecnormalize.pkl
