=== training C2_lam0.005_seed0 for 400000 steps ===
    port 5210
--------------------------------------------------------------
[threshold consistency]
  success distance      = 0.030 m
  force at success      = 5.00 N
  comfort / danger      = 6.0 N / 10.0 N
  >>> OK: the success point lies inside the safe band.
--------------------------------------------------------------
Waiting for connections on port: 5211...
Connected successfully
Using cpu device
---------------------------------
| rollout/           |          |
|    ep_len_mean     | 200      |
|    ep_rew_mean     | -887     |
| time/              |          |
|    fps             | 71       |
|    iterations      | 1        |
|    time_elapsed    | 28       |
|    total_timesteps | 2048     |
---------------------------------
-----------------------------------------
| rollout/                |             |
|    ep_len_mean          | 200         |
|    ep_rew_mean          | -966        |
| time/                   |             |
|    fps                  | 69          |
|    iterations           | 2           |
|    time_elapsed         | 58          |
|    total_timesteps      | 4096        |
| train/                  |             |
|    approx_kl            | 0.015128478 |
|    clip_fraction        | 0.136       |
|    clip_range           | 0.2         |
|    entropy_loss         | -9.92       |
|    explained_variance   | -0.487      |
|    learning_rate        | 0.0003      |
|    loss                 | -0.0221     |
|    n_updates            | 10          |
|    policy_gradient_loss | -0.0246     |
|    std                  | 0.997       |
|    value_loss           | 0.386       |
-----------------------------------------
-----------------------------------------
| rollout/                |             |
|    ep_len_mean          | 200         |
|    ep_rew_mean          | -1e+03      |
| time/                   |             |
|    fps                  | 69          |
|    iterations           | 3           |
|    time_elapsed         | 88          |
|    total_timesteps      | 6144        |
| train/                  |             |
|    approx_kl            | 0.014569201 |
|    clip_fraction        | 0.146       |
|    clip_range           | 0.2         |
|    entropy_loss         | -9.92       |
|    explained_variance   | 0.455       |
|    learning_rate        | 0.0003      |
|    loss                 | 0.0159      |
|    n_updates            | 20          |
|    policy_gradient_loss | -0.0264     |
|    std                  | 0.998       |
|    value_loss           | 0.0483      |
-----------------------------------------
----------------------------------------
| rollout/                |            |
|    ep_len_mean          | 200        |
|    ep_rew_mean          | -955       |
| time/                   |            |
|    fps                  | 69         |
|    iterations           | 4          |
|    time_elapsed         | 118        |
|    total_timesteps      | 8192       |
| train/                  |            |
|    approx_kl            | 0.01493017 |
|    clip_fraction        | 0.162      |
|    clip_range           | 0.2        |
|    entropy_loss         | -9.91      |
|    explained_variance   | 0.408      |
|    learning_rate        | 0.0003     |
|    loss                 | -0.000281  |
|    n_updates            | 30         |
|    policy_gradient_loss | -0.027     |
|    std                  | 0.996      |
|    value_loss           | 0.0388     |
----------------------------------------
-----------------------------------------
| rollout/                |             |
|    ep_len_mean          | 200         |
|    ep_rew_mean          | -912        |
| time/                   |             |
|    fps                  | 69          |
|    iterations           | 5           |
|    time_elapsed         | 148         |
|    total_timesteps      | 10240       |
| train/                  |             |
|    approx_kl            | 0.013147939 |
|    clip_fraction        | 0.155       |
|    clip_range           | 0.2         |
|    entropy_loss         | -9.91       |
|    explained_variance   | 0.627       |
|    learning_rate        | 0.0003      |
|    loss                 | -0.0364     |
|    n_updates            | 40          |
|    policy_gradient_loss | -0.0285     |
|    std                  | 0.999       |
|    value_loss           | 0.0271      |
-----------------------------------------
-----------------------------------------
| rollout/                |             |
|    ep_len_mean          | 200         |
|    ep_rew_mean          | -868        |
| time/                   |             |
|    fps                  | 69          |
|    iterations           | 6           |
|    time_elapsed         | 178         |
|    total_timesteps      | 12288       |
| train/                  |             |
|    approx_kl            | 0.014072031 |
|    clip_fraction        | 0.154       |
|    clip_range           | 0.2         |
|    entropy_loss         | -9.9        |
|    explained_variance   | 0.557       |
|    learning_rate        | 0.0003      |
|    loss                 | -0.00799    |
|    n_updates            | 50          |
|    policy_gradient_loss | -0.029      |
|    std                  | 0.993       |
|    value_loss           | 0.0221      |
-----------------------------------------
-----------------------------------------
| rollout/                |             |
|    ep_len_mean          | 200         |
|    ep_rew_mean          | -833        |
| time/                   |             |
|    fps                  | 68          |
|    iterations           | 7           |
|    time_elapsed         | 207         |
|    total_timesteps      | 14336       |
| train/                  |             |
|    approx_kl            | 0.015430976 |
|    clip_fraction        | 0.171       |
|    clip_range           | 0.2         |
|    entropy_loss         | -9.84       |
|    explained_variance   | 0.42        |
|    learning_rate        | 0.0003      |
|    loss                 | -0.0711     |
|    n_updates            | 60          |
|    policy_gradient_loss | -0.0288     |
|    std                  | 0.982       |
|    value_loss           | 0.0183      |
-----------------------------------------
-----------------------------------------
| rollout/                |             |
|    ep_len_mean          | 200         |
|    ep_rew_mean          | -787        |
| time/                   |             |
|    fps                  | 68          |
|    iterations           | 8           |
|    time_elapsed         | 237         |
|    total_timesteps      | 16384       |
| train/                  |             |
|    approx_kl            | 0.016294824 |
|    clip_fraction        | 0.19        |
|    clip_range           | 0.2         |
|    entropy_loss         | -9.8        |
|    explained_variance   | -0.452      |
|    learning_rate        | 0.0003      |
|    loss                 | -0.048      |
|    n_updates            | 70          |
|    policy_gradient_loss | -0.0327     |
|    std                  | 0.982       |
|    value_loss           | 0.0142      |
-----------------------------------------
-----------------------------------------
| rollout/                |             |
|    ep_len_mean          | 200         |
|    ep_rew_mean          | -748        |
| time/                   |             |
|    fps                  | 68          |
|    iterations           | 9           |
|    time_elapsed         | 268         |
|    total_timesteps      | 18432       |
| train/                  |             |
|    approx_kl            | 0.015702762 |
|    clip_fraction        | 0.181       |
|    clip_range           | 0.2         |
|    entropy_loss         | -9.8        |
|    explained_variance   | 0.26        |
|    learning_rate        | 0.0003      |
|    loss                 | -0.0177     |
|    n_updates            | 80          |
|    policy_gradient_loss | -0.0323     |
|    std                  | 0.98        |
|    value_loss           | 0.00812     |
-----------------------------------------
---------------------------------------
| rollout/                |           |
|    ep_len_mean          | 200       |
|    ep_rew_mean          | -713      |
| time/                   |           |
|    fps                  | 68        |
|    iterations           | 10        |
|    time_elapsed         | 300       |
|    total_timesteps      | 20480     |
| train/                  |           |
|    approx_kl            | 0.0154631 |
|    clip_fraction        | 0.174     |
|    clip_range           | 0.2       |
|    entropy_loss         | -9.8      |
|    explained_variance   | -0.362    |
|    learning_rate        | 0.0003    |
|    loss                 | -0.00456  |
|    n_updates            | 90        |
|    policy_gradient_loss | -0.0277   |
|    std                  | 0.98      |
|    value_loss           | 0.0101    |
---------------------------------------
----------------------------------------
| rollout/                |            |
|    ep_len_mean          | 200        |
|    ep_rew_mean          | -654       |
| time/                   |            |
|    fps                  | 68         |
|    iterations           | 11         |
|    time_elapsed         | 330        |
|    total_timesteps      | 22528      |
| train/                  |            |
|    approx_kl            | 0.01215231 |
|    clip_fraction        | 0.129      |
|    clip_range           | 0.2        |
|    entropy_loss         | -9.82      |
|    explained_variance   | 0.174      |
|    learning_rate        | 0.0003     |
|    loss                 | -0.0333    |
|    n_updates            | 100        |
|    policy_gradient_loss | -0.0219    |
|    std                  | 0.987      |
|    value_loss           | 0.00824    |
----------------------------------------
-----------------------------------------
| rollout/                |             |
|    ep_len_mean          | 200         |
|    ep_rew_mean          | -590        |
| time/                   |             |
|    fps                  | 67          |
|    iterations           | 12          |
|    time_elapsed         | 362         |
|    total_timesteps      | 24576       |
| train/                  |             |
|    approx_kl            | 0.017147232 |
|    clip_fraction        | 0.197       |
|    clip_range           | 0.2         |
|    entropy_loss         | -9.8        |
|    explained_variance   | -0.0503     |
|    learning_rate        | 0.0003      |
|    loss                 | -0.0504     |
|    n_updates            | 110         |
|    policy_gradient_loss | -0.0326     |
|    std                  | 0.977       |
|    value_loss           | 0.0035      |
-----------------------------------------
-----------------------------------------
| rollout/                |             |
|    ep_len_mean          | 200         |
|    ep_rew_mean          | -515        |
| time/                   |             |
|    fps                  | 67          |
|    iterations           | 13          |
|    time_elapsed         | 394         |
|    total_timesteps      | 26624       |
| train/                  |             |
|    approx_kl            | 0.017113253 |
|    clip_fraction        | 0.204       |
|    clip_range           | 0.2         |
|    entropy_loss         | -9.76       |
|    explained_variance   | 0.419       |
|    learning_rate        | 0.0003      |
|    loss                 | -0.0364     |
|    n_updates            | 120         |
|    policy_gradient_loss | -0.0327     |
|    std                  | 0.974       |
|    value_loss           | 0.00583     |
-----------------------------------------
-----------------------------------------
| rollout/                |             |
|    ep_len_mean          | 200         |
|    ep_rew_mean          | -452        |
| time/                   |             |
|    fps                  | 67          |
|    iterations           | 14          |
|    time_elapsed         | 425         |
|    total_timesteps      | 28672       |
| train/                  |             |
|    approx_kl            | 0.015575515 |
|    clip_fraction        | 0.177       |
|    clip_range           | 0.2         |
|    entropy_loss         | -9.75       |
|    explained_variance   | 0.671       |
|    learning_rate        | 0.0003      |
|    loss                 | -0.0165     |
|    n_updates            | 130         |
|    policy_gradient_loss | -0.0314     |
|    std                  | 0.974       |
|    value_loss           | 0.00412     |
-----------------------------------------
-----------------------------------------
| rollout/                |             |
|    ep_len_mean          | 200         |
|    ep_rew_mean          | -411        |
| time/                   |             |
|    fps                  | 67          |
|    iterations           | 15          |
|    time_elapsed         | 455         |
|    total_timesteps      | 30720       |
| train/                  |             |
|    approx_kl            | 0.016787417 |
|    clip_fraction        | 0.202       |
|    clip_range           | 0.2         |
|    entropy_loss         | -9.74       |
|    explained_variance   | 0.7         |
|    learning_rate        | 0.0003      |
|    loss                 | -0.046      |
|    n_updates            | 140         |
|    policy_gradient_loss | -0.0349     |
|    std                  | 0.971       |
|    value_loss           | 0.00271     |
-----------------------------------------
-----------------------------------------
| rollout/                |             |
|    ep_len_mean          | 200         |
|    ep_rew_mean          | -369        |
| time/                   |             |
|    fps                  | 67          |
|    iterations           | 16          |
|    time_elapsed         | 485         |
|    total_timesteps      | 32768       |
| train/                  |             |
|    approx_kl            | 0.020275433 |
|    clip_fraction        | 0.211       |
|    clip_range           | 0.2         |
|    entropy_loss         | -9.68       |
|    explained_variance   | 0.332       |
|    learning_rate        | 0.0003      |
|    loss                 | -0.0318     |
|    n_updates            | 150         |
|    policy_gradient_loss | -0.0348     |
|    std                  | 0.96        |
|    value_loss           | 0.00204     |
-----------------------------------------
-----------------------------------------
| rollout/                |             |
|    ep_len_mean          | 200         |
|    ep_rew_mean          | -330        |
| time/                   |             |
|    fps                  | 67          |
|    iterations           | 17          |
|    time_elapsed         | 515         |
|    total_timesteps      | 34816       |
| train/                  |             |
|    approx_kl            | 0.018145591 |
|    clip_fraction        | 0.211       |
|    clip_range           | 0.2         |
|    entropy_loss         | -9.63       |
|    explained_variance   | 0.628       |
|    learning_rate        | 0.0003      |
|    loss                 | -0.069      |
|    n_updates            | 160         |
|    policy_gradient_loss | -0.0345     |
|    std                  | 0.956       |
|    value_loss           | 0.00166     |
-----------------------------------------
-----------------------------------------
| rollout/                |             |
|    ep_len_mean          | 200         |
|    ep_rew_mean          | -307        |
| time/                   |             |
|    fps                  | 67          |
|    iterations           | 18          |
|    time_elapsed         | 545         |
|    total_timesteps      | 36864       |
| train/                  |             |
|    approx_kl            | 0.015489281 |
|    clip_fraction        | 0.193       |
|    clip_range           | 0.2         |
|    entropy_loss         | -9.58       |
|    explained_variance   | 0.229       |
|    learning_rate        | 0.0003      |
|    loss                 | -0.0221     |
|    n_updates            | 170         |
|    policy_gradient_loss | -0.0305     |
|    std                  | 0.948       |
|    value_loss           | 0.001       |
-----------------------------------------
-----------------------------------------
| rollout/                |             |
|    ep_len_mean          | 200         |
|    ep_rew_mean          | -278        |
| time/                   |             |
|    fps                  | 67          |
|    iterations           | 19          |
|    time_elapsed         | 575         |
|    total_timesteps      | 38912       |
| train/                  |             |
|    approx_kl            | 0.015382765 |
|    clip_fraction        | 0.165       |
|    clip_range           | 0.2         |
|    entropy_loss         | -9.51       |
|    explained_variance   | 0.0641      |
|    learning_rate        | 0.0003      |
|    loss                 | -0.0283     |
|    n_updates            | 180         |
|    policy_gradient_loss | -0.0308     |
|    std                  | 0.937       |
|    value_loss           | 0.00116     |
-----------------------------------------
----------------------------------------
| rollout/                |            |
|    ep_len_mean          | 200        |
|    ep_rew_mean          | -249       |
| time/                   |            |
|    fps                  | 67         |
|    iterations           | 20         |
|    time_elapsed         | 606        |
|    total_timesteps      | 40960      |
| train/                  |            |
|    approx_kl            | 0.01798449 |
|    clip_fraction        | 0.201      |
|    clip_range           | 0.2        |
|    entropy_loss         | -9.42      |
|    explained_variance   | 0.372      |
|    learning_rate        | 0.0003     |
|    loss                 | -0.0646    |
|    n_updates            | 190        |
|    policy_gradient_loss | -0.0354    |
|    std                  | 0.926      |
|    value_loss           | 0.00104    |
----------------------------------------
-----------------------------------------
| rollout/                |             |
|    ep_len_mean          | 199         |
|    ep_rew_mean          | -241        |
| time/                   |             |
|    fps                  | 67          |
|    iterations           | 21          |
|    time_elapsed         | 638         |
|    total_timesteps      | 43008       |
| train/                  |             |
|    approx_kl            | 0.019193616 |
|    clip_fraction        | 0.229       |
|    clip_range           | 0.2         |
|    entropy_loss         | -9.36       |
|    explained_variance   | 0.289       |
|    learning_rate        | 0.0003      |
|    loss                 | -0.0454     |
|    n_updates            | 200         |
|    policy_gradient_loss | -0.0358     |
|    std                  | 0.92        |
|    value_loss           | 0.000994    |
-----------------------------------------
-----------------------------------------
| rollout/                |             |
|    ep_len_mean          | 198         |
|    ep_rew_mean          | -221        |
| time/                   |             |
|    fps                  | 67          |
|    iterations           | 22          |
|    time_elapsed         | 669         |
|    total_timesteps      | 45056       |
| train/                  |             |
|    approx_kl            | 0.017314147 |
|    clip_fraction        | 0.155       |
|    clip_range           | 0.2         |
|    entropy_loss         | -9.33       |
|    explained_variance   | -0.173      |
|    learning_rate        | 0.0003      |
|    loss                 | -0.0373     |
|    n_updates            | 210         |
|    policy_gradient_loss | -0.0252     |
|    std                  | 0.915       |
|    value_loss           | 0.00373     |
-----------------------------------------
-----------------------------------------
| rollout/                |             |
|    ep_len_mean          | 196         |
|    ep_rew_mean          | -206        |
| time/                   |             |
|    fps                  | 67          |
|    iterations           | 23          |
|    time_elapsed         | 702         |
|    total_timesteps      | 47104       |
| train/                  |             |
|    approx_kl            | 0.018090952 |
|    clip_fraction        | 0.207       |
|    clip_range           | 0.2         |
|    entropy_loss         | -9.28       |
|    explained_variance   | 0.256       |
|    learning_rate        | 0.0003      |
|    loss                 | -0.017      |
|    n_updates            | 220         |
|    policy_gradient_loss | -0.0302     |
|    std                  | 0.908       |
|    value_loss           | 0.00608     |
-----------------------------------------
-----------------------------------------
| rollout/                |             |
|    ep_len_mean          | 190         |
|    ep_rew_mean          | -192        |
| time/                   |             |
|    fps                  | 66          |
|    iterations           | 24          |
|    time_elapsed         | 734         |
|    total_timesteps      | 49152       |
| train/                  |             |
|    approx_kl            | 0.016611721 |
|    clip_fraction        | 0.199       |
|    clip_range           | 0.2         |
|    entropy_loss         | -9.25       |
|    explained_variance   | 0.562       |
|    learning_rate        | 0.0003      |
|    loss                 | -0.0286     |
|    n_updates            | 230         |
|    policy_gradient_loss | -0.0289     |
|    std                  | 0.908       |
|    value_loss           | 0.00497     |
-----------------------------------------
----------------------------------------
| rollout/                |            |
|    ep_len_mean          | 187        |
|    ep_rew_mean          | -180       |
| time/                   |            |
|    fps                  | 66         |
|    iterations           | 25         |
|    time_elapsed         | 767        |
|    total_timesteps      | 51200      |
| train/                  |            |
|    approx_kl            | 0.01815213 |
|    clip_fraction        | 0.24       |
|    clip_range           | 0.2        |
|    entropy_loss         | -9.22      |
|    explained_variance   | 0.514      |
|    learning_rate        | 0.0003     |
|    loss                 | -0.0446    |
|    n_updates            | 240        |
|    policy_gradient_loss | -0.0295    |
|    std                  | 0.9        |
|    value_loss           | 0.0104     |
----------------------------------------
-----------------------------------------
| rollout/                |             |
|    ep_len_mean          | 182         |
|    ep_rew_mean          | -165        |
| time/                   |             |
|    fps                  | 66          |
|    iterations           | 26          |
|    time_elapsed         | 800         |
|    total_timesteps      | 53248       |
| train/                  |             |
|    approx_kl            | 0.017888147 |
|    clip_fraction        | 0.202       |
|    clip_range           | 0.2         |
|    entropy_loss         | -9.16       |
|    explained_variance   | 0.495       |
|    learning_rate        | 0.0003      |
|    loss                 | -0.0391     |
|    n_updates            | 250         |
|    policy_gradient_loss | -0.0276     |
|    std                  | 0.895       |
|    value_loss           | 0.00878     |
-----------------------------------------
-----------------------------------------
| rollout/                |             |
|    ep_len_mean          | 172         |
|    ep_rew_mean          | -145        |
| time/                   |             |
|    fps                  | 66          |
|    iterations           | 27          |
|    time_elapsed         | 833         |
|    total_timesteps      | 55296       |
| train/                  |             |
|    approx_kl            | 0.015055907 |
|    clip_fraction        | 0.182       |
|    clip_range           | 0.2         |
|    entropy_loss         | -9.13       |
|    explained_variance   | 0.404       |
|    learning_rate        | 0.0003      |
|    loss                 | 0.00943     |
|    n_updates            | 260         |
|    policy_gradient_loss | -0.025      |
|    std                  | 0.889       |
|    value_loss           | 0.0128      |
-----------------------------------------
-----------------------------------------
| rollout/                |             |
|    ep_len_mean          | 162         |
|    ep_rew_mean          | -126        |
| time/                   |             |
|    fps                  | 66          |
|    iterations           | 28          |
|    time_elapsed         | 866         |
|    total_timesteps      | 57344       |
| train/                  |             |
|    approx_kl            | 0.012861523 |
|    clip_fraction        | 0.148       |
|    clip_range           | 0.2         |
|    entropy_loss         | -9.08       |
|    explained_variance   | 0.308       |
|    learning_rate        | 0.0003      |
|    loss                 | -0.0136     |
|    n_updates            | 270         |
|    policy_gradient_loss | -0.0222     |
|    std                  | 0.883       |
|    value_loss           | 0.0125      |
-----------------------------------------
-----------------------------------------
| rollout/                |             |
|    ep_len_mean          | 155         |
|    ep_rew_mean          | -111        |
| time/                   |             |
|    fps                  | 65          |
|    iterations           | 29          |
|    time_elapsed         | 900         |
|    total_timesteps      | 59392       |
| train/                  |             |
|    approx_kl            | 0.017486198 |
|    clip_fraction        | 0.205       |
|    clip_range           | 0.2         |
|    entropy_loss         | -9.04       |
|    explained_variance   | 0.545       |
|    learning_rate        | 0.0003      |
|    loss                 | -0.0319     |
|    n_updates            | 280         |
|    policy_gradient_loss | -0.0282     |
|    std                  | 0.878       |
|    value_loss           | 0.0117      |
-----------------------------------------
-----------------------------------------
| rollout/                |             |
|    ep_len_mean          | 138         |
|    ep_rew_mean          | -88.6       |
| time/                   |             |
|    fps                  | 65          |
|    iterations           | 30          |
|    time_elapsed         | 934         |
|    total_timesteps      | 61440       |
| train/                  |             |
|    approx_kl            | 0.017099513 |
|    clip_fraction        | 0.203       |
|    clip_range           | 0.2         |
|    entropy_loss         | -9.01       |
|    explained_variance   | 0.201       |
|    learning_rate        | 0.0003      |
|    loss                 | -0.046      |
|    n_updates            | 290         |
|    policy_gradient_loss | -0.0299     |
|    std                  | 0.875       |
|    value_loss           | 0.0103      |
-----------------------------------------
-----------------------------------------
| rollout/                |             |
|    ep_len_mean          | 130         |
|    ep_rew_mean          | -79.1       |
| time/                   |             |
|    fps                  | 65          |
|    iterations           | 31          |
|    time_elapsed         | 968         |
|    total_timesteps      | 63488       |
| train/                  |             |
|    approx_kl            | 0.017173517 |
|    clip_fraction        | 0.186       |
|    clip_range           | 0.2         |
|    entropy_loss         | -8.96       |
|    explained_variance   | 0.348       |
|    learning_rate        | 0.0003      |
|    loss                 | -0.0159     |
|    n_updates            | 300         |
|    policy_gradient_loss | -0.0247     |
|    std                  | 0.868       |
|    value_loss           | 0.0125      |
-----------------------------------------
-----------------------------------------
| rollout/                |             |
|    ep_len_mean          | 116         |
|    ep_rew_mean          | -70.6       |
| time/                   |             |
|    fps                  | 65          |
|    iterations           | 32          |
|    time_elapsed         | 1002        |
|    total_timesteps      | 65536       |
| train/                  |             |
|    approx_kl            | 0.014258938 |
|    clip_fraction        | 0.188       |
|    clip_range           | 0.2         |
|    entropy_loss         | -8.92       |
|    explained_variance   | 0.383       |
|    learning_rate        | 0.0003      |
|    loss                 | -0.0132     |
|    n_updates            | 310         |
|    policy_gradient_loss | -0.0288     |
|    std                  | 0.864       |
|    value_loss           | 0.0116      |
-----------------------------------------
-----------------------------------------
| rollout/                |             |
|    ep_len_mean          | 103         |
|    ep_rew_mean          | -63.8       |
| time/                   |             |
|    fps                  | 65          |
|    iterations           | 33          |
|    time_elapsed         | 1036        |
|    total_timesteps      | 67584       |
| train/                  |             |
|    approx_kl            | 0.013932558 |
|    clip_fraction        | 0.16        |
|    clip_range           | 0.2         |
|    entropy_loss         | -8.87       |
|    explained_variance   | 0.631       |
|    learning_rate        | 0.0003      |
|    loss                 | -0.0437     |
|    n_updates            | 320         |
|    policy_gradient_loss | -0.0248     |
|    std                  | 0.856       |
|    value_loss           | 0.0125      |
-----------------------------------------
-----------------------------------------
| rollout/                |             |
|    ep_len_mean          | 88.7        |
|    ep_rew_mean          | -50         |
| time/                   |             |
|    fps                  | 65          |
|    iterations           | 34          |
|    time_elapsed         | 1070        |
|    total_timesteps      | 69632       |
| train/                  |             |
|    approx_kl            | 0.015679952 |
|    clip_fraction        | 0.192       |
|    clip_range           | 0.2         |
|    entropy_loss         | -8.83       |
|    explained_variance   | 0.464       |
|    learning_rate        | 0.0003      |
|    loss                 | -0.0587     |
|    n_updates            | 330         |
|    policy_gradient_loss | -0.0289     |
|    std                  | 0.854       |
|    value_loss           | 0.0115      |
-----------------------------------------
-----------------------------------------
| rollout/                |             |
|    ep_len_mean          | 85          |
|    ep_rew_mean          | -45.5       |
| time/                   |             |
|    fps                  | 64          |
|    iterations           | 35          |
|    time_elapsed         | 1105        |
|    total_timesteps      | 71680       |
| train/                  |             |
|    approx_kl            | 0.016283344 |
|    clip_fraction        | 0.204       |
|    clip_range           | 0.2         |
|    entropy_loss         | -8.81       |
|    explained_variance   | 0.391       |
|    learning_rate        | 0.0003      |
|    loss                 | -0.0245     |
|    n_updates            | 340         |
|    policy_gradient_loss | -0.0274     |
|    std                  | 0.852       |
|    value_loss           | 0.01        |
-----------------------------------------
-----------------------------------------
| rollout/                |             |
|    ep_len_mean          | 79.5        |
|    ep_rew_mean          | -39         |
| time/                   |             |
|    fps                  | 64          |
|    iterations           | 36          |
|    time_elapsed         | 1139        |
|    total_timesteps      | 73728       |
| train/                  |             |
|    approx_kl            | 0.014957281 |
|    clip_fraction        | 0.181       |
|    clip_range           | 0.2         |
|    entropy_loss         | -8.78       |
|    explained_variance   | 0.713       |
|    learning_rate        | 0.0003      |
|    loss                 | -0.0476     |
|    n_updates            | 350         |
|    policy_gradient_loss | -0.0268     |
|    std                  | 0.846       |
|    value_loss           | 0.00837     |
-----------------------------------------
------------------------------------------
| rollout/                |              |
|    ep_len_mean          | 73.1         |
|    ep_rew_mean          | -32.9        |
| time/                   |              |
|    fps                  | 64           |
|    iterations           | 37           |
|    time_elapsed         | 1174         |
|    total_timesteps      | 75776        |
| train/                  |              |
|    approx_kl            | 0.0135018695 |
|    clip_fraction        | 0.183        |
|    clip_range           | 0.2          |
|    entropy_loss         | -8.74        |
|    explained_variance   | 0.706        |
|    learning_rate        | 0.0003       |
|    loss                 | -0.00893     |
|    n_updates            | 360          |
|    policy_gradient_loss | -0.0253      |
|    std                  | 0.842        |
|    value_loss           | 0.00984      |
------------------------------------------
-----------------------------------------
| rollout/                |             |
|    ep_len_mean          | 69.8        |
|    ep_rew_mean          | -29.4       |
| time/                   |             |
|    fps                  | 64          |
|    iterations           | 38          |
|    time_elapsed         | 1209        |
|    total_timesteps      | 77824       |
| train/                  |             |
|    approx_kl            | 0.018642172 |
|    clip_fraction        | 0.207       |
|    clip_range           | 0.2         |
|    entropy_loss         | -8.69       |
|    explained_variance   | 0.554       |
|    learning_rate        | 0.0003      |
|    loss                 | -0.0461     |
|    n_updates            | 370         |
|    policy_gradient_loss | -0.0314     |
|    std                  | 0.835       |
|    value_loss           | 0.00669     |
-----------------------------------------
-----------------------------------------
| rollout/                |             |
|    ep_len_mean          | 58.5        |
|    ep_rew_mean          | -20.2       |
| time/                   |             |
|    fps                  | 64          |
|    iterations           | 39          |
|    time_elapsed         | 1245        |
|    total_timesteps      | 79872       |
| train/                  |             |
|    approx_kl            | 0.015200394 |
|    clip_fraction        | 0.188       |
|    clip_range           | 0.2         |
|    entropy_loss         | -8.65       |
|    explained_variance   | 0.299       |
|    learning_rate        | 0.0003      |
|    loss                 | -0.041      |
|    n_updates            | 380         |
|    policy_gradient_loss | -0.0244     |
|    std                  | 0.832       |
|    value_loss           | 0.00612     |
-----------------------------------------
-----------------------------------------
| rollout/                |             |
|    ep_len_mean          | 57.2        |
|    ep_rew_mean          | -20.4       |
| time/                   |             |
|    fps                  | 63          |
|    iterations           | 40          |
|    time_elapsed         | 1280        |
|    total_timesteps      | 81920       |
| train/                  |             |
|    approx_kl            | 0.018687341 |
|    clip_fraction        | 0.198       |
|    clip_range           | 0.2         |
|    entropy_loss         | -8.64       |
|    explained_variance   | 0.647       |
|    learning_rate        | 0.0003      |
|    loss                 | -0.0338     |
|    n_updates            | 390         |
|    policy_gradient_loss | -0.0314     |
|    std                  | 0.831       |
|    value_loss           | 0.0064      |
-----------------------------------------
-----------------------------------------
| rollout/                |             |
|    ep_len_mean          | 53.3        |
|    ep_rew_mean          | -17.8       |
| time/                   |             |
|    fps                  | 63          |
|    iterations           | 41          |
|    time_elapsed         | 1316        |
|    total_timesteps      | 83968       |
| train/                  |             |
|    approx_kl            | 0.013955947 |
|    clip_fraction        | 0.164       |
|    clip_range           | 0.2         |
|    entropy_loss         | -8.61       |
|    explained_variance   | 0.357       |
|    learning_rate        | 0.0003      |
|    loss                 | -0.0211     |
|    n_updates            | 400         |
|    policy_gradient_loss | -0.0221     |
|    std                  | 0.826       |
|    value_loss           | 0.00562     |
-----------------------------------------
-----------------------------------------
| rollout/                |             |
|    ep_len_mean          | 48.9        |
|    ep_rew_mean          | -15.9       |
| time/                   |             |
|    fps                  | 63          |
|    iterations           | 42          |
|    time_elapsed         | 1352        |
|    total_timesteps      | 86016       |
| train/                  |             |
|    approx_kl            | 0.016666334 |
|    clip_fraction        | 0.187       |
|    clip_range           | 0.2         |
|    entropy_loss         | -8.58       |
|    explained_variance   | 0.393       |
|    learning_rate        | 0.0003      |
|    loss                 | -0.00384    |
|    n_updates            | 410         |
|    policy_gradient_loss | -0.0231     |
|    std                  | 0.823       |
|    value_loss           | 0.00433     |
-----------------------------------------
----------------------------------------
| rollout/                |            |
|    ep_len_mean          | 42.8       |
|    ep_rew_mean          | -13.3      |
| time/                   |            |
|    fps                  | 63         |
|    iterations           | 43         |
|    time_elapsed         | 1389       |
|    total_timesteps      | 88064      |
| train/                  |            |
|    approx_kl            | 0.01541826 |
|    clip_fraction        | 0.171      |
|    clip_range           | 0.2        |
|    entropy_loss         | -8.56      |
|    explained_variance   | 0.763      |
|    learning_rate        | 0.0003     |
|    loss                 | -0.036     |
|    n_updates            | 420        |
|    policy_gradient_loss | -0.0304    |
|    std                  | 0.82       |
|    value_loss           | 0.00659    |
----------------------------------------
-----------------------------------------
| rollout/                |             |
|    ep_len_mean          | 40.3        |
|    ep_rew_mean          | -9          |
| time/                   |             |
|    fps                  | 63          |
|    iterations           | 44          |
|    time_elapsed         | 1425        |
|    total_timesteps      | 90112       |
| train/                  |             |
|    approx_kl            | 0.015840095 |
|    clip_fraction        | 0.2         |
|    clip_range           | 0.2         |
|    entropy_loss         | -8.5        |
|    explained_variance   | 0.232       |
|    learning_rate        | 0.0003      |
|    loss                 | -0.0173     |
|    n_updates            | 430         |
|    policy_gradient_loss | -0.0272     |
|    std                  | 0.812       |
|    value_loss           | 0.00534     |
-----------------------------------------
-----------------------------------------
| rollout/                |             |
|    ep_len_mean          | 38.9        |
|    ep_rew_mean          | -7.63       |
| time/                   |             |
|    fps                  | 63          |
|    iterations           | 45          |
|    time_elapsed         | 1462        |
|    total_timesteps      | 92160       |
| train/                  |             |
|    approx_kl            | 0.012167198 |
|    clip_fraction        | 0.176       |
|    clip_range           | 0.2         |
|    entropy_loss         | -8.46       |
|    explained_variance   | 0.319       |
|    learning_rate        | 0.0003      |
|    loss                 | -0.0402     |
|    n_updates            | 440         |
|    policy_gradient_loss | -0.0224     |
|    std                  | 0.81        |
|    value_loss           | 0.00463     |
-----------------------------------------
-----------------------------------------
| rollout/                |             |
|    ep_len_mean          | 39.3        |
|    ep_rew_mean          | -8.02       |
| time/                   |             |
|    fps                  | 62          |
|    iterations           | 46          |
|    time_elapsed         | 1498        |
|    total_timesteps      | 94208       |
| train/                  |             |
|    approx_kl            | 0.017567046 |
|    clip_fraction        | 0.197       |
|    clip_range           | 0.2         |
|    entropy_loss         | -8.43       |
|    explained_variance   | 0.256       |
|    learning_rate        | 0.0003      |
|    loss                 | -0.0195     |
|    n_updates            | 450         |
|    policy_gradient_loss | -0.026      |
|    std                  | 0.804       |
|    value_loss           | 0.00388     |
-----------------------------------------
-----------------------------------------
| rollout/                |             |
|    ep_len_mean          | 37.2        |
|    ep_rew_mean          | -7.64       |
| time/                   |             |
|    fps                  | 62          |
|    iterations           | 47          |
|    time_elapsed         | 1536        |
|    total_timesteps      | 96256       |
| train/                  |             |
|    approx_kl            | 0.016509868 |
|    clip_fraction        | 0.193       |
|    clip_range           | 0.2         |
|    entropy_loss         | -8.4        |
|    explained_variance   | 0.517       |
|    learning_rate        | 0.0003      |
|    loss                 | -0.034      |
|    n_updates            | 460         |
|    policy_gradient_loss | -0.0265     |
|    std                  | 0.803       |
|    value_loss           | 0.00436     |
-----------------------------------------
-----------------------------------------
| rollout/                |             |
|    ep_len_mean          | 34.8        |
|    ep_rew_mean          | -6.1        |
| time/                   |             |
|    fps                  | 62          |
|    iterations           | 48          |
|    time_elapsed         | 1573        |
|    total_timesteps      | 98304       |
| train/                  |             |
|    approx_kl            | 0.015440581 |
|    clip_fraction        | 0.184       |
|    clip_range           | 0.2         |
|    entropy_loss         | -8.37       |
|    explained_variance   | 0.303       |
|    learning_rate        | 0.0003      |
|    loss                 | -0.041      |
|    n_updates            | 470         |
|    policy_gradient_loss | -0.0265     |
|    std                  | 0.798       |
|    value_loss           | 0.00431     |
-----------------------------------------
-----------------------------------------
| rollout/                |             |
|    ep_len_mean          | 37.2        |
|    ep_rew_mean          | -6.37       |
| time/                   |             |
|    fps                  | 62          |
|    iterations           | 49          |
|    time_elapsed         | 1610        |
|    total_timesteps      | 100352      |
| train/                  |             |
|    approx_kl            | 0.017002957 |
|    clip_fraction        | 0.2         |
|    clip_range           | 0.2         |
|    entropy_loss         | -8.3        |
|    explained_variance   | 0.361       |
|    learning_rate        | 0.0003      |
|    loss                 | -0.0433     |
|    n_updates            | 480         |
|    policy_gradient_loss | -0.0289     |
|    std                  | 0.79        |
|    value_loss           | 0.00418     |
-----------------------------------------
-----------------------------------------
| rollout/                |             |
|    ep_len_mean          | 34.7        |
|    ep_rew_mean          | -3.78       |
| time/                   |             |
|    fps                  | 62          |
|    iterations           | 50          |
|    time_elapsed         | 1648        |
|    total_timesteps      | 102400      |
| train/                  |             |
|    approx_kl            | 0.015739184 |
|    clip_fraction        | 0.182       |
|    clip_range           | 0.2         |
|    entropy_loss         | -8.24       |
|    explained_variance   | 0.659       |
|    learning_rate        | 0.0003      |
|    loss                 | -0.0378     |
|    n_updates            | 490         |
|    policy_gradient_loss | -0.0273     |
|    std                  | 0.783       |
|    value_loss           | 0.00296     |
-----------------------------------------
-----------------------------------------
| rollout/                |             |
|    ep_len_mean          | 31          |
|    ep_rew_mean          | -2.21       |
| time/                   |             |
|    fps                  | 61          |
|    iterations           | 51          |
|    time_elapsed         | 1686        |
|    total_timesteps      | 104448      |
| train/                  |             |
|    approx_kl            | 0.016530577 |
|    clip_fraction        | 0.197       |
|    clip_range           | 0.2         |
|    entropy_loss         | -8.16       |
|    explained_variance   | 0.332       |
|    learning_rate        | 0.0003      |
|    loss                 | -0.0697     |
|    n_updates            | 500         |
|    policy_gradient_loss | -0.0258     |
|    std                  | 0.774       |
|    value_loss           | 0.00227     |
-----------------------------------------
-----------------------------------------
| rollout/                |             |
|    ep_len_mean          | 26.5        |
|    ep_rew_mean          | 0.139       |
| time/                   |             |
|    fps                  | 61          |
|    iterations           | 52          |
|    time_elapsed         | 1725        |
|    total_timesteps      | 106496      |
| train/                  |             |
|    approx_kl            | 0.014230551 |
|    clip_fraction        | 0.177       |
|    clip_range           | 0.2         |
|    entropy_loss         | -8.09       |
|    explained_variance   | 0.215       |
|    learning_rate        | 0.0003      |
|    loss                 | -0.0154     |
|    n_updates            | 510         |
|    policy_gradient_loss | -0.0238     |
|    std                  | 0.766       |
|    value_loss           | 0.00212     |
-----------------------------------------
-----------------------------------------
| rollout/                |             |
|    ep_len_mean          | 23.9        |
|    ep_rew_mean          | 1.58        |
| time/                   |             |
|    fps                  | 61          |
|    iterations           | 53          |
|    time_elapsed         | 1765        |
|    total_timesteps      | 108544      |
| train/                  |             |
|    approx_kl            | 0.019239943 |
|    clip_fraction        | 0.216       |
|    clip_range           | 0.2         |
|    entropy_loss         | -8.02       |
|    explained_variance   | 0.239       |
|    learning_rate        | 0.0003      |
|    loss                 | -0.0156     |
|    n_updates            | 520         |
|    policy_gradient_loss | -0.0272     |
|    std                  | 0.758       |
|    value_loss           | 0.00175     |
-----------------------------------------
-----------------------------------------
| rollout/                |             |
|    ep_len_mean          | 25.9        |
|    ep_rew_mean          | 0.896       |
| time/                   |             |
|    fps                  | 61          |
|    iterations           | 54          |
|    time_elapsed         | 1804        |
|    total_timesteps      | 110592      |
| train/                  |             |
|    approx_kl            | 0.018151898 |
|    clip_fraction        | 0.222       |
|    clip_range           | 0.2         |
|    entropy_loss         | -7.94       |
|    explained_variance   | 0.203       |
|    learning_rate        | 0.0003      |
|    loss                 | -0.0551     |
|    n_updates            | 530         |
|    policy_gradient_loss | -0.029      |
|    std                  | 0.751       |
|    value_loss           | 0.00134     |
-----------------------------------------
-----------------------------------------
| rollout/                |             |
|    ep_len_mean          | 25.8        |
|    ep_rew_mean          | 0.596       |
| time/                   |             |
|    fps                  | 61          |
|    iterations           | 55          |
|    time_elapsed         | 1843        |
|    total_timesteps      | 112640      |
| train/                  |             |
|    approx_kl            | 0.015023772 |
|    clip_fraction        | 0.184       |
|    clip_range           | 0.2         |
|    entropy_loss         | -7.9        |
|    explained_variance   | 0.0494      |
|    learning_rate        | 0.0003      |
|    loss                 | -0.0444     |
|    n_updates            | 540         |
|    policy_gradient_loss | -0.0244     |
|    std                  | 0.747       |
|    value_loss           | 0.00159     |
-----------------------------------------
-----------------------------------------
| rollout/                |             |
|    ep_len_mean          | 23          |
|    ep_rew_mean          | 2.1         |
| time/                   |             |
|    fps                  | 60          |
|    iterations           | 56          |
|    time_elapsed         | 1883        |
|    total_timesteps      | 114688      |
| train/                  |             |
|    approx_kl            | 0.017682988 |
|    clip_fraction        | 0.222       |
|    clip_range           | 0.2         |
|    entropy_loss         | -7.85       |
|    explained_variance   | 0.204       |
|    learning_rate        | 0.0003      |
|    loss                 | -0.0342     |
|    n_updates            | 550         |
|    policy_gradient_loss | -0.0295     |
|    std                  | 0.742       |
|    value_loss           | 0.00157     |
-----------------------------------------
----------------------------------------
| rollout/                |            |
|    ep_len_mean          | 25         |
|    ep_rew_mean          | 1.63       |
| time/                   |            |
|    fps                  | 60         |
|    iterations           | 57         |
|    time_elapsed         | 1922       |
|    total_timesteps      | 116736     |
| train/                  |            |
|    approx_kl            | 0.01594473 |
|    clip_fraction        | 0.202      |
|    clip_range           | 0.2        |
|    entropy_loss         | -7.81      |
|    explained_variance   | 0.229      |
|    learning_rate        | 0.0003     |
|    loss                 | -0.028     |
|    n_updates            | 560        |
|    policy_gradient_loss | -0.0249    |
|    std                  | 0.738      |
|    value_loss           | 0.00105    |
----------------------------------------
-----------------------------------------
| rollout/                |             |
|    ep_len_mean          | 23.9        |
|    ep_rew_mean          | 2.12        |
| time/                   |             |
|    fps                  | 60          |
|    iterations           | 58          |
|    time_elapsed         | 1962        |
|    total_timesteps      | 118784      |
| train/                  |             |
|    approx_kl            | 0.017346378 |
|    clip_fraction        | 0.211       |
|    clip_range           | 0.2         |
|    entropy_loss         | -7.76       |
|    explained_variance   | 0.842       |
|    learning_rate        | 0.0003      |
|    loss                 | -0.0539     |
|    n_updates            | 570         |
|    policy_gradient_loss | -0.0305     |
|    std                  | 0.732       |
|    value_loss           | 0.00117     |
-----------------------------------------
-----------------------------------------
| rollout/                |             |
|    ep_len_mean          | 22.8        |
|    ep_rew_mean          | 2.39        |
| time/                   |             |
|    fps                  | 60          |
|    iterations           | 59          |
|    time_elapsed         | 2002        |
|    total_timesteps      | 120832      |
| train/                  |             |
|    approx_kl            | 0.018351305 |
|    clip_fraction        | 0.231       |
|    clip_range           | 0.2         |
|    entropy_loss         | -7.71       |
|    explained_variance   | 0.162       |
|    learning_rate        | 0.0003      |
|    loss                 | -0.0527     |
|    n_updates            | 580         |
|    policy_gradient_loss | -0.0277     |
|    std                  | 0.727       |
|    value_loss           | 0.00133     |
-----------------------------------------
-----------------------------------------
| rollout/                |             |
|    ep_len_mean          | 19          |
|    ep_rew_mean          | 4.37        |
| time/                   |             |
|    fps                  | 60          |
|    iterations           | 60          |
|    time_elapsed         | 2044        |
|    total_timesteps      | 122880      |
| train/                  |             |
|    approx_kl            | 0.017339528 |
|    clip_fraction        | 0.209       |
|    clip_range           | 0.2         |
|    entropy_loss         | -7.66       |
|    explained_variance   | 0.248       |
|    learning_rate        | 0.0003      |
|    loss                 | -0.0288     |
|    n_updates            | 590         |
|    policy_gradient_loss | -0.0271     |
|    std                  | 0.723       |
|    value_loss           | 0.0013      |
-----------------------------------------
-----------------------------------------
| rollout/                |             |
|    ep_len_mean          | 21.8        |
|    ep_rew_mean          | 2.75        |
| time/                   |             |
|    fps                  | 59          |
|    iterations           | 61          |
|    time_elapsed         | 2084        |
|    total_timesteps      | 124928      |
| train/                  |             |
|    approx_kl            | 0.016794013 |
|    clip_fraction        | 0.203       |
|    clip_range           | 0.2         |
|    entropy_loss         | -7.61       |
|    explained_variance   | 0.108       |
|    learning_rate        | 0.0003      |
|    loss                 | -0.0308     |
|    n_updates            | 600         |
|    policy_gradient_loss | -0.0274     |
|    std                  | 0.716       |
|    value_loss           | 0.00073     |
-----------------------------------------
-----------------------------------------
| rollout/                |             |
|    ep_len_mean          | 20.3        |
|    ep_rew_mean          | 3.87        |
| time/                   |             |
|    fps                  | 59          |
|    iterations           | 62          |
|    time_elapsed         | 2125        |
|    total_timesteps      | 126976      |
| train/                  |             |
|    approx_kl            | 0.015454943 |
|    clip_fraction        | 0.2         |
|    clip_range           | 0.2         |
|    entropy_loss         | -7.53       |
|    explained_variance   | 0.249       |
|    learning_rate        | 0.0003      |
|    loss                 | -0.0264     |
|    n_updates            | 610         |
|    policy_gradient_loss | -0.0265     |
|    std                  | 0.709       |
|    value_loss           | 0.00123     |
-----------------------------------------
-----------------------------------------
| rollout/                |             |
|    ep_len_mean          | 21.3        |
|    ep_rew_mean          | 3.23        |
| time/                   |             |
|    fps                  | 59          |
|    iterations           | 63          |
|    time_elapsed         | 2166        |
|    total_timesteps      | 129024      |
| train/                  |             |
|    approx_kl            | 0.016560081 |
|    clip_fraction        | 0.199       |
|    clip_range           | 0.2         |
|    entropy_loss         | -7.5        |
|    explained_variance   | 0.102       |
|    learning_rate        | 0.0003      |
|    loss                 | -0.0497     |
|    n_updates            | 620         |
|    policy_gradient_loss | -0.023      |
|    std                  | 0.707       |
|    value_loss           | 0.000859    |
-----------------------------------------
-----------------------------------------
| rollout/                |             |
|    ep_len_mean          | 18.2        |
|    ep_rew_mean          | 4.57        |
| time/                   |             |
|    fps                  | 59          |
|    iterations           | 64          |
|    time_elapsed         | 2208        |
|    total_timesteps      | 131072      |
| train/                  |             |
|    approx_kl            | 0.018837996 |
|    clip_fraction        | 0.218       |
|    clip_range           | 0.2         |
|    entropy_loss         | -7.47       |
|    explained_variance   | 0.198       |
|    learning_rate        | 0.0003      |
|    loss                 | -0.0498     |
|    n_updates            | 630         |
|    policy_gradient_loss | -0.0267     |
|    std                  | 0.703       |
|    value_loss           | 0.00126     |
-----------------------------------------
-----------------------------------------
| rollout/                |             |
|    ep_len_mean          | 19          |
|    ep_rew_mean          | 4.13        |
| time/                   |             |
|    fps                  | 59          |
|    iterations           | 65          |
|    time_elapsed         | 2250        |
|    total_timesteps      | 133120      |
| train/                  |             |
|    approx_kl            | 0.019271739 |
|    clip_fraction        | 0.21        |
|    clip_range           | 0.2         |
|    entropy_loss         | -7.42       |
|    explained_variance   | 0.122       |
|    learning_rate        | 0.0003      |
|    loss                 | -0.0588     |
|    n_updates            | 640         |
|    policy_gradient_loss | -0.0277     |
|    std                  | 0.699       |
|    value_loss           | 0.000945    |
-----------------------------------------
-----------------------------------------
| rollout/                |             |
|    ep_len_mean          | 19.9        |
|    ep_rew_mean          | 4.25        |
| time/                   |             |
|    fps                  | 58          |
|    iterations           | 66          |
|    time_elapsed         | 2291        |
|    total_timesteps      | 135168      |
| train/                  |             |
|    approx_kl            | 0.017232094 |
|    clip_fraction        | 0.216       |
|    clip_range           | 0.2         |
|    entropy_loss         | -7.38       |
|    explained_variance   | 0.106       |
|    learning_rate        | 0.0003      |
|    loss                 | -0.0398     |
|    n_updates            | 650         |
|    policy_gradient_loss | -0.027      |
|    std                  | 0.695       |
|    value_loss           | 0.00094     |
-----------------------------------------
-----------------------------------------
| rollout/                |             |
|    ep_len_mean          | 17.9        |
|    ep_rew_mean          | 4.81        |
| time/                   |             |
|    fps                  | 58          |
|    iterations           | 67          |
|    time_elapsed         | 2334        |
|    total_timesteps      | 137216      |
| train/                  |             |
|    approx_kl            | 0.015505953 |
|    clip_fraction        | 0.189       |
|    clip_range           | 0.2         |
|    entropy_loss         | -7.33       |
|    explained_variance   | 0.159       |
|    learning_rate        | 0.0003      |
|    loss                 | -0.0426     |
|    n_updates            | 660         |
|    policy_gradient_loss | -0.0237     |
|    std                  | 0.69        |
|    value_loss           | 0.000961    |
-----------------------------------------
-----------------------------------------
| rollout/                |             |
|    ep_len_mean          | 17.2        |
|    ep_rew_mean          | 5.21        |
| time/                   |             |
|    fps                  | 58          |
|    iterations           | 68          |
|    time_elapsed         | 2376        |
|    total_timesteps      | 139264      |
| train/                  |             |
|    approx_kl            | 0.017445568 |
|    clip_fraction        | 0.214       |
|    clip_range           | 0.2         |
|    entropy_loss         | -7.27       |
|    explained_variance   | 0.11        |
|    learning_rate        | 0.0003      |
|    loss                 | -0.0469     |
|    n_updates            | 670         |
|    policy_gradient_loss | -0.0296     |
|    std                  | 0.684       |
|    value_loss           | 0.00077     |
-----------------------------------------
----------------------------------------
| rollout/                |            |
|    ep_len_mean          | 18.1       |
|    ep_rew_mean          | 5.25       |
| time/                   |            |
|    fps                  | 58         |
|    iterations           | 69         |
|    time_elapsed         | 2418       |
|    total_timesteps      | 141312     |
| train/                  |            |
|    approx_kl            | 0.01573308 |
|    clip_fraction        | 0.199      |
|    clip_range           | 0.2        |
|    entropy_loss         | -7.23      |
|    explained_variance   | 0.159      |
|    learning_rate        | 0.0003     |
|    loss                 | -0.0183    |
|    n_updates            | 680        |
|    policy_gradient_loss | -0.0241    |
|    std                  | 0.681      |
|    value_loss           | 0.000603   |
----------------------------------------
-----------------------------------------
| rollout/                |             |
|    ep_len_mean          | 17.8        |
|    ep_rew_mean          | 4.98        |
| time/                   |             |
|    fps                  | 58          |
|    iterations           | 70          |
|    time_elapsed         | 2460        |
|    total_timesteps      | 143360      |
| train/                  |             |
|    approx_kl            | 0.019176172 |
|    clip_fraction        | 0.233       |
|    clip_range           | 0.2         |
|    entropy_loss         | -7.17       |
|    explained_variance   | 0.16        |
|    learning_rate        | 0.0003      |
|    loss                 | -0.0725     |
|    n_updates            | 690         |
|    policy_gradient_loss | -0.0271     |
|    std                  | 0.674       |
|    value_loss           | 0.000589    |
-----------------------------------------
-----------------------------------------
| rollout/                |             |
|    ep_len_mean          | 17.1        |
|    ep_rew_mean          | 5.37        |
| time/                   |             |
|    fps                  | 58          |
|    iterations           | 71          |
|    time_elapsed         | 2503        |
|    total_timesteps      | 145408      |
| train/                  |             |
|    approx_kl            | 0.017566068 |
|    clip_fraction        | 0.203       |
|    clip_range           | 0.2         |
|    entropy_loss         | -7.1        |
|    explained_variance   | 0.183       |
|    learning_rate        | 0.0003      |
|    loss                 | -0.04       |
|    n_updates            | 700         |
|    policy_gradient_loss | -0.024      |
|    std                  | 0.668       |
|    value_loss           | 0.000672    |
-----------------------------------------
-----------------------------------------
| rollout/                |             |
|    ep_len_mean          | 17.9        |
|    ep_rew_mean          | 5.13        |
| time/                   |             |
|    fps                  | 57          |
|    iterations           | 72          |
|    time_elapsed         | 2545        |
|    total_timesteps      | 147456      |
| train/                  |             |
|    approx_kl            | 0.018701842 |
|    clip_fraction        | 0.252       |
|    clip_range           | 0.2         |
|    entropy_loss         | -7.06       |
|    explained_variance   | 0.226       |
|    learning_rate        | 0.0003      |
|    loss                 | -0.0249     |
|    n_updates            | 710         |
|    policy_gradient_loss | -0.0275     |
|    std                  | 0.665       |
|    value_loss           | 0.000694    |
-----------------------------------------
----------------------------------------
| rollout/                |            |
|    ep_len_mean          | 16.8       |
|    ep_rew_mean          | 5.56       |
| time/                   |            |
|    fps                  | 57         |
|    iterations           | 73         |
|    time_elapsed         | 2588       |
|    total_timesteps      | 149504     |
| train/                  |            |
|    approx_kl            | 0.01999359 |
|    clip_fraction        | 0.226      |
|    clip_range           | 0.2        |
|    entropy_loss         | -6.99      |
|    explained_variance   | 0.201      |
|    learning_rate        | 0.0003     |
|    loss                 | -0.0298    |
|    n_updates            | 720        |
|    policy_gradient_loss | -0.0279    |
|    std                  | 0.657      |
|    value_loss           | 0.000793   |
----------------------------------------
-----------------------------------------
| rollout/                |             |
|    ep_len_mean          | 16.9        |
|    ep_rew_mean          | 5.36        |
| time/                   |             |
|    fps                  | 57          |
|    iterations           | 74          |
|    time_elapsed         | 2631        |
|    total_timesteps      | 151552      |
| train/                  |             |
|    approx_kl            | 0.016222829 |
|    clip_fraction        | 0.217       |
|    clip_range           | 0.2         |
|    entropy_loss         | -6.95       |
|    explained_variance   | 0.198       |
|    learning_rate        | 0.0003      |
|    loss                 | -0.0368     |
|    n_updates            | 730         |
|    policy_gradient_loss | -0.0247     |
|    std                  | 0.655       |
|    value_loss           | 0.000736    |
-----------------------------------------
-----------------------------------------
| rollout/                |             |
|    ep_len_mean          | 16.6        |
|    ep_rew_mean          | 5.46        |
| time/                   |             |
|    fps                  | 57          |
|    iterations           | 75          |
|    time_elapsed         | 2674        |
|    total_timesteps      | 153600      |
| train/                  |             |
|    approx_kl            | 0.017984066 |
|    clip_fraction        | 0.215       |
|    clip_range           | 0.2         |
|    entropy_loss         | -6.92       |
|    explained_variance   | 0.184       |
|    learning_rate        | 0.0003      |
|    loss                 | -0.0457     |
|    n_updates            | 740         |
|    policy_gradient_loss | -0.0262     |
|    std                  | 0.652       |
|    value_loss           | 0.000852    |
-----------------------------------------
-----------------------------------------
| rollout/                |             |
|    ep_len_mean          | 16.6        |
|    ep_rew_mean          | 5.63        |
| time/                   |             |
|    fps                  | 57          |
|    iterations           | 76          |
|    time_elapsed         | 2717        |
|    total_timesteps      | 155648      |
| train/                  |             |
|    approx_kl            | 0.019350484 |
|    clip_fraction        | 0.228       |
|    clip_range           | 0.2         |
|    entropy_loss         | -6.88       |
|    explained_variance   | 0.239       |
|    learning_rate        | 0.0003      |
|    loss                 | -0.0205     |
|    n_updates            | 750         |
|    policy_gradient_loss | -0.0266     |
|    std                  | 0.649       |
|    value_loss           | 0.00078     |
-----------------------------------------
-----------------------------------------
| rollout/                |             |
|    ep_len_mean          | 16          |
|    ep_rew_mean          | 5.78        |
| time/                   |             |
|    fps                  | 57          |
|    iterations           | 77          |
|    time_elapsed         | 2760        |
|    total_timesteps      | 157696      |
| train/                  |             |
|    approx_kl            | 0.019494183 |
|    clip_fraction        | 0.238       |
|    clip_range           | 0.2         |
|    entropy_loss         | -6.83       |
|    explained_variance   | 0.234       |
|    learning_rate        | 0.0003      |
|    loss                 | -0.00941    |
|    n_updates            | 760         |
|    policy_gradient_loss | -0.0266     |
|    std                  | 0.644       |
|    value_loss           | 0.000566    |
-----------------------------------------
-----------------------------------------
| rollout/                |             |
|    ep_len_mean          | 15.9        |
|    ep_rew_mean          | 6.05        |
| time/                   |             |
|    fps                  | 56          |
|    iterations           | 78          |
|    time_elapsed         | 2804        |
|    total_timesteps      | 159744      |
| train/                  |             |
|    approx_kl            | 0.022056144 |
|    clip_fraction        | 0.222       |
|    clip_range           | 0.2         |
|    entropy_loss         | -6.77       |
|    explained_variance   | 0.296       |
|    learning_rate        | 0.0003      |
|    loss                 | -0.00499    |
|    n_updates            | 770         |
|    policy_gradient_loss | -0.0259     |
|    std                  | 0.638       |
|    value_loss           | 0.00064     |
-----------------------------------------
-----------------------------------------
| rollout/                |             |
|    ep_len_mean          | 14.6        |
|    ep_rew_mean          | 6.25        |
| time/                   |             |
|    fps                  | 56          |
|    iterations           | 79          |
|    time_elapsed         | 2848        |
|    total_timesteps      | 161792      |
| train/                  |             |
|    approx_kl            | 0.021557372 |
|    clip_fraction        | 0.244       |
|    clip_range           | 0.2         |
|    entropy_loss         | -6.7        |
|    explained_variance   | 0.283       |
|    learning_rate        | 0.0003      |
|    loss                 | -0.0354     |
|    n_updates            | 780         |
|    policy_gradient_loss | -0.0291     |
|    std                  | 0.632       |
|    value_loss           | 0.000669    |
-----------------------------------------
-----------------------------------------
| rollout/                |             |
|    ep_len_mean          | 15.2        |
|    ep_rew_mean          | 6.47        |
| time/                   |             |
|    fps                  | 56          |
|    iterations           | 80          |
|    time_elapsed         | 2892        |
|    total_timesteps      | 163840      |
| train/                  |             |
|    approx_kl            | 0.019310232 |
|    clip_fraction        | 0.228       |
|    clip_range           | 0.2         |
|    entropy_loss         | -6.66       |
|    explained_variance   | 0.215       |
|    learning_rate        | 0.0003      |
|    loss                 | -0.0082     |
|    n_updates            | 790         |
|    policy_gradient_loss | -0.0254     |
|    std                  | 0.63        |
|    value_loss           | 0.000633    |
-----------------------------------------
-----------------------------------------
| rollout/                |             |
|    ep_len_mean          | 14.6        |
|    ep_rew_mean          | 6.53        |
| time/                   |             |
|    fps                  | 56          |
|    iterations           | 81          |
|    time_elapsed         | 2936        |
|    total_timesteps      | 165888      |
| train/                  |             |
|    approx_kl            | 0.020678207 |
|    clip_fraction        | 0.222       |
|    clip_range           | 0.2         |
|    entropy_loss         | -6.63       |
|    explained_variance   | 0.324       |
|    learning_rate        | 0.0003      |
|    loss                 | -0.0449     |
|    n_updates            | 800         |
|    policy_gradient_loss | -0.0202     |
|    std                  | 0.628       |
|    value_loss           | 0.000456    |
-----------------------------------------
-----------------------------------------
| rollout/                |             |
|    ep_len_mean          | 14.9        |
|    ep_rew_mean          | 6.43        |
| time/                   |             |
|    fps                  | 56          |
|    iterations           | 82          |
|    time_elapsed         | 2979        |
|    total_timesteps      | 167936      |
| train/                  |             |
|    approx_kl            | 0.017261676 |
|    clip_fraction        | 0.21        |
|    clip_range           | 0.2         |
|    entropy_loss         | -6.58       |
|    explained_variance   | 0.423       |
|    learning_rate        | 0.0003      |
|    loss                 | -0.0404     |
|    n_updates            | 810         |
|    policy_gradient_loss | -0.0218     |
|    std                  | 0.622       |
|    value_loss           | 0.000451    |
-----------------------------------------
-----------------------------------------
| rollout/                |             |
|    ep_len_mean          | 15.3        |
|    ep_rew_mean          | 6.31        |
| time/                   |             |
|    fps                  | 56          |
|    iterations           | 83          |
|    time_elapsed         | 3023        |
|    total_timesteps      | 169984      |
| train/                  |             |
|    approx_kl            | 0.020871792 |
|    clip_fraction        | 0.234       |
|    clip_range           | 0.2         |
|    entropy_loss         | -6.53       |
|    explained_variance   | 0.353       |
|    learning_rate        | 0.0003      |
|    loss                 | -0.0529     |
|    n_updates            | 820         |
|    policy_gradient_loss | -0.0252     |
|    std                  | 0.618       |
|    value_loss           | 0.000536    |
-----------------------------------------
-----------------------------------------
| rollout/                |             |
|    ep_len_mean          | 14.7        |
|    ep_rew_mean          | 6.57        |
| time/                   |             |
|    fps                  | 56          |
|    iterations           | 84          |
|    time_elapsed         | 3067        |
|    total_timesteps      | 172032      |
| train/                  |             |
|    approx_kl            | 0.019738032 |
|    clip_fraction        | 0.245       |
|    clip_range           | 0.2         |
|    entropy_loss         | -6.51       |
|    explained_variance   | 0.272       |
|    learning_rate        | 0.0003      |
|    loss                 | -0.0493     |
|    n_updates            | 830         |
|    policy_gradient_loss | -0.024      |
|    std                  | 0.617       |
|    value_loss           | 0.000674    |
-----------------------------------------
-----------------------------------------
| rollout/                |             |
|    ep_len_mean          | 14.7        |
|    ep_rew_mean          | 6.36        |
| time/                   |             |
|    fps                  | 55          |
|    iterations           | 85          |
|    time_elapsed         | 3111        |
|    total_timesteps      | 174080      |
| train/                  |             |
|    approx_kl            | 0.019054405 |
|    clip_fraction        | 0.23        |
|    clip_range           | 0.2         |
|    entropy_loss         | -6.46       |
|    explained_variance   | 0.34        |
|    learning_rate        | 0.0003      |
|    loss                 | -0.0277     |
|    n_updates            | 840         |
|    policy_gradient_loss | -0.0241     |
|    std                  | 0.612       |
|    value_loss           | 0.000578    |
-----------------------------------------
-----------------------------------------
| rollout/                |             |
|    ep_len_mean          | 15.4        |
|    ep_rew_mean          | 6.26        |
| time/                   |             |
|    fps                  | 55          |
|    iterations           | 86          |
|    time_elapsed         | 3155        |
|    total_timesteps      | 176128      |
| train/                  |             |
|    approx_kl            | 0.017735168 |
|    clip_fraction        | 0.227       |
|    clip_range           | 0.2         |
|    entropy_loss         | -6.39       |
|    explained_variance   | 0.332       |
|    learning_rate        | 0.0003      |
|    loss                 | -0.0442     |
|    n_updates            | 850         |
|    policy_gradient_loss | -0.0263     |
|    std                  | 0.606       |
|    value_loss           | 0.000677    |
-----------------------------------------
-----------------------------------------
| rollout/                |             |
|    ep_len_mean          | 14.2        |
|    ep_rew_mean          | 6.78        |
| time/                   |             |
|    fps                  | 55          |
|    iterations           | 87          |
|    time_elapsed         | 3199        |
|    total_timesteps      | 178176      |
| train/                  |             |
|    approx_kl            | 0.019883102 |
|    clip_fraction        | 0.249       |
|    clip_range           | 0.2         |
|    entropy_loss         | -6.35       |
|    explained_variance   | 0.369       |
|    learning_rate        | 0.0003      |
|    loss                 | -0.0365     |
|    n_updates            | 860         |
|    policy_gradient_loss | -0.0241     |
|    std                  | 0.604       |
|    value_loss           | 0.000616    |
-----------------------------------------
-----------------------------------------
| rollout/                |             |
|    ep_len_mean          | 14.3        |
|    ep_rew_mean          | 6.5         |
| time/                   |             |
|    fps                  | 55          |
|    iterations           | 88          |
|    time_elapsed         | 3243        |
|    total_timesteps      | 180224      |
| train/                  |             |
|    approx_kl            | 0.021425672 |
|    clip_fraction        | 0.251       |
|    clip_range           | 0.2         |
|    entropy_loss         | -6.3        |
|    explained_variance   | 0.378       |
|    learning_rate        | 0.0003      |
|    loss                 | -0.05       |
|    n_updates            | 870         |
|    policy_gradient_loss | -0.0288     |
|    std                  | 0.598       |
|    value_loss           | 0.000569    |
-----------------------------------------
----------------------------------------
| rollout/                |            |
|    ep_len_mean          | 14.5       |
|    ep_rew_mean          | 6.78       |
| time/                   |            |
|    fps                  | 55         |
|    iterations           | 89         |
|    time_elapsed         | 3287       |
|    total_timesteps      | 182272     |
| train/                  |            |
|    approx_kl            | 0.02235189 |
|    clip_fraction        | 0.24       |
|    clip_range           | 0.2        |
|    entropy_loss         | -6.25      |
|    explained_variance   | 0.437      |
|    learning_rate        | 0.0003     |
|    loss                 | -0.0191    |
|    n_updates            | 880        |
|    policy_gradient_loss | -0.0261    |
|    std                  | 0.596      |
|    value_loss           | 0.000748   |
----------------------------------------
-----------------------------------------
| rollout/                |             |
|    ep_len_mean          | 13.9        |
|    ep_rew_mean          | 6.83        |
| time/                   |             |
|    fps                  | 55          |
|    iterations           | 90          |
|    time_elapsed         | 3332        |
|    total_timesteps      | 184320      |
| train/                  |             |
|    approx_kl            | 0.018680137 |
|    clip_fraction        | 0.226       |
|    clip_range           | 0.2         |
|    entropy_loss         | -6.22       |
|    explained_variance   | 0.372       |
|    learning_rate        | 0.0003      |
|    loss                 | -0.0298     |
|    n_updates            | 890         |
|    policy_gradient_loss | -0.0228     |
|    std                  | 0.595       |
|    value_loss           | 0.000597    |
-----------------------------------------
----------------------------------------
| rollout/                |            |
|    ep_len_mean          | 15.3       |
|    ep_rew_mean          | 6.49       |
| time/                   |            |
|    fps                  | 55         |
|    iterations           | 91         |
|    time_elapsed         | 3376       |
|    total_timesteps      | 186368     |
| train/                  |            |
|    approx_kl            | 0.02010614 |
|    clip_fraction        | 0.232      |
|    clip_range           | 0.2        |
|    entropy_loss         | -6.17      |
|    explained_variance   | 0.426      |
|    learning_rate        | 0.0003     |
|    loss                 | -0.0113    |
|    n_updates            | 900        |
|    policy_gradient_loss | -0.0258    |
|    std                  | 0.588      |
|    value_loss           | 0.000525   |
----------------------------------------
-----------------------------------------
| rollout/                |             |
|    ep_len_mean          | 13.8        |
|    ep_rew_mean          | 6.85        |
| time/                   |             |
|    fps                  | 55          |
|    iterations           | 92          |
|    time_elapsed         | 3421        |
|    total_timesteps      | 188416      |
| train/                  |             |
|    approx_kl            | 0.018047633 |
|    clip_fraction        | 0.232       |
|    clip_range           | 0.2         |
|    entropy_loss         | -6.1        |
|    explained_variance   | 0.396       |
|    learning_rate        | 0.0003      |
|    loss                 | -0.0497     |
|    n_updates            | 910         |
|    policy_gradient_loss | -0.0231     |
|    std                  | 0.583       |
|    value_loss           | 0.000493    |
-----------------------------------------
-----------------------------------------
| rollout/                |             |
|    ep_len_mean          | 14.3        |
|    ep_rew_mean          | 6.87        |
| time/                   |             |
|    fps                  | 54          |
|    iterations           | 93          |
|    time_elapsed         | 3465        |
|    total_timesteps      | 190464      |
| train/                  |             |
|    approx_kl            | 0.019615574 |
|    clip_fraction        | 0.224       |
|    clip_range           | 0.2         |
|    entropy_loss         | -6.02       |
|    explained_variance   | 0.446       |
|    learning_rate        | 0.0003      |
|    loss                 | -0.0381     |
|    n_updates            | 920         |
|    policy_gradient_loss | -0.0234     |
|    std                  | 0.575       |
|    value_loss           | 0.000499    |
-----------------------------------------
-----------------------------------------
| rollout/                |             |
|    ep_len_mean          | 13.8        |
|    ep_rew_mean          | 7.03        |
| time/                   |             |
|    fps                  | 54          |
|    iterations           | 94          |
|    time_elapsed         | 3510        |
|    total_timesteps      | 192512      |
| train/                  |             |
|    approx_kl            | 0.020354077 |
|    clip_fraction        | 0.253       |
|    clip_range           | 0.2         |
|    entropy_loss         | -5.94       |
|    explained_variance   | 0.44        |
|    learning_rate        | 0.0003      |
|    loss                 | -0.0507     |
|    n_updates            | 930         |
|    policy_gradient_loss | -0.0246     |
|    std                  | 0.571       |
|    value_loss           | 0.000512    |
-----------------------------------------
-----------------------------------------
| rollout/                |             |
|    ep_len_mean          | 14.5        |
|    ep_rew_mean          | 6.51        |
| time/                   |             |
|    fps                  | 54          |
|    iterations           | 95          |
|    time_elapsed         | 3554        |
|    total_timesteps      | 194560      |
| train/                  |             |
|    approx_kl            | 0.018957872 |
|    clip_fraction        | 0.234       |
|    clip_range           | 0.2         |
|    entropy_loss         | -5.91       |
|    explained_variance   | 0.41        |
|    learning_rate        | 0.0003      |
|    loss                 | -0.0518     |
|    n_updates            | 940         |
|    policy_gradient_loss | -0.0227     |
|    std                  | 0.569       |
|    value_loss           | 0.000589    |
-----------------------------------------
-----------------------------------------
| rollout/                |             |
|    ep_len_mean          | 13.1        |
|    ep_rew_mean          | 7.1         |
| time/                   |             |
|    fps                  | 54          |
|    iterations           | 96          |
|    time_elapsed         | 3599        |
|    total_timesteps      | 196608      |
| train/                  |             |
|    approx_kl            | 0.024372196 |
|    clip_fraction        | 0.267       |
|    clip_range           | 0.2         |
|    entropy_loss         | -5.85       |
|    explained_variance   | 0.313       |
|    learning_rate        | 0.0003      |
|    loss                 | -0.0499     |
|    n_updates            | 950         |
|    policy_gradient_loss | -0.028      |
|    std                  | 0.563       |
|    value_loss           | 0.000713    |
-----------------------------------------
-----------------------------------------
| rollout/                |             |
|    ep_len_mean          | 13.8        |
|    ep_rew_mean          | 6.9         |
| time/                   |             |
|    fps                  | 54          |
|    iterations           | 97          |
|    time_elapsed         | 3644        |
|    total_timesteps      | 198656      |
| train/                  |             |
|    approx_kl            | 0.024804384 |
|    clip_fraction        | 0.275       |
|    clip_range           | 0.2         |
|    entropy_loss         | -5.8        |
|    explained_variance   | 0.452       |
|    learning_rate        | 0.0003      |
|    loss                 | -0.0482     |
|    n_updates            | 960         |
|    policy_gradient_loss | -0.0237     |
|    std                  | 0.56        |
|    value_loss           | 0.000462    |
-----------------------------------------
-----------------------------------------
| rollout/                |             |
|    ep_len_mean          | 12.7        |
|    ep_rew_mean          | 7.33        |
| time/                   |             |
|    fps                  | 54          |
|    iterations           | 98          |
|    time_elapsed         | 3690        |
|    total_timesteps      | 200704      |
| train/                  |             |
|    approx_kl            | 0.020642376 |
|    clip_fraction        | 0.232       |
|    clip_range           | 0.2         |
|    entropy_loss         | -5.79       |
|    explained_variance   | 0.442       |
|    learning_rate        | 0.0003      |
|    loss                 | -0.0456     |
|    n_updates            | 970         |
|    policy_gradient_loss | -0.023      |
|    std                  | 0.561       |
|    value_loss           | 0.000532    |
-----------------------------------------
----------------------------------------
| rollout/                |            |
|    ep_len_mean          | 12.9       |
|    ep_rew_mean          | 7.31       |
| time/                   |            |
|    fps                  | 54         |
|    iterations           | 99         |
|    time_elapsed         | 3735       |
|    total_timesteps      | 202752     |
| train/                  |            |
|    approx_kl            | 0.02067715 |
|    clip_fraction        | 0.237      |
|    clip_range           | 0.2        |
|    entropy_loss         | -5.77      |
|    explained_variance   | 0.555      |
|    learning_rate        | 0.0003     |
|    loss                 | -0.0446    |
|    n_updates            | 980        |
|    policy_gradient_loss | -0.0186    |
|    std                  | 0.558      |
|    value_loss           | 0.000419   |
----------------------------------------
-----------------------------------------
| rollout/                |             |
|    ep_len_mean          | 13.4        |
|    ep_rew_mean          | 7.17        |
| time/                   |             |
|    fps                  | 54          |
|    iterations           | 100         |
|    time_elapsed         | 3780        |
|    total_timesteps      | 204800      |
| train/                  |             |
|    approx_kl            | 0.019862313 |
|    clip_fraction        | 0.268       |
|    clip_range           | 0.2         |
|    entropy_loss         | -5.73       |
|    explained_variance   | 0.55        |
|    learning_rate        | 0.0003      |
|    loss                 | -0.0388     |
|    n_updates            | 990         |
|    policy_gradient_loss | -0.0259     |
|    std                  | 0.554       |
|    value_loss           | 0.000428    |
-----------------------------------------
-----------------------------------------
| rollout/                |             |
|    ep_len_mean          | 13.2        |
|    ep_rew_mean          | 7.29        |
| time/                   |             |
|    fps                  | 54          |
|    iterations           | 101         |
|    time_elapsed         | 3825        |
|    total_timesteps      | 206848      |
| train/                  |             |
|    approx_kl            | 0.022979468 |
|    clip_fraction        | 0.258       |
|    clip_range           | 0.2         |
|    entropy_loss         | -5.7        |
|    explained_variance   | 0.471       |
|    learning_rate        | 0.0003      |
|    loss                 | -0.0201     |
|    n_updates            | 1000        |
|    policy_gradient_loss | -0.0246     |
|    std                  | 0.553       |
|    value_loss           | 0.000484    |
-----------------------------------------
----------------------------------------
| rollout/                |            |
|    ep_len_mean          | 13.1       |
|    ep_rew_mean          | 7.16       |
| time/                   |            |
|    fps                  | 53         |
|    iterations           | 102        |
|    time_elapsed         | 3870       |
|    total_timesteps      | 208896     |
| train/                  |            |
|    approx_kl            | 0.02165376 |
|    clip_fraction        | 0.269      |
|    clip_range           | 0.2        |
|    entropy_loss         | -5.65      |
|    explained_variance   | 0.474      |
|    learning_rate        | 0.0003     |
|    loss                 | -0.0213    |
|    n_updates            | 1010       |
|    policy_gradient_loss | -0.0253    |
|    std                  | 0.548      |
|    value_loss           | 0.000529   |
----------------------------------------
-----------------------------------------
| rollout/                |             |
|    ep_len_mean          | 12.9        |
|    ep_rew_mean          | 7.21        |
| time/                   |             |
|    fps                  | 53          |
|    iterations           | 103         |
|    time_elapsed         | 3916        |
|    total_timesteps      | 210944      |
| train/                  |             |
|    approx_kl            | 0.024251614 |
|    clip_fraction        | 0.269       |
|    clip_range           | 0.2         |
|    entropy_loss         | -5.58       |
|    explained_variance   | 0.462       |
|    learning_rate        | 0.0003      |
|    loss                 | -0.0282     |
|    n_updates            | 1020        |
|    policy_gradient_loss | -0.0244     |
|    std                  | 0.542       |
|    value_loss           | 0.000521    |
-----------------------------------------
----------------------------------------
| rollout/                |            |
|    ep_len_mean          | 13.9       |
|    ep_rew_mean          | 7.02       |
| time/                   |            |
|    fps                  | 53         |
|    iterations           | 104        |
|    time_elapsed         | 3960       |
|    total_timesteps      | 212992     |
| train/                  |            |
|    approx_kl            | 0.02617209 |
|    clip_fraction        | 0.283      |
|    clip_range           | 0.2        |
|    entropy_loss         | -5.57      |
|    explained_variance   | 0.462      |
|    learning_rate        | 0.0003     |
|    loss                 | -0.0287    |
|    n_updates            | 1030       |
|    policy_gradient_loss | -0.0235    |
|    std                  | 0.544      |
|    value_loss           | 0.000485   |
----------------------------------------
-----------------------------------------
| rollout/                |             |
|    ep_len_mean          | 12.9        |
|    ep_rew_mean          | 7.42        |
| time/                   |             |
|    fps                  | 53          |
|    iterations           | 105         |
|    time_elapsed         | 4006        |
|    total_timesteps      | 215040      |
| train/                  |             |
|    approx_kl            | 0.022066642 |
|    clip_fraction        | 0.229       |
|    clip_range           | 0.2         |
|    entropy_loss         | -5.57       |
|    explained_variance   | 0.469       |
|    learning_rate        | 0.0003      |
|    loss                 | -0.0593     |
|    n_updates            | 1040        |
|    policy_gradient_loss | -0.0228     |
|    std                  | 0.541       |
|    value_loss           | 0.000551    |
-----------------------------------------
-----------------------------------------
| rollout/                |             |
|    ep_len_mean          | 13          |
|    ep_rew_mean          | 7.31        |
| time/                   |             |
|    fps                  | 53          |
|    iterations           | 106         |
|    time_elapsed         | 4051        |
|    total_timesteps      | 217088      |
| train/                  |             |
|    approx_kl            | 0.020411273 |
|    clip_fraction        | 0.252       |
|    clip_range           | 0.2         |
|    entropy_loss         | -5.54       |
|    explained_variance   | 0.53        |
|    learning_rate        | 0.0003      |
|    loss                 | -0.0158     |
|    n_updates            | 1050        |
|    policy_gradient_loss | -0.0231     |
|    std                  | 0.54        |
|    value_loss           | 0.000461    |
-----------------------------------------
-----------------------------------------
| rollout/                |             |
|    ep_len_mean          | 13.1        |
|    ep_rew_mean          | 7.37        |
| time/                   |             |
|    fps                  | 53          |
|    iterations           | 107         |
|    time_elapsed         | 4096        |
|    total_timesteps      | 219136      |
| train/                  |             |
|    approx_kl            | 0.022133335 |
|    clip_fraction        | 0.25        |
|    clip_range           | 0.2         |
|    entropy_loss         | -5.53       |
|    explained_variance   | 0.454       |
|    learning_rate        | 0.0003      |
|    loss                 | -0.0223     |
|    n_updates            | 1060        |
|    policy_gradient_loss | -0.0273     |
|    std                  | 0.54        |
|    value_loss           | 0.000539    |
-----------------------------------------
-----------------------------------------
| rollout/                |             |
|    ep_len_mean          | 13.4        |
|    ep_rew_mean          | 7.17        |
| time/                   |             |
|    fps                  | 53          |
|    iterations           | 108         |
|    time_elapsed         | 4141        |
|    total_timesteps      | 221184      |
| train/                  |             |
|    approx_kl            | 0.015624148 |
|    clip_fraction        | 0.208       |
|    clip_range           | 0.2         |
|    entropy_loss         | -5.51       |
|    explained_variance   | 0.494       |
|    learning_rate        | 0.0003      |
|    loss                 | -0.0381     |
|    n_updates            | 1070        |
|    policy_gradient_loss | -0.0179     |
|    std                  | 0.538       |
|    value_loss           | 0.000537    |
-----------------------------------------
----------------------------------------
| rollout/                |            |
|    ep_len_mean          | 13.3       |
|    ep_rew_mean          | 7.28       |
| time/                   |            |
|    fps                  | 53         |
|    iterations           | 109        |
|    time_elapsed         | 4186       |
|    total_timesteps      | 223232     |
| train/                  |            |
|    approx_kl            | 0.02383336 |
|    clip_fraction        | 0.268      |
|    clip_range           | 0.2        |
|    entropy_loss         | -5.46      |
|    explained_variance   | 0.476      |
|    learning_rate        | 0.0003     |
|    loss                 | -0.0529    |
|    n_updates            | 1080       |
|    policy_gradient_loss | -0.0285    |
|    std                  | 0.532      |
|    value_loss           | 0.000569   |
----------------------------------------
-----------------------------------------
| rollout/                |             |
|    ep_len_mean          | 13.2        |
|    ep_rew_mean          | 7.41        |
| time/                   |             |
|    fps                  | 53          |
|    iterations           | 110         |
|    time_elapsed         | 4232        |
|    total_timesteps      | 225280      |
| train/                  |             |
|    approx_kl            | 0.022254858 |
|    clip_fraction        | 0.243       |
|    clip_range           | 0.2         |
|    entropy_loss         | -5.39       |
|    explained_variance   | 0.508       |
|    learning_rate        | 0.0003      |
|    loss                 | -0.0266     |
|    n_updates            | 1090        |
|    policy_gradient_loss | -0.0206     |
|    std                  | 0.527       |
|    value_loss           | 0.000519    |
-----------------------------------------
-----------------------------------------
| rollout/                |             |
|    ep_len_mean          | 13.6        |
|    ep_rew_mean          | 7.01        |
| time/                   |             |
|    fps                  | 53          |
|    iterations           | 111         |
|    time_elapsed         | 4278        |
|    total_timesteps      | 227328      |
| train/                  |             |
|    approx_kl            | 0.022918012 |
|    clip_fraction        | 0.249       |
|    clip_range           | 0.2         |
|    entropy_loss         | -5.34       |
|    explained_variance   | 0.505       |
|    learning_rate        | 0.0003      |
|    loss                 | -0.0175     |
|    n_updates            | 1100        |
|    policy_gradient_loss | -0.0224     |
|    std                  | 0.524       |
|    value_loss           | 0.000544    |
-----------------------------------------
-----------------------------------------
| rollout/                |             |
|    ep_len_mean          | 12.9        |
|    ep_rew_mean          | 7.36        |
| time/                   |             |
|    fps                  | 53          |
|    iterations           | 112         |
|    time_elapsed         | 4323        |
|    total_timesteps      | 229376      |
| train/                  |             |
|    approx_kl            | 0.025902797 |
|    clip_fraction        | 0.278       |
|    clip_range           | 0.2         |
|    entropy_loss         | -5.31       |
|    explained_variance   | 0.477       |
|    learning_rate        | 0.0003      |
|    loss                 | -0.0427     |
|    n_updates            | 1110        |
|    policy_gradient_loss | -0.027      |
|    std                  | 0.522       |
|    value_loss           | 0.000644    |
-----------------------------------------
-----------------------------------------
| rollout/                |             |
|    ep_len_mean          | 12.8        |
|    ep_rew_mean          | 7.53        |
| time/                   |             |
|    fps                  | 52          |
|    iterations           | 113         |
|    time_elapsed         | 4368        |
|    total_timesteps      | 231424      |
| train/                  |             |
|    approx_kl            | 0.019913368 |
|    clip_fraction        | 0.24        |
|    clip_range           | 0.2         |
|    entropy_loss         | -5.28       |
|    explained_variance   | 0.489       |
|    learning_rate        | 0.0003      |
|    loss                 | -0.0157     |
|    n_updates            | 1120        |
|    policy_gradient_loss | -0.0218     |
|    std                  | 0.521       |
|    value_loss           | 0.000557    |
-----------------------------------------
-----------------------------------------
| rollout/                |             |
|    ep_len_mean          | 12.6        |
|    ep_rew_mean          | 7.55        |
| time/                   |             |
|    fps                  | 52          |
|    iterations           | 114         |
|    time_elapsed         | 4414        |
|    total_timesteps      | 233472      |
| train/                  |             |
|    approx_kl            | 0.020578498 |
|    clip_fraction        | 0.264       |
|    clip_range           | 0.2         |
|    entropy_loss         | -5.24       |
|    explained_variance   | 0.531       |
|    learning_rate        | 0.0003      |
|    loss                 | -0.047      |
|    n_updates            | 1130        |
|    policy_gradient_loss | -0.0259     |
|    std                  | 0.516       |
|    value_loss           | 0.000498    |
-----------------------------------------
-----------------------------------------
| rollout/                |             |
|    ep_len_mean          | 12.8        |
|    ep_rew_mean          | 7.42        |
| time/                   |             |
|    fps                  | 52          |
|    iterations           | 115         |
|    time_elapsed         | 4460        |
|    total_timesteps      | 235520      |
| train/                  |             |
|    approx_kl            | 0.026009679 |
|    clip_fraction        | 0.292       |
|    clip_range           | 0.2         |
|    entropy_loss         | -5.2        |
|    explained_variance   | 0.588       |
|    learning_rate        | 0.0003      |
|    loss                 | -0.0396     |
|    n_updates            | 1140        |
|    policy_gradient_loss | -0.0273     |
|    std                  | 0.514       |
|    value_loss           | 0.000455    |
-----------------------------------------
---------------------------------------
| rollout/                |           |
|    ep_len_mean          | 13.2      |
|    ep_rew_mean          | 7.35      |
| time/                   |           |
|    fps                  | 52        |
|    iterations           | 116       |
|    time_elapsed         | 4505      |
|    total_timesteps      | 237568    |
| train/                  |           |
|    approx_kl            | 0.0239013 |
|    clip_fraction        | 0.267     |
|    clip_range           | 0.2       |
|    entropy_loss         | -5.15     |
|    explained_variance   | 0.496     |
|    learning_rate        | 0.0003    |
|    loss                 | -0.0378   |
|    n_updates            | 1150      |
|    policy_gradient_loss | -0.0255   |
|    std                  | 0.511     |
|    value_loss           | 0.000609  |
---------------------------------------
-----------------------------------------
| rollout/                |             |
|    ep_len_mean          | 12.3        |
|    ep_rew_mean          | 7.64        |
| time/                   |             |
|    fps                  | 52          |
|    iterations           | 117         |
|    time_elapsed         | 4551        |
|    total_timesteps      | 239616      |
| train/                  |             |
|    approx_kl            | 0.025663529 |
|    clip_fraction        | 0.274       |
|    clip_range           | 0.2         |
|    entropy_loss         | -5.1        |
|    explained_variance   | 0.511       |
|    learning_rate        | 0.0003      |
|    loss                 | -0.0371     |
|    n_updates            | 1160        |
|    policy_gradient_loss | -0.0288     |
|    std                  | 0.507       |
|    value_loss           | 0.000571    |
-----------------------------------------
-----------------------------------------
| rollout/                |             |
|    ep_len_mean          | 12.6        |
|    ep_rew_mean          | 7.47        |
| time/                   |             |
|    fps                  | 52          |
|    iterations           | 118         |
|    time_elapsed         | 4596        |
|    total_timesteps      | 241664      |
| train/                  |             |
|    approx_kl            | 0.023787623 |
|    clip_fraction        | 0.259       |
|    clip_range           | 0.2         |
|    entropy_loss         | -5.07       |
|    explained_variance   | 0.528       |
|    learning_rate        | 0.0003      |
|    loss                 | -0.0422     |
|    n_updates            | 1170        |
|    policy_gradient_loss | -0.0226     |
|    std                  | 0.506       |
|    value_loss           | 0.000562    |
-----------------------------------------
-----------------------------------------
| rollout/                |             |
|    ep_len_mean          | 13.1        |
|    ep_rew_mean          | 7.34        |
| time/                   |             |
|    fps                  | 52          |
|    iterations           | 119         |
|    time_elapsed         | 4641        |
|    total_timesteps      | 243712      |
| train/                  |             |
|    approx_kl            | 0.022492822 |
|    clip_fraction        | 0.28        |
|    clip_range           | 0.2         |
|    entropy_loss         | -5.07       |
|    explained_variance   | 0.454       |
|    learning_rate        | 0.0003      |
|    loss                 | -0.0537     |
|    n_updates            | 1180        |
|    policy_gradient_loss | -0.0254     |
|    std                  | 0.506       |
|    value_loss           | 0.000572    |
-----------------------------------------
-----------------------------------------
| rollout/                |             |
|    ep_len_mean          | 13          |
|    ep_rew_mean          | 7.35        |
| time/                   |             |
|    fps                  | 52          |
|    iterations           | 120         |
|    time_elapsed         | 4687        |
|    total_timesteps      | 245760      |
| train/                  |             |
|    approx_kl            | 0.024417892 |
|    clip_fraction        | 0.287       |
|    clip_range           | 0.2         |
|    entropy_loss         | -5.05       |
|    explained_variance   | 0.526       |
|    learning_rate        | 0.0003      |
|    loss                 | -0.0867     |
|    n_updates            | 1190        |
|    policy_gradient_loss | -0.0295     |
|    std                  | 0.505       |
|    value_loss           | 0.000551    |
-----------------------------------------
-----------------------------------------
| rollout/                |             |
|    ep_len_mean          | 12.5        |
|    ep_rew_mean          | 7.58        |
| time/                   |             |
|    fps                  | 52          |
|    iterations           | 121         |
|    time_elapsed         | 4733        |
|    total_timesteps      | 247808      |
| train/                  |             |
|    approx_kl            | 0.023772655 |
|    clip_fraction        | 0.265       |
|    clip_range           | 0.2         |
|    entropy_loss         | -5.03       |
|    explained_variance   | 0.52        |
|    learning_rate        | 0.0003      |
|    loss                 | -0.0611     |
|    n_updates            | 1200        |
|    policy_gradient_loss | -0.0247     |
|    std                  | 0.503       |
|    value_loss           | 0.000555    |
-----------------------------------------
-----------------------------------------
| rollout/                |             |
|    ep_len_mean          | 13.2        |
|    ep_rew_mean          | 7.35        |
| time/                   |             |
|    fps                  | 52          |
|    iterations           | 122         |
|    time_elapsed         | 4778        |
|    total_timesteps      | 249856      |
| train/                  |             |
|    approx_kl            | 0.020146031 |
|    clip_fraction        | 0.28        |
|    clip_range           | 0.2         |
|    entropy_loss         | -5.01       |
|    explained_variance   | 0.555       |
|    learning_rate        | 0.0003      |
|    loss                 | -0.0458     |
|    n_updates            | 1210        |
|    policy_gradient_loss | -0.0249     |
|    std                  | 0.503       |
|    value_loss           | 0.000498    |
-----------------------------------------
-----------------------------------------
| rollout/                |             |
|    ep_len_mean          | 12          |
|    ep_rew_mean          | 7.8         |
| time/                   |             |
|    fps                  | 52          |
|    iterations           | 123         |
|    time_elapsed         | 4823        |
|    total_timesteps      | 251904      |
| train/                  |             |
|    approx_kl            | 0.025278084 |
|    clip_fraction        | 0.264       |
|    clip_range           | 0.2         |
|    entropy_loss         | -4.99       |
|    explained_variance   | 0.543       |
|    learning_rate        | 0.0003      |
|    loss                 | -0.0269     |
|    n_updates            | 1220        |
|    policy_gradient_loss | -0.0195     |
|    std                  | 0.502       |
|    value_loss           | 0.000551    |
-----------------------------------------
-----------------------------------------
| rollout/                |             |
|    ep_len_mean          | 12.6        |
|    ep_rew_mean          | 7.46        |
| time/                   |             |
|    fps                  | 52          |
|    iterations           | 124         |
|    time_elapsed         | 4869        |
|    total_timesteps      | 253952      |
| train/                  |             |
|    approx_kl            | 0.020523407 |
|    clip_fraction        | 0.268       |
|    clip_range           | 0.2         |
|    entropy_loss         | -4.96       |
|    explained_variance   | 0.583       |
|    learning_rate        | 0.0003      |
|    loss                 | -0.00604    |
|    n_updates            | 1230        |
|    policy_gradient_loss | -0.0213     |
|    std                  | 0.499       |
|    value_loss           | 0.000458    |
-----------------------------------------
-----------------------------------------
| rollout/                |             |
|    ep_len_mean          | 12.3        |
|    ep_rew_mean          | 7.73        |
| time/                   |             |
|    fps                  | 52          |
|    iterations           | 125         |
|    time_elapsed         | 4915        |
|    total_timesteps      | 256000      |
| train/                  |             |
|    approx_kl            | 0.026332207 |
|    clip_fraction        | 0.289       |
|    clip_range           | 0.2         |
|    entropy_loss         | -4.92       |
|    explained_variance   | 0.558       |
|    learning_rate        | 0.0003      |
|    loss                 | -0.047      |
|    n_updates            | 1240        |
|    policy_gradient_loss | -0.0273     |
|    std                  | 0.497       |
|    value_loss           | 0.000559    |
-----------------------------------------
-----------------------------------------
| rollout/                |             |
|    ep_len_mean          | 13          |
|    ep_rew_mean          | 7.42        |
| time/                   |             |
|    fps                  | 52          |
|    iterations           | 126         |
|    time_elapsed         | 4961        |
|    total_timesteps      | 258048      |
| train/                  |             |
|    approx_kl            | 0.025970772 |
|    clip_fraction        | 0.265       |
|    clip_range           | 0.2         |
|    entropy_loss         | -4.89       |
|    explained_variance   | 0.59        |
|    learning_rate        | 0.0003      |
|    loss                 | -0.0473     |
|    n_updates            | 1250        |
|    policy_gradient_loss | -0.0267     |
|    std                  | 0.496       |
|    value_loss           | 0.000483    |
-----------------------------------------
-----------------------------------------
| rollout/                |             |
|    ep_len_mean          | 12.9        |
|    ep_rew_mean          | 7.42        |
| time/                   |             |
|    fps                  | 51          |
|    iterations           | 127         |
|    time_elapsed         | 5006        |
|    total_timesteps      | 260096      |
| train/                  |             |
|    approx_kl            | 0.022625914 |
|    clip_fraction        | 0.258       |
|    clip_range           | 0.2         |
|    entropy_loss         | -4.85       |
|    explained_variance   | 0.502       |
|    learning_rate        | 0.0003      |
|    loss                 | -0.0451     |
|    n_updates            | 1260        |
|    policy_gradient_loss | -0.0259     |
|    std                  | 0.492       |
|    value_loss           | 0.000671    |
-----------------------------------------
-----------------------------------------
| rollout/                |             |
|    ep_len_mean          | 12.8        |
|    ep_rew_mean          | 7.49        |
| time/                   |             |
|    fps                  | 51          |
|    iterations           | 128         |
|    time_elapsed         | 5052        |
|    total_timesteps      | 262144      |
| train/                  |             |
|    approx_kl            | 0.021145605 |
|    clip_fraction        | 0.269       |
|    clip_range           | 0.2         |
|    entropy_loss         | -4.8        |
|    explained_variance   | 0.514       |
|    learning_rate        | 0.0003      |
|    loss                 | -0.0505     |
|    n_updates            | 1270        |
|    policy_gradient_loss | -0.025      |
|    std                  | 0.489       |
|    value_loss           | 0.000599    |
-----------------------------------------
---------------------------------------
| rollout/                |           |
|    ep_len_mean          | 12.7      |
|    ep_rew_mean          | 7.64      |
| time/                   |           |
|    fps                  | 51        |
|    iterations           | 129       |
|    time_elapsed         | 5098      |
|    total_timesteps      | 264192    |
| train/                  |           |
|    approx_kl            | 0.0255754 |
|    clip_fraction        | 0.297     |
|    clip_range           | 0.2       |
|    entropy_loss         | -4.75     |
|    explained_variance   | 0.482     |
|    learning_rate        | 0.0003    |
|    loss                 | -0.0153   |
|    n_updates            | 1280      |
|    policy_gradient_loss | -0.0239   |
|    std                  | 0.484     |
|    value_loss           | 0.000635  |
---------------------------------------
-----------------------------------------
| rollout/                |             |
|    ep_len_mean          | 12.4        |
|    ep_rew_mean          | 7.58        |
| time/                   |             |
|    fps                  | 51          |
|    iterations           | 130         |
|    time_elapsed         | 5144        |
|    total_timesteps      | 266240      |
| train/                  |             |
|    approx_kl            | 0.023810353 |
|    clip_fraction        | 0.313       |
|    clip_range           | 0.2         |
|    entropy_loss         | -4.69       |
|    explained_variance   | 0.486       |
|    learning_rate        | 0.0003      |
|    loss                 | -0.0243     |
|    n_updates            | 1290        |
|    policy_gradient_loss | -0.0255     |
|    std                  | 0.481       |
|    value_loss           | 0.000578    |
-----------------------------------------
-----------------------------------------
| rollout/                |             |
|    ep_len_mean          | 12.4        |
|    ep_rew_mean          | 7.69        |
| time/                   |             |
|    fps                  | 51          |
|    iterations           | 131         |
|    time_elapsed         | 5190        |
|    total_timesteps      | 268288      |
| train/                  |             |
|    approx_kl            | 0.026528634 |
|    clip_fraction        | 0.284       |
|    clip_range           | 0.2         |
|    entropy_loss         | -4.64       |
|    explained_variance   | 0.505       |
|    learning_rate        | 0.0003      |
|    loss                 | -0.0192     |
|    n_updates            | 1300        |
|    policy_gradient_loss | -0.0228     |
|    std                  | 0.478       |
|    value_loss           | 0.000684    |
-----------------------------------------
-----------------------------------------
| rollout/                |             |
|    ep_len_mean          | 12.3        |
|    ep_rew_mean          | 7.72        |
| time/                   |             |
|    fps                  | 51          |
|    iterations           | 132         |
|    time_elapsed         | 5235        |
|    total_timesteps      | 270336      |
| train/                  |             |
|    approx_kl            | 0.026572827 |
|    clip_fraction        | 0.283       |
|    clip_range           | 0.2         |
|    entropy_loss         | -4.59       |
|    explained_variance   | 0.502       |
|    learning_rate        | 0.0003      |
|    loss                 | -0.0298     |
|    n_updates            | 1310        |
|    policy_gradient_loss | -0.0252     |
|    std                  | 0.475       |
|    value_loss           | 0.000565    |
-----------------------------------------
-----------------------------------------
| rollout/                |             |
|    ep_len_mean          | 12.3        |
|    ep_rew_mean          | 7.66        |
| time/                   |             |
|    fps                  | 51          |
|    iterations           | 133         |
|    time_elapsed         | 5282        |
|    total_timesteps      | 272384      |
| train/                  |             |
|    approx_kl            | 0.023363922 |
|    clip_fraction        | 0.282       |
|    clip_range           | 0.2         |
|    entropy_loss         | -4.57       |
|    explained_variance   | 0.574       |
|    learning_rate        | 0.0003      |
|    loss                 | -0.0319     |
|    n_updates            | 1320        |
|    policy_gradient_loss | -0.0237     |
|    std                  | 0.476       |
|    value_loss           | 0.000572    |
-----------------------------------------
-----------------------------------------
| rollout/                |             |
|    ep_len_mean          | 11.9        |
|    ep_rew_mean          | 7.77        |
| time/                   |             |
|    fps                  | 51          |
|    iterations           | 134         |
|    time_elapsed         | 5328        |
|    total_timesteps      | 274432      |
| train/                  |             |
|    approx_kl            | 0.025481788 |
|    clip_fraction        | 0.261       |
|    clip_range           | 0.2         |
|    entropy_loss         | -4.55       |
|    explained_variance   | 0.578       |
|    learning_rate        | 0.0003      |
|    loss                 | -0.0392     |
|    n_updates            | 1330        |
|    policy_gradient_loss | -0.0232     |
|    std                  | 0.473       |
|    value_loss           | 0.000596    |
-----------------------------------------
-----------------------------------------
| rollout/                |             |
|    ep_len_mean          | 12          |
|    ep_rew_mean          | 7.83        |
| time/                   |             |
|    fps                  | 51          |
|    iterations           | 135         |
|    time_elapsed         | 5374        |
|    total_timesteps      | 276480      |
| train/                  |             |
|    approx_kl            | 0.023999043 |
|    clip_fraction        | 0.282       |
|    clip_range           | 0.2         |
|    entropy_loss         | -4.51       |
|    explained_variance   | 0.562       |
|    learning_rate        | 0.0003      |
|    loss                 | -0.0434     |
|    n_updates            | 1340        |
|    policy_gradient_loss | -0.0214     |
|    std                  | 0.472       |
|    value_loss           | 0.000591    |
-----------------------------------------
-----------------------------------------
| rollout/                |             |
|    ep_len_mean          | 12.1        |
|    ep_rew_mean          | 7.79        |
| time/                   |             |
|    fps                  | 51          |
|    iterations           | 136         |
|    time_elapsed         | 5421        |
|    total_timesteps      | 278528      |
| train/                  |             |
|    approx_kl            | 0.023799228 |
|    clip_fraction        | 0.296       |
|    clip_range           | 0.2         |
|    entropy_loss         | -4.5        |
|    explained_variance   | 0.619       |
|    learning_rate        | 0.0003      |
|    loss                 | -0.0247     |
|    n_updates            | 1350        |
|    policy_gradient_loss | -0.0242     |
|    std                  | 0.472       |
|    value_loss           | 0.000529    |
-----------------------------------------
-----------------------------------------
| rollout/                |             |
|    ep_len_mean          | 11.4        |
|    ep_rew_mean          | 7.96        |
| time/                   |             |
|    fps                  | 51          |
|    iterations           | 137         |
|    time_elapsed         | 5467        |
|    total_timesteps      | 280576      |
| train/                  |             |
|    approx_kl            | 0.027590593 |
|    clip_fraction        | 0.308       |
|    clip_range           | 0.2         |
|    entropy_loss         | -4.49       |
|    explained_variance   | 0.615       |
|    learning_rate        | 0.0003      |
|    loss                 | -0.0302     |
|    n_updates            | 1360        |
|    policy_gradient_loss | -0.0221     |
|    std                  | 0.473       |
|    value_loss           | 0.000494    |
-----------------------------------------
-----------------------------------------
| rollout/                |             |
|    ep_len_mean          | 11.8        |
|    ep_rew_mean          | 7.98        |
| time/                   |             |
|    fps                  | 51          |
|    iterations           | 138         |
|    time_elapsed         | 5514        |
|    total_timesteps      | 282624      |
| train/                  |             |
|    approx_kl            | 0.026503727 |
|    clip_fraction        | 0.285       |
|    clip_range           | 0.2         |
|    entropy_loss         | -4.45       |
|    explained_variance   | 0.621       |
|    learning_rate        | 0.0003      |
|    loss                 | -0.0169     |
|    n_updates            | 1370        |
|    policy_gradient_loss | -0.0205     |
|    std                  | 0.467       |
|    value_loss           | 0.000528    |
-----------------------------------------
-----------------------------------------
| rollout/                |             |
|    ep_len_mean          | 11.7        |
|    ep_rew_mean          | 7.98        |
| time/                   |             |
|    fps                  | 51          |
|    iterations           | 139         |
|    time_elapsed         | 5560        |
|    total_timesteps      | 284672      |
| train/                  |             |
|    approx_kl            | 0.024990175 |
|    clip_fraction        | 0.274       |
|    clip_range           | 0.2         |
|    entropy_loss         | -4.39       |
|    explained_variance   | 0.631       |
|    learning_rate        | 0.0003      |
|    loss                 | -0.00871    |
|    n_updates            | 1380        |
|    policy_gradient_loss | -0.0208     |
|    std                  | 0.465       |
|    value_loss           | 0.000494    |
-----------------------------------------
-----------------------------------------
| rollout/                |             |
|    ep_len_mean          | 12.1        |
|    ep_rew_mean          | 7.92        |
| time/                   |             |
|    fps                  | 51          |
|    iterations           | 140         |
|    time_elapsed         | 5607        |
|    total_timesteps      | 286720      |
| train/                  |             |
|    approx_kl            | 0.025277305 |
|    clip_fraction        | 0.285       |
|    clip_range           | 0.2         |
|    entropy_loss         | -4.36       |
|    explained_variance   | 0.612       |
|    learning_rate        | 0.0003      |
|    loss                 | -0.0456     |
|    n_updates            | 1390        |
|    policy_gradient_loss | -0.0209     |
|    std                  | 0.464       |
|    value_loss           | 0.000532    |
-----------------------------------------
-----------------------------------------
| rollout/                |             |
|    ep_len_mean          | 11.5        |
|    ep_rew_mean          | 7.98        |
| time/                   |             |
|    fps                  | 51          |
|    iterations           | 141         |
|    time_elapsed         | 5654        |
|    total_timesteps      | 288768      |
| train/                  |             |
|    approx_kl            | 0.028920373 |
|    clip_fraction        | 0.323       |
|    clip_range           | 0.2         |
|    entropy_loss         | -4.34       |
|    explained_variance   | 0.616       |
|    learning_rate        | 0.0003      |
|    loss                 | -0.0491     |
|    n_updates            | 1400        |
|    policy_gradient_loss | -0.0237     |
|    std                  | 0.462       |
|    value_loss           | 0.000549    |
-----------------------------------------
-----------------------------------------
| rollout/                |             |
|    ep_len_mean          | 11.7        |
|    ep_rew_mean          | 7.89        |
| time/                   |             |
|    fps                  | 51          |
|    iterations           | 142         |
|    time_elapsed         | 5700        |
|    total_timesteps      | 290816      |
| train/                  |             |
|    approx_kl            | 0.026077813 |
|    clip_fraction        | 0.295       |
|    clip_range           | 0.2         |
|    entropy_loss         | -4.31       |
|    explained_variance   | 0.647       |
|    learning_rate        | 0.0003      |
|    loss                 | -0.0229     |
|    n_updates            | 1410        |
|    policy_gradient_loss | -0.0235     |
|    std                  | 0.459       |
|    value_loss           | 0.000518    |
-----------------------------------------
-----------------------------------------
| rollout/                |             |
|    ep_len_mean          | 11.8        |
|    ep_rew_mean          | 7.95        |
| time/                   |             |
|    fps                  | 50          |
|    iterations           | 143         |
|    time_elapsed         | 5746        |
|    total_timesteps      | 292864      |
| train/                  |             |
|    approx_kl            | 0.028066492 |
|    clip_fraction        | 0.305       |
|    clip_range           | 0.2         |
|    entropy_loss         | -4.28       |
|    explained_variance   | 0.574       |
|    learning_rate        | 0.0003      |
|    loss                 | -0.077      |
|    n_updates            | 1420        |
|    policy_gradient_loss | -0.0241     |
|    std                  | 0.458       |
|    value_loss           | 0.000613    |
-----------------------------------------
----------------------------------------
| rollout/                |            |
|    ep_len_mean          | 12         |
|    ep_rew_mean          | 7.85       |
| time/                   |            |
|    fps                  | 50         |
|    iterations           | 144        |
|    time_elapsed         | 5792       |
|    total_timesteps      | 294912     |
| train/                  |            |
|    approx_kl            | 0.02619611 |
|    clip_fraction        | 0.307      |
|    clip_range           | 0.2        |
|    entropy_loss         | -4.29      |
|    explained_variance   | 0.543      |
|    learning_rate        | 0.0003     |
|    loss                 | -0.0235    |
|    n_updates            | 1430       |
|    policy_gradient_loss | -0.0254    |
|    std                  | 0.461      |
|    value_loss           | 0.000714   |
----------------------------------------
-----------------------------------------
| rollout/                |             |
|    ep_len_mean          | 12.1        |
|    ep_rew_mean          | 7.85        |
| time/                   |             |
|    fps                  | 50          |
|    iterations           | 145         |
|    time_elapsed         | 5838        |
|    total_timesteps      | 296960      |
| train/                  |             |
|    approx_kl            | 0.031479936 |
|    clip_fraction        | 0.309       |
|    clip_range           | 0.2         |
|    entropy_loss         | -4.28       |
|    explained_variance   | 0.563       |
|    learning_rate        | 0.0003      |
|    loss                 | -0.0446     |
|    n_updates            | 1440        |
|    policy_gradient_loss | -0.0252     |
|    std                  | 0.458       |
|    value_loss           | 0.000646    |
-----------------------------------------
-----------------------------------------
| rollout/                |             |
|    ep_len_mean          | 12.1        |
|    ep_rew_mean          | 7.92        |
| time/                   |             |
|    fps                  | 50          |
|    iterations           | 146         |
|    time_elapsed         | 5884        |
|    total_timesteps      | 299008      |
| train/                  |             |
|    approx_kl            | 0.026968425 |
|    clip_fraction        | 0.301       |
|    clip_range           | 0.2         |
|    entropy_loss         | -4.24       |
|    explained_variance   | 0.601       |
|    learning_rate        | 0.0003      |
|    loss                 | -0.0218     |
|    n_updates            | 1450        |
|    policy_gradient_loss | -0.0238     |
|    std                  | 0.456       |
|    value_loss           | 0.000584    |
-----------------------------------------
-----------------------------------------
| rollout/                |             |
|    ep_len_mean          | 11.2        |
|    ep_rew_mean          | 8.12        |
| time/                   |             |
|    fps                  | 50          |
|    iterations           | 147         |
|    time_elapsed         | 5931        |
|    total_timesteps      | 301056      |
| train/                  |             |
|    approx_kl            | 0.023179557 |
|    clip_fraction        | 0.275       |
|    clip_range           | 0.2         |
|    entropy_loss         | -4.22       |
|    explained_variance   | 0.571       |
|    learning_rate        | 0.0003      |
|    loss                 | -0.0269     |
|    n_updates            | 1460        |
|    policy_gradient_loss | -0.0212     |
|    std                  | 0.456       |
|    value_loss           | 0.000619    |
-----------------------------------------
-----------------------------------------
| rollout/                |             |
|    ep_len_mean          | 11.4        |
|    ep_rew_mean          | 8.09        |
| time/                   |             |
|    fps                  | 50          |
|    iterations           | 148         |
|    time_elapsed         | 5977        |
|    total_timesteps      | 303104      |
| train/                  |             |
|    approx_kl            | 0.024601359 |
|    clip_fraction        | 0.286       |
|    clip_range           | 0.2         |
|    entropy_loss         | -4.21       |
|    explained_variance   | 0.651       |
|    learning_rate        | 0.0003      |
|    loss                 | -0.0224     |
|    n_updates            | 1470        |
|    policy_gradient_loss | -0.0187     |
|    std                  | 0.455       |
|    value_loss           | 0.000556    |
-----------------------------------------
-----------------------------------------
| rollout/                |             |
|    ep_len_mean          | 11.8        |
|    ep_rew_mean          | 7.99        |
| time/                   |             |
|    fps                  | 50          |
|    iterations           | 149         |
|    time_elapsed         | 6024        |
|    total_timesteps      | 305152      |
| train/                  |             |
|    approx_kl            | 0.025422804 |
|    clip_fraction        | 0.28        |
|    clip_range           | 0.2         |
|    entropy_loss         | -4.19       |
|    explained_variance   | 0.639       |
|    learning_rate        | 0.0003      |
|    loss                 | -0.0428     |
|    n_updates            | 1480        |
|    policy_gradient_loss | -0.0228     |
|    std                  | 0.452       |
|    value_loss           | 0.000538    |
-----------------------------------------
-----------------------------------------
| rollout/                |             |
|    ep_len_mean          | 11.3        |
|    ep_rew_mean          | 8.16        |
| time/                   |             |
|    fps                  | 50          |
|    iterations           | 150         |
|    time_elapsed         | 6071        |
|    total_timesteps      | 307200      |
| train/                  |             |
|    approx_kl            | 0.025766194 |
|    clip_fraction        | 0.295       |
|    clip_range           | 0.2         |
|    entropy_loss         | -4.15       |
|    explained_variance   | 0.633       |
|    learning_rate        | 0.0003      |
|    loss                 | -0.0498     |
|    n_updates            | 1490        |
|    policy_gradient_loss | -0.0207     |
|    std                  | 0.452       |
|    value_loss           | 0.000566    |
-----------------------------------------
---------------------------------------
| rollout/                |           |
|    ep_len_mean          | 11.8      |
|    ep_rew_mean          | 8.03      |
| time/                   |           |
|    fps                  | 50        |
|    iterations           | 151       |
|    time_elapsed         | 6117      |
|    total_timesteps      | 309248    |
| train/                  |           |
|    approx_kl            | 0.0226134 |
|    clip_fraction        | 0.274     |
|    clip_range           | 0.2       |
|    entropy_loss         | -4.16     |
|    explained_variance   | 0.607     |
|    learning_rate        | 0.0003    |
|    loss                 | -0.0412   |
|    n_updates            | 1500      |
|    policy_gradient_loss | -0.0223   |
|    std                  | 0.453     |
|    value_loss           | 0.000575  |
---------------------------------------
-----------------------------------------
| rollout/                |             |
|    ep_len_mean          | 11.8        |
|    ep_rew_mean          | 7.96        |
| time/                   |             |
|    fps                  | 50          |
|    iterations           | 152         |
|    time_elapsed         | 6163        |
|    total_timesteps      | 311296      |
| train/                  |             |
|    approx_kl            | 0.029407196 |
|    clip_fraction        | 0.279       |
|    clip_range           | 0.2         |
|    entropy_loss         | -4.15       |
|    explained_variance   | 0.639       |
|    learning_rate        | 0.0003      |
|    loss                 | -0.0294     |
|    n_updates            | 1510        |
|    policy_gradient_loss | -0.0216     |
|    std                  | 0.449       |
|    value_loss           | 0.000552    |
-----------------------------------------
-----------------------------------------
| rollout/                |             |
|    ep_len_mean          | 12.2        |
|    ep_rew_mean          | 7.82        |
| time/                   |             |
|    fps                  | 50          |
|    iterations           | 153         |
|    time_elapsed         | 6209        |
|    total_timesteps      | 313344      |
| train/                  |             |
|    approx_kl            | 0.025208883 |
|    clip_fraction        | 0.294       |
|    clip_range           | 0.2         |
|    entropy_loss         | -4.12       |
|    explained_variance   | 0.602       |
|    learning_rate        | 0.0003      |
|    loss                 | -0.035      |
|    n_updates            | 1520        |
|    policy_gradient_loss | -0.0237     |
|    std                  | 0.449       |
|    value_loss           | 0.000598    |
-----------------------------------------
-----------------------------------------
| rollout/                |             |
|    ep_len_mean          | 11.6        |
|    ep_rew_mean          | 8.04        |
| time/                   |             |
|    fps                  | 50          |
|    iterations           | 154         |
|    time_elapsed         | 6256        |
|    total_timesteps      | 315392      |
| train/                  |             |
|    approx_kl            | 0.025156137 |
|    clip_fraction        | 0.32        |
|    clip_range           | 0.2         |
|    entropy_loss         | -4.08       |
|    explained_variance   | 0.565       |
|    learning_rate        | 0.0003      |
|    loss                 | -0.043      |
|    n_updates            | 1530        |
|    policy_gradient_loss | -0.0254     |
|    std                  | 0.446       |
|    value_loss           | 0.000706    |
-----------------------------------------
-----------------------------------------
| rollout/                |             |
|    ep_len_mean          | 11.8        |
|    ep_rew_mean          | 8.03        |
| time/                   |             |
|    fps                  | 50          |
|    iterations           | 155         |
|    time_elapsed         | 6303        |
|    total_timesteps      | 317440      |
| train/                  |             |
|    approx_kl            | 0.029787239 |
|    clip_fraction        | 0.312       |
|    clip_range           | 0.2         |
|    entropy_loss         | -4.03       |
|    explained_variance   | 0.578       |
|    learning_rate        | 0.0003      |
|    loss                 | -0.00714    |
|    n_updates            | 1540        |
|    policy_gradient_loss | -0.0223     |
|    std                  | 0.444       |
|    value_loss           | 0.000594    |
-----------------------------------------
-----------------------------------------
| rollout/                |             |
|    ep_len_mean          | 12          |
|    ep_rew_mean          | 7.92        |
| time/                   |             |
|    fps                  | 50          |
|    iterations           | 156         |
|    time_elapsed         | 6350        |
|    total_timesteps      | 319488      |
| train/                  |             |
|    approx_kl            | 0.023142658 |
|    clip_fraction        | 0.286       |
|    clip_range           | 0.2         |
|    entropy_loss         | -4.01       |
|    explained_variance   | 0.585       |
|    learning_rate        | 0.0003      |
|    loss                 | -0.000968   |
|    n_updates            | 1550        |
|    policy_gradient_loss | -0.0221     |
|    std                  | 0.443       |
|    value_loss           | 0.000611    |
-----------------------------------------
-----------------------------------------
| rollout/                |             |
|    ep_len_mean          | 11.3        |
|    ep_rew_mean          | 8.13        |
| time/                   |             |
|    fps                  | 50          |
|    iterations           | 157         |
|    time_elapsed         | 6397        |
|    total_timesteps      | 321536      |
| train/                  |             |
|    approx_kl            | 0.030659134 |
|    clip_fraction        | 0.306       |
|    clip_range           | 0.2         |
|    entropy_loss         | -3.98       |
|    explained_variance   | 0.604       |
|    learning_rate        | 0.0003      |
|    loss                 | -0.0431     |
|    n_updates            | 1560        |
|    policy_gradient_loss | -0.0219     |
|    std                  | 0.441       |
|    value_loss           | 0.000627    |
-----------------------------------------
-----------------------------------------
| rollout/                |             |
|    ep_len_mean          | 11.6        |
|    ep_rew_mean          | 8.11        |
| time/                   |             |
|    fps                  | 50          |
|    iterations           | 158         |
|    time_elapsed         | 6444        |
|    total_timesteps      | 323584      |
| train/                  |             |
|    approx_kl            | 0.026889624 |
|    clip_fraction        | 0.315       |
|    clip_range           | 0.2         |
|    entropy_loss         | -3.97       |
|    explained_variance   | 0.651       |
|    learning_rate        | 0.0003      |
|    loss                 | -0.0182     |
|    n_updates            | 1570        |
|    policy_gradient_loss | -0.0192     |
|    std                  | 0.441       |
|    value_loss           | 0.00053     |
-----------------------------------------
-----------------------------------------
| rollout/                |             |
|    ep_len_mean          | 11.6        |
|    ep_rew_mean          | 8.11        |
| time/                   |             |
|    fps                  | 50          |
|    iterations           | 159         |
|    time_elapsed         | 6491        |
|    total_timesteps      | 325632      |
| train/                  |             |
|    approx_kl            | 0.028939188 |
|    clip_fraction        | 0.328       |
|    clip_range           | 0.2         |
|    entropy_loss         | -3.97       |
|    explained_variance   | 0.649       |
|    learning_rate        | 0.0003      |
|    loss                 | -0.027      |
|    n_updates            | 1580        |
|    policy_gradient_loss | -0.0245     |
|    std                  | 0.442       |
|    value_loss           | 0.000515    |
-----------------------------------------
----------------------------------------
| rollout/                |            |
|    ep_len_mean          | 11.8       |
|    ep_rew_mean          | 7.98       |
| time/                   |            |
|    fps                  | 50         |
|    iterations           | 160        |
|    time_elapsed         | 6538       |
|    total_timesteps      | 327680     |
| train/                  |            |
|    approx_kl            | 0.02719677 |
|    clip_fraction        | 0.286      |
|    clip_range           | 0.2        |
|    entropy_loss         | -3.95      |
|    explained_variance   | 0.628      |
|    learning_rate        | 0.0003     |
|    loss                 | -0.00797   |
|    n_updates            | 1590       |
|    policy_gradient_loss | -0.0217    |
|    std                  | 0.44       |
|    value_loss           | 0.000637   |
----------------------------------------
-----------------------------------------
| rollout/                |             |
|    ep_len_mean          | 12.2        |
|    ep_rew_mean          | 7.89        |
| time/                   |             |
|    fps                  | 50          |
|    iterations           | 161         |
|    time_elapsed         | 6584        |
|    total_timesteps      | 329728      |
| train/                  |             |
|    approx_kl            | 0.022211503 |
|    clip_fraction        | 0.292       |
|    clip_range           | 0.2         |
|    entropy_loss         | -3.94       |
|    explained_variance   | 0.575       |
|    learning_rate        | 0.0003      |
|    loss                 | -0.0476     |
|    n_updates            | 1600        |
|    policy_gradient_loss | -0.0253     |
|    std                  | 0.44        |
|    value_loss           | 0.000721    |
-----------------------------------------
----------------------------------------
| rollout/                |            |
|    ep_len_mean          | 11.3       |
|    ep_rew_mean          | 8.19       |
| time/                   |            |
|    fps                  | 50         |
|    iterations           | 162        |
|    time_elapsed         | 6632       |
|    total_timesteps      | 331776     |
| train/                  |            |
|    approx_kl            | 0.02885234 |
|    clip_fraction        | 0.305      |
|    clip_range           | 0.2        |
|    entropy_loss         | -3.92      |
|    explained_variance   | 0.577      |
|    learning_rate        | 0.0003     |
|    loss                 | -0.0356    |
|    n_updates            | 1610       |
|    policy_gradient_loss | -0.0242    |
|    std                  | 0.438      |
|    value_loss           | 0.000669   |
----------------------------------------
-----------------------------------------
| rollout/                |             |
|    ep_len_mean          | 11.5        |
|    ep_rew_mean          | 8.08        |
| time/                   |             |
|    fps                  | 49          |
|    iterations           | 163         |
|    time_elapsed         | 6678        |
|    total_timesteps      | 333824      |
| train/                  |             |
|    approx_kl            | 0.025331039 |
|    clip_fraction        | 0.312       |
|    clip_range           | 0.2         |
|    entropy_loss         | -3.92       |
|    explained_variance   | 0.648       |
|    learning_rate        | 0.0003      |
|    loss                 | -0.0183     |
|    n_updates            | 1620        |
|    policy_gradient_loss | -0.0187     |
|    std                  | 0.441       |
|    value_loss           | 0.000577    |
-----------------------------------------
-----------------------------------------
| rollout/                |             |
|    ep_len_mean          | 11.7        |
|    ep_rew_mean          | 8.02        |
| time/                   |             |
|    fps                  | 49          |
|    iterations           | 164         |
|    time_elapsed         | 6725        |
|    total_timesteps      | 335872      |
| train/                  |             |
|    approx_kl            | 0.028929535 |
|    clip_fraction        | 0.321       |
|    clip_range           | 0.2         |
|    entropy_loss         | -3.93       |
|    explained_variance   | 0.626       |
|    learning_rate        | 0.0003      |
|    loss                 | 0.017       |
|    n_updates            | 1630        |
|    policy_gradient_loss | -0.0253     |
|    std                  | 0.439       |
|    value_loss           | 0.000635    |
-----------------------------------------
-----------------------------------------
| rollout/                |             |
|    ep_len_mean          | 11.3        |
|    ep_rew_mean          | 8.25        |
| time/                   |             |
|    fps                  | 49          |
|    iterations           | 165         |
|    time_elapsed         | 6772        |
|    total_timesteps      | 337920      |
| train/                  |             |
|    approx_kl            | 0.026175343 |
|    clip_fraction        | 0.28        |
|    clip_range           | 0.2         |
|    entropy_loss         | -3.9        |
|    explained_variance   | 0.591       |
|    learning_rate        | 0.0003      |
|    loss                 | 0.0316      |
|    n_updates            | 1640        |
|    policy_gradient_loss | -0.0253     |
|    std                  | 0.438       |
|    value_loss           | 0.000701    |
-----------------------------------------
-----------------------------------------
| rollout/                |             |
|    ep_len_mean          | 11.3        |
|    ep_rew_mean          | 8.21        |
| time/                   |             |
|    fps                  | 49          |
|    iterations           | 166         |
|    time_elapsed         | 6819        |
|    total_timesteps      | 339968      |
| train/                  |             |
|    approx_kl            | 0.027277179 |
|    clip_fraction        | 0.318       |
|    clip_range           | 0.2         |
|    entropy_loss         | -3.87       |
|    explained_variance   | 0.675       |
|    learning_rate        | 0.0003      |
|    loss                 | -0.0513     |
|    n_updates            | 1650        |
|    policy_gradient_loss | -0.0234     |
|    std                  | 0.436       |
|    value_loss           | 0.000527    |
-----------------------------------------
----------------------------------------
| rollout/                |            |
|    ep_len_mean          | 11.8       |
|    ep_rew_mean          | 7.92       |
| time/                   |            |
|    fps                  | 49         |
|    iterations           | 167        |
|    time_elapsed         | 6865       |
|    total_timesteps      | 342016     |
| train/                  |            |
|    approx_kl            | 0.03156368 |
|    clip_fraction        | 0.327      |
|    clip_range           | 0.2        |
|    entropy_loss         | -3.83      |
|    explained_variance   | 0.669      |
|    learning_rate        | 0.0003     |
|    loss                 | -0.0255    |
|    n_updates            | 1660       |
|    policy_gradient_loss | -0.0205    |
|    std                  | 0.433      |
|    value_loss           | 0.000576   |
----------------------------------------
-----------------------------------------
| rollout/                |             |
|    ep_len_mean          | 11.4        |
|    ep_rew_mean          | 8.2         |
| time/                   |             |
|    fps                  | 49          |
|    iterations           | 168         |
|    time_elapsed         | 6912        |
|    total_timesteps      | 344064      |
| train/                  |             |
|    approx_kl            | 0.024656061 |
|    clip_fraction        | 0.301       |
|    clip_range           | 0.2         |
|    entropy_loss         | -3.78       |
|    explained_variance   | 0.571       |
|    learning_rate        | 0.0003      |
|    loss                 | -0.0493     |
|    n_updates            | 1670        |
|    policy_gradient_loss | -0.0232     |
|    std                  | 0.431       |
|    value_loss           | 0.000801    |
-----------------------------------------
----------------------------------------
| rollout/                |            |
|    ep_len_mean          | 11.1       |
|    ep_rew_mean          | 8.26       |
| time/                   |            |
|    fps                  | 49         |
|    iterations           | 169        |
|    time_elapsed         | 6959       |
|    total_timesteps      | 346112     |
| train/                  |            |
|    approx_kl            | 0.02306873 |
|    clip_fraction        | 0.296      |
|    clip_range           | 0.2        |
|    entropy_loss         | -3.76      |
|    explained_variance   | 0.646      |
|    learning_rate        | 0.0003     |
|    loss                 | -0.017     |
|    n_updates            | 1680       |
|    policy_gradient_loss | -0.0205    |
|    std                  | 0.43       |
|    value_loss           | 0.00058    |
----------------------------------------
----------------------------------------
| rollout/                |            |
|    ep_len_mean          | 11.3       |
|    ep_rew_mean          | 8.2        |
| time/                   |            |
|    fps                  | 49         |
|    iterations           | 170        |
|    time_elapsed         | 7007       |
|    total_timesteps      | 348160     |
| train/                  |            |
|    approx_kl            | 0.02675777 |
|    clip_fraction        | 0.331      |
|    clip_range           | 0.2        |
|    entropy_loss         | -3.76      |
|    explained_variance   | 0.676      |
|    learning_rate        | 0.0003     |
|    loss                 | -0.0185    |
|    n_updates            | 1690       |
|    policy_gradient_loss | -0.0246    |
|    std                  | 0.431      |
|    value_loss           | 0.000557   |
----------------------------------------
-----------------------------------------
| rollout/                |             |
|    ep_len_mean          | 11.6        |
|    ep_rew_mean          | 8.15        |
| time/                   |             |
|    fps                  | 49          |
|    iterations           | 171         |
|    time_elapsed         | 7053        |
|    total_timesteps      | 350208      |
| train/                  |             |
|    approx_kl            | 0.028118249 |
|    clip_fraction        | 0.311       |
|    clip_range           | 0.2         |
|    entropy_loss         | -3.74       |
|    explained_variance   | 0.688       |
|    learning_rate        | 0.0003      |
|    loss                 | -0.014      |
|    n_updates            | 1700        |
|    policy_gradient_loss | -0.0219     |
|    std                  | 0.429       |
|    value_loss           | 0.000529    |
-----------------------------------------
-----------------------------------------
| rollout/                |             |
|    ep_len_mean          | 11.8        |
|    ep_rew_mean          | 8.08        |
| time/                   |             |
|    fps                  | 49          |
|    iterations           | 172         |
|    time_elapsed         | 7100        |
|    total_timesteps      | 352256      |
| train/                  |             |
|    approx_kl            | 0.027551193 |
|    clip_fraction        | 0.318       |
|    clip_range           | 0.2         |
|    entropy_loss         | -3.74       |
|    explained_variance   | 0.625       |
|    learning_rate        | 0.0003      |
|    loss                 | -0.0417     |
|    n_updates            | 1710        |
|    policy_gradient_loss | -0.0215     |
|    std                  | 0.43        |
|    value_loss           | 0.000583    |
-----------------------------------------
-----------------------------------------
| rollout/                |             |
|    ep_len_mean          | 11.9        |
|    ep_rew_mean          | 8           |
| time/                   |             |
|    fps                  | 49          |
|    iterations           | 173         |
|    time_elapsed         | 7146        |
|    total_timesteps      | 354304      |
| train/                  |             |
|    approx_kl            | 0.030303258 |
|    clip_fraction        | 0.298       |
|    clip_range           | 0.2         |
|    entropy_loss         | -3.72       |
|    explained_variance   | 0.657       |
|    learning_rate        | 0.0003      |
|    loss                 | -0.0351     |
|    n_updates            | 1720        |
|    policy_gradient_loss | -0.0237     |
|    std                  | 0.428       |
|    value_loss           | 0.000565    |
-----------------------------------------
-----------------------------------------
| rollout/                |             |
|    ep_len_mean          | 11.9        |
|    ep_rew_mean          | 8.07        |
| time/                   |             |
|    fps                  | 49          |
|    iterations           | 174         |
|    time_elapsed         | 7193        |
|    total_timesteps      | 356352      |
| train/                  |             |
|    approx_kl            | 0.028732121 |
|    clip_fraction        | 0.316       |
|    clip_range           | 0.2         |
|    entropy_loss         | -3.68       |
|    explained_variance   | 0.567       |
|    learning_rate        | 0.0003      |
|    loss                 | -0.051      |
|    n_updates            | 1730        |
|    policy_gradient_loss | -0.0245     |
|    std                  | 0.427       |
|    value_loss           | 0.000728    |
-----------------------------------------
-----------------------------------------
| rollout/                |             |
|    ep_len_mean          | 11.6        |
|    ep_rew_mean          | 8.15        |
| time/                   |             |
|    fps                  | 49          |
|    iterations           | 175         |
|    time_elapsed         | 7239        |
|    total_timesteps      | 358400      |
| train/                  |             |
|    approx_kl            | 0.022244386 |
|    clip_fraction        | 0.277       |
|    clip_range           | 0.2         |
|    entropy_loss         | -3.66       |
|    explained_variance   | 0.617       |
|    learning_rate        | 0.0003      |
|    loss                 | -0.0514     |
|    n_updates            | 1740        |
|    policy_gradient_loss | -0.0181     |
|    std                  | 0.427       |
|    value_loss           | 0.000714    |
-----------------------------------------
-----------------------------------------
| rollout/                |             |
|    ep_len_mean          | 11.2        |
|    ep_rew_mean          | 8.24        |
| time/                   |             |
|    fps                  | 49          |
|    iterations           | 176         |
|    time_elapsed         | 7286        |
|    total_timesteps      | 360448      |
| train/                  |             |
|    approx_kl            | 0.031423032 |
|    clip_fraction        | 0.301       |
|    clip_range           | 0.2         |
|    entropy_loss         | -3.65       |
|    explained_variance   | 0.651       |
|    learning_rate        | 0.0003      |
|    loss                 | -0.034      |
|    n_updates            | 1750        |
|    policy_gradient_loss | -0.0207     |
|    std                  | 0.427       |
|    value_loss           | 0.000592    |
-----------------------------------------
----------------------------------------
| rollout/                |            |
|    ep_len_mean          | 11.3       |
|    ep_rew_mean          | 8.3        |
| time/                   |            |
|    fps                  | 49         |
|    iterations           | 177        |
|    time_elapsed         | 7333       |
|    total_timesteps      | 362496     |
| train/                  |            |
|    approx_kl            | 0.02819619 |
|    clip_fraction        | 0.32       |
|    clip_range           | 0.2        |
|    entropy_loss         | -3.61      |
|    explained_variance   | 0.658      |
|    learning_rate        | 0.0003     |
|    loss                 | -0.036     |
|    n_updates            | 1760       |
|    policy_gradient_loss | -0.023     |
|    std                  | 0.424      |
|    value_loss           | 0.000637   |
----------------------------------------
-----------------------------------------
| rollout/                |             |
|    ep_len_mean          | 11.6        |
|    ep_rew_mean          | 8.19        |
| time/                   |             |
|    fps                  | 49          |
|    iterations           | 178         |
|    time_elapsed         | 7380        |
|    total_timesteps      | 364544      |
| train/                  |             |
|    approx_kl            | 0.031553574 |
|    clip_fraction        | 0.327       |
|    clip_range           | 0.2         |
|    entropy_loss         | -3.56       |
|    explained_variance   | 0.651       |
|    learning_rate        | 0.0003      |
|    loss                 | -0.0174     |
|    n_updates            | 1770        |
|    policy_gradient_loss | -0.0257     |
|    std                  | 0.422       |
|    value_loss           | 0.00061     |
-----------------------------------------
-----------------------------------------
| rollout/                |             |
|    ep_len_mean          | 11.3        |
|    ep_rew_mean          | 8.27        |
| time/                   |             |
|    fps                  | 49          |
|    iterations           | 179         |
|    time_elapsed         | 7427        |
|    total_timesteps      | 366592      |
| train/                  |             |
|    approx_kl            | 0.027459238 |
|    clip_fraction        | 0.289       |
|    clip_range           | 0.2         |
|    entropy_loss         | -3.55       |
|    explained_variance   | 0.659       |
|    learning_rate        | 0.0003      |
|    loss                 | -0.0295     |
|    n_updates            | 1780        |
|    policy_gradient_loss | -0.0203     |
|    std                  | 0.422       |
|    value_loss           | 0.000615    |
-----------------------------------------
----------------------------------------
| rollout/                |            |
|    ep_len_mean          | 11         |
|    ep_rew_mean          | 8.4        |
| time/                   |            |
|    fps                  | 49         |
|    iterations           | 180        |
|    time_elapsed         | 7474       |
|    total_timesteps      | 368640     |
| train/                  |            |
|    approx_kl            | 0.03185233 |
|    clip_fraction        | 0.313      |
|    clip_range           | 0.2        |
|    entropy_loss         | -3.53      |
|    explained_variance   | 0.617      |
|    learning_rate        | 0.0003     |
|    loss                 | -0.0413    |
|    n_updates            | 1790       |
|    policy_gradient_loss | -0.0258    |
|    std                  | 0.421      |
|    value_loss           | 0.000733   |
----------------------------------------
----------------------------------------
| rollout/                |            |
|    ep_len_mean          | 11.2       |
|    ep_rew_mean          | 8.3        |
| time/                   |            |
|    fps                  | 49         |
|    iterations           | 181        |
|    time_elapsed         | 7521       |
|    total_timesteps      | 370688     |
| train/                  |            |
|    approx_kl            | 0.02910801 |
|    clip_fraction        | 0.313      |
|    clip_range           | 0.2        |
|    entropy_loss         | -3.52      |
|    explained_variance   | 0.688      |
|    learning_rate        | 0.0003     |
|    loss                 | -0.0228    |
|    n_updates            | 1800       |
|    policy_gradient_loss | -0.0228    |
|    std                  | 0.421      |
|    value_loss           | 0.000559   |
----------------------------------------
-----------------------------------------
| rollout/                |             |
|    ep_len_mean          | 12          |
|    ep_rew_mean          | 8.09        |
| time/                   |             |
|    fps                  | 49          |
|    iterations           | 182         |
|    time_elapsed         | 7567        |
|    total_timesteps      | 372736      |
| train/                  |             |
|    approx_kl            | 0.024482034 |
|    clip_fraction        | 0.291       |
|    clip_range           | 0.2         |
|    entropy_loss         | -3.49       |
|    explained_variance   | 0.655       |
|    learning_rate        | 0.0003      |
|    loss                 | -0.0387     |
|    n_updates            | 1810        |
|    policy_gradient_loss | -0.0239     |
|    std                  | 0.418       |
|    value_loss           | 0.000679    |
-----------------------------------------
-----------------------------------------
| rollout/                |             |
|    ep_len_mean          | 11.5        |
|    ep_rew_mean          | 8.25        |
| time/                   |             |
|    fps                  | 49          |
|    iterations           | 183         |
|    time_elapsed         | 7614        |
|    total_timesteps      | 374784      |
| train/                  |             |
|    approx_kl            | 0.025947353 |
|    clip_fraction        | 0.309       |
|    clip_range           | 0.2         |
|    entropy_loss         | -3.46       |
|    explained_variance   | 0.621       |
|    learning_rate        | 0.0003      |
|    loss                 | -0.0508     |
|    n_updates            | 1820        |
|    policy_gradient_loss | -0.025      |
|    std                  | 0.417       |
|    value_loss           | 0.000732    |
-----------------------------------------
-----------------------------------------
| rollout/                |             |
|    ep_len_mean          | 11.7        |
|    ep_rew_mean          | 8.14        |
| time/                   |             |
|    fps                  | 49          |
|    iterations           | 184         |
|    time_elapsed         | 7661        |
|    total_timesteps      | 376832      |
| train/                  |             |
|    approx_kl            | 0.025922548 |
|    clip_fraction        | 0.29        |
|    clip_range           | 0.2         |
|    entropy_loss         | -3.46       |
|    explained_variance   | 0.667       |
|    learning_rate        | 0.0003      |
|    loss                 | -0.054      |
|    n_updates            | 1830        |
|    policy_gradient_loss | -0.0191     |
|    std                  | 0.417       |
|    value_loss           | 0.000626    |
-----------------------------------------
----------------------------------------
| rollout/                |            |
|    ep_len_mean          | 11.5       |
|    ep_rew_mean          | 8.12       |
| time/                   |            |
|    fps                  | 49         |
|    iterations           | 185        |
|    time_elapsed         | 7708       |
|    total_timesteps      | 378880     |
| train/                  |            |
|    approx_kl            | 0.02548055 |
|    clip_fraction        | 0.31       |
|    clip_range           | 0.2        |
|    entropy_loss         | -3.45      |
|    explained_variance   | 0.677      |
|    learning_rate        | 0.0003     |
|    loss                 | -0.0184    |
|    n_updates            | 1840       |
|    policy_gradient_loss | -0.0207    |
|    std                  | 0.415      |
|    value_loss           | 0.000633   |
----------------------------------------
-----------------------------------------
| rollout/                |             |
|    ep_len_mean          | 11.3        |
|    ep_rew_mean          | 8.22        |
| time/                   |             |
|    fps                  | 49          |
|    iterations           | 186         |
|    time_elapsed         | 7755        |
|    total_timesteps      | 380928      |
| train/                  |             |
|    approx_kl            | 0.024993006 |
|    clip_fraction        | 0.311       |
|    clip_range           | 0.2         |
|    entropy_loss         | -3.39       |
|    explained_variance   | 0.607       |
|    learning_rate        | 0.0003      |
|    loss                 | -0.0668     |
|    n_updates            | 1850        |
|    policy_gradient_loss | -0.0244     |
|    std                  | 0.411       |
|    value_loss           | 0.000721    |
-----------------------------------------
-----------------------------------------
| rollout/                |             |
|    ep_len_mean          | 11.2        |
|    ep_rew_mean          | 8.28        |
| time/                   |             |
|    fps                  | 49          |
|    iterations           | 187         |
|    time_elapsed         | 7803        |
|    total_timesteps      | 382976      |
| train/                  |             |
|    approx_kl            | 0.027703922 |
|    clip_fraction        | 0.307       |
|    clip_range           | 0.2         |
|    entropy_loss         | -3.33       |
|    explained_variance   | 0.671       |
|    learning_rate        | 0.0003      |
|    loss                 | -0.0185     |
|    n_updates            | 1860        |
|    policy_gradient_loss | -0.0174     |
|    std                  | 0.409       |
|    value_loss           | 0.000623    |
-----------------------------------------
---------------------------------------
| rollout/                |           |
|    ep_len_mean          | 11.7      |
|    ep_rew_mean          | 8.21      |
| time/                   |           |
|    fps                  | 49        |
|    iterations           | 188       |
|    time_elapsed         | 7849      |
|    total_timesteps      | 385024    |
| train/                  |           |
|    approx_kl            | 0.0267321 |
|    clip_fraction        | 0.29      |
|    clip_range           | 0.2       |
|    entropy_loss         | -3.31     |
|    explained_variance   | 0.686     |
|    learning_rate        | 0.0003    |
|    loss                 | -0.0166   |
|    n_updates            | 1870      |
|    policy_gradient_loss | -0.0199   |
|    std                  | 0.409     |
|    value_loss           | 0.000584  |
---------------------------------------
-----------------------------------------
| rollout/                |             |
|    ep_len_mean          | 11.4        |
|    ep_rew_mean          | 8.26        |
| time/                   |             |
|    fps                  | 49          |
|    iterations           | 189         |
|    time_elapsed         | 7897        |
|    total_timesteps      | 387072      |
| train/                  |             |
|    approx_kl            | 0.027759768 |
|    clip_fraction        | 0.332       |
|    clip_range           | 0.2         |
|    entropy_loss         | -3.28       |
|    explained_variance   | 0.651       |
|    learning_rate        | 0.0003      |
|    loss                 | -0.0469     |
|    n_updates            | 1880        |
|    policy_gradient_loss | -0.0261     |
|    std                  | 0.406       |
|    value_loss           | 0.000686    |
-----------------------------------------
-----------------------------------------
| rollout/                |             |
|    ep_len_mean          | 11.7        |
|    ep_rew_mean          | 8.19        |
| time/                   |             |
|    fps                  | 48          |
|    iterations           | 190         |
|    time_elapsed         | 7944        |
|    total_timesteps      | 389120      |
| train/                  |             |
|    approx_kl            | 0.030560452 |
|    clip_fraction        | 0.337       |
|    clip_range           | 0.2         |
|    entropy_loss         | -3.24       |
|    explained_variance   | 0.674       |
|    learning_rate        | 0.0003      |
|    loss                 | -0.0108     |
|    n_updates            | 1890        |
|    policy_gradient_loss | -0.0197     |
|    std                  | 0.405       |
|    value_loss           | 0.000623    |
-----------------------------------------
-----------------------------------------
| rollout/                |             |
|    ep_len_mean          | 11.1        |
|    ep_rew_mean          | 8.36        |
| time/                   |             |
|    fps                  | 48          |
|    iterations           | 191         |
|    time_elapsed         | 7992        |
|    total_timesteps      | 391168      |
| train/                  |             |
|    approx_kl            | 0.040040143 |
|    clip_fraction        | 0.331       |
|    clip_range           | 0.2         |
|    entropy_loss         | -3.22       |
|    explained_variance   | 0.679       |
|    learning_rate        | 0.0003      |
|    loss                 | -0.0327     |
|    n_updates            | 1900        |
|    policy_gradient_loss | -0.0219     |
|    std                  | 0.404       |
|    value_loss           | 0.000655    |
-----------------------------------------
-----------------------------------------
| rollout/                |             |
|    ep_len_mean          | 10.9        |
|    ep_rew_mean          | 8.31        |
| time/                   |             |
|    fps                  | 48          |
|    iterations           | 192         |
|    time_elapsed         | 8040        |
|    total_timesteps      | 393216      |
| train/                  |             |
|    approx_kl            | 0.027429491 |
|    clip_fraction        | 0.337       |
|    clip_range           | 0.2         |
|    entropy_loss         | -3.19       |
|    explained_variance   | 0.665       |
|    learning_rate        | 0.0003      |
|    loss                 | -0.0331     |
|    n_updates            | 1910        |
|    policy_gradient_loss | -0.024      |
|    std                  | 0.404       |
|    value_loss           | 0.000675    |
-----------------------------------------
-----------------------------------------
| rollout/                |             |
|    ep_len_mean          | 11.8        |
|    ep_rew_mean          | 8.13        |
| time/                   |             |
|    fps                  | 48          |
|    iterations           | 193         |
|    time_elapsed         | 8087        |
|    total_timesteps      | 395264      |
| train/                  |             |
|    approx_kl            | 0.036268853 |
|    clip_fraction        | 0.324       |
|    clip_range           | 0.2         |
|    entropy_loss         | -3.16       |
|    explained_variance   | 0.688       |
|    learning_rate        | 0.0003      |
|    loss                 | -0.052      |
|    n_updates            | 1920        |
|    policy_gradient_loss | -0.0187     |
|    std                  | 0.402       |
|    value_loss           | 0.000581    |
-----------------------------------------
-----------------------------------------
| rollout/                |             |
|    ep_len_mean          | 11.6        |
|    ep_rew_mean          | 8.23        |
| time/                   |             |
|    fps                  | 48          |
|    iterations           | 194         |
|    time_elapsed         | 8134        |
|    total_timesteps      | 397312      |
| train/                  |             |
|    approx_kl            | 0.030021146 |
|    clip_fraction        | 0.307       |
|    clip_range           | 0.2         |
|    entropy_loss         | -3.13       |
|    explained_variance   | 0.616       |
|    learning_rate        | 0.0003      |
|    loss                 | -0.0654     |
|    n_updates            | 1930        |
|    policy_gradient_loss | -0.0213     |
|    std                  | 0.4         |
|    value_loss           | 0.000759    |
-----------------------------------------
-----------------------------------------
| rollout/                |             |
|    ep_len_mean          | 11.5        |
|    ep_rew_mean          | 8.23        |
| time/                   |             |
|    fps                  | 48          |
|    iterations           | 195         |
|    time_elapsed         | 8182        |
|    total_timesteps      | 399360      |
| train/                  |             |
|    approx_kl            | 0.027313154 |
|    clip_fraction        | 0.307       |
|    clip_range           | 0.2         |
|    entropy_loss         | -3.08       |
|    explained_variance   | 0.603       |
|    learning_rate        | 0.0003      |
|    loss                 | -0.0415     |
|    n_updates            | 1940        |
|    policy_gradient_loss | -0.0239     |
|    std                  | 0.398       |
|    value_loss           | 0.000877    |
-----------------------------------------
----------------------------------------
| rollout/                |            |
|    ep_len_mean          | 11.6       |
|    ep_rew_mean          | 8.26       |
| time/                   |            |
|    fps                  | 48         |
|    iterations           | 196        |
|    time_elapsed         | 8228       |
|    total_timesteps      | 401408     |
| train/                  |            |
|    approx_kl            | 0.03388367 |
|    clip_fraction        | 0.334      |
|    clip_range           | 0.2        |
|    entropy_loss         | -3.03      |
|    explained_variance   | 0.633      |
|    learning_rate        | 0.0003     |
|    loss                 | -0.0388    |
|    n_updates            | 1950       |
|    policy_gradient_loss | -0.0238    |
|    std                  | 0.394      |
|    value_loss           | 0.000641   |
----------------------------------------
saved models/C2_lam0.005_seed0.zip and models/C2_lam0.005_seed0_vecnormalize.pkl
