=== training C3_seed1 for 400000 steps ===
    port 5301
--------------------------------------------------------------
[threshold consistency]
  success distance      = 0.030 m
  force at success      = 5.00 N
  comfort / danger      = 6.0 N / 10.0 N
  >>> OK: the success point lies inside the safe band.
--------------------------------------------------------------
Waiting for connections on port: 5302...
Connected successfully
Using cpu device
----------------------------------
| rollout/           |           |
|    ep_len_mean     | 200       |
|    ep_rew_mean     | -1.26e+03 |
| time/              |           |
|    fps             | 79        |
|    iterations      | 1         |
|    time_elapsed    | 25        |
|    total_timesteps | 2048      |
----------------------------------
-----------------------------------------
| rollout/                |             |
|    ep_len_mean          | 200         |
|    ep_rew_mean          | -1.05e+03   |
| time/                   |             |
|    fps                  | 77          |
|    iterations           | 2           |
|    time_elapsed         | 52          |
|    total_timesteps      | 4096        |
| train/                  |             |
|    approx_kl            | 0.014275323 |
|    clip_fraction        | 0.142       |
|    clip_range           | 0.2         |
|    entropy_loss         | -9.96       |
|    explained_variance   | 0.277       |
|    learning_rate        | 0.0003      |
|    loss                 | 0.00297     |
|    n_updates            | 10          |
|    policy_gradient_loss | -0.0241     |
|    std                  | 1.01        |
|    value_loss           | 0.56        |
-----------------------------------------
-----------------------------------------
| rollout/                |             |
|    ep_len_mean          | 200         |
|    ep_rew_mean          | -999        |
| time/                   |             |
|    fps                  | 77          |
|    iterations           | 3           |
|    time_elapsed         | 79          |
|    total_timesteps      | 6144        |
| train/                  |             |
|    approx_kl            | 0.016571183 |
|    clip_fraction        | 0.192       |
|    clip_range           | 0.2         |
|    entropy_loss         | -9.94       |
|    explained_variance   | 0.562       |
|    learning_rate        | 0.0003      |
|    loss                 | 0.000903    |
|    n_updates            | 20          |
|    policy_gradient_loss | -0.0293     |
|    std                  | 0.999       |
|    value_loss           | 0.0565      |
-----------------------------------------
-----------------------------------------
| rollout/                |             |
|    ep_len_mean          | 200         |
|    ep_rew_mean          | -937        |
| time/                   |             |
|    fps                  | 77          |
|    iterations           | 4           |
|    time_elapsed         | 106         |
|    total_timesteps      | 8192        |
| train/                  |             |
|    approx_kl            | 0.013973617 |
|    clip_fraction        | 0.144       |
|    clip_range           | 0.2         |
|    entropy_loss         | -9.93       |
|    explained_variance   | 0.633       |
|    learning_rate        | 0.0003      |
|    loss                 | -0.0478     |
|    n_updates            | 30          |
|    policy_gradient_loss | -0.0259     |
|    std                  | 1           |
|    value_loss           | 0.0291      |
-----------------------------------------
-----------------------------------------
| rollout/                |             |
|    ep_len_mean          | 200         |
|    ep_rew_mean          | -878        |
| time/                   |             |
|    fps                  | 76          |
|    iterations           | 5           |
|    time_elapsed         | 133         |
|    total_timesteps      | 10240       |
| train/                  |             |
|    approx_kl            | 0.018341333 |
|    clip_fraction        | 0.209       |
|    clip_range           | 0.2         |
|    entropy_loss         | -9.93       |
|    explained_variance   | 0.538       |
|    learning_rate        | 0.0003      |
|    loss                 | -0.0277     |
|    n_updates            | 40          |
|    policy_gradient_loss | -0.0356     |
|    std                  | 1           |
|    value_loss           | 0.0347      |
-----------------------------------------
----------------------------------------
| rollout/                |            |
|    ep_len_mean          | 200        |
|    ep_rew_mean          | -839       |
| time/                   |            |
|    fps                  | 76         |
|    iterations           | 6          |
|    time_elapsed         | 160        |
|    total_timesteps      | 12288      |
| train/                  |            |
|    approx_kl            | 0.01766409 |
|    clip_fraction        | 0.2        |
|    clip_range           | 0.2        |
|    entropy_loss         | -9.9       |
|    explained_variance   | 0.48       |
|    learning_rate        | 0.0003     |
|    loss                 | 0.00437    |
|    n_updates            | 50         |
|    policy_gradient_loss | -0.0317    |
|    std                  | 0.994      |
|    value_loss           | 0.0216     |
----------------------------------------
-----------------------------------------
| rollout/                |             |
|    ep_len_mean          | 200         |
|    ep_rew_mean          | -787        |
| time/                   |             |
|    fps                  | 76          |
|    iterations           | 7           |
|    time_elapsed         | 188         |
|    total_timesteps      | 14336       |
| train/                  |             |
|    approx_kl            | 0.016087007 |
|    clip_fraction        | 0.185       |
|    clip_range           | 0.2         |
|    entropy_loss         | -9.86       |
|    explained_variance   | 0.402       |
|    learning_rate        | 0.0003      |
|    loss                 | 0.000984    |
|    n_updates            | 60          |
|    policy_gradient_loss | -0.0308     |
|    std                  | 0.987       |
|    value_loss           | 0.0203      |
-----------------------------------------
-----------------------------------------
| rollout/                |             |
|    ep_len_mean          | 200         |
|    ep_rew_mean          | -745        |
| time/                   |             |
|    fps                  | 75          |
|    iterations           | 8           |
|    time_elapsed         | 216         |
|    total_timesteps      | 16384       |
| train/                  |             |
|    approx_kl            | 0.015636053 |
|    clip_fraction        | 0.192       |
|    clip_range           | 0.2         |
|    entropy_loss         | -9.84       |
|    explained_variance   | 0.431       |
|    learning_rate        | 0.0003      |
|    loss                 | -0.0426     |
|    n_updates            | 70          |
|    policy_gradient_loss | -0.0309     |
|    std                  | 0.987       |
|    value_loss           | 0.0148      |
-----------------------------------------
------------------------------------------
| rollout/                |              |
|    ep_len_mean          | 200          |
|    ep_rew_mean          | -704         |
| time/                   |              |
|    fps                  | 75           |
|    iterations           | 9            |
|    time_elapsed         | 243          |
|    total_timesteps      | 18432        |
| train/                  |              |
|    approx_kl            | 0.0154736545 |
|    clip_fraction        | 0.183        |
|    clip_range           | 0.2          |
|    entropy_loss         | -9.84        |
|    explained_variance   | 0.485        |
|    learning_rate        | 0.0003       |
|    loss                 | 0.00722      |
|    n_updates            | 80           |
|    policy_gradient_loss | -0.0288      |
|    std                  | 0.988        |
|    value_loss           | 0.00915      |
------------------------------------------
-----------------------------------------
| rollout/                |             |
|    ep_len_mean          | 200         |
|    ep_rew_mean          | -662        |
| time/                   |             |
|    fps                  | 75          |
|    iterations           | 10          |
|    time_elapsed         | 270         |
|    total_timesteps      | 20480       |
| train/                  |             |
|    approx_kl            | 0.017228363 |
|    clip_fraction        | 0.191       |
|    clip_range           | 0.2         |
|    entropy_loss         | -9.85       |
|    explained_variance   | 0.665       |
|    learning_rate        | 0.0003      |
|    loss                 | -0.0277     |
|    n_updates            | 90          |
|    policy_gradient_loss | -0.0314     |
|    std                  | 0.988       |
|    value_loss           | 0.00665     |
-----------------------------------------
-----------------------------------------
| rollout/                |             |
|    ep_len_mean          | 200         |
|    ep_rew_mean          | -573        |
| time/                   |             |
|    fps                  | 75          |
|    iterations           | 11          |
|    time_elapsed         | 297         |
|    total_timesteps      | 22528       |
| train/                  |             |
|    approx_kl            | 0.015706673 |
|    clip_fraction        | 0.187       |
|    clip_range           | 0.2         |
|    entropy_loss         | -9.82       |
|    explained_variance   | 0.427       |
|    learning_rate        | 0.0003      |
|    loss                 | -0.0349     |
|    n_updates            | 100         |
|    policy_gradient_loss | -0.0306     |
|    std                  | 0.983       |
|    value_loss           | 0.00536     |
-----------------------------------------
-----------------------------------------
| rollout/                |             |
|    ep_len_mean          | 200         |
|    ep_rew_mean          | -517        |
| time/                   |             |
|    fps                  | 75          |
|    iterations           | 12          |
|    time_elapsed         | 324         |
|    total_timesteps      | 24576       |
| train/                  |             |
|    approx_kl            | 0.015641594 |
|    clip_fraction        | 0.173       |
|    clip_range           | 0.2         |
|    entropy_loss         | -9.79       |
|    explained_variance   | 0.387       |
|    learning_rate        | 0.0003      |
|    loss                 | -0.0533     |
|    n_updates            | 110         |
|    policy_gradient_loss | -0.0292     |
|    std                  | 0.979       |
|    value_loss           | 0.00617     |
-----------------------------------------
----------------------------------------
| rollout/                |            |
|    ep_len_mean          | 200        |
|    ep_rew_mean          | -457       |
| time/                   |            |
|    fps                  | 75         |
|    iterations           | 13         |
|    time_elapsed         | 351        |
|    total_timesteps      | 26624      |
| train/                  |            |
|    approx_kl            | 0.01796233 |
|    clip_fraction        | 0.195      |
|    clip_range           | 0.2        |
|    entropy_loss         | -9.78      |
|    explained_variance   | 0.523      |
|    learning_rate        | 0.0003     |
|    loss                 | -0.0321    |
|    n_updates            | 120        |
|    policy_gradient_loss | -0.0314    |
|    std                  | 0.979      |
|    value_loss           | 0.00413    |
----------------------------------------
-----------------------------------------
| rollout/                |             |
|    ep_len_mean          | 200         |
|    ep_rew_mean          | -407        |
| time/                   |             |
|    fps                  | 75          |
|    iterations           | 14          |
|    time_elapsed         | 378         |
|    total_timesteps      | 28672       |
| train/                  |             |
|    approx_kl            | 0.013345139 |
|    clip_fraction        | 0.158       |
|    clip_range           | 0.2         |
|    entropy_loss         | -9.77       |
|    explained_variance   | 0.267       |
|    learning_rate        | 0.0003      |
|    loss                 | -0.0521     |
|    n_updates            | 130         |
|    policy_gradient_loss | -0.0238     |
|    std                  | 0.974       |
|    value_loss           | 0.00411     |
-----------------------------------------
-----------------------------------------
| rollout/                |             |
|    ep_len_mean          | 200         |
|    ep_rew_mean          | -364        |
| time/                   |             |
|    fps                  | 75          |
|    iterations           | 15          |
|    time_elapsed         | 404         |
|    total_timesteps      | 30720       |
| train/                  |             |
|    approx_kl            | 0.014264563 |
|    clip_fraction        | 0.171       |
|    clip_range           | 0.2         |
|    entropy_loss         | -9.74       |
|    explained_variance   | 0.514       |
|    learning_rate        | 0.0003      |
|    loss                 | -0.0277     |
|    n_updates            | 140         |
|    policy_gradient_loss | -0.0289     |
|    std                  | 0.971       |
|    value_loss           | 0.00341     |
-----------------------------------------
-----------------------------------------
| rollout/                |             |
|    ep_len_mean          | 200         |
|    ep_rew_mean          | -331        |
| time/                   |             |
|    fps                  | 75          |
|    iterations           | 16          |
|    time_elapsed         | 431         |
|    total_timesteps      | 32768       |
| train/                  |             |
|    approx_kl            | 0.017465822 |
|    clip_fraction        | 0.187       |
|    clip_range           | 0.2         |
|    entropy_loss         | -9.73       |
|    explained_variance   | 0.564       |
|    learning_rate        | 0.0003      |
|    loss                 | 0.00189     |
|    n_updates            | 150         |
|    policy_gradient_loss | -0.0271     |
|    std                  | 0.971       |
|    value_loss           | 0.0029      |
-----------------------------------------
-----------------------------------------
| rollout/                |             |
|    ep_len_mean          | 198         |
|    ep_rew_mean          | -303        |
| time/                   |             |
|    fps                  | 75          |
|    iterations           | 17          |
|    time_elapsed         | 458         |
|    total_timesteps      | 34816       |
| train/                  |             |
|    approx_kl            | 0.014949819 |
|    clip_fraction        | 0.172       |
|    clip_range           | 0.2         |
|    entropy_loss         | -9.7        |
|    explained_variance   | 0.58        |
|    learning_rate        | 0.0003      |
|    loss                 | -0.0316     |
|    n_updates            | 160         |
|    policy_gradient_loss | -0.0285     |
|    std                  | 0.967       |
|    value_loss           | 0.00267     |
-----------------------------------------
-----------------------------------------
| rollout/                |             |
|    ep_len_mean          | 198         |
|    ep_rew_mean          | -281        |
| time/                   |             |
|    fps                  | 75          |
|    iterations           | 18          |
|    time_elapsed         | 486         |
|    total_timesteps      | 36864       |
| train/                  |             |
|    approx_kl            | 0.014714574 |
|    clip_fraction        | 0.165       |
|    clip_range           | 0.2         |
|    entropy_loss         | -9.69       |
|    explained_variance   | 0.217       |
|    learning_rate        | 0.0003      |
|    loss                 | -0.0172     |
|    n_updates            | 170         |
|    policy_gradient_loss | -0.0286     |
|    std                  | 0.966       |
|    value_loss           | 0.00427     |
-----------------------------------------
-----------------------------------------
| rollout/                |             |
|    ep_len_mean          | 198         |
|    ep_rew_mean          | -269        |
| time/                   |             |
|    fps                  | 75          |
|    iterations           | 19          |
|    time_elapsed         | 513         |
|    total_timesteps      | 38912       |
| train/                  |             |
|    approx_kl            | 0.014293766 |
|    clip_fraction        | 0.163       |
|    clip_range           | 0.2         |
|    entropy_loss         | -9.67       |
|    explained_variance   | 0.614       |
|    learning_rate        | 0.0003      |
|    loss                 | -0.0274     |
|    n_updates            | 180         |
|    policy_gradient_loss | -0.028      |
|    std                  | 0.964       |
|    value_loss           | 0.00183     |
-----------------------------------------
-----------------------------------------
| rollout/                |             |
|    ep_len_mean          | 198         |
|    ep_rew_mean          | -260        |
| time/                   |             |
|    fps                  | 75          |
|    iterations           | 20          |
|    time_elapsed         | 540         |
|    total_timesteps      | 40960       |
| train/                  |             |
|    approx_kl            | 0.016531747 |
|    clip_fraction        | 0.189       |
|    clip_range           | 0.2         |
|    entropy_loss         | -9.66       |
|    explained_variance   | 0.514       |
|    learning_rate        | 0.0003      |
|    loss                 | -0.0441     |
|    n_updates            | 190         |
|    policy_gradient_loss | -0.0291     |
|    std                  | 0.961       |
|    value_loss           | 0.00172     |
-----------------------------------------
-----------------------------------------
| rollout/                |             |
|    ep_len_mean          | 197         |
|    ep_rew_mean          | -241        |
| time/                   |             |
|    fps                  | 75          |
|    iterations           | 21          |
|    time_elapsed         | 568         |
|    total_timesteps      | 43008       |
| train/                  |             |
|    approx_kl            | 0.017897096 |
|    clip_fraction        | 0.186       |
|    clip_range           | 0.2         |
|    entropy_loss         | -9.65       |
|    explained_variance   | 0.561       |
|    learning_rate        | 0.0003      |
|    loss                 | -0.0571     |
|    n_updates            | 200         |
|    policy_gradient_loss | -0.0317     |
|    std                  | 0.962       |
|    value_loss           | 0.0013      |
-----------------------------------------
-----------------------------------------
| rollout/                |             |
|    ep_len_mean          | 197         |
|    ep_rew_mean          | -229        |
| time/                   |             |
|    fps                  | 75          |
|    iterations           | 22          |
|    time_elapsed         | 597         |
|    total_timesteps      | 45056       |
| train/                  |             |
|    approx_kl            | 0.015003523 |
|    clip_fraction        | 0.171       |
|    clip_range           | 0.2         |
|    entropy_loss         | -9.64       |
|    explained_variance   | 0.113       |
|    learning_rate        | 0.0003      |
|    loss                 | -0.0183     |
|    n_updates            | 210         |
|    policy_gradient_loss | -0.0271     |
|    std                  | 0.958       |
|    value_loss           | 0.00385     |
-----------------------------------------
-----------------------------------------
| rollout/                |             |
|    ep_len_mean          | 197         |
|    ep_rew_mean          | -218        |
| time/                   |             |
|    fps                  | 75          |
|    iterations           | 23          |
|    time_elapsed         | 625         |
|    total_timesteps      | 47104       |
| train/                  |             |
|    approx_kl            | 0.016801227 |
|    clip_fraction        | 0.203       |
|    clip_range           | 0.2         |
|    entropy_loss         | -9.6        |
|    explained_variance   | 0.583       |
|    learning_rate        | 0.0003      |
|    loss                 | -0.0507     |
|    n_updates            | 220         |
|    policy_gradient_loss | -0.0264     |
|    std                  | 0.952       |
|    value_loss           | 0.00296     |
-----------------------------------------
-----------------------------------------
| rollout/                |             |
|    ep_len_mean          | 195         |
|    ep_rew_mean          | -210        |
| time/                   |             |
|    fps                  | 75          |
|    iterations           | 24          |
|    time_elapsed         | 654         |
|    total_timesteps      | 49152       |
| train/                  |             |
|    approx_kl            | 0.016888566 |
|    clip_fraction        | 0.199       |
|    clip_range           | 0.2         |
|    entropy_loss         | -9.57       |
|    explained_variance   | 0.451       |
|    learning_rate        | 0.0003      |
|    loss                 | -0.0331     |
|    n_updates            | 230         |
|    policy_gradient_loss | -0.028      |
|    std                  | 0.949       |
|    value_loss           | 0.00244     |
-----------------------------------------
-----------------------------------------
| rollout/                |             |
|    ep_len_mean          | 195         |
|    ep_rew_mean          | -203        |
| time/                   |             |
|    fps                  | 74          |
|    iterations           | 25          |
|    time_elapsed         | 683         |
|    total_timesteps      | 51200       |
| train/                  |             |
|    approx_kl            | 0.016167797 |
|    clip_fraction        | 0.171       |
|    clip_range           | 0.2         |
|    entropy_loss         | -9.56       |
|    explained_variance   | 0.371       |
|    learning_rate        | 0.0003      |
|    loss                 | -0.0467     |
|    n_updates            | 240         |
|    policy_gradient_loss | -0.0288     |
|    std                  | 0.948       |
|    value_loss           | 0.00397     |
-----------------------------------------
-----------------------------------------
| rollout/                |             |
|    ep_len_mean          | 194         |
|    ep_rew_mean          | -201        |
| time/                   |             |
|    fps                  | 74          |
|    iterations           | 26          |
|    time_elapsed         | 713         |
|    total_timesteps      | 53248       |
| train/                  |             |
|    approx_kl            | 0.017040748 |
|    clip_fraction        | 0.192       |
|    clip_range           | 0.2         |
|    entropy_loss         | -9.56       |
|    explained_variance   | 0.53        |
|    learning_rate        | 0.0003      |
|    loss                 | -0.0513     |
|    n_updates            | 250         |
|    policy_gradient_loss | -0.0335     |
|    std                  | 0.949       |
|    value_loss           | 0.00306     |
-----------------------------------------
-----------------------------------------
| rollout/                |             |
|    ep_len_mean          | 194         |
|    ep_rew_mean          | -200        |
| time/                   |             |
|    fps                  | 74          |
|    iterations           | 27          |
|    time_elapsed         | 742         |
|    total_timesteps      | 55296       |
| train/                  |             |
|    approx_kl            | 0.017456077 |
|    clip_fraction        | 0.19        |
|    clip_range           | 0.2         |
|    entropy_loss         | -9.54       |
|    explained_variance   | 0.423       |
|    learning_rate        | 0.0003      |
|    loss                 | -0.0351     |
|    n_updates            | 260         |
|    policy_gradient_loss | -0.0326     |
|    std                  | 0.944       |
|    value_loss           | 0.00623     |
-----------------------------------------
-----------------------------------------
| rollout/                |             |
|    ep_len_mean          | 194         |
|    ep_rew_mean          | -196        |
| time/                   |             |
|    fps                  | 74          |
|    iterations           | 28          |
|    time_elapsed         | 772         |
|    total_timesteps      | 57344       |
| train/                  |             |
|    approx_kl            | 0.017502328 |
|    clip_fraction        | 0.208       |
|    clip_range           | 0.2         |
|    entropy_loss         | -9.54       |
|    explained_variance   | 0.778       |
|    learning_rate        | 0.0003      |
|    loss                 | -0.0337     |
|    n_updates            | 270         |
|    policy_gradient_loss | -0.0317     |
|    std                  | 0.948       |
|    value_loss           | 0.00497     |
-----------------------------------------
-----------------------------------------
| rollout/                |             |
|    ep_len_mean          | 192         |
|    ep_rew_mean          | -188        |
| time/                   |             |
|    fps                  | 74          |
|    iterations           | 29          |
|    time_elapsed         | 801         |
|    total_timesteps      | 59392       |
| train/                  |             |
|    approx_kl            | 0.015294179 |
|    clip_fraction        | 0.18        |
|    clip_range           | 0.2         |
|    entropy_loss         | -9.55       |
|    explained_variance   | 0.599       |
|    learning_rate        | 0.0003      |
|    loss                 | -0.0223     |
|    n_updates            | 280         |
|    policy_gradient_loss | -0.0275     |
|    std                  | 0.948       |
|    value_loss           | 0.0083      |
-----------------------------------------
----------------------------------------
| rollout/                |            |
|    ep_len_mean          | 189        |
|    ep_rew_mean          | -179       |
| time/                   |            |
|    fps                  | 73         |
|    iterations           | 30         |
|    time_elapsed         | 831        |
|    total_timesteps      | 61440      |
| train/                  |            |
|    approx_kl            | 0.01513796 |
|    clip_fraction        | 0.185      |
|    clip_range           | 0.2        |
|    entropy_loss         | -9.53      |
|    explained_variance   | 0.666      |
|    learning_rate        | 0.0003     |
|    loss                 | -0.0381    |
|    n_updates            | 290        |
|    policy_gradient_loss | -0.032     |
|    std                  | 0.943      |
|    value_loss           | 0.00566    |
----------------------------------------
-----------------------------------------
| rollout/                |             |
|    ep_len_mean          | 191         |
|    ep_rew_mean          | -179        |
| time/                   |             |
|    fps                  | 73          |
|    iterations           | 31          |
|    time_elapsed         | 861         |
|    total_timesteps      | 63488       |
| train/                  |             |
|    approx_kl            | 0.018259052 |
|    clip_fraction        | 0.197       |
|    clip_range           | 0.2         |
|    entropy_loss         | -9.48       |
|    explained_variance   | 0.492       |
|    learning_rate        | 0.0003      |
|    loss                 | -0.0406     |
|    n_updates            | 300         |
|    policy_gradient_loss | -0.028      |
|    std                  | 0.935       |
|    value_loss           | 0.0107      |
-----------------------------------------
-----------------------------------------
| rollout/                |             |
|    ep_len_mean          | 186         |
|    ep_rew_mean          | -173        |
| time/                   |             |
|    fps                  | 73          |
|    iterations           | 32          |
|    time_elapsed         | 890         |
|    total_timesteps      | 65536       |
| train/                  |             |
|    approx_kl            | 0.015599154 |
|    clip_fraction        | 0.185       |
|    clip_range           | 0.2         |
|    entropy_loss         | -9.44       |
|    explained_variance   | 0.703       |
|    learning_rate        | 0.0003      |
|    loss                 | -0.0601     |
|    n_updates            | 310         |
|    policy_gradient_loss | -0.0313     |
|    std                  | 0.932       |
|    value_loss           | 0.00568     |
-----------------------------------------
-----------------------------------------
| rollout/                |             |
|    ep_len_mean          | 186         |
|    ep_rew_mean          | -168        |
| time/                   |             |
|    fps                  | 73          |
|    iterations           | 33          |
|    time_elapsed         | 920         |
|    total_timesteps      | 67584       |
| train/                  |             |
|    approx_kl            | 0.015150221 |
|    clip_fraction        | 0.163       |
|    clip_range           | 0.2         |
|    entropy_loss         | -9.42       |
|    explained_variance   | 0.496       |
|    learning_rate        | 0.0003      |
|    loss                 | -0.0301     |
|    n_updates            | 320         |
|    policy_gradient_loss | -0.0247     |
|    std                  | 0.929       |
|    value_loss           | 0.0106      |
-----------------------------------------
-----------------------------------------
| rollout/                |             |
|    ep_len_mean          | 184         |
|    ep_rew_mean          | -158        |
| time/                   |             |
|    fps                  | 73          |
|    iterations           | 34          |
|    time_elapsed         | 950         |
|    total_timesteps      | 69632       |
| train/                  |             |
|    approx_kl            | 0.021705339 |
|    clip_fraction        | 0.226       |
|    clip_range           | 0.2         |
|    entropy_loss         | -9.38       |
|    explained_variance   | 0.673       |
|    learning_rate        | 0.0003      |
|    loss                 | -0.0542     |
|    n_updates            | 330         |
|    policy_gradient_loss | -0.0323     |
|    std                  | 0.924       |
|    value_loss           | 0.0095      |
-----------------------------------------
----------------------------------------
| rollout/                |            |
|    ep_len_mean          | 181        |
|    ep_rew_mean          | -145       |
| time/                   |            |
|    fps                  | 73         |
|    iterations           | 35         |
|    time_elapsed         | 980        |
|    total_timesteps      | 71680      |
| train/                  |            |
|    approx_kl            | 0.01889753 |
|    clip_fraction        | 0.203      |
|    clip_range           | 0.2        |
|    entropy_loss         | -9.37      |
|    explained_variance   | 0.422      |
|    learning_rate        | 0.0003     |
|    loss                 | -0.0423    |
|    n_updates            | 340        |
|    policy_gradient_loss | -0.0326    |
|    std                  | 0.922      |
|    value_loss           | 0.00809    |
----------------------------------------
-----------------------------------------
| rollout/                |             |
|    ep_len_mean          | 178         |
|    ep_rew_mean          | -130        |
| time/                   |             |
|    fps                  | 72          |
|    iterations           | 36          |
|    time_elapsed         | 1010        |
|    total_timesteps      | 73728       |
| train/                  |             |
|    approx_kl            | 0.015357312 |
|    clip_fraction        | 0.163       |
|    clip_range           | 0.2         |
|    entropy_loss         | -9.32       |
|    explained_variance   | 0.742       |
|    learning_rate        | 0.0003      |
|    loss                 | -0.045      |
|    n_updates            | 350         |
|    policy_gradient_loss | -0.0241     |
|    std                  | 0.914       |
|    value_loss           | 0.0101      |
-----------------------------------------
----------------------------------------
| rollout/                |            |
|    ep_len_mean          | 177        |
|    ep_rew_mean          | -120       |
| time/                   |            |
|    fps                  | 72         |
|    iterations           | 37         |
|    time_elapsed         | 1039       |
|    total_timesteps      | 75776      |
| train/                  |            |
|    approx_kl            | 0.01599091 |
|    clip_fraction        | 0.172      |
|    clip_range           | 0.2        |
|    entropy_loss         | -9.26      |
|    explained_variance   | 0.381      |
|    learning_rate        | 0.0003     |
|    loss                 | -0.0345    |
|    n_updates            | 360        |
|    policy_gradient_loss | -0.0246    |
|    std                  | 0.906      |
|    value_loss           | 0.00883    |
----------------------------------------
-----------------------------------------
| rollout/                |             |
|    ep_len_mean          | 174         |
|    ep_rew_mean          | -118        |
| time/                   |             |
|    fps                  | 72          |
|    iterations           | 38          |
|    time_elapsed         | 1069        |
|    total_timesteps      | 77824       |
| train/                  |             |
|    approx_kl            | 0.014721539 |
|    clip_fraction        | 0.177       |
|    clip_range           | 0.2         |
|    entropy_loss         | -9.24       |
|    explained_variance   | 0.527       |
|    learning_rate        | 0.0003      |
|    loss                 | 0.00256     |
|    n_updates            | 370         |
|    policy_gradient_loss | -0.0223     |
|    std                  | 0.908       |
|    value_loss           | 0.00512     |
-----------------------------------------
-----------------------------------------
| rollout/                |             |
|    ep_len_mean          | 167         |
|    ep_rew_mean          | -106        |
| time/                   |             |
|    fps                  | 72          |
|    iterations           | 39          |
|    time_elapsed         | 1099        |
|    total_timesteps      | 79872       |
| train/                  |             |
|    approx_kl            | 0.017361537 |
|    clip_fraction        | 0.19        |
|    clip_range           | 0.2         |
|    entropy_loss         | -9.22       |
|    explained_variance   | 0.616       |
|    learning_rate        | 0.0003      |
|    loss                 | 0.0107      |
|    n_updates            | 380         |
|    policy_gradient_loss | -0.0241     |
|    std                  | 0.902       |
|    value_loss           | 0.011       |
-----------------------------------------
----------------------------------------
| rollout/                |            |
|    ep_len_mean          | 159        |
|    ep_rew_mean          | -95.9      |
| time/                   |            |
|    fps                  | 72         |
|    iterations           | 40         |
|    time_elapsed         | 1129       |
|    total_timesteps      | 81920      |
| train/                  |            |
|    approx_kl            | 0.01445328 |
|    clip_fraction        | 0.165      |
|    clip_range           | 0.2        |
|    entropy_loss         | -9.17      |
|    explained_variance   | 0.628      |
|    learning_rate        | 0.0003     |
|    loss                 | -0.0179    |
|    n_updates            | 390        |
|    policy_gradient_loss | -0.0246    |
|    std                  | 0.896      |
|    value_loss           | 0.0114     |
----------------------------------------
-----------------------------------------
| rollout/                |             |
|    ep_len_mean          | 155         |
|    ep_rew_mean          | -91.6       |
| time/                   |             |
|    fps                  | 72          |
|    iterations           | 41          |
|    time_elapsed         | 1159        |
|    total_timesteps      | 83968       |
| train/                  |             |
|    approx_kl            | 0.013998179 |
|    clip_fraction        | 0.171       |
|    clip_range           | 0.2         |
|    entropy_loss         | -9.13       |
|    explained_variance   | 0.81        |
|    learning_rate        | 0.0003      |
|    loss                 | -0.0415     |
|    n_updates            | 400         |
|    policy_gradient_loss | -0.021      |
|    std                  | 0.89        |
|    value_loss           | 0.0124      |
-----------------------------------------
-----------------------------------------
| rollout/                |             |
|    ep_len_mean          | 152         |
|    ep_rew_mean          | -86.5       |
| time/                   |             |
|    fps                  | 72          |
|    iterations           | 42          |
|    time_elapsed         | 1189        |
|    total_timesteps      | 86016       |
| train/                  |             |
|    approx_kl            | 0.015417061 |
|    clip_fraction        | 0.183       |
|    clip_range           | 0.2         |
|    entropy_loss         | -9.08       |
|    explained_variance   | 0.792       |
|    learning_rate        | 0.0003      |
|    loss                 | -0.0465     |
|    n_updates            | 410         |
|    policy_gradient_loss | -0.0247     |
|    std                  | 0.882       |
|    value_loss           | 0.0122      |
-----------------------------------------
-----------------------------------------
| rollout/                |             |
|    ep_len_mean          | 149         |
|    ep_rew_mean          | -86         |
| time/                   |             |
|    fps                  | 72          |
|    iterations           | 43          |
|    time_elapsed         | 1220        |
|    total_timesteps      | 88064       |
| train/                  |             |
|    approx_kl            | 0.013093669 |
|    clip_fraction        | 0.183       |
|    clip_range           | 0.2         |
|    entropy_loss         | -9.02       |
|    explained_variance   | 0.524       |
|    learning_rate        | 0.0003      |
|    loss                 | -0.0304     |
|    n_updates            | 420         |
|    policy_gradient_loss | -0.0254     |
|    std                  | 0.876       |
|    value_loss           | 0.00864     |
-----------------------------------------
-----------------------------------------
| rollout/                |             |
|    ep_len_mean          | 141         |
|    ep_rew_mean          | -80         |
| time/                   |             |
|    fps                  | 72          |
|    iterations           | 44          |
|    time_elapsed         | 1250        |
|    total_timesteps      | 90112       |
| train/                  |             |
|    approx_kl            | 0.015982423 |
|    clip_fraction        | 0.169       |
|    clip_range           | 0.2         |
|    entropy_loss         | -8.98       |
|    explained_variance   | 0.816       |
|    learning_rate        | 0.0003      |
|    loss                 | -0.0455     |
|    n_updates            | 430         |
|    policy_gradient_loss | -0.027      |
|    std                  | 0.872       |
|    value_loss           | 0.0101      |
-----------------------------------------
-----------------------------------------
| rollout/                |             |
|    ep_len_mean          | 139         |
|    ep_rew_mean          | -72.5       |
| time/                   |             |
|    fps                  | 71          |
|    iterations           | 45          |
|    time_elapsed         | 1280        |
|    total_timesteps      | 92160       |
| train/                  |             |
|    approx_kl            | 0.013463949 |
|    clip_fraction        | 0.166       |
|    clip_range           | 0.2         |
|    entropy_loss         | -8.95       |
|    explained_variance   | 0.563       |
|    learning_rate        | 0.0003      |
|    loss                 | -0.0304     |
|    n_updates            | 440         |
|    policy_gradient_loss | -0.0209     |
|    std                  | 0.869       |
|    value_loss           | 0.00888     |
-----------------------------------------
-----------------------------------------
| rollout/                |             |
|    ep_len_mean          | 141         |
|    ep_rew_mean          | -73.3       |
| time/                   |             |
|    fps                  | 71          |
|    iterations           | 46          |
|    time_elapsed         | 1310        |
|    total_timesteps      | 94208       |
| train/                  |             |
|    approx_kl            | 0.016180757 |
|    clip_fraction        | 0.179       |
|    clip_range           | 0.2         |
|    entropy_loss         | -8.91       |
|    explained_variance   | 0.549       |
|    learning_rate        | 0.0003      |
|    loss                 | 0.00126     |
|    n_updates            | 450         |
|    policy_gradient_loss | -0.0242     |
|    std                  | 0.862       |
|    value_loss           | 0.00997     |
-----------------------------------------
-----------------------------------------
| rollout/                |             |
|    ep_len_mean          | 138         |
|    ep_rew_mean          | -67.7       |
| time/                   |             |
|    fps                  | 71          |
|    iterations           | 47          |
|    time_elapsed         | 1340        |
|    total_timesteps      | 96256       |
| train/                  |             |
|    approx_kl            | 0.014799243 |
|    clip_fraction        | 0.187       |
|    clip_range           | 0.2         |
|    entropy_loss         | -8.88       |
|    explained_variance   | 0.836       |
|    learning_rate        | 0.0003      |
|    loss                 | -0.00497    |
|    n_updates            | 460         |
|    policy_gradient_loss | -0.0279     |
|    std                  | 0.86        |
|    value_loss           | 0.00815     |
-----------------------------------------
-----------------------------------------
| rollout/                |             |
|    ep_len_mean          | 136         |
|    ep_rew_mean          | -63.9       |
| time/                   |             |
|    fps                  | 71          |
|    iterations           | 48          |
|    time_elapsed         | 1371        |
|    total_timesteps      | 98304       |
| train/                  |             |
|    approx_kl            | 0.014967649 |
|    clip_fraction        | 0.187       |
|    clip_range           | 0.2         |
|    entropy_loss         | -8.86       |
|    explained_variance   | 0.492       |
|    learning_rate        | 0.0003      |
|    loss                 | -0.0485     |
|    n_updates            | 470         |
|    policy_gradient_loss | -0.0251     |
|    std                  | 0.859       |
|    value_loss           | 0.00891     |
-----------------------------------------
-----------------------------------------
| rollout/                |             |
|    ep_len_mean          | 128         |
|    ep_rew_mean          | -58.8       |
| time/                   |             |
|    fps                  | 71          |
|    iterations           | 49          |
|    time_elapsed         | 1401        |
|    total_timesteps      | 100352      |
| train/                  |             |
|    approx_kl            | 0.016505625 |
|    clip_fraction        | 0.188       |
|    clip_range           | 0.2         |
|    entropy_loss         | -8.85       |
|    explained_variance   | 0.819       |
|    learning_rate        | 0.0003      |
|    loss                 | -0.0134     |
|    n_updates            | 480         |
|    policy_gradient_loss | -0.0232     |
|    std                  | 0.857       |
|    value_loss           | 0.00757     |
-----------------------------------------
-----------------------------------------
| rollout/                |             |
|    ep_len_mean          | 125         |
|    ep_rew_mean          | -53.2       |
| time/                   |             |
|    fps                  | 71          |
|    iterations           | 50          |
|    time_elapsed         | 1432        |
|    total_timesteps      | 102400      |
| train/                  |             |
|    approx_kl            | 0.015053658 |
|    clip_fraction        | 0.198       |
|    clip_range           | 0.2         |
|    entropy_loss         | -8.82       |
|    explained_variance   | 0.84        |
|    learning_rate        | 0.0003      |
|    loss                 | -0.0415     |
|    n_updates            | 490         |
|    policy_gradient_loss | -0.0265     |
|    std                  | 0.852       |
|    value_loss           | 0.00993     |
-----------------------------------------
-----------------------------------------
| rollout/                |             |
|    ep_len_mean          | 117         |
|    ep_rew_mean          | -48.1       |
| time/                   |             |
|    fps                  | 71          |
|    iterations           | 51          |
|    time_elapsed         | 1462        |
|    total_timesteps      | 104448      |
| train/                  |             |
|    approx_kl            | 0.016142474 |
|    clip_fraction        | 0.188       |
|    clip_range           | 0.2         |
|    entropy_loss         | -8.79       |
|    explained_variance   | 0.53        |
|    learning_rate        | 0.0003      |
|    loss                 | -0.0266     |
|    n_updates            | 500         |
|    policy_gradient_loss | -0.0258     |
|    std                  | 0.849       |
|    value_loss           | 0.00782     |
-----------------------------------------
-----------------------------------------
| rollout/                |             |
|    ep_len_mean          | 114         |
|    ep_rew_mean          | -45         |
| time/                   |             |
|    fps                  | 71          |
|    iterations           | 52          |
|    time_elapsed         | 1492        |
|    total_timesteps      | 106496      |
| train/                  |             |
|    approx_kl            | 0.014833142 |
|    clip_fraction        | 0.189       |
|    clip_range           | 0.2         |
|    entropy_loss         | -8.75       |
|    explained_variance   | 0.562       |
|    learning_rate        | 0.0003      |
|    loss                 | -0.0336     |
|    n_updates            | 510         |
|    policy_gradient_loss | -0.0245     |
|    std                  | 0.844       |
|    value_loss           | 0.00859     |
-----------------------------------------
-----------------------------------------
| rollout/                |             |
|    ep_len_mean          | 112         |
|    ep_rew_mean          | -42.5       |
| time/                   |             |
|    fps                  | 71          |
|    iterations           | 53          |
|    time_elapsed         | 1523        |
|    total_timesteps      | 108544      |
| train/                  |             |
|    approx_kl            | 0.016391598 |
|    clip_fraction        | 0.196       |
|    clip_range           | 0.2         |
|    entropy_loss         | -8.72       |
|    explained_variance   | 0.472       |
|    learning_rate        | 0.0003      |
|    loss                 | -0.0381     |
|    n_updates            | 520         |
|    policy_gradient_loss | -0.0247     |
|    std                  | 0.839       |
|    value_loss           | 0.00588     |
-----------------------------------------
-----------------------------------------
| rollout/                |             |
|    ep_len_mean          | 113         |
|    ep_rew_mean          | -42         |
| time/                   |             |
|    fps                  | 71          |
|    iterations           | 54          |
|    time_elapsed         | 1553        |
|    total_timesteps      | 110592      |
| train/                  |             |
|    approx_kl            | 0.015635384 |
|    clip_fraction        | 0.183       |
|    clip_range           | 0.2         |
|    entropy_loss         | -8.67       |
|    explained_variance   | 0.582       |
|    learning_rate        | 0.0003      |
|    loss                 | -0.0371     |
|    n_updates            | 530         |
|    policy_gradient_loss | -0.0249     |
|    std                  | 0.833       |
|    value_loss           | 0.00633     |
-----------------------------------------
-----------------------------------------
| rollout/                |             |
|    ep_len_mean          | 114         |
|    ep_rew_mean          | -39.8       |
| time/                   |             |
|    fps                  | 71          |
|    iterations           | 55          |
|    time_elapsed         | 1584        |
|    total_timesteps      | 112640      |
| train/                  |             |
|    approx_kl            | 0.014353049 |
|    clip_fraction        | 0.173       |
|    clip_range           | 0.2         |
|    entropy_loss         | -8.61       |
|    explained_variance   | 0.608       |
|    learning_rate        | 0.0003      |
|    loss                 | -0.0218     |
|    n_updates            | 540         |
|    policy_gradient_loss | -0.0191     |
|    std                  | 0.825       |
|    value_loss           | 0.00587     |
-----------------------------------------
-----------------------------------------
| rollout/                |             |
|    ep_len_mean          | 108         |
|    ep_rew_mean          | -35.9       |
| time/                   |             |
|    fps                  | 71          |
|    iterations           | 56          |
|    time_elapsed         | 1615        |
|    total_timesteps      | 114688      |
| train/                  |             |
|    approx_kl            | 0.013305371 |
|    clip_fraction        | 0.164       |
|    clip_range           | 0.2         |
|    entropy_loss         | -8.56       |
|    explained_variance   | 0.54        |
|    learning_rate        | 0.0003      |
|    loss                 | -0.0381     |
|    n_updates            | 550         |
|    policy_gradient_loss | -0.0207     |
|    std                  | 0.821       |
|    value_loss           | 0.00494     |
-----------------------------------------
-----------------------------------------
| rollout/                |             |
|    ep_len_mean          | 105         |
|    ep_rew_mean          | -36.8       |
| time/                   |             |
|    fps                  | 70          |
|    iterations           | 57          |
|    time_elapsed         | 1645        |
|    total_timesteps      | 116736      |
| train/                  |             |
|    approx_kl            | 0.017866844 |
|    clip_fraction        | 0.218       |
|    clip_range           | 0.2         |
|    entropy_loss         | -8.52       |
|    explained_variance   | 0.531       |
|    learning_rate        | 0.0003      |
|    loss                 | -0.0546     |
|    n_updates            | 560         |
|    policy_gradient_loss | -0.0264     |
|    std                  | 0.816       |
|    value_loss           | 0.0067      |
-----------------------------------------
-----------------------------------------
| rollout/                |             |
|    ep_len_mean          | 103         |
|    ep_rew_mean          | -35.8       |
| time/                   |             |
|    fps                  | 70          |
|    iterations           | 58          |
|    time_elapsed         | 1676        |
|    total_timesteps      | 118784      |
| train/                  |             |
|    approx_kl            | 0.018050905 |
|    clip_fraction        | 0.236       |
|    clip_range           | 0.2         |
|    entropy_loss         | -8.49       |
|    explained_variance   | 0.844       |
|    learning_rate        | 0.0003      |
|    loss                 | -0.0278     |
|    n_updates            | 570         |
|    policy_gradient_loss | -0.0296     |
|    std                  | 0.815       |
|    value_loss           | 0.00789     |
-----------------------------------------
-----------------------------------------
| rollout/                |             |
|    ep_len_mean          | 97.6        |
|    ep_rew_mean          | -35.2       |
| time/                   |             |
|    fps                  | 70          |
|    iterations           | 59          |
|    time_elapsed         | 1707        |
|    total_timesteps      | 120832      |
| train/                  |             |
|    approx_kl            | 0.016298747 |
|    clip_fraction        | 0.188       |
|    clip_range           | 0.2         |
|    entropy_loss         | -8.48       |
|    explained_variance   | 0.589       |
|    learning_rate        | 0.0003      |
|    loss                 | -0.0501     |
|    n_updates            | 580         |
|    policy_gradient_loss | -0.0238     |
|    std                  | 0.812       |
|    value_loss           | 0.00611     |
-----------------------------------------
----------------------------------------
| rollout/                |            |
|    ep_len_mean          | 97.9       |
|    ep_rew_mean          | -39.3      |
| time/                   |            |
|    fps                  | 70         |
|    iterations           | 60         |
|    time_elapsed         | 1737       |
|    total_timesteps      | 122880     |
| train/                  |            |
|    approx_kl            | 0.01577001 |
|    clip_fraction        | 0.19       |
|    clip_range           | 0.2        |
|    entropy_loss         | -8.45      |
|    explained_variance   | 0.863      |
|    learning_rate        | 0.0003     |
|    loss                 | -0.0158    |
|    n_updates            | 590        |
|    policy_gradient_loss | -0.0227    |
|    std                  | 0.809      |
|    value_loss           | 0.00671    |
----------------------------------------
-----------------------------------------
| rollout/                |             |
|    ep_len_mean          | 103         |
|    ep_rew_mean          | -43         |
| time/                   |             |
|    fps                  | 70          |
|    iterations           | 61          |
|    time_elapsed         | 1768        |
|    total_timesteps      | 124928      |
| train/                  |             |
|    approx_kl            | 0.016768968 |
|    clip_fraction        | 0.199       |
|    clip_range           | 0.2         |
|    entropy_loss         | -8.41       |
|    explained_variance   | 0.886       |
|    learning_rate        | 0.0003      |
|    loss                 | -0.0198     |
|    n_updates            | 600         |
|    policy_gradient_loss | -0.0275     |
|    std                  | 0.804       |
|    value_loss           | 0.00568     |
-----------------------------------------
-----------------------------------------
| rollout/                |             |
|    ep_len_mean          | 94.8        |
|    ep_rew_mean          | -37.9       |
| time/                   |             |
|    fps                  | 70          |
|    iterations           | 62          |
|    time_elapsed         | 1799        |
|    total_timesteps      | 126976      |
| train/                  |             |
|    approx_kl            | 0.018392317 |
|    clip_fraction        | 0.208       |
|    clip_range           | 0.2         |
|    entropy_loss         | -8.38       |
|    explained_variance   | 0.828       |
|    learning_rate        | 0.0003      |
|    loss                 | -0.0653     |
|    n_updates            | 610         |
|    policy_gradient_loss | -0.0275     |
|    std                  | 0.8         |
|    value_loss           | 0.0105      |
-----------------------------------------
-----------------------------------------
| rollout/                |             |
|    ep_len_mean          | 91.6        |
|    ep_rew_mean          | -33.8       |
| time/                   |             |
|    fps                  | 70          |
|    iterations           | 63          |
|    time_elapsed         | 1830        |
|    total_timesteps      | 129024      |
| train/                  |             |
|    approx_kl            | 0.015974814 |
|    clip_fraction        | 0.204       |
|    clip_range           | 0.2         |
|    entropy_loss         | -8.33       |
|    explained_variance   | 0.886       |
|    learning_rate        | 0.0003      |
|    loss                 | -0.0129     |
|    n_updates            | 620         |
|    policy_gradient_loss | -0.0286     |
|    std                  | 0.794       |
|    value_loss           | 0.00467     |
-----------------------------------------
-----------------------------------------
| rollout/                |             |
|    ep_len_mean          | 82.6        |
|    ep_rew_mean          | -27.4       |
| time/                   |             |
|    fps                  | 70          |
|    iterations           | 64          |
|    time_elapsed         | 1862        |
|    total_timesteps      | 131072      |
| train/                  |             |
|    approx_kl            | 0.016572123 |
|    clip_fraction        | 0.188       |
|    clip_range           | 0.2         |
|    entropy_loss         | -8.3        |
|    explained_variance   | 0.528       |
|    learning_rate        | 0.0003      |
|    loss                 | -0.0218     |
|    n_updates            | 630         |
|    policy_gradient_loss | -0.0218     |
|    std                  | 0.793       |
|    value_loss           | 0.0054      |
-----------------------------------------
-----------------------------------------
| rollout/                |             |
|    ep_len_mean          | 76.5        |
|    ep_rew_mean          | -19.9       |
| time/                   |             |
|    fps                  | 70          |
|    iterations           | 65          |
|    time_elapsed         | 1893        |
|    total_timesteps      | 133120      |
| train/                  |             |
|    approx_kl            | 0.018053621 |
|    clip_fraction        | 0.192       |
|    clip_range           | 0.2         |
|    entropy_loss         | -8.26       |
|    explained_variance   | 0.891       |
|    learning_rate        | 0.0003      |
|    loss                 | -0.0294     |
|    n_updates            | 640         |
|    policy_gradient_loss | -0.0284     |
|    std                  | 0.784       |
|    value_loss           | 0.00801     |
-----------------------------------------
----------------------------------------
| rollout/                |            |
|    ep_len_mean          | 77.1       |
|    ep_rew_mean          | -22.7      |
| time/                   |            |
|    fps                  | 70         |
|    iterations           | 66         |
|    time_elapsed         | 1924       |
|    total_timesteps      | 135168     |
| train/                  |            |
|    approx_kl            | 0.01505173 |
|    clip_fraction        | 0.177      |
|    clip_range           | 0.2        |
|    entropy_loss         | -8.2       |
|    explained_variance   | 0.526      |
|    learning_rate        | 0.0003     |
|    loss                 | -0.0222    |
|    n_updates            | 650        |
|    policy_gradient_loss | -0.0248    |
|    std                  | 0.779      |
|    value_loss           | 0.00404    |
----------------------------------------
-----------------------------------------
| rollout/                |             |
|    ep_len_mean          | 78.4        |
|    ep_rew_mean          | -22.8       |
| time/                   |             |
|    fps                  | 70          |
|    iterations           | 67          |
|    time_elapsed         | 1955        |
|    total_timesteps      | 137216      |
| train/                  |             |
|    approx_kl            | 0.016128492 |
|    clip_fraction        | 0.194       |
|    clip_range           | 0.2         |
|    entropy_loss         | -8.19       |
|    explained_variance   | 0.884       |
|    learning_rate        | 0.0003      |
|    loss                 | 0.0132      |
|    n_updates            | 660         |
|    policy_gradient_loss | -0.0245     |
|    std                  | 0.78        |
|    value_loss           | 0.00837     |
-----------------------------------------
-----------------------------------------
| rollout/                |             |
|    ep_len_mean          | 71.7        |
|    ep_rew_mean          | -17.8       |
| time/                   |             |
|    fps                  | 70          |
|    iterations           | 68          |
|    time_elapsed         | 1987        |
|    total_timesteps      | 139264      |
| train/                  |             |
|    approx_kl            | 0.014835348 |
|    clip_fraction        | 0.195       |
|    clip_range           | 0.2         |
|    entropy_loss         | -8.17       |
|    explained_variance   | 0.544       |
|    learning_rate        | 0.0003      |
|    loss                 | -0.0145     |
|    n_updates            | 670         |
|    policy_gradient_loss | -0.025      |
|    std                  | 0.776       |
|    value_loss           | 0.00515     |
-----------------------------------------
-----------------------------------------
| rollout/                |             |
|    ep_len_mean          | 71.2        |
|    ep_rew_mean          | -18.9       |
| time/                   |             |
|    fps                  | 70          |
|    iterations           | 69          |
|    time_elapsed         | 2018        |
|    total_timesteps      | 141312      |
| train/                  |             |
|    approx_kl            | 0.018018454 |
|    clip_fraction        | 0.216       |
|    clip_range           | 0.2         |
|    entropy_loss         | -8.13       |
|    explained_variance   | 0.595       |
|    learning_rate        | 0.0003      |
|    loss                 | -0.0373     |
|    n_updates            | 680         |
|    policy_gradient_loss | -0.0252     |
|    std                  | 0.771       |
|    value_loss           | 0.00338     |
-----------------------------------------
-----------------------------------------
| rollout/                |             |
|    ep_len_mean          | 68.9        |
|    ep_rew_mean          | -19.3       |
| time/                   |             |
|    fps                  | 69          |
|    iterations           | 70          |
|    time_elapsed         | 2049        |
|    total_timesteps      | 143360      |
| train/                  |             |
|    approx_kl            | 0.017603166 |
|    clip_fraction        | 0.203       |
|    clip_range           | 0.2         |
|    entropy_loss         | -8.1        |
|    explained_variance   | 0.882       |
|    learning_rate        | 0.0003      |
|    loss                 | -0.0337     |
|    n_updates            | 690         |
|    policy_gradient_loss | -0.0273     |
|    std                  | 0.769       |
|    value_loss           | 0.00776     |
-----------------------------------------
-----------------------------------------
| rollout/                |             |
|    ep_len_mean          | 69.2        |
|    ep_rew_mean          | -19.1       |
| time/                   |             |
|    fps                  | 69          |
|    iterations           | 71          |
|    time_elapsed         | 2080        |
|    total_timesteps      | 145408      |
| train/                  |             |
|    approx_kl            | 0.015959993 |
|    clip_fraction        | 0.189       |
|    clip_range           | 0.2         |
|    entropy_loss         | -8.06       |
|    explained_variance   | 0.773       |
|    learning_rate        | 0.0003      |
|    loss                 | -0.0133     |
|    n_updates            | 700         |
|    policy_gradient_loss | -0.0271     |
|    std                  | 0.764       |
|    value_loss           | 0.00493     |
-----------------------------------------
-----------------------------------------
| rollout/                |             |
|    ep_len_mean          | 65.1        |
|    ep_rew_mean          | -14.6       |
| time/                   |             |
|    fps                  | 69          |
|    iterations           | 72          |
|    time_elapsed         | 2112        |
|    total_timesteps      | 147456      |
| train/                  |             |
|    approx_kl            | 0.017958857 |
|    clip_fraction        | 0.216       |
|    clip_range           | 0.2         |
|    entropy_loss         | -8.02       |
|    explained_variance   | 0.613       |
|    learning_rate        | 0.0003      |
|    loss                 | -0.0354     |
|    n_updates            | 710         |
|    policy_gradient_loss | -0.0271     |
|    std                  | 0.759       |
|    value_loss           | 0.0035      |
-----------------------------------------
-----------------------------------------
| rollout/                |             |
|    ep_len_mean          | 64.6        |
|    ep_rew_mean          | -12.9       |
| time/                   |             |
|    fps                  | 69          |
|    iterations           | 73          |
|    time_elapsed         | 2143        |
|    total_timesteps      | 149504      |
| train/                  |             |
|    approx_kl            | 0.015384469 |
|    clip_fraction        | 0.2         |
|    clip_range           | 0.2         |
|    entropy_loss         | -7.98       |
|    explained_variance   | 0.591       |
|    learning_rate        | 0.0003      |
|    loss                 | -0.0191     |
|    n_updates            | 720         |
|    policy_gradient_loss | -0.0255     |
|    std                  | 0.757       |
|    value_loss           | 0.00456     |
-----------------------------------------
-----------------------------------------
| rollout/                |             |
|    ep_len_mean          | 64.8        |
|    ep_rew_mean          | -12.5       |
| time/                   |             |
|    fps                  | 69          |
|    iterations           | 74          |
|    time_elapsed         | 2174        |
|    total_timesteps      | 151552      |
| train/                  |             |
|    approx_kl            | 0.018207248 |
|    clip_fraction        | 0.225       |
|    clip_range           | 0.2         |
|    entropy_loss         | -7.95       |
|    explained_variance   | 0.517       |
|    learning_rate        | 0.0003      |
|    loss                 | -0.0274     |
|    n_updates            | 730         |
|    policy_gradient_loss | -0.0284     |
|    std                  | 0.752       |
|    value_loss           | 0.00467     |
-----------------------------------------
-----------------------------------------
| rollout/                |             |
|    ep_len_mean          | 60.3        |
|    ep_rew_mean          | -11.6       |
| time/                   |             |
|    fps                  | 69          |
|    iterations           | 75          |
|    time_elapsed         | 2206        |
|    total_timesteps      | 153600      |
| train/                  |             |
|    approx_kl            | 0.014262883 |
|    clip_fraction        | 0.164       |
|    clip_range           | 0.2         |
|    entropy_loss         | -7.94       |
|    explained_variance   | 0.639       |
|    learning_rate        | 0.0003      |
|    loss                 | -0.0168     |
|    n_updates            | 740         |
|    policy_gradient_loss | -0.0202     |
|    std                  | 0.752       |
|    value_loss           | 0.00383     |
-----------------------------------------
---------------------------------------
| rollout/                |           |
|    ep_len_mean          | 59.8      |
|    ep_rew_mean          | -12.7     |
| time/                   |           |
|    fps                  | 69        |
|    iterations           | 76        |
|    time_elapsed         | 2238      |
|    total_timesteps      | 155648    |
| train/                  |           |
|    approx_kl            | 0.0163402 |
|    clip_fraction        | 0.204     |
|    clip_range           | 0.2       |
|    entropy_loss         | -7.9      |
|    explained_variance   | 0.498     |
|    learning_rate        | 0.0003    |
|    loss                 | -0.0296   |
|    n_updates            | 750       |
|    policy_gradient_loss | -0.0263   |
|    std                  | 0.745     |
|    value_loss           | 0.00433   |
---------------------------------------
---------------------------------------
| rollout/                |           |
|    ep_len_mean          | 59.8      |
|    ep_rew_mean          | -13.8     |
| time/                   |           |
|    fps                  | 69        |
|    iterations           | 77        |
|    time_elapsed         | 2269      |
|    total_timesteps      | 157696    |
| train/                  |           |
|    approx_kl            | 0.0222409 |
|    clip_fraction        | 0.225     |
|    clip_range           | 0.2       |
|    entropy_loss         | -7.86     |
|    explained_variance   | 0.901     |
|    learning_rate        | 0.0003    |
|    loss                 | -0.0479   |
|    n_updates            | 760       |
|    policy_gradient_loss | -0.0305   |
|    std                  | 0.743     |
|    value_loss           | 0.00624   |
---------------------------------------
-----------------------------------------
| rollout/                |             |
|    ep_len_mean          | 63.5        |
|    ep_rew_mean          | -14.7       |
| time/                   |             |
|    fps                  | 69          |
|    iterations           | 78          |
|    time_elapsed         | 2300        |
|    total_timesteps      | 159744      |
| train/                  |             |
|    approx_kl            | 0.017007452 |
|    clip_fraction        | 0.196       |
|    clip_range           | 0.2         |
|    entropy_loss         | -7.84       |
|    explained_variance   | 0.874       |
|    learning_rate        | 0.0003      |
|    loss                 | -0.0646     |
|    n_updates            | 770         |
|    policy_gradient_loss | -0.0234     |
|    std                  | 0.741       |
|    value_loss           | 0.00411     |
-----------------------------------------
-----------------------------------------
| rollout/                |             |
|    ep_len_mean          | 62          |
|    ep_rew_mean          | -12.2       |
| time/                   |             |
|    fps                  | 69          |
|    iterations           | 79          |
|    time_elapsed         | 2332        |
|    total_timesteps      | 161792      |
| train/                  |             |
|    approx_kl            | 0.019732796 |
|    clip_fraction        | 0.236       |
|    clip_range           | 0.2         |
|    entropy_loss         | -7.81       |
|    explained_variance   | 0.521       |
|    learning_rate        | 0.0003      |
|    loss                 | -0.0488     |
|    n_updates            | 780         |
|    policy_gradient_loss | -0.0279     |
|    std                  | 0.736       |
|    value_loss           | 0.003       |
-----------------------------------------
----------------------------------------
| rollout/                |            |
|    ep_len_mean          | 57.1       |
|    ep_rew_mean          | -8.62      |
| time/                   |            |
|    fps                  | 69         |
|    iterations           | 80         |
|    time_elapsed         | 2364       |
|    total_timesteps      | 163840     |
| train/                  |            |
|    approx_kl            | 0.01791356 |
|    clip_fraction        | 0.201      |
|    clip_range           | 0.2        |
|    entropy_loss         | -7.76      |
|    explained_variance   | 0.436      |
|    learning_rate        | 0.0003     |
|    loss                 | -0.0455    |
|    n_updates            | 790        |
|    policy_gradient_loss | -0.024     |
|    std                  | 0.732      |
|    value_loss           | 0.00293    |
----------------------------------------
-----------------------------------------
| rollout/                |             |
|    ep_len_mean          | 55.1        |
|    ep_rew_mean          | -9.28       |
| time/                   |             |
|    fps                  | 69          |
|    iterations           | 81          |
|    time_elapsed         | 2395        |
|    total_timesteps      | 165888      |
| train/                  |             |
|    approx_kl            | 0.016476758 |
|    clip_fraction        | 0.212       |
|    clip_range           | 0.2         |
|    entropy_loss         | -7.73       |
|    explained_variance   | 0.441       |
|    learning_rate        | 0.0003      |
|    loss                 | -0.0149     |
|    n_updates            | 800         |
|    policy_gradient_loss | -0.0261     |
|    std                  | 0.729       |
|    value_loss           | 0.00287     |
-----------------------------------------
-----------------------------------------
| rollout/                |             |
|    ep_len_mean          | 56.2        |
|    ep_rew_mean          | -11.7       |
| time/                   |             |
|    fps                  | 69          |
|    iterations           | 82          |
|    time_elapsed         | 2427        |
|    total_timesteps      | 167936      |
| train/                  |             |
|    approx_kl            | 0.017433885 |
|    clip_fraction        | 0.223       |
|    clip_range           | 0.2         |
|    entropy_loss         | -7.7        |
|    explained_variance   | 0.574       |
|    learning_rate        | 0.0003      |
|    loss                 | -0.0395     |
|    n_updates            | 810         |
|    policy_gradient_loss | -0.0283     |
|    std                  | 0.726       |
|    value_loss           | 0.00449     |
-----------------------------------------
-----------------------------------------
| rollout/                |             |
|    ep_len_mean          | 56.2        |
|    ep_rew_mean          | -14.1       |
| time/                   |             |
|    fps                  | 69          |
|    iterations           | 83          |
|    time_elapsed         | 2459        |
|    total_timesteps      | 169984      |
| train/                  |             |
|    approx_kl            | 0.018843396 |
|    clip_fraction        | 0.212       |
|    clip_range           | 0.2         |
|    entropy_loss         | -7.69       |
|    explained_variance   | 0.867       |
|    learning_rate        | 0.0003      |
|    loss                 | -0.0378     |
|    n_updates            | 820         |
|    policy_gradient_loss | -0.0258     |
|    std                  | 0.726       |
|    value_loss           | 0.00407     |
-----------------------------------------
-----------------------------------------
| rollout/                |             |
|    ep_len_mean          | 54.8        |
|    ep_rew_mean          | -10.5       |
| time/                   |             |
|    fps                  | 69          |
|    iterations           | 84          |
|    time_elapsed         | 2491        |
|    total_timesteps      | 172032      |
| train/                  |             |
|    approx_kl            | 0.025312189 |
|    clip_fraction        | 0.242       |
|    clip_range           | 0.2         |
|    entropy_loss         | -7.67       |
|    explained_variance   | 0.894       |
|    learning_rate        | 0.0003      |
|    loss                 | -0.0493     |
|    n_updates            | 830         |
|    policy_gradient_loss | -0.0336     |
|    std                  | 0.722       |
|    value_loss           | 0.00648     |
-----------------------------------------
----------------------------------------
| rollout/                |            |
|    ep_len_mean          | 48.6       |
|    ep_rew_mean          | -5.6       |
| time/                   |            |
|    fps                  | 68         |
|    iterations           | 85         |
|    time_elapsed         | 2523       |
|    total_timesteps      | 174080     |
| train/                  |            |
|    approx_kl            | 0.01927434 |
|    clip_fraction        | 0.247      |
|    clip_range           | 0.2        |
|    entropy_loss         | -7.62      |
|    explained_variance   | 0.366      |
|    learning_rate        | 0.0003     |
|    loss                 | -0.0465    |
|    n_updates            | 840        |
|    policy_gradient_loss | -0.0302    |
|    std                  | 0.718      |
|    value_loss           | 0.00332    |
----------------------------------------
-----------------------------------------
| rollout/                |             |
|    ep_len_mean          | 47.6        |
|    ep_rew_mean          | -5.47       |
| time/                   |             |
|    fps                  | 68          |
|    iterations           | 86          |
|    time_elapsed         | 2555        |
|    total_timesteps      | 176128      |
| train/                  |             |
|    approx_kl            | 0.017040376 |
|    clip_fraction        | 0.208       |
|    clip_range           | 0.2         |
|    entropy_loss         | -7.59       |
|    explained_variance   | 0.475       |
|    learning_rate        | 0.0003      |
|    loss                 | -0.022      |
|    n_updates            | 850         |
|    policy_gradient_loss | -0.0273     |
|    std                  | 0.714       |
|    value_loss           | 0.00332     |
-----------------------------------------
-----------------------------------------
| rollout/                |             |
|    ep_len_mean          | 45          |
|    ep_rew_mean          | -4.23       |
| time/                   |             |
|    fps                  | 68          |
|    iterations           | 87          |
|    time_elapsed         | 2588        |
|    total_timesteps      | 178176      |
| train/                  |             |
|    approx_kl            | 0.014912274 |
|    clip_fraction        | 0.183       |
|    clip_range           | 0.2         |
|    entropy_loss         | -7.53       |
|    explained_variance   | 0.466       |
|    learning_rate        | 0.0003      |
|    loss                 | -0.029      |
|    n_updates            | 860         |
|    policy_gradient_loss | -0.0216     |
|    std                  | 0.708       |
|    value_loss           | 0.00331     |
-----------------------------------------
----------------------------------------
| rollout/                |            |
|    ep_len_mean          | 40.7       |
|    ep_rew_mean          | -3.37      |
| time/                   |            |
|    fps                  | 68         |
|    iterations           | 88         |
|    time_elapsed         | 2620       |
|    total_timesteps      | 180224     |
| train/                  |            |
|    approx_kl            | 0.01835142 |
|    clip_fraction        | 0.216      |
|    clip_range           | 0.2        |
|    entropy_loss         | -7.47      |
|    explained_variance   | 0.202      |
|    learning_rate        | 0.0003     |
|    loss                 | -0.0301    |
|    n_updates            | 870        |
|    policy_gradient_loss | -0.0264    |
|    std                  | 0.701      |
|    value_loss           | 0.00262    |
----------------------------------------
-----------------------------------------
| rollout/                |             |
|    ep_len_mean          | 43.1        |
|    ep_rew_mean          | -4.89       |
| time/                   |             |
|    fps                  | 68          |
|    iterations           | 89          |
|    time_elapsed         | 2653        |
|    total_timesteps      | 182272      |
| train/                  |             |
|    approx_kl            | 0.018016487 |
|    clip_fraction        | 0.232       |
|    clip_range           | 0.2         |
|    entropy_loss         | -7.42       |
|    explained_variance   | 0.466       |
|    learning_rate        | 0.0003      |
|    loss                 | -0.036      |
|    n_updates            | 880         |
|    policy_gradient_loss | -0.0291     |
|    std                  | 0.698       |
|    value_loss           | 0.00291     |
-----------------------------------------
-----------------------------------------
| rollout/                |             |
|    ep_len_mean          | 44.4        |
|    ep_rew_mean          | -7.36       |
| time/                   |             |
|    fps                  | 68          |
|    iterations           | 90          |
|    time_elapsed         | 2685        |
|    total_timesteps      | 184320      |
| train/                  |             |
|    approx_kl            | 0.017496604 |
|    clip_fraction        | 0.231       |
|    clip_range           | 0.2         |
|    entropy_loss         | -7.36       |
|    explained_variance   | 0.455       |
|    learning_rate        | 0.0003      |
|    loss                 | -0.0327     |
|    n_updates            | 890         |
|    policy_gradient_loss | -0.0293     |
|    std                  | 0.691       |
|    value_loss           | 0.00342     |
-----------------------------------------
-----------------------------------------
| rollout/                |             |
|    ep_len_mean          | 45.4        |
|    ep_rew_mean          | -6.84       |
| time/                   |             |
|    fps                  | 68          |
|    iterations           | 91          |
|    time_elapsed         | 2718        |
|    total_timesteps      | 186368      |
| train/                  |             |
|    approx_kl            | 0.022185888 |
|    clip_fraction        | 0.21        |
|    clip_range           | 0.2         |
|    entropy_loss         | -7.32       |
|    explained_variance   | 0.893       |
|    learning_rate        | 0.0003      |
|    loss                 | -0.0634     |
|    n_updates            | 900         |
|    policy_gradient_loss | -0.0303     |
|    std                  | 0.687       |
|    value_loss           | 0.00597     |
-----------------------------------------
-----------------------------------------
| rollout/                |             |
|    ep_len_mean          | 43.9        |
|    ep_rew_mean          | -4.07       |
| time/                   |             |
|    fps                  | 68          |
|    iterations           | 92          |
|    time_elapsed         | 2750        |
|    total_timesteps      | 188416      |
| train/                  |             |
|    approx_kl            | 0.019484378 |
|    clip_fraction        | 0.243       |
|    clip_range           | 0.2         |
|    entropy_loss         | -7.28       |
|    explained_variance   | 0.227       |
|    learning_rate        | 0.0003      |
|    loss                 | -0.033      |
|    n_updates            | 910         |
|    policy_gradient_loss | -0.0281     |
|    std                  | 0.684       |
|    value_loss           | 0.00336     |
-----------------------------------------
-----------------------------------------
| rollout/                |             |
|    ep_len_mean          | 42.6        |
|    ep_rew_mean          | -6.33       |
| time/                   |             |
|    fps                  | 68          |
|    iterations           | 93          |
|    time_elapsed         | 2783        |
|    total_timesteps      | 190464      |
| train/                  |             |
|    approx_kl            | 0.015661115 |
|    clip_fraction        | 0.211       |
|    clip_range           | 0.2         |
|    entropy_loss         | -7.26       |
|    explained_variance   | 0.341       |
|    learning_rate        | 0.0003      |
|    loss                 | -0.0276     |
|    n_updates            | 920         |
|    policy_gradient_loss | -0.0257     |
|    std                  | 0.682       |
|    value_loss           | 0.00336     |
-----------------------------------------
-----------------------------------------
| rollout/                |             |
|    ep_len_mean          | 42.1        |
|    ep_rew_mean          | -8.46       |
| time/                   |             |
|    fps                  | 68          |
|    iterations           | 94          |
|    time_elapsed         | 2816        |
|    total_timesteps      | 192512      |
| train/                  |             |
|    approx_kl            | 0.016920233 |
|    clip_fraction        | 0.193       |
|    clip_range           | 0.2         |
|    entropy_loss         | -7.25       |
|    explained_variance   | 0.933       |
|    learning_rate        | 0.0003      |
|    loss                 | -0.0287     |
|    n_updates            | 930         |
|    policy_gradient_loss | -0.0248     |
|    std                  | 0.683       |
|    value_loss           | 0.00637     |
-----------------------------------------
-----------------------------------------
| rollout/                |             |
|    ep_len_mean          | 46.6        |
|    ep_rew_mean          | -13.3       |
| time/                   |             |
|    fps                  | 68          |
|    iterations           | 95          |
|    time_elapsed         | 2848        |
|    total_timesteps      | 194560      |
| train/                  |             |
|    approx_kl            | 0.021934308 |
|    clip_fraction        | 0.251       |
|    clip_range           | 0.2         |
|    entropy_loss         | -7.25       |
|    explained_variance   | 0.948       |
|    learning_rate        | 0.0003      |
|    loss                 | -0.0389     |
|    n_updates            | 940         |
|    policy_gradient_loss | -0.0327     |
|    std                  | 0.682       |
|    value_loss           | 0.0106      |
-----------------------------------------
-----------------------------------------
| rollout/                |             |
|    ep_len_mean          | 44          |
|    ep_rew_mean          | -7.36       |
| time/                   |             |
|    fps                  | 68          |
|    iterations           | 96          |
|    time_elapsed         | 2881        |
|    total_timesteps      | 196608      |
| train/                  |             |
|    approx_kl            | 0.020498699 |
|    clip_fraction        | 0.216       |
|    clip_range           | 0.2         |
|    entropy_loss         | -7.23       |
|    explained_variance   | 0.895       |
|    learning_rate        | 0.0003      |
|    loss                 | -0.0586     |
|    n_updates            | 950         |
|    policy_gradient_loss | -0.0275     |
|    std                  | 0.679       |
|    value_loss           | 0.00478     |
-----------------------------------------
-----------------------------------------
| rollout/                |             |
|    ep_len_mean          | 39.1        |
|    ep_rew_mean          | -2.57       |
| time/                   |             |
|    fps                  | 68          |
|    iterations           | 97          |
|    time_elapsed         | 2914        |
|    total_timesteps      | 198656      |
| train/                  |             |
|    approx_kl            | 0.018793438 |
|    clip_fraction        | 0.213       |
|    clip_range           | 0.2         |
|    entropy_loss         | -7.2        |
|    explained_variance   | 0.268       |
|    learning_rate        | 0.0003      |
|    loss                 | -0.0582     |
|    n_updates            | 960         |
|    policy_gradient_loss | -0.0258     |
|    std                  | 0.676       |
|    value_loss           | 0.00357     |
-----------------------------------------
-----------------------------------------
| rollout/                |             |
|    ep_len_mean          | 41.3        |
|    ep_rew_mean          | -3.22       |
| time/                   |             |
|    fps                  | 68          |
|    iterations           | 98          |
|    time_elapsed         | 2946        |
|    total_timesteps      | 200704      |
| train/                  |             |
|    approx_kl            | 0.016039632 |
|    clip_fraction        | 0.2         |
|    clip_range           | 0.2         |
|    entropy_loss         | -7.14       |
|    explained_variance   | 0.235       |
|    learning_rate        | 0.0003      |
|    loss                 | -0.0218     |
|    n_updates            | 970         |
|    policy_gradient_loss | -0.0241     |
|    std                  | 0.669       |
|    value_loss           | 0.00333     |
-----------------------------------------
-----------------------------------------
| rollout/                |             |
|    ep_len_mean          | 36.6        |
|    ep_rew_mean          | -1.82       |
| time/                   |             |
|    fps                  | 68          |
|    iterations           | 99          |
|    time_elapsed         | 2980        |
|    total_timesteps      | 202752      |
| train/                  |             |
|    approx_kl            | 0.017852208 |
|    clip_fraction        | 0.223       |
|    clip_range           | 0.2         |
|    entropy_loss         | -7.1        |
|    explained_variance   | 0.351       |
|    learning_rate        | 0.0003      |
|    loss                 | -0.0555     |
|    n_updates            | 980         |
|    policy_gradient_loss | -0.0281     |
|    std                  | 0.668       |
|    value_loss           | 0.0041      |
-----------------------------------------
-----------------------------------------
| rollout/                |             |
|    ep_len_mean          | 33.2        |
|    ep_rew_mean          | -0.458      |
| time/                   |             |
|    fps                  | 67          |
|    iterations           | 100         |
|    time_elapsed         | 3013        |
|    total_timesteps      | 204800      |
| train/                  |             |
|    approx_kl            | 0.021712653 |
|    clip_fraction        | 0.233       |
|    clip_range           | 0.2         |
|    entropy_loss         | -7.06       |
|    explained_variance   | 0.245       |
|    learning_rate        | 0.0003      |
|    loss                 | -0.0495     |
|    n_updates            | 990         |
|    policy_gradient_loss | -0.0288     |
|    std                  | 0.662       |
|    value_loss           | 0.0033      |
-----------------------------------------
----------------------------------------
| rollout/                |            |
|    ep_len_mean          | 34.8       |
|    ep_rew_mean          | -1.35      |
| time/                   |            |
|    fps                  | 67         |
|    iterations           | 101        |
|    time_elapsed         | 3048       |
|    total_timesteps      | 206848     |
| train/                  |            |
|    approx_kl            | 0.02116787 |
|    clip_fraction        | 0.23       |
|    clip_range           | 0.2        |
|    entropy_loss         | -7         |
|    explained_variance   | 0.363      |
|    learning_rate        | 0.0003     |
|    loss                 | -0.0287    |
|    n_updates            | 1000       |
|    policy_gradient_loss | -0.027     |
|    std                  | 0.656      |
|    value_loss           | 0.00259    |
----------------------------------------
-----------------------------------------
| rollout/                |             |
|    ep_len_mean          | 38.1        |
|    ep_rew_mean          | -2.41       |
| time/                   |             |
|    fps                  | 67          |
|    iterations           | 102         |
|    time_elapsed         | 3080        |
|    total_timesteps      | 208896      |
| train/                  |             |
|    approx_kl            | 0.019015865 |
|    clip_fraction        | 0.244       |
|    clip_range           | 0.2         |
|    entropy_loss         | -6.95       |
|    explained_variance   | 0.573       |
|    learning_rate        | 0.0003      |
|    loss                 | -0.0483     |
|    n_updates            | 1010        |
|    policy_gradient_loss | -0.0282     |
|    std                  | 0.652       |
|    value_loss           | 0.00429     |
-----------------------------------------
----------------------------------------
| rollout/                |            |
|    ep_len_mean          | 39.2       |
|    ep_rew_mean          | -2.22      |
| time/                   |            |
|    fps                  | 67         |
|    iterations           | 103        |
|    time_elapsed         | 3113       |
|    total_timesteps      | 210944     |
| train/                  |            |
|    approx_kl            | 0.01808145 |
|    clip_fraction        | 0.228      |
|    clip_range           | 0.2        |
|    entropy_loss         | -6.9       |
|    explained_variance   | 0.298      |
|    learning_rate        | 0.0003     |
|    loss                 | -0.0321    |
|    n_updates            | 1020       |
|    policy_gradient_loss | -0.0255    |
|    std                  | 0.647      |
|    value_loss           | 0.00273    |
----------------------------------------
-----------------------------------------
| rollout/                |             |
|    ep_len_mean          | 36.4        |
|    ep_rew_mean          | -1.4        |
| time/                   |             |
|    fps                  | 67          |
|    iterations           | 104         |
|    time_elapsed         | 3146        |
|    total_timesteps      | 212992      |
| train/                  |             |
|    approx_kl            | 0.018570097 |
|    clip_fraction        | 0.242       |
|    clip_range           | 0.2         |
|    entropy_loss         | -6.84       |
|    explained_variance   | 0.381       |
|    learning_rate        | 0.0003      |
|    loss                 | -0.0235     |
|    n_updates            | 1030        |
|    policy_gradient_loss | -0.0268     |
|    std                  | 0.641       |
|    value_loss           | 0.00231     |
-----------------------------------------
-----------------------------------------
| rollout/                |             |
|    ep_len_mean          | 34          |
|    ep_rew_mean          | -0.589      |
| time/                   |             |
|    fps                  | 67          |
|    iterations           | 105         |
|    time_elapsed         | 3180        |
|    total_timesteps      | 215040      |
| train/                  |             |
|    approx_kl            | 0.020076443 |
|    clip_fraction        | 0.244       |
|    clip_range           | 0.2         |
|    entropy_loss         | -6.79       |
|    explained_variance   | 0.375       |
|    learning_rate        | 0.0003      |
|    loss                 | -0.0426     |
|    n_updates            | 1040        |
|    policy_gradient_loss | -0.0311     |
|    std                  | 0.639       |
|    value_loss           | 0.00251     |
-----------------------------------------
-----------------------------------------
| rollout/                |             |
|    ep_len_mean          | 32.6        |
|    ep_rew_mean          | 0.216       |
| time/                   |             |
|    fps                  | 67          |
|    iterations           | 106         |
|    time_elapsed         | 3214        |
|    total_timesteps      | 217088      |
| train/                  |             |
|    approx_kl            | 0.018568467 |
|    clip_fraction        | 0.224       |
|    clip_range           | 0.2         |
|    entropy_loss         | -6.76       |
|    explained_variance   | 0.155       |
|    learning_rate        | 0.0003      |
|    loss                 | -0.0243     |
|    n_updates            | 1050        |
|    policy_gradient_loss | -0.026      |
|    std                  | 0.634       |
|    value_loss           | 0.00264     |
-----------------------------------------
-----------------------------------------
| rollout/                |             |
|    ep_len_mean          | 35.2        |
|    ep_rew_mean          | -0.539      |
| time/                   |             |
|    fps                  | 67          |
|    iterations           | 107         |
|    time_elapsed         | 3247        |
|    total_timesteps      | 219136      |
| train/                  |             |
|    approx_kl            | 0.019554082 |
|    clip_fraction        | 0.214       |
|    clip_range           | 0.2         |
|    entropy_loss         | -6.71       |
|    explained_variance   | 0.275       |
|    learning_rate        | 0.0003      |
|    loss                 | -0.0259     |
|    n_updates            | 1060        |
|    policy_gradient_loss | -0.0249     |
|    std                  | 0.631       |
|    value_loss           | 0.00217     |
-----------------------------------------
-----------------------------------------
| rollout/                |             |
|    ep_len_mean          | 33.5        |
|    ep_rew_mean          | 0.0985      |
| time/                   |             |
|    fps                  | 67          |
|    iterations           | 108         |
|    time_elapsed         | 3280        |
|    total_timesteps      | 221184      |
| train/                  |             |
|    approx_kl            | 0.019351386 |
|    clip_fraction        | 0.235       |
|    clip_range           | 0.2         |
|    entropy_loss         | -6.68       |
|    explained_variance   | 0.38        |
|    learning_rate        | 0.0003      |
|    loss                 | -0.0371     |
|    n_updates            | 1070        |
|    policy_gradient_loss | -0.0256     |
|    std                  | 0.629       |
|    value_loss           | 0.00238     |
-----------------------------------------
-----------------------------------------
| rollout/                |             |
|    ep_len_mean          | 28.1        |
|    ep_rew_mean          | 1.7         |
| time/                   |             |
|    fps                  | 67          |
|    iterations           | 109         |
|    time_elapsed         | 3315        |
|    total_timesteps      | 223232      |
| train/                  |             |
|    approx_kl            | 0.019165888 |
|    clip_fraction        | 0.233       |
|    clip_range           | 0.2         |
|    entropy_loss         | -6.68       |
|    explained_variance   | 0.295       |
|    learning_rate        | 0.0003      |
|    loss                 | -0.0542     |
|    n_updates            | 1080        |
|    policy_gradient_loss | -0.0256     |
|    std                  | 0.63        |
|    value_loss           | 0.00238     |
-----------------------------------------
-----------------------------------------
| rollout/                |             |
|    ep_len_mean          | 31.7        |
|    ep_rew_mean          | 0.317       |
| time/                   |             |
|    fps                  | 67          |
|    iterations           | 110         |
|    time_elapsed         | 3348        |
|    total_timesteps      | 225280      |
| train/                  |             |
|    approx_kl            | 0.021233689 |
|    clip_fraction        | 0.238       |
|    clip_range           | 0.2         |
|    entropy_loss         | -6.65       |
|    explained_variance   | 0.108       |
|    learning_rate        | 0.0003      |
|    loss                 | -0.033      |
|    n_updates            | 1090        |
|    policy_gradient_loss | -0.0266     |
|    std                  | 0.625       |
|    value_loss           | 0.002       |
-----------------------------------------
-----------------------------------------
| rollout/                |             |
|    ep_len_mean          | 34.9        |
|    ep_rew_mean          | -0.546      |
| time/                   |             |
|    fps                  | 67          |
|    iterations           | 111         |
|    time_elapsed         | 3382        |
|    total_timesteps      | 227328      |
| train/                  |             |
|    approx_kl            | 0.019925866 |
|    clip_fraction        | 0.252       |
|    clip_range           | 0.2         |
|    entropy_loss         | -6.61       |
|    explained_variance   | 0.228       |
|    learning_rate        | 0.0003      |
|    loss                 | -0.0374     |
|    n_updates            | 1100        |
|    policy_gradient_loss | -0.029      |
|    std                  | 0.622       |
|    value_loss           | 0.0026      |
-----------------------------------------
-----------------------------------------
| rollout/                |             |
|    ep_len_mean          | 33.4        |
|    ep_rew_mean          | 0.13        |
| time/                   |             |
|    fps                  | 67          |
|    iterations           | 112         |
|    time_elapsed         | 3415        |
|    total_timesteps      | 229376      |
| train/                  |             |
|    approx_kl            | 0.018349089 |
|    clip_fraction        | 0.223       |
|    clip_range           | 0.2         |
|    entropy_loss         | -6.57       |
|    explained_variance   | 0.3         |
|    learning_rate        | 0.0003      |
|    loss                 | -0.0188     |
|    n_updates            | 1110        |
|    policy_gradient_loss | -0.0264     |
|    std                  | 0.619       |
|    value_loss           | 0.00229     |
-----------------------------------------
-----------------------------------------
| rollout/                |             |
|    ep_len_mean          | 30.6        |
|    ep_rew_mean          | 1.27        |
| time/                   |             |
|    fps                  | 67          |
|    iterations           | 113         |
|    time_elapsed         | 3449        |
|    total_timesteps      | 231424      |
| train/                  |             |
|    approx_kl            | 0.018136766 |
|    clip_fraction        | 0.22        |
|    clip_range           | 0.2         |
|    entropy_loss         | -6.56       |
|    explained_variance   | 0.235       |
|    learning_rate        | 0.0003      |
|    loss                 | -0.0197     |
|    n_updates            | 1120        |
|    policy_gradient_loss | -0.0246     |
|    std                  | 0.619       |
|    value_loss           | 0.002       |
-----------------------------------------
-----------------------------------------
| rollout/                |             |
|    ep_len_mean          | 32.9        |
|    ep_rew_mean          | 0.262       |
| time/                   |             |
|    fps                  | 67          |
|    iterations           | 114         |
|    time_elapsed         | 3483        |
|    total_timesteps      | 233472      |
| train/                  |             |
|    approx_kl            | 0.019255396 |
|    clip_fraction        | 0.239       |
|    clip_range           | 0.2         |
|    entropy_loss         | -6.55       |
|    explained_variance   | 0.157       |
|    learning_rate        | 0.0003      |
|    loss                 | -0.0413     |
|    n_updates            | 1130        |
|    policy_gradient_loss | -0.0242     |
|    std                  | 0.618       |
|    value_loss           | 0.00203     |
-----------------------------------------
-----------------------------------------
| rollout/                |             |
|    ep_len_mean          | 33.2        |
|    ep_rew_mean          | 0.189       |
| time/                   |             |
|    fps                  | 66          |
|    iterations           | 115         |
|    time_elapsed         | 3516        |
|    total_timesteps      | 235520      |
| train/                  |             |
|    approx_kl            | 0.020149827 |
|    clip_fraction        | 0.223       |
|    clip_range           | 0.2         |
|    entropy_loss         | -6.51       |
|    explained_variance   | 0.365       |
|    learning_rate        | 0.0003      |
|    loss                 | -0.0537     |
|    n_updates            | 1140        |
|    policy_gradient_loss | -0.0273     |
|    std                  | 0.612       |
|    value_loss           | 0.00222     |
-----------------------------------------
-----------------------------------------
| rollout/                |             |
|    ep_len_mean          | 30.8        |
|    ep_rew_mean          | 0.949       |
| time/                   |             |
|    fps                  | 66          |
|    iterations           | 116         |
|    time_elapsed         | 3550        |
|    total_timesteps      | 237568      |
| train/                  |             |
|    approx_kl            | 0.022754684 |
|    clip_fraction        | 0.25        |
|    clip_range           | 0.2         |
|    entropy_loss         | -6.48       |
|    explained_variance   | 0.295       |
|    learning_rate        | 0.0003      |
|    loss                 | -0.0401     |
|    n_updates            | 1150        |
|    policy_gradient_loss | -0.0257     |
|    std                  | 0.611       |
|    value_loss           | 0.0023      |
-----------------------------------------
----------------------------------------
| rollout/                |            |
|    ep_len_mean          | 27.3       |
|    ep_rew_mean          | 1.82       |
| time/                   |            |
|    fps                  | 66         |
|    iterations           | 117        |
|    time_elapsed         | 3585       |
|    total_timesteps      | 239616     |
| train/                  |            |
|    approx_kl            | 0.02242204 |
|    clip_fraction        | 0.252      |
|    clip_range           | 0.2        |
|    entropy_loss         | -6.45      |
|    explained_variance   | 0.301      |
|    learning_rate        | 0.0003     |
|    loss                 | -0.0192    |
|    n_updates            | 1160       |
|    policy_gradient_loss | -0.0276    |
|    std                  | 0.608      |
|    value_loss           | 0.00219    |
----------------------------------------
-----------------------------------------
| rollout/                |             |
|    ep_len_mean          | 29.1        |
|    ep_rew_mean          | 1.35        |
| time/                   |             |
|    fps                  | 66          |
|    iterations           | 118         |
|    time_elapsed         | 3619        |
|    total_timesteps      | 241664      |
| train/                  |             |
|    approx_kl            | 0.020645987 |
|    clip_fraction        | 0.235       |
|    clip_range           | 0.2         |
|    entropy_loss         | -6.41       |
|    explained_variance   | 0.313       |
|    learning_rate        | 0.0003      |
|    loss                 | -0.00804    |
|    n_updates            | 1170        |
|    policy_gradient_loss | -0.0259     |
|    std                  | 0.604       |
|    value_loss           | 0.00277     |
-----------------------------------------
-----------------------------------------
| rollout/                |             |
|    ep_len_mean          | 31.3        |
|    ep_rew_mean          | 0.779       |
| time/                   |             |
|    fps                  | 66          |
|    iterations           | 119         |
|    time_elapsed         | 3652        |
|    total_timesteps      | 243712      |
| train/                  |             |
|    approx_kl            | 0.019407652 |
|    clip_fraction        | 0.241       |
|    clip_range           | 0.2         |
|    entropy_loss         | -6.37       |
|    explained_variance   | 0.467       |
|    learning_rate        | 0.0003      |
|    loss                 | -0.0297     |
|    n_updates            | 1180        |
|    policy_gradient_loss | -0.0247     |
|    std                  | 0.601       |
|    value_loss           | 0.00269     |
-----------------------------------------
-----------------------------------------
| rollout/                |             |
|    ep_len_mean          | 29.7        |
|    ep_rew_mean          | 1.26        |
| time/                   |             |
|    fps                  | 66          |
|    iterations           | 120         |
|    time_elapsed         | 3687        |
|    total_timesteps      | 245760      |
| train/                  |             |
|    approx_kl            | 0.019900214 |
|    clip_fraction        | 0.248       |
|    clip_range           | 0.2         |
|    entropy_loss         | -6.33       |
|    explained_variance   | 0.328       |
|    learning_rate        | 0.0003      |
|    loss                 | -0.0468     |
|    n_updates            | 1190        |
|    policy_gradient_loss | -0.0272     |
|    std                  | 0.598       |
|    value_loss           | 0.00246     |
-----------------------------------------
-----------------------------------------
| rollout/                |             |
|    ep_len_mean          | 28.5        |
|    ep_rew_mean          | 1.65        |
| time/                   |             |
|    fps                  | 66          |
|    iterations           | 121         |
|    time_elapsed         | 3721        |
|    total_timesteps      | 247808      |
| train/                  |             |
|    approx_kl            | 0.022242732 |
|    clip_fraction        | 0.257       |
|    clip_range           | 0.2         |
|    entropy_loss         | -6.31       |
|    explained_variance   | 0.142       |
|    learning_rate        | 0.0003      |
|    loss                 | -0.0491     |
|    n_updates            | 1200        |
|    policy_gradient_loss | -0.0286     |
|    std                  | 0.597       |
|    value_loss           | 0.00208     |
-----------------------------------------
-----------------------------------------
| rollout/                |             |
|    ep_len_mean          | 30.7        |
|    ep_rew_mean          | 0.732       |
| time/                   |             |
|    fps                  | 66          |
|    iterations           | 122         |
|    time_elapsed         | 3754        |
|    total_timesteps      | 249856      |
| train/                  |             |
|    approx_kl            | 0.021197885 |
|    clip_fraction        | 0.258       |
|    clip_range           | 0.2         |
|    entropy_loss         | -6.27       |
|    explained_variance   | 0.197       |
|    learning_rate        | 0.0003      |
|    loss                 | -0.0233     |
|    n_updates            | 1210        |
|    policy_gradient_loss | -0.0271     |
|    std                  | 0.592       |
|    value_loss           | 0.00229     |
-----------------------------------------
-----------------------------------------
| rollout/                |             |
|    ep_len_mean          | 30.2        |
|    ep_rew_mean          | 1.01        |
| time/                   |             |
|    fps                  | 66          |
|    iterations           | 123         |
|    time_elapsed         | 3788        |
|    total_timesteps      | 251904      |
| train/                  |             |
|    approx_kl            | 0.018082809 |
|    clip_fraction        | 0.221       |
|    clip_range           | 0.2         |
|    entropy_loss         | -6.22       |
|    explained_variance   | 0.268       |
|    learning_rate        | 0.0003      |
|    loss                 | -0.0219     |
|    n_updates            | 1220        |
|    policy_gradient_loss | -0.0258     |
|    std                  | 0.588       |
|    value_loss           | 0.00237     |
-----------------------------------------
-----------------------------------------
| rollout/                |             |
|    ep_len_mean          | 30.1        |
|    ep_rew_mean          | 1.28        |
| time/                   |             |
|    fps                  | 66          |
|    iterations           | 124         |
|    time_elapsed         | 3822        |
|    total_timesteps      | 253952      |
| train/                  |             |
|    approx_kl            | 0.021974996 |
|    clip_fraction        | 0.248       |
|    clip_range           | 0.2         |
|    entropy_loss         | -6.14       |
|    explained_variance   | 0.427       |
|    learning_rate        | 0.0003      |
|    loss                 | -0.0283     |
|    n_updates            | 1230        |
|    policy_gradient_loss | -0.0273     |
|    std                  | 0.58        |
|    value_loss           | 0.00215     |
-----------------------------------------
-----------------------------------------
| rollout/                |             |
|    ep_len_mean          | 31.3        |
|    ep_rew_mean          | 0.65        |
| time/                   |             |
|    fps                  | 66          |
|    iterations           | 125         |
|    time_elapsed         | 3856        |
|    total_timesteps      | 256000      |
| train/                  |             |
|    approx_kl            | 0.020285487 |
|    clip_fraction        | 0.227       |
|    clip_range           | 0.2         |
|    entropy_loss         | -6.11       |
|    explained_variance   | 0.215       |
|    learning_rate        | 0.0003      |
|    loss                 | -0.0478     |
|    n_updates            | 1240        |
|    policy_gradient_loss | -0.0271     |
|    std                  | 0.579       |
|    value_loss           | 0.00185     |
-----------------------------------------
-----------------------------------------
| rollout/                |             |
|    ep_len_mean          | 30.8        |
|    ep_rew_mean          | 0.837       |
| time/                   |             |
|    fps                  | 66          |
|    iterations           | 126         |
|    time_elapsed         | 3890        |
|    total_timesteps      | 258048      |
| train/                  |             |
|    approx_kl            | 0.021873118 |
|    clip_fraction        | 0.263       |
|    clip_range           | 0.2         |
|    entropy_loss         | -6.06       |
|    explained_variance   | 0.231       |
|    learning_rate        | 0.0003      |
|    loss                 | -0.0573     |
|    n_updates            | 1250        |
|    policy_gradient_loss | -0.0287     |
|    std                  | 0.575       |
|    value_loss           | 0.00225     |
-----------------------------------------
-----------------------------------------
| rollout/                |             |
|    ep_len_mean          | 28.9        |
|    ep_rew_mean          | 1.58        |
| time/                   |             |
|    fps                  | 66          |
|    iterations           | 127         |
|    time_elapsed         | 3924        |
|    total_timesteps      | 260096      |
| train/                  |             |
|    approx_kl            | 0.018033978 |
|    clip_fraction        | 0.232       |
|    clip_range           | 0.2         |
|    entropy_loss         | -6.03       |
|    explained_variance   | 0.394       |
|    learning_rate        | 0.0003      |
|    loss                 | -0.0407     |
|    n_updates            | 1260        |
|    policy_gradient_loss | -0.0253     |
|    std                  | 0.573       |
|    value_loss           | 0.00206     |
-----------------------------------------
-----------------------------------------
| rollout/                |             |
|    ep_len_mean          | 29.2        |
|    ep_rew_mean          | 1.65        |
| time/                   |             |
|    fps                  | 66          |
|    iterations           | 128         |
|    time_elapsed         | 3958        |
|    total_timesteps      | 262144      |
| train/                  |             |
|    approx_kl            | 0.021549197 |
|    clip_fraction        | 0.281       |
|    clip_range           | 0.2         |
|    entropy_loss         | -5.99       |
|    explained_variance   | 0.189       |
|    learning_rate        | 0.0003      |
|    loss                 | -0.0497     |
|    n_updates            | 1270        |
|    policy_gradient_loss | -0.0299     |
|    std                  | 0.569       |
|    value_loss           | 0.00186     |
-----------------------------------------
-----------------------------------------
| rollout/                |             |
|    ep_len_mean          | 29          |
|    ep_rew_mean          | 1.26        |
| time/                   |             |
|    fps                  | 66          |
|    iterations           | 129         |
|    time_elapsed         | 3992        |
|    total_timesteps      | 264192      |
| train/                  |             |
|    approx_kl            | 0.024592305 |
|    clip_fraction        | 0.278       |
|    clip_range           | 0.2         |
|    entropy_loss         | -5.93       |
|    explained_variance   | 0.138       |
|    learning_rate        | 0.0003      |
|    loss                 | -0.058      |
|    n_updates            | 1280        |
|    policy_gradient_loss | -0.0289     |
|    std                  | 0.565       |
|    value_loss           | 0.00252     |
-----------------------------------------
-----------------------------------------
| rollout/                |             |
|    ep_len_mean          | 30.1        |
|    ep_rew_mean          | 1.56        |
| time/                   |             |
|    fps                  | 66          |
|    iterations           | 130         |
|    time_elapsed         | 4026        |
|    total_timesteps      | 266240      |
| train/                  |             |
|    approx_kl            | 0.022403186 |
|    clip_fraction        | 0.244       |
|    clip_range           | 0.2         |
|    entropy_loss         | -5.89       |
|    explained_variance   | 0.576       |
|    learning_rate        | 0.0003      |
|    loss                 | -0.0752     |
|    n_updates            | 1290        |
|    policy_gradient_loss | -0.0262     |
|    std                  | 0.563       |
|    value_loss           | 0.00452     |
-----------------------------------------
-----------------------------------------
| rollout/                |             |
|    ep_len_mean          | 28.5        |
|    ep_rew_mean          | 1.93        |
| time/                   |             |
|    fps                  | 66          |
|    iterations           | 131         |
|    time_elapsed         | 4061        |
|    total_timesteps      | 268288      |
| train/                  |             |
|    approx_kl            | 0.021945957 |
|    clip_fraction        | 0.269       |
|    clip_range           | 0.2         |
|    entropy_loss         | -5.89       |
|    explained_variance   | 0.389       |
|    learning_rate        | 0.0003      |
|    loss                 | -0.0593     |
|    n_updates            | 1300        |
|    policy_gradient_loss | -0.0309     |
|    std                  | 0.565       |
|    value_loss           | 0.00225     |
-----------------------------------------
-----------------------------------------
| rollout/                |             |
|    ep_len_mean          | 28.6        |
|    ep_rew_mean          | 2.27        |
| time/                   |             |
|    fps                  | 66          |
|    iterations           | 132         |
|    time_elapsed         | 4095        |
|    total_timesteps      | 270336      |
| train/                  |             |
|    approx_kl            | 0.024493437 |
|    clip_fraction        | 0.243       |
|    clip_range           | 0.2         |
|    entropy_loss         | -5.86       |
|    explained_variance   | 0.0777      |
|    learning_rate        | 0.0003      |
|    loss                 | -0.00214    |
|    n_updates            | 1310        |
|    policy_gradient_loss | -0.0261     |
|    std                  | 0.559       |
|    value_loss           | 0.00176     |
-----------------------------------------
-----------------------------------------
| rollout/                |             |
|    ep_len_mean          | 26.1        |
|    ep_rew_mean          | 2.83        |
| time/                   |             |
|    fps                  | 65          |
|    iterations           | 133         |
|    time_elapsed         | 4130        |
|    total_timesteps      | 272384      |
| train/                  |             |
|    approx_kl            | 0.022172065 |
|    clip_fraction        | 0.251       |
|    clip_range           | 0.2         |
|    entropy_loss         | -5.82       |
|    explained_variance   | 0.0862      |
|    learning_rate        | 0.0003      |
|    loss                 | -0.0566     |
|    n_updates            | 1320        |
|    policy_gradient_loss | -0.0273     |
|    std                  | 0.557       |
|    value_loss           | 0.00166     |
-----------------------------------------
-----------------------------------------
| rollout/                |             |
|    ep_len_mean          | 27.2        |
|    ep_rew_mean          | 2.29        |
| time/                   |             |
|    fps                  | 65          |
|    iterations           | 134         |
|    time_elapsed         | 4164        |
|    total_timesteps      | 274432      |
| train/                  |             |
|    approx_kl            | 0.022371754 |
|    clip_fraction        | 0.275       |
|    clip_range           | 0.2         |
|    entropy_loss         | -5.78       |
|    explained_variance   | 0.205       |
|    learning_rate        | 0.0003      |
|    loss                 | -0.0289     |
|    n_updates            | 1330        |
|    policy_gradient_loss | -0.029      |
|    std                  | 0.555       |
|    value_loss           | 0.00174     |
-----------------------------------------
-----------------------------------------
| rollout/                |             |
|    ep_len_mean          | 29.5        |
|    ep_rew_mean          | 1.97        |
| time/                   |             |
|    fps                  | 65          |
|    iterations           | 135         |
|    time_elapsed         | 4198        |
|    total_timesteps      | 276480      |
| train/                  |             |
|    approx_kl            | 0.022460785 |
|    clip_fraction        | 0.281       |
|    clip_range           | 0.2         |
|    entropy_loss         | -5.76       |
|    explained_variance   | 0.247       |
|    learning_rate        | 0.0003      |
|    loss                 | -0.0632     |
|    n_updates            | 1340        |
|    policy_gradient_loss | -0.0332     |
|    std                  | 0.553       |
|    value_loss           | 0.00235     |
-----------------------------------------
-----------------------------------------
| rollout/                |             |
|    ep_len_mean          | 30          |
|    ep_rew_mean          | 1.86        |
| time/                   |             |
|    fps                  | 65          |
|    iterations           | 136         |
|    time_elapsed         | 4232        |
|    total_timesteps      | 278528      |
| train/                  |             |
|    approx_kl            | 0.025016386 |
|    clip_fraction        | 0.274       |
|    clip_range           | 0.2         |
|    entropy_loss         | -5.73       |
|    explained_variance   | 0.0658      |
|    learning_rate        | 0.0003      |
|    loss                 | -0.0496     |
|    n_updates            | 1350        |
|    policy_gradient_loss | -0.0281     |
|    std                  | 0.551       |
|    value_loss           | 0.00164     |
-----------------------------------------
-----------------------------------------
| rollout/                |             |
|    ep_len_mean          | 30.2        |
|    ep_rew_mean          | 1.71        |
| time/                   |             |
|    fps                  | 65          |
|    iterations           | 137         |
|    time_elapsed         | 4266        |
|    total_timesteps      | 280576      |
| train/                  |             |
|    approx_kl            | 0.023539748 |
|    clip_fraction        | 0.273       |
|    clip_range           | 0.2         |
|    entropy_loss         | -5.71       |
|    explained_variance   | 0.321       |
|    learning_rate        | 0.0003      |
|    loss                 | -0.0533     |
|    n_updates            | 1360        |
|    policy_gradient_loss | -0.0303     |
|    std                  | 0.55        |
|    value_loss           | 0.00181     |
-----------------------------------------
----------------------------------------
| rollout/                |            |
|    ep_len_mean          | 29.8       |
|    ep_rew_mean          | 2.04       |
| time/                   |            |
|    fps                  | 65         |
|    iterations           | 138        |
|    time_elapsed         | 4300       |
|    total_timesteps      | 282624     |
| train/                  |            |
|    approx_kl            | 0.02267249 |
|    clip_fraction        | 0.256      |
|    clip_range           | 0.2        |
|    entropy_loss         | -5.7       |
|    explained_variance   | 0.275      |
|    learning_rate        | 0.0003     |
|    loss                 | -0.0363    |
|    n_updates            | 1370       |
|    policy_gradient_loss | -0.0261    |
|    std                  | 0.549      |
|    value_loss           | 0.00173    |
----------------------------------------
-----------------------------------------
| rollout/                |             |
|    ep_len_mean          | 26.9        |
|    ep_rew_mean          | 3.11        |
| time/                   |             |
|    fps                  | 65          |
|    iterations           | 139         |
|    time_elapsed         | 4335        |
|    total_timesteps      | 284672      |
| train/                  |             |
|    approx_kl            | 0.023104211 |
|    clip_fraction        | 0.266       |
|    clip_range           | 0.2         |
|    entropy_loss         | -5.67       |
|    explained_variance   | 0.246       |
|    learning_rate        | 0.0003      |
|    loss                 | -0.0258     |
|    n_updates            | 1380        |
|    policy_gradient_loss | -0.0291     |
|    std                  | 0.546       |
|    value_loss           | 0.00178     |
-----------------------------------------
-----------------------------------------
| rollout/                |             |
|    ep_len_mean          | 27.1        |
|    ep_rew_mean          | 0.139       |
| time/                   |             |
|    fps                  | 65          |
|    iterations           | 140         |
|    time_elapsed         | 4369        |
|    total_timesteps      | 286720      |
| train/                  |             |
|    approx_kl            | 0.022062104 |
|    clip_fraction        | 0.261       |
|    clip_range           | 0.2         |
|    entropy_loss         | -5.63       |
|    explained_variance   | 0.155       |
|    learning_rate        | 0.0003      |
|    loss                 | -0.0216     |
|    n_updates            | 1390        |
|    policy_gradient_loss | -0.0274     |
|    std                  | 0.542       |
|    value_loss           | 0.00172     |
-----------------------------------------
----------------------------------------
| rollout/                |            |
|    ep_len_mean          | 24.1       |
|    ep_rew_mean          | 3.13       |
| time/                   |            |
|    fps                  | 65         |
|    iterations           | 141        |
|    time_elapsed         | 4404       |
|    total_timesteps      | 288768     |
| train/                  |            |
|    approx_kl            | 0.02932449 |
|    clip_fraction        | 0.282      |
|    clip_range           | 0.2        |
|    entropy_loss         | -5.6       |
|    explained_variance   | 0.92       |
|    learning_rate        | 0.0003     |
|    loss                 | -0.0526    |
|    n_updates            | 1400       |
|    policy_gradient_loss | -0.0221    |
|    std                  | 0.541      |
|    value_loss           | 0.00732    |
----------------------------------------
-----------------------------------------
| rollout/                |             |
|    ep_len_mean          | 26.8        |
|    ep_rew_mean          | 2.47        |
| time/                   |             |
|    fps                  | 65          |
|    iterations           | 142         |
|    time_elapsed         | 4439        |
|    total_timesteps      | 290816      |
| train/                  |             |
|    approx_kl            | 0.021417249 |
|    clip_fraction        | 0.254       |
|    clip_range           | 0.2         |
|    entropy_loss         | -5.59       |
|    explained_variance   | 0.172       |
|    learning_rate        | 0.0003      |
|    loss                 | -0.00917    |
|    n_updates            | 1410        |
|    policy_gradient_loss | -0.0283     |
|    std                  | 0.54        |
|    value_loss           | 0.00408     |
-----------------------------------------
-----------------------------------------
| rollout/                |             |
|    ep_len_mean          | 29.5        |
|    ep_rew_mean          | 2.15        |
| time/                   |             |
|    fps                  | 65          |
|    iterations           | 143         |
|    time_elapsed         | 4472        |
|    total_timesteps      | 292864      |
| train/                  |             |
|    approx_kl            | 0.022271708 |
|    clip_fraction        | 0.254       |
|    clip_range           | 0.2         |
|    entropy_loss         | -5.57       |
|    explained_variance   | 0.0798      |
|    learning_rate        | 0.0003      |
|    loss                 | -0.0326     |
|    n_updates            | 1420        |
|    policy_gradient_loss | -0.0273     |
|    std                  | 0.539       |
|    value_loss           | 0.00163     |
-----------------------------------------
-----------------------------------------
| rollout/                |             |
|    ep_len_mean          | 31.5        |
|    ep_rew_mean          | 1.02        |
| time/                   |             |
|    fps                  | 65          |
|    iterations           | 144         |
|    time_elapsed         | 4506        |
|    total_timesteps      | 294912      |
| train/                  |             |
|    approx_kl            | 0.026104573 |
|    clip_fraction        | 0.256       |
|    clip_range           | 0.2         |
|    entropy_loss         | -5.54       |
|    explained_variance   | 0.246       |
|    learning_rate        | 0.0003      |
|    loss                 | -0.0682     |
|    n_updates            | 1430        |
|    policy_gradient_loss | -0.0307     |
|    std                  | 0.535       |
|    value_loss           | 0.00184     |
-----------------------------------------
-----------------------------------------
| rollout/                |             |
|    ep_len_mean          | 26.5        |
|    ep_rew_mean          | 3.12        |
| time/                   |             |
|    fps                  | 65          |
|    iterations           | 145         |
|    time_elapsed         | 4541        |
|    total_timesteps      | 296960      |
| train/                  |             |
|    approx_kl            | 0.024775235 |
|    clip_fraction        | 0.274       |
|    clip_range           | 0.2         |
|    entropy_loss         | -5.5        |
|    explained_variance   | 0.384       |
|    learning_rate        | 0.0003      |
|    loss                 | -0.0537     |
|    n_updates            | 1440        |
|    policy_gradient_loss | -0.0304     |
|    std                  | 0.532       |
|    value_loss           | 0.00308     |
-----------------------------------------
-----------------------------------------
| rollout/                |             |
|    ep_len_mean          | 25.7        |
|    ep_rew_mean          | 3.4         |
| time/                   |             |
|    fps                  | 65          |
|    iterations           | 146         |
|    time_elapsed         | 4576        |
|    total_timesteps      | 299008      |
| train/                  |             |
|    approx_kl            | 0.023239685 |
|    clip_fraction        | 0.27        |
|    clip_range           | 0.2         |
|    entropy_loss         | -5.47       |
|    explained_variance   | 0.159       |
|    learning_rate        | 0.0003      |
|    loss                 | -0.0407     |
|    n_updates            | 1450        |
|    policy_gradient_loss | -0.0273     |
|    std                  | 0.53        |
|    value_loss           | 0.00184     |
-----------------------------------------
-----------------------------------------
| rollout/                |             |
|    ep_len_mean          | 27.8        |
|    ep_rew_mean          | 2.46        |
| time/                   |             |
|    fps                  | 65          |
|    iterations           | 147         |
|    time_elapsed         | 4610        |
|    total_timesteps      | 301056      |
| train/                  |             |
|    approx_kl            | 0.024339084 |
|    clip_fraction        | 0.262       |
|    clip_range           | 0.2         |
|    entropy_loss         | -5.43       |
|    explained_variance   | 0.194       |
|    learning_rate        | 0.0003      |
|    loss                 | -0.0496     |
|    n_updates            | 1460        |
|    policy_gradient_loss | -0.0273     |
|    std                  | 0.527       |
|    value_loss           | 0.0015      |
-----------------------------------------
-----------------------------------------
| rollout/                |             |
|    ep_len_mean          | 23.8        |
|    ep_rew_mean          | 3.87        |
| time/                   |             |
|    fps                  | 65          |
|    iterations           | 148         |
|    time_elapsed         | 4645        |
|    total_timesteps      | 303104      |
| train/                  |             |
|    approx_kl            | 0.024119228 |
|    clip_fraction        | 0.258       |
|    clip_range           | 0.2         |
|    entropy_loss         | -5.37       |
|    explained_variance   | 0.247       |
|    learning_rate        | 0.0003      |
|    loss                 | -0.0678     |
|    n_updates            | 1470        |
|    policy_gradient_loss | -0.0307     |
|    std                  | 0.522       |
|    value_loss           | 0.00198     |
-----------------------------------------
----------------------------------------
| rollout/                |            |
|    ep_len_mean          | 24.4       |
|    ep_rew_mean          | 3.65       |
| time/                   |            |
|    fps                  | 65         |
|    iterations           | 149        |
|    time_elapsed         | 4680       |
|    total_timesteps      | 305152     |
| train/                  |            |
|    approx_kl            | 0.02358352 |
|    clip_fraction        | 0.274      |
|    clip_range           | 0.2        |
|    entropy_loss         | -5.31      |
|    explained_variance   | 0.152      |
|    learning_rate        | 0.0003     |
|    loss                 | -0.0172    |
|    n_updates            | 1480       |
|    policy_gradient_loss | -0.0296    |
|    std                  | 0.518      |
|    value_loss           | 0.00156    |
----------------------------------------
-----------------------------------------
| rollout/                |             |
|    ep_len_mean          | 26.4        |
|    ep_rew_mean          | 3.09        |
| time/                   |             |
|    fps                  | 65          |
|    iterations           | 150         |
|    time_elapsed         | 4715        |
|    total_timesteps      | 307200      |
| train/                  |             |
|    approx_kl            | 0.027469508 |
|    clip_fraction        | 0.283       |
|    clip_range           | 0.2         |
|    entropy_loss         | -5.27       |
|    explained_variance   | 0.169       |
|    learning_rate        | 0.0003      |
|    loss                 | -0.0707     |
|    n_updates            | 1490        |
|    policy_gradient_loss | -0.0284     |
|    std                  | 0.515       |
|    value_loss           | 0.00157     |
-----------------------------------------
-----------------------------------------
| rollout/                |             |
|    ep_len_mean          | 24.8        |
|    ep_rew_mean          | 3.25        |
| time/                   |             |
|    fps                  | 65          |
|    iterations           | 151         |
|    time_elapsed         | 4750        |
|    total_timesteps      | 309248      |
| train/                  |             |
|    approx_kl            | 0.021939775 |
|    clip_fraction        | 0.271       |
|    clip_range           | 0.2         |
|    entropy_loss         | -5.23       |
|    explained_variance   | 0.166       |
|    learning_rate        | 0.0003      |
|    loss                 | -0.0368     |
|    n_updates            | 1500        |
|    policy_gradient_loss | -0.0277     |
|    std                  | 0.512       |
|    value_loss           | 0.00167     |
-----------------------------------------
-----------------------------------------
| rollout/                |             |
|    ep_len_mean          | 26.5        |
|    ep_rew_mean          | 2.84        |
| time/                   |             |
|    fps                  | 65          |
|    iterations           | 152         |
|    time_elapsed         | 4784        |
|    total_timesteps      | 311296      |
| train/                  |             |
|    approx_kl            | 0.022364706 |
|    clip_fraction        | 0.264       |
|    clip_range           | 0.2         |
|    entropy_loss         | -5.18       |
|    explained_variance   | 0.314       |
|    learning_rate        | 0.0003      |
|    loss                 | -0.0519     |
|    n_updates            | 1510        |
|    policy_gradient_loss | -0.0285     |
|    std                  | 0.509       |
|    value_loss           | 0.00198     |
-----------------------------------------
-----------------------------------------
| rollout/                |             |
|    ep_len_mean          | 23.5        |
|    ep_rew_mean          | 4.05        |
| time/                   |             |
|    fps                  | 65          |
|    iterations           | 153         |
|    time_elapsed         | 4819        |
|    total_timesteps      | 313344      |
| train/                  |             |
|    approx_kl            | 0.026070368 |
|    clip_fraction        | 0.282       |
|    clip_range           | 0.2         |
|    entropy_loss         | -5.15       |
|    explained_variance   | 0.237       |
|    learning_rate        | 0.0003      |
|    loss                 | -0.0334     |
|    n_updates            | 1520        |
|    policy_gradient_loss | -0.0311     |
|    std                  | 0.506       |
|    value_loss           | 0.00194     |
-----------------------------------------
----------------------------------------
| rollout/                |            |
|    ep_len_mean          | 24.8       |
|    ep_rew_mean          | 3.46       |
| time/                   |            |
|    fps                  | 64         |
|    iterations           | 154        |
|    time_elapsed         | 4854       |
|    total_timesteps      | 315392     |
| train/                  |            |
|    approx_kl            | 0.02613301 |
|    clip_fraction        | 0.271      |
|    clip_range           | 0.2        |
|    entropy_loss         | -5.09      |
|    explained_variance   | 0.241      |
|    learning_rate        | 0.0003     |
|    loss                 | -0.0102    |
|    n_updates            | 1530       |
|    policy_gradient_loss | -0.0321    |
|    std                  | 0.501      |
|    value_loss           | 0.00131    |
----------------------------------------
----------------------------------------
| rollout/                |            |
|    ep_len_mean          | 26.1       |
|    ep_rew_mean          | 2.98       |
| time/                   |            |
|    fps                  | 64         |
|    iterations           | 155        |
|    time_elapsed         | 4889       |
|    total_timesteps      | 317440     |
| train/                  |            |
|    approx_kl            | 0.02568439 |
|    clip_fraction        | 0.278      |
|    clip_range           | 0.2        |
|    entropy_loss         | -5.05      |
|    explained_variance   | 0.244      |
|    learning_rate        | 0.0003     |
|    loss                 | -0.0354    |
|    n_updates            | 1540       |
|    policy_gradient_loss | -0.027     |
|    std                  | 0.501      |
|    value_loss           | 0.00175    |
----------------------------------------
-----------------------------------------
| rollout/                |             |
|    ep_len_mean          | 24.3        |
|    ep_rew_mean          | 3.85        |
| time/                   |             |
|    fps                  | 64          |
|    iterations           | 156         |
|    time_elapsed         | 4924        |
|    total_timesteps      | 319488      |
| train/                  |             |
|    approx_kl            | 0.022807159 |
|    clip_fraction        | 0.276       |
|    clip_range           | 0.2         |
|    entropy_loss         | -5.04       |
|    explained_variance   | 0.221       |
|    learning_rate        | 0.0003      |
|    loss                 | -0.0492     |
|    n_updates            | 1550        |
|    policy_gradient_loss | -0.0297     |
|    std                  | 0.5         |
|    value_loss           | 0.0017      |
-----------------------------------------
-----------------------------------------
| rollout/                |             |
|    ep_len_mean          | 24.8        |
|    ep_rew_mean          | 3.47        |
| time/                   |             |
|    fps                  | 64          |
|    iterations           | 157         |
|    time_elapsed         | 4959        |
|    total_timesteps      | 321536      |
| train/                  |             |
|    approx_kl            | 0.025322238 |
|    clip_fraction        | 0.279       |
|    clip_range           | 0.2         |
|    entropy_loss         | -5.02       |
|    explained_variance   | 0.183       |
|    learning_rate        | 0.0003      |
|    loss                 | -0.0384     |
|    n_updates            | 1560        |
|    policy_gradient_loss | -0.0316     |
|    std                  | 0.497       |
|    value_loss           | 0.00146     |
-----------------------------------------
-----------------------------------------
| rollout/                |             |
|    ep_len_mean          | 25.5        |
|    ep_rew_mean          | 3.14        |
| time/                   |             |
|    fps                  | 64          |
|    iterations           | 158         |
|    time_elapsed         | 4994        |
|    total_timesteps      | 323584      |
| train/                  |             |
|    approx_kl            | 0.026165688 |
|    clip_fraction        | 0.282       |
|    clip_range           | 0.2         |
|    entropy_loss         | -4.98       |
|    explained_variance   | 0.269       |
|    learning_rate        | 0.0003      |
|    loss                 | -0.055      |
|    n_updates            | 1570        |
|    policy_gradient_loss | -0.032      |
|    std                  | 0.494       |
|    value_loss           | 0.00207     |
-----------------------------------------
-----------------------------------------
| rollout/                |             |
|    ep_len_mean          | 26.5        |
|    ep_rew_mean          | 2.94        |
| time/                   |             |
|    fps                  | 64          |
|    iterations           | 159         |
|    time_elapsed         | 5028        |
|    total_timesteps      | 325632      |
| train/                  |             |
|    approx_kl            | 0.023064785 |
|    clip_fraction        | 0.285       |
|    clip_range           | 0.2         |
|    entropy_loss         | -4.97       |
|    explained_variance   | 0.187       |
|    learning_rate        | 0.0003      |
|    loss                 | -0.00318    |
|    n_updates            | 1580        |
|    policy_gradient_loss | -0.028      |
|    std                  | 0.495       |
|    value_loss           | 0.00233     |
-----------------------------------------
-----------------------------------------
| rollout/                |             |
|    ep_len_mean          | 26.4        |
|    ep_rew_mean          | 3.06        |
| time/                   |             |
|    fps                  | 64          |
|    iterations           | 160         |
|    time_elapsed         | 5063        |
|    total_timesteps      | 327680      |
| train/                  |             |
|    approx_kl            | 0.019908525 |
|    clip_fraction        | 0.268       |
|    clip_range           | 0.2         |
|    entropy_loss         | -4.96       |
|    explained_variance   | 0.242       |
|    learning_rate        | 0.0003      |
|    loss                 | -0.0621     |
|    n_updates            | 1590        |
|    policy_gradient_loss | -0.0271     |
|    std                  | 0.493       |
|    value_loss           | 0.00169     |
-----------------------------------------
-----------------------------------------
| rollout/                |             |
|    ep_len_mean          | 24.6        |
|    ep_rew_mean          | 3.67        |
| time/                   |             |
|    fps                  | 64          |
|    iterations           | 161         |
|    time_elapsed         | 5098        |
|    total_timesteps      | 329728      |
| train/                  |             |
|    approx_kl            | 0.022842024 |
|    clip_fraction        | 0.276       |
|    clip_range           | 0.2         |
|    entropy_loss         | -4.93       |
|    explained_variance   | 0.219       |
|    learning_rate        | 0.0003      |
|    loss                 | -0.0442     |
|    n_updates            | 1600        |
|    policy_gradient_loss | -0.0292     |
|    std                  | 0.492       |
|    value_loss           | 0.00186     |
-----------------------------------------
-----------------------------------------
| rollout/                |             |
|    ep_len_mean          | 23.1        |
|    ep_rew_mean          | 4           |
| time/                   |             |
|    fps                  | 64          |
|    iterations           | 162         |
|    time_elapsed         | 5133        |
|    total_timesteps      | 331776      |
| train/                  |             |
|    approx_kl            | 0.025001066 |
|    clip_fraction        | 0.27        |
|    clip_range           | 0.2         |
|    entropy_loss         | -4.93       |
|    explained_variance   | 0.271       |
|    learning_rate        | 0.0003      |
|    loss                 | -0.0491     |
|    n_updates            | 1610        |
|    policy_gradient_loss | -0.0291     |
|    std                  | 0.493       |
|    value_loss           | 0.00176     |
-----------------------------------------
-----------------------------------------
| rollout/                |             |
|    ep_len_mean          | 24.7        |
|    ep_rew_mean          | 3.33        |
| time/                   |             |
|    fps                  | 64          |
|    iterations           | 163         |
|    time_elapsed         | 5169        |
|    total_timesteps      | 333824      |
| train/                  |             |
|    approx_kl            | 0.024177495 |
|    clip_fraction        | 0.284       |
|    clip_range           | 0.2         |
|    entropy_loss         | -4.9        |
|    explained_variance   | 0.178       |
|    learning_rate        | 0.0003      |
|    loss                 | -0.039      |
|    n_updates            | 1620        |
|    policy_gradient_loss | -0.0297     |
|    std                  | 0.488       |
|    value_loss           | 0.00178     |
-----------------------------------------
-----------------------------------------
| rollout/                |             |
|    ep_len_mean          | 22.8        |
|    ep_rew_mean          | 4.15        |
| time/                   |             |
|    fps                  | 64          |
|    iterations           | 164         |
|    time_elapsed         | 5204        |
|    total_timesteps      | 335872      |
| train/                  |             |
|    approx_kl            | 0.022849845 |
|    clip_fraction        | 0.267       |
|    clip_range           | 0.2         |
|    entropy_loss         | -4.85       |
|    explained_variance   | 0.277       |
|    learning_rate        | 0.0003      |
|    loss                 | -0.0444     |
|    n_updates            | 1630        |
|    policy_gradient_loss | -0.0302     |
|    std                  | 0.485       |
|    value_loss           | 0.00223     |
-----------------------------------------
-----------------------------------------
| rollout/                |             |
|    ep_len_mean          | 23.5        |
|    ep_rew_mean          | 3.59        |
| time/                   |             |
|    fps                  | 64          |
|    iterations           | 165         |
|    time_elapsed         | 5240        |
|    total_timesteps      | 337920      |
| train/                  |             |
|    approx_kl            | 0.027062856 |
|    clip_fraction        | 0.287       |
|    clip_range           | 0.2         |
|    entropy_loss         | -4.83       |
|    explained_variance   | 0.238       |
|    learning_rate        | 0.0003      |
|    loss                 | -0.0322     |
|    n_updates            | 1640        |
|    policy_gradient_loss | -0.0276     |
|    std                  | 0.486       |
|    value_loss           | 0.00155     |
-----------------------------------------
-----------------------------------------
| rollout/                |             |
|    ep_len_mean          | 22.2        |
|    ep_rew_mean          | 4.22        |
| time/                   |             |
|    fps                  | 64          |
|    iterations           | 166         |
|    time_elapsed         | 5275        |
|    total_timesteps      | 339968      |
| train/                  |             |
|    approx_kl            | 0.025726128 |
|    clip_fraction        | 0.286       |
|    clip_range           | 0.2         |
|    entropy_loss         | -4.81       |
|    explained_variance   | 0.311       |
|    learning_rate        | 0.0003      |
|    loss                 | -0.0586     |
|    n_updates            | 1650        |
|    policy_gradient_loss | -0.0351     |
|    std                  | 0.483       |
|    value_loss           | 0.00229     |
-----------------------------------------
-----------------------------------------
| rollout/                |             |
|    ep_len_mean          | 23.4        |
|    ep_rew_mean          | 3.6         |
| time/                   |             |
|    fps                  | 64          |
|    iterations           | 167         |
|    time_elapsed         | 5310        |
|    total_timesteps      | 342016      |
| train/                  |             |
|    approx_kl            | 0.025775295 |
|    clip_fraction        | 0.301       |
|    clip_range           | 0.2         |
|    entropy_loss         | -4.77       |
|    explained_variance   | 0.181       |
|    learning_rate        | 0.0003      |
|    loss                 | -0.0475     |
|    n_updates            | 1660        |
|    policy_gradient_loss | -0.0315     |
|    std                  | 0.481       |
|    value_loss           | 0.00194     |
-----------------------------------------
---------------------------------------
| rollout/                |           |
|    ep_len_mean          | 23.3      |
|    ep_rew_mean          | 3.86      |
| time/                   |           |
|    fps                  | 64        |
|    iterations           | 168       |
|    time_elapsed         | 5346      |
|    total_timesteps      | 344064    |
| train/                  |           |
|    approx_kl            | 0.0248267 |
|    clip_fraction        | 0.278     |
|    clip_range           | 0.2       |
|    entropy_loss         | -4.73     |
|    explained_variance   | 0.171     |
|    learning_rate        | 0.0003    |
|    loss                 | -0.0452   |
|    n_updates            | 1670      |
|    policy_gradient_loss | -0.0309   |
|    std                  | 0.478     |
|    value_loss           | 0.00203   |
---------------------------------------
----------------------------------------
| rollout/                |            |
|    ep_len_mean          | 22.2       |
|    ep_rew_mean          | 4.36       |
| time/                   |            |
|    fps                  | 64         |
|    iterations           | 169        |
|    time_elapsed         | 5381       |
|    total_timesteps      | 346112     |
| train/                  |            |
|    approx_kl            | 0.02516035 |
|    clip_fraction        | 0.303      |
|    clip_range           | 0.2        |
|    entropy_loss         | -4.69      |
|    explained_variance   | 0.282      |
|    learning_rate        | 0.0003     |
|    loss                 | -0.0346    |
|    n_updates            | 1680       |
|    policy_gradient_loss | -0.0305    |
|    std                  | 0.476      |
|    value_loss           | 0.00219    |
----------------------------------------
-----------------------------------------
| rollout/                |             |
|    ep_len_mean          | 23.6        |
|    ep_rew_mean          | 3.99        |
| time/                   |             |
|    fps                  | 64          |
|    iterations           | 170         |
|    time_elapsed         | 5417        |
|    total_timesteps      | 348160      |
| train/                  |             |
|    approx_kl            | 0.024904665 |
|    clip_fraction        | 0.278       |
|    clip_range           | 0.2         |
|    entropy_loss         | -4.63       |
|    explained_variance   | 0.206       |
|    learning_rate        | 0.0003      |
|    loss                 | -0.0449     |
|    n_updates            | 1690        |
|    policy_gradient_loss | -0.0312     |
|    std                  | 0.471       |
|    value_loss           | 0.0016      |
-----------------------------------------
-----------------------------------------
| rollout/                |             |
|    ep_len_mean          | 23.1        |
|    ep_rew_mean          | 4.18        |
| time/                   |             |
|    fps                  | 64          |
|    iterations           | 171         |
|    time_elapsed         | 5452        |
|    total_timesteps      | 350208      |
| train/                  |             |
|    approx_kl            | 0.026562437 |
|    clip_fraction        | 0.299       |
|    clip_range           | 0.2         |
|    entropy_loss         | -4.58       |
|    explained_variance   | 0.243       |
|    learning_rate        | 0.0003      |
|    loss                 | -0.0416     |
|    n_updates            | 1700        |
|    policy_gradient_loss | -0.0285     |
|    std                  | 0.469       |
|    value_loss           | 0.00152     |
-----------------------------------------
-----------------------------------------
| rollout/                |             |
|    ep_len_mean          | 24.3        |
|    ep_rew_mean          | 3.62        |
| time/                   |             |
|    fps                  | 64          |
|    iterations           | 172         |
|    time_elapsed         | 5487        |
|    total_timesteps      | 352256      |
| train/                  |             |
|    approx_kl            | 0.028841466 |
|    clip_fraction        | 0.327       |
|    clip_range           | 0.2         |
|    entropy_loss         | -4.53       |
|    explained_variance   | 0.247       |
|    learning_rate        | 0.0003      |
|    loss                 | -0.0731     |
|    n_updates            | 1710        |
|    policy_gradient_loss | -0.035      |
|    std                  | 0.466       |
|    value_loss           | 0.00161     |
-----------------------------------------
-----------------------------------------
| rollout/                |             |
|    ep_len_mean          | 22.2        |
|    ep_rew_mean          | 4.27        |
| time/                   |             |
|    fps                  | 64          |
|    iterations           | 173         |
|    time_elapsed         | 5523        |
|    total_timesteps      | 354304      |
| train/                  |             |
|    approx_kl            | 0.028317932 |
|    clip_fraction        | 0.298       |
|    clip_range           | 0.2         |
|    entropy_loss         | -4.5        |
|    explained_variance   | 0.237       |
|    learning_rate        | 0.0003      |
|    loss                 | -0.0703     |
|    n_updates            | 1720        |
|    policy_gradient_loss | -0.0329     |
|    std                  | 0.465       |
|    value_loss           | 0.00162     |
-----------------------------------------
----------------------------------------
| rollout/                |            |
|    ep_len_mean          | 21.1       |
|    ep_rew_mean          | 4.81       |
| time/                   |            |
|    fps                  | 64         |
|    iterations           | 174        |
|    time_elapsed         | 5558       |
|    total_timesteps      | 356352     |
| train/                  |            |
|    approx_kl            | 0.02999375 |
|    clip_fraction        | 0.311      |
|    clip_range           | 0.2        |
|    entropy_loss         | -4.49      |
|    explained_variance   | 0.257      |
|    learning_rate        | 0.0003     |
|    loss                 | -0.0532    |
|    n_updates            | 1730       |
|    policy_gradient_loss | -0.0311    |
|    std                  | 0.464      |
|    value_loss           | 0.00205    |
----------------------------------------
-----------------------------------------
| rollout/                |             |
|    ep_len_mean          | 21.9        |
|    ep_rew_mean          | 4.42        |
| time/                   |             |
|    fps                  | 64          |
|    iterations           | 175         |
|    time_elapsed         | 5594        |
|    total_timesteps      | 358400      |
| train/                  |             |
|    approx_kl            | 0.026781742 |
|    clip_fraction        | 0.305       |
|    clip_range           | 0.2         |
|    entropy_loss         | -4.46       |
|    explained_variance   | 0.236       |
|    learning_rate        | 0.0003      |
|    loss                 | -0.0349     |
|    n_updates            | 1740        |
|    policy_gradient_loss | -0.03       |
|    std                  | 0.462       |
|    value_loss           | 0.00154     |
-----------------------------------------
-----------------------------------------
| rollout/                |             |
|    ep_len_mean          | 21.8        |
|    ep_rew_mean          | 4.47        |
| time/                   |             |
|    fps                  | 64          |
|    iterations           | 176         |
|    time_elapsed         | 5630        |
|    total_timesteps      | 360448      |
| train/                  |             |
|    approx_kl            | 0.024086077 |
|    clip_fraction        | 0.281       |
|    clip_range           | 0.2         |
|    entropy_loss         | -4.44       |
|    explained_variance   | 0.295       |
|    learning_rate        | 0.0003      |
|    loss                 | -0.052      |
|    n_updates            | 1750        |
|    policy_gradient_loss | -0.0266     |
|    std                  | 0.461       |
|    value_loss           | 0.00153     |
-----------------------------------------
-----------------------------------------
| rollout/                |             |
|    ep_len_mean          | 22.8        |
|    ep_rew_mean          | 4.36        |
| time/                   |             |
|    fps                  | 63          |
|    iterations           | 177         |
|    time_elapsed         | 5665        |
|    total_timesteps      | 362496      |
| train/                  |             |
|    approx_kl            | 0.029441189 |
|    clip_fraction        | 0.299       |
|    clip_range           | 0.2         |
|    entropy_loss         | -4.44       |
|    explained_variance   | 0.285       |
|    learning_rate        | 0.0003      |
|    loss                 | -0.059      |
|    n_updates            | 1760        |
|    policy_gradient_loss | -0.0331     |
|    std                  | 0.463       |
|    value_loss           | 0.00162     |
-----------------------------------------
-----------------------------------------
| rollout/                |             |
|    ep_len_mean          | 23.1        |
|    ep_rew_mean          | 4.04        |
| time/                   |             |
|    fps                  | 63          |
|    iterations           | 178         |
|    time_elapsed         | 5701        |
|    total_timesteps      | 364544      |
| train/                  |             |
|    approx_kl            | 0.030111037 |
|    clip_fraction        | 0.292       |
|    clip_range           | 0.2         |
|    entropy_loss         | -4.44       |
|    explained_variance   | 0.28        |
|    learning_rate        | 0.0003      |
|    loss                 | -0.0545     |
|    n_updates            | 1770        |
|    policy_gradient_loss | -0.0299     |
|    std                  | 0.461       |
|    value_loss           | 0.00147     |
-----------------------------------------
-----------------------------------------
| rollout/                |             |
|    ep_len_mean          | 21.3        |
|    ep_rew_mean          | 4.7         |
| time/                   |             |
|    fps                  | 63          |
|    iterations           | 179         |
|    time_elapsed         | 5736        |
|    total_timesteps      | 366592      |
| train/                  |             |
|    approx_kl            | 0.027493542 |
|    clip_fraction        | 0.299       |
|    clip_range           | 0.2         |
|    entropy_loss         | -4.42       |
|    explained_variance   | 0.312       |
|    learning_rate        | 0.0003      |
|    loss                 | -0.0546     |
|    n_updates            | 1780        |
|    policy_gradient_loss | -0.0302     |
|    std                  | 0.46        |
|    value_loss           | 0.00161     |
-----------------------------------------
-----------------------------------------
| rollout/                |             |
|    ep_len_mean          | 20.2        |
|    ep_rew_mean          | 5.09        |
| time/                   |             |
|    fps                  | 63          |
|    iterations           | 180         |
|    time_elapsed         | 5773        |
|    total_timesteps      | 368640      |
| train/                  |             |
|    approx_kl            | 0.026721252 |
|    clip_fraction        | 0.287       |
|    clip_range           | 0.2         |
|    entropy_loss         | -4.39       |
|    explained_variance   | 0.309       |
|    learning_rate        | 0.0003      |
|    loss                 | -0.0522     |
|    n_updates            | 1790        |
|    policy_gradient_loss | -0.0286     |
|    std                  | 0.458       |
|    value_loss           | 0.00139     |
-----------------------------------------
----------------------------------------
| rollout/                |            |
|    ep_len_mean          | 20.6       |
|    ep_rew_mean          | 4.91       |
| time/                   |            |
|    fps                  | 63         |
|    iterations           | 181        |
|    time_elapsed         | 5809       |
|    total_timesteps      | 370688     |
| train/                  |            |
|    approx_kl            | 0.02496969 |
|    clip_fraction        | 0.292      |
|    clip_range           | 0.2        |
|    entropy_loss         | -4.37      |
|    explained_variance   | 0.402      |
|    learning_rate        | 0.0003     |
|    loss                 | -0.0495    |
|    n_updates            | 1800       |
|    policy_gradient_loss | -0.0291    |
|    std                  | 0.456      |
|    value_loss           | 0.00138    |
----------------------------------------
-----------------------------------------
| rollout/                |             |
|    ep_len_mean          | 24.4        |
|    ep_rew_mean          | 3.54        |
| time/                   |             |
|    fps                  | 63          |
|    iterations           | 182         |
|    time_elapsed         | 5844        |
|    total_timesteps      | 372736      |
| train/                  |             |
|    approx_kl            | 0.028640687 |
|    clip_fraction        | 0.293       |
|    clip_range           | 0.2         |
|    entropy_loss         | -4.33       |
|    explained_variance   | 0.294       |
|    learning_rate        | 0.0003      |
|    loss                 | -0.0275     |
|    n_updates            | 1810        |
|    policy_gradient_loss | -0.032      |
|    std                  | 0.454       |
|    value_loss           | 0.00138     |
-----------------------------------------
----------------------------------------
| rollout/                |            |
|    ep_len_mean          | 19.9       |
|    ep_rew_mean          | 5.33       |
| time/                   |            |
|    fps                  | 63         |
|    iterations           | 183        |
|    time_elapsed         | 5880       |
|    total_timesteps      | 374784     |
| train/                  |            |
|    approx_kl            | 0.03185582 |
|    clip_fraction        | 0.304      |
|    clip_range           | 0.2        |
|    entropy_loss         | -4.3       |
|    explained_variance   | 0.394      |
|    learning_rate        | 0.0003     |
|    loss                 | -0.0489    |
|    n_updates            | 1820       |
|    policy_gradient_loss | -0.0309    |
|    std                  | 0.451      |
|    value_loss           | 0.00222    |
----------------------------------------
-----------------------------------------
| rollout/                |             |
|    ep_len_mean          | 19.8        |
|    ep_rew_mean          | 5.2         |
| time/                   |             |
|    fps                  | 63          |
|    iterations           | 184         |
|    time_elapsed         | 5916        |
|    total_timesteps      | 376832      |
| train/                  |             |
|    approx_kl            | 0.031779286 |
|    clip_fraction        | 0.309       |
|    clip_range           | 0.2         |
|    entropy_loss         | -4.25       |
|    explained_variance   | 0.327       |
|    learning_rate        | 0.0003      |
|    loss                 | -0.0505     |
|    n_updates            | 1830        |
|    policy_gradient_loss | -0.0261     |
|    std                  | 0.448       |
|    value_loss           | 0.000979    |
-----------------------------------------
-----------------------------------------
| rollout/                |             |
|    ep_len_mean          | 20.3        |
|    ep_rew_mean          | 4.93        |
| time/                   |             |
|    fps                  | 63          |
|    iterations           | 185         |
|    time_elapsed         | 5953        |
|    total_timesteps      | 378880      |
| train/                  |             |
|    approx_kl            | 0.027933836 |
|    clip_fraction        | 0.327       |
|    clip_range           | 0.2         |
|    entropy_loss         | -4.2        |
|    explained_variance   | 0.307       |
|    learning_rate        | 0.0003      |
|    loss                 | -0.0284     |
|    n_updates            | 1840        |
|    policy_gradient_loss | -0.0311     |
|    std                  | 0.445       |
|    value_loss           | 0.00113     |
-----------------------------------------
-----------------------------------------
| rollout/                |             |
|    ep_len_mean          | 21.4        |
|    ep_rew_mean          | 4.9         |
| time/                   |             |
|    fps                  | 63          |
|    iterations           | 186         |
|    time_elapsed         | 5988        |
|    total_timesteps      | 380928      |
| train/                  |             |
|    approx_kl            | 0.026165739 |
|    clip_fraction        | 0.31        |
|    clip_range           | 0.2         |
|    entropy_loss         | -4.17       |
|    explained_variance   | 0.284       |
|    learning_rate        | 0.0003      |
|    loss                 | -0.0573     |
|    n_updates            | 1850        |
|    policy_gradient_loss | -0.0286     |
|    std                  | 0.443       |
|    value_loss           | 0.00131     |
-----------------------------------------
-----------------------------------------
| rollout/                |             |
|    ep_len_mean          | 21.2        |
|    ep_rew_mean          | 4.63        |
| time/                   |             |
|    fps                  | 63          |
|    iterations           | 187         |
|    time_elapsed         | 6024        |
|    total_timesteps      | 382976      |
| train/                  |             |
|    approx_kl            | 0.028401507 |
|    clip_fraction        | 0.31        |
|    clip_range           | 0.2         |
|    entropy_loss         | -4.14       |
|    explained_variance   | 0.338       |
|    learning_rate        | 0.0003      |
|    loss                 | -0.0613     |
|    n_updates            | 1860        |
|    policy_gradient_loss | -0.0322     |
|    std                  | 0.442       |
|    value_loss           | 0.00135     |
-----------------------------------------
-----------------------------------------
| rollout/                |             |
|    ep_len_mean          | 20.6        |
|    ep_rew_mean          | 5.17        |
| time/                   |             |
|    fps                  | 63          |
|    iterations           | 188         |
|    time_elapsed         | 6061        |
|    total_timesteps      | 385024      |
| train/                  |             |
|    approx_kl            | 0.027362883 |
|    clip_fraction        | 0.303       |
|    clip_range           | 0.2         |
|    entropy_loss         | -4.12       |
|    explained_variance   | 0.256       |
|    learning_rate        | 0.0003      |
|    loss                 | -0.0706     |
|    n_updates            | 1870        |
|    policy_gradient_loss | -0.0321     |
|    std                  | 0.44        |
|    value_loss           | 0.00167     |
-----------------------------------------
-----------------------------------------
| rollout/                |             |
|    ep_len_mean          | 19.6        |
|    ep_rew_mean          | 5.11        |
| time/                   |             |
|    fps                  | 63          |
|    iterations           | 189         |
|    time_elapsed         | 6096        |
|    total_timesteps      | 387072      |
| train/                  |             |
|    approx_kl            | 0.030496068 |
|    clip_fraction        | 0.309       |
|    clip_range           | 0.2         |
|    entropy_loss         | -4.1        |
|    explained_variance   | 0.316       |
|    learning_rate        | 0.0003      |
|    loss                 | -0.0352     |
|    n_updates            | 1880        |
|    policy_gradient_loss | -0.0293     |
|    std                  | 0.44        |
|    value_loss           | 0.00143     |
-----------------------------------------
-----------------------------------------
| rollout/                |             |
|    ep_len_mean          | 19.5        |
|    ep_rew_mean          | 5.26        |
| time/                   |             |
|    fps                  | 63          |
|    iterations           | 190         |
|    time_elapsed         | 6125        |
|    total_timesteps      | 389120      |
| train/                  |             |
|    approx_kl            | 0.026202919 |
|    clip_fraction        | 0.314       |
|    clip_range           | 0.2         |
|    entropy_loss         | -4.05       |
|    explained_variance   | 0.28        |
|    learning_rate        | 0.0003      |
|    loss                 | -0.042      |
|    n_updates            | 1890        |
|    policy_gradient_loss | -0.0319     |
|    std                  | 0.435       |
|    value_loss           | 0.00152     |
-----------------------------------------
-----------------------------------------
| rollout/                |             |
|    ep_len_mean          | 18.4        |
|    ep_rew_mean          | 5.57        |
| time/                   |             |
|    fps                  | 63          |
|    iterations           | 191         |
|    time_elapsed         | 6151        |
|    total_timesteps      | 391168      |
| train/                  |             |
|    approx_kl            | 0.028259888 |
|    clip_fraction        | 0.323       |
|    clip_range           | 0.2         |
|    entropy_loss         | -3.99       |
|    explained_variance   | 0.346       |
|    learning_rate        | 0.0003      |
|    loss                 | -0.064      |
|    n_updates            | 1900        |
|    policy_gradient_loss | -0.0323     |
|    std                  | 0.432       |
|    value_loss           | 0.00135     |
-----------------------------------------
-----------------------------------------
| rollout/                |             |
|    ep_len_mean          | 19.4        |
|    ep_rew_mean          | 5.24        |
| time/                   |             |
|    fps                  | 63          |
|    iterations           | 192         |
|    time_elapsed         | 6175        |
|    total_timesteps      | 393216      |
| train/                  |             |
|    approx_kl            | 0.030119149 |
|    clip_fraction        | 0.303       |
|    clip_range           | 0.2         |
|    entropy_loss         | -3.94       |
|    explained_variance   | 0.348       |
|    learning_rate        | 0.0003      |
|    loss                 | -0.0511     |
|    n_updates            | 1910        |
|    policy_gradient_loss | -0.0274     |
|    std                  | 0.429       |
|    value_loss           | 0.00123     |
-----------------------------------------
-----------------------------------------
| rollout/                |             |
|    ep_len_mean          | 19.1        |
|    ep_rew_mean          | 5.46        |
| time/                   |             |
|    fps                  | 63          |
|    iterations           | 193         |
|    time_elapsed         | 6198        |
|    total_timesteps      | 395264      |
| train/                  |             |
|    approx_kl            | 0.029852834 |
|    clip_fraction        | 0.317       |
|    clip_range           | 0.2         |
|    entropy_loss         | -3.92       |
|    explained_variance   | 0.37        |
|    learning_rate        | 0.0003      |
|    loss                 | 0.003       |
|    n_updates            | 1920        |
|    policy_gradient_loss | -0.0274     |
|    std                  | 0.428       |
|    value_loss           | 0.0015      |
-----------------------------------------
----------------------------------------
| rollout/                |            |
|    ep_len_mean          | 19.9       |
|    ep_rew_mean          | 5.07       |
| time/                   |            |
|    fps                  | 63         |
|    iterations           | 194        |
|    time_elapsed         | 6220       |
|    total_timesteps      | 397312     |
| train/                  |            |
|    approx_kl            | 0.03168905 |
|    clip_fraction        | 0.337      |
|    clip_range           | 0.2        |
|    entropy_loss         | -3.91      |
|    explained_variance   | 0.317      |
|    learning_rate        | 0.0003     |
|    loss                 | -0.0203    |
|    n_updates            | 1930       |
|    policy_gradient_loss | -0.0317    |
|    std                  | 0.428      |
|    value_loss           | 0.00124    |
----------------------------------------
-----------------------------------------
| rollout/                |             |
|    ep_len_mean          | 20.6        |
|    ep_rew_mean          | 5.09        |
| time/                   |             |
|    fps                  | 63          |
|    iterations           | 195         |
|    time_elapsed         | 6243        |
|    total_timesteps      | 399360      |
| train/                  |             |
|    approx_kl            | 0.029946325 |
|    clip_fraction        | 0.315       |
|    clip_range           | 0.2         |
|    entropy_loss         | -3.9        |
|    explained_variance   | 0.308       |
|    learning_rate        | 0.0003      |
|    loss                 | -0.0666     |
|    n_updates            | 1940        |
|    policy_gradient_loss | -0.0315     |
|    std                  | 0.426       |
|    value_loss           | 0.00141     |
-----------------------------------------
-----------------------------------------
| rollout/                |             |
|    ep_len_mean          | 19.9        |
|    ep_rew_mean          | 5.17        |
| time/                   |             |
|    fps                  | 64          |
|    iterations           | 196         |
|    time_elapsed         | 6266        |
|    total_timesteps      | 401408      |
| train/                  |             |
|    approx_kl            | 0.032607432 |
|    clip_fraction        | 0.321       |
|    clip_range           | 0.2         |
|    entropy_loss         | -3.87       |
|    explained_variance   | 0.288       |
|    learning_rate        | 0.0003      |
|    loss                 | -0.0244     |
|    n_updates            | 1950        |
|    policy_gradient_loss | -0.0298     |
|    std                  | 0.424       |
|    value_loss           | 0.00152     |
-----------------------------------------
saved models/C3_seed1.zip and models/C3_seed1_vecnormalize.pkl
