=== training C2_lam5_seed0 for 400000 steps ===
    port 5240
--------------------------------------------------------------
[threshold consistency]
  success distance      = 0.030 m
  force at success      = 5.00 N
  comfort / danger      = 6.0 N / 10.0 N
  >>> OK: the success point lies inside the safe band.
--------------------------------------------------------------
Waiting for connections on port: 5241...
Connected successfully
Using cpu device
---------------------------------
| rollout/           |          |
|    ep_len_mean     | 200      |
|    ep_rew_mean     | -913     |
| time/              |          |
|    fps             | 71       |
|    iterations      | 1        |
|    time_elapsed    | 28       |
|    total_timesteps | 2048     |
---------------------------------
-----------------------------------------
| rollout/                |             |
|    ep_len_mean          | 200         |
|    ep_rew_mean          | -1.05e+03   |
| time/                   |             |
|    fps                  | 69          |
|    iterations           | 2           |
|    time_elapsed         | 58          |
|    total_timesteps      | 4096        |
| train/                  |             |
|    approx_kl            | 0.014849231 |
|    clip_fraction        | 0.133       |
|    clip_range           | 0.2         |
|    entropy_loss         | -9.92       |
|    explained_variance   | -0.481      |
|    learning_rate        | 0.0003      |
|    loss                 | -0.0027     |
|    n_updates            | 10          |
|    policy_gradient_loss | -0.0241     |
|    std                  | 0.996       |
|    value_loss           | 0.531       |
-----------------------------------------
-----------------------------------------
| rollout/                |             |
|    ep_len_mean          | 200         |
|    ep_rew_mean          | -1.08e+03   |
| time/                   |             |
|    fps                  | 69          |
|    iterations           | 3           |
|    time_elapsed         | 88          |
|    total_timesteps      | 6144        |
| train/                  |             |
|    approx_kl            | 0.012367681 |
|    clip_fraction        | 0.135       |
|    clip_range           | 0.2         |
|    entropy_loss         | -9.9        |
|    explained_variance   | -0.016      |
|    learning_rate        | 0.0003      |
|    loss                 | -0.0242     |
|    n_updates            | 20          |
|    policy_gradient_loss | -0.0235     |
|    std                  | 0.995       |
|    value_loss           | 0.0385      |
-----------------------------------------
-----------------------------------------
| rollout/                |             |
|    ep_len_mean          | 200         |
|    ep_rew_mean          | -1.07e+03   |
| time/                   |             |
|    fps                  | 69          |
|    iterations           | 4           |
|    time_elapsed         | 118         |
|    total_timesteps      | 8192        |
| train/                  |             |
|    approx_kl            | 0.012950334 |
|    clip_fraction        | 0.147       |
|    clip_range           | 0.2         |
|    entropy_loss         | -9.89       |
|    explained_variance   | 0.195       |
|    learning_rate        | 0.0003      |
|    loss                 | -0.000392   |
|    n_updates            | 30          |
|    policy_gradient_loss | -0.0239     |
|    std                  | 0.993       |
|    value_loss           | 0.0309      |
-----------------------------------------
------------------------------------------
| rollout/                |              |
|    ep_len_mean          | 200          |
|    ep_rew_mean          | -1.04e+03    |
| time/                   |              |
|    fps                  | 69           |
|    iterations           | 5            |
|    time_elapsed         | 148          |
|    total_timesteps      | 10240        |
| train/                  |              |
|    approx_kl            | 0.0148336785 |
|    clip_fraction        | 0.165        |
|    clip_range           | 0.2          |
|    entropy_loss         | -9.88        |
|    explained_variance   | 0.574        |
|    learning_rate        | 0.0003       |
|    loss                 | -0.0493      |
|    n_updates            | 40           |
|    policy_gradient_loss | -0.0281      |
|    std                  | 0.992        |
|    value_loss           | 0.0261       |
------------------------------------------
----------------------------------------
| rollout/                |            |
|    ep_len_mean          | 200        |
|    ep_rew_mean          | -1e+03     |
| time/                   |            |
|    fps                  | 68         |
|    iterations           | 6          |
|    time_elapsed         | 178        |
|    total_timesteps      | 12288      |
| train/                  |            |
|    approx_kl            | 0.01555956 |
|    clip_fraction        | 0.173      |
|    clip_range           | 0.2        |
|    entropy_loss         | -9.84      |
|    explained_variance   | 0.669      |
|    learning_rate        | 0.0003     |
|    loss                 | -0.044     |
|    n_updates            | 50         |
|    policy_gradient_loss | -0.031     |
|    std                  | 0.985      |
|    value_loss           | 0.0195     |
----------------------------------------
------------------------------------------
| rollout/                |              |
|    ep_len_mean          | 200          |
|    ep_rew_mean          | -951         |
| time/                   |              |
|    fps                  | 68           |
|    iterations           | 7            |
|    time_elapsed         | 209          |
|    total_timesteps      | 14336        |
| train/                  |              |
|    approx_kl            | 0.0152570745 |
|    clip_fraction        | 0.181        |
|    clip_range           | 0.2          |
|    entropy_loss         | -9.8         |
|    explained_variance   | 0.641        |
|    learning_rate        | 0.0003       |
|    loss                 | -0.0205      |
|    n_updates            | 60           |
|    policy_gradient_loss | -0.0303      |
|    std                  | 0.981        |
|    value_loss           | 0.0198       |
------------------------------------------
----------------------------------------
| rollout/                |            |
|    ep_len_mean          | 200        |
|    ep_rew_mean          | -905       |
| time/                   |            |
|    fps                  | 68         |
|    iterations           | 8          |
|    time_elapsed         | 239        |
|    total_timesteps      | 16384      |
| train/                  |            |
|    approx_kl            | 0.01627326 |
|    clip_fraction        | 0.173      |
|    clip_range           | 0.2        |
|    entropy_loss         | -9.81      |
|    explained_variance   | 0.633      |
|    learning_rate        | 0.0003     |
|    loss                 | 0.0132     |
|    n_updates            | 70         |
|    policy_gradient_loss | -0.0304    |
|    std                  | 0.984      |
|    value_loss           | 0.0123     |
----------------------------------------
-----------------------------------------
| rollout/                |             |
|    ep_len_mean          | 200         |
|    ep_rew_mean          | -873        |
| time/                   |             |
|    fps                  | 67          |
|    iterations           | 9           |
|    time_elapsed         | 271         |
|    total_timesteps      | 18432       |
| train/                  |             |
|    approx_kl            | 0.016943727 |
|    clip_fraction        | 0.198       |
|    clip_range           | 0.2         |
|    entropy_loss         | -9.81       |
|    explained_variance   | 0.636       |
|    learning_rate        | 0.0003      |
|    loss                 | -0.0268     |
|    n_updates            | 80          |
|    policy_gradient_loss | -0.0322     |
|    std                  | 0.983       |
|    value_loss           | 0.0109      |
-----------------------------------------
-----------------------------------------
| rollout/                |             |
|    ep_len_mean          | 200         |
|    ep_rew_mean          | -822        |
| time/                   |             |
|    fps                  | 67          |
|    iterations           | 10          |
|    time_elapsed         | 302         |
|    total_timesteps      | 20480       |
| train/                  |             |
|    approx_kl            | 0.015000168 |
|    clip_fraction        | 0.159       |
|    clip_range           | 0.2         |
|    entropy_loss         | -9.82       |
|    explained_variance   | 0.581       |
|    learning_rate        | 0.0003      |
|    loss                 | -0.0402     |
|    n_updates            | 90          |
|    policy_gradient_loss | -0.0274     |
|    std                  | 0.985       |
|    value_loss           | 0.0115      |
-----------------------------------------
-----------------------------------------
| rollout/                |             |
|    ep_len_mean          | 200         |
|    ep_rew_mean          | -763        |
| time/                   |             |
|    fps                  | 67          |
|    iterations           | 11          |
|    time_elapsed         | 331         |
|    total_timesteps      | 22528       |
| train/                  |             |
|    approx_kl            | 0.014681467 |
|    clip_fraction        | 0.163       |
|    clip_range           | 0.2         |
|    entropy_loss         | -9.83       |
|    explained_variance   | 0.622       |
|    learning_rate        | 0.0003      |
|    loss                 | 0.00465     |
|    n_updates            | 100         |
|    policy_gradient_loss | -0.0298     |
|    std                  | 0.985       |
|    value_loss           | 0.00688     |
-----------------------------------------
-----------------------------------------
| rollout/                |             |
|    ep_len_mean          | 200         |
|    ep_rew_mean          | -702        |
| time/                   |             |
|    fps                  | 67          |
|    iterations           | 12          |
|    time_elapsed         | 361         |
|    total_timesteps      | 24576       |
| train/                  |             |
|    approx_kl            | 0.013055259 |
|    clip_fraction        | 0.156       |
|    clip_range           | 0.2         |
|    entropy_loss         | -9.81       |
|    explained_variance   | 0.447       |
|    learning_rate        | 0.0003      |
|    loss                 | -0.0351     |
|    n_updates            | 110         |
|    policy_gradient_loss | -0.0275     |
|    std                  | 0.981       |
|    value_loss           | 0.0047      |
-----------------------------------------
-----------------------------------------
| rollout/                |             |
|    ep_len_mean          | 200         |
|    ep_rew_mean          | -624        |
| time/                   |             |
|    fps                  | 68          |
|    iterations           | 13          |
|    time_elapsed         | 391         |
|    total_timesteps      | 26624       |
| train/                  |             |
|    approx_kl            | 0.017261397 |
|    clip_fraction        | 0.178       |
|    clip_range           | 0.2         |
|    entropy_loss         | -9.77       |
|    explained_variance   | 0.677       |
|    learning_rate        | 0.0003      |
|    loss                 | -0.0132     |
|    n_updates            | 120         |
|    policy_gradient_loss | -0.0323     |
|    std                  | 0.976       |
|    value_loss           | 0.00492     |
-----------------------------------------
-----------------------------------------
| rollout/                |             |
|    ep_len_mean          | 200         |
|    ep_rew_mean          | -543        |
| time/                   |             |
|    fps                  | 68          |
|    iterations           | 14          |
|    time_elapsed         | 421         |
|    total_timesteps      | 28672       |
| train/                  |             |
|    approx_kl            | 0.017611876 |
|    clip_fraction        | 0.184       |
|    clip_range           | 0.2         |
|    entropy_loss         | -9.75       |
|    explained_variance   | 0.617       |
|    learning_rate        | 0.0003      |
|    loss                 | -0.0149     |
|    n_updates            | 130         |
|    policy_gradient_loss | -0.0341     |
|    std                  | 0.973       |
|    value_loss           | 0.00427     |
-----------------------------------------
----------------------------------------
| rollout/                |            |
|    ep_len_mean          | 200        |
|    ep_rew_mean          | -488       |
| time/                   |            |
|    fps                  | 68         |
|    iterations           | 15         |
|    time_elapsed         | 450        |
|    total_timesteps      | 30720      |
| train/                  |            |
|    approx_kl            | 0.01393453 |
|    clip_fraction        | 0.168      |
|    clip_range           | 0.2        |
|    entropy_loss         | -9.74      |
|    explained_variance   | 0.687      |
|    learning_rate        | 0.0003     |
|    loss                 | -0.0404    |
|    n_updates            | 140        |
|    policy_gradient_loss | -0.025     |
|    std                  | 0.972      |
|    value_loss           | 0.00258    |
----------------------------------------
-----------------------------------------
| rollout/                |             |
|    ep_len_mean          | 200         |
|    ep_rew_mean          | -432        |
| time/                   |             |
|    fps                  | 68          |
|    iterations           | 16          |
|    time_elapsed         | 480         |
|    total_timesteps      | 32768       |
| train/                  |             |
|    approx_kl            | 0.017014796 |
|    clip_fraction        | 0.202       |
|    clip_range           | 0.2         |
|    entropy_loss         | -9.7        |
|    explained_variance   | 0.352       |
|    learning_rate        | 0.0003      |
|    loss                 | -0.0585     |
|    n_updates            | 150         |
|    policy_gradient_loss | -0.0319     |
|    std                  | 0.963       |
|    value_loss           | 0.00181     |
-----------------------------------------
-----------------------------------------
| rollout/                |             |
|    ep_len_mean          | 200         |
|    ep_rew_mean          | -394        |
| time/                   |             |
|    fps                  | 68          |
|    iterations           | 17          |
|    time_elapsed         | 509         |
|    total_timesteps      | 34816       |
| train/                  |             |
|    approx_kl            | 0.015619511 |
|    clip_fraction        | 0.184       |
|    clip_range           | 0.2         |
|    entropy_loss         | -9.65       |
|    explained_variance   | 0.503       |
|    learning_rate        | 0.0003      |
|    loss                 | -0.0389     |
|    n_updates            | 160         |
|    policy_gradient_loss | -0.0298     |
|    std                  | 0.959       |
|    value_loss           | 0.00182     |
-----------------------------------------
-----------------------------------------
| rollout/                |             |
|    ep_len_mean          | 200         |
|    ep_rew_mean          | -360        |
| time/                   |             |
|    fps                  | 68          |
|    iterations           | 18          |
|    time_elapsed         | 539         |
|    total_timesteps      | 36864       |
| train/                  |             |
|    approx_kl            | 0.014533517 |
|    clip_fraction        | 0.172       |
|    clip_range           | 0.2         |
|    entropy_loss         | -9.6        |
|    explained_variance   | -0.199      |
|    learning_rate        | 0.0003      |
|    loss                 | -0.0506     |
|    n_updates            | 170         |
|    policy_gradient_loss | -0.0278     |
|    std                  | 0.95        |
|    value_loss           | 0.0011      |
-----------------------------------------
----------------------------------------
| rollout/                |            |
|    ep_len_mean          | 200        |
|    ep_rew_mean          | -315       |
| time/                   |            |
|    fps                  | 68         |
|    iterations           | 19         |
|    time_elapsed         | 569        |
|    total_timesteps      | 38912      |
| train/                  |            |
|    approx_kl            | 0.01620109 |
|    clip_fraction        | 0.187      |
|    clip_range           | 0.2        |
|    entropy_loss         | -9.54      |
|    explained_variance   | -0.255     |
|    learning_rate        | 0.0003     |
|    loss                 | -0.0412    |
|    n_updates            | 180        |
|    policy_gradient_loss | -0.0302    |
|    std                  | 0.944      |
|    value_loss           | 0.00105    |
----------------------------------------
-----------------------------------------
| rollout/                |             |
|    ep_len_mean          | 200         |
|    ep_rew_mean          | -290        |
| time/                   |             |
|    fps                  | 68          |
|    iterations           | 20          |
|    time_elapsed         | 599         |
|    total_timesteps      | 40960       |
| train/                  |             |
|    approx_kl            | 0.017515492 |
|    clip_fraction        | 0.194       |
|    clip_range           | 0.2         |
|    entropy_loss         | -9.5        |
|    explained_variance   | -0.269      |
|    learning_rate        | 0.0003      |
|    loss                 | -0.0464     |
|    n_updates            | 190         |
|    policy_gradient_loss | -0.0264     |
|    std                  | 0.938       |
|    value_loss           | 0.00074     |
-----------------------------------------
-----------------------------------------
| rollout/                |             |
|    ep_len_mean          | 200         |
|    ep_rew_mean          | -267        |
| time/                   |             |
|    fps                  | 68          |
|    iterations           | 21          |
|    time_elapsed         | 628         |
|    total_timesteps      | 43008       |
| train/                  |             |
|    approx_kl            | 0.014559215 |
|    clip_fraction        | 0.185       |
|    clip_range           | 0.2         |
|    entropy_loss         | -9.46       |
|    explained_variance   | -0.0166     |
|    learning_rate        | 0.0003      |
|    loss                 | -0.036      |
|    n_updates            | 200         |
|    policy_gradient_loss | -0.0298     |
|    std                  | 0.932       |
|    value_loss           | 0.000651    |
-----------------------------------------
-----------------------------------------
| rollout/                |             |
|    ep_len_mean          | 200         |
|    ep_rew_mean          | -240        |
| time/                   |             |
|    fps                  | 68          |
|    iterations           | 22          |
|    time_elapsed         | 658         |
|    total_timesteps      | 45056       |
| train/                  |             |
|    approx_kl            | 0.013290289 |
|    clip_fraction        | 0.167       |
|    clip_range           | 0.2         |
|    entropy_loss         | -9.41       |
|    explained_variance   | 0.362       |
|    learning_rate        | 0.0003      |
|    loss                 | -0.0661     |
|    n_updates            | 210         |
|    policy_gradient_loss | -0.0264     |
|    std                  | 0.926       |
|    value_loss           | 0.000511    |
-----------------------------------------
-----------------------------------------
| rollout/                |             |
|    ep_len_mean          | 200         |
|    ep_rew_mean          | -221        |
| time/                   |             |
|    fps                  | 68          |
|    iterations           | 23          |
|    time_elapsed         | 687         |
|    total_timesteps      | 47104       |
| train/                  |             |
|    approx_kl            | 0.016230037 |
|    clip_fraction        | 0.2         |
|    clip_range           | 0.2         |
|    entropy_loss         | -9.35       |
|    explained_variance   | 0.598       |
|    learning_rate        | 0.0003      |
|    loss                 | -0.0162     |
|    n_updates            | 220         |
|    policy_gradient_loss | -0.0291     |
|    std                  | 0.917       |
|    value_loss           | 0.000528    |
-----------------------------------------
----------------------------------------
| rollout/                |            |
|    ep_len_mean          | 200        |
|    ep_rew_mean          | -209       |
| time/                   |            |
|    fps                  | 68         |
|    iterations           | 24         |
|    time_elapsed         | 717        |
|    total_timesteps      | 49152      |
| train/                  |            |
|    approx_kl            | 0.01439066 |
|    clip_fraction        | 0.171      |
|    clip_range           | 0.2        |
|    entropy_loss         | -9.29      |
|    explained_variance   | 0.335      |
|    learning_rate        | 0.0003     |
|    loss                 | -0.0379    |
|    n_updates            | 230        |
|    policy_gradient_loss | -0.0283    |
|    std                  | 0.91       |
|    value_loss           | 0.000429   |
----------------------------------------
-----------------------------------------
| rollout/                |             |
|    ep_len_mean          | 200         |
|    ep_rew_mean          | -197        |
| time/                   |             |
|    fps                  | 68          |
|    iterations           | 25          |
|    time_elapsed         | 747         |
|    total_timesteps      | 51200       |
| train/                  |             |
|    approx_kl            | 0.015511978 |
|    clip_fraction        | 0.198       |
|    clip_range           | 0.2         |
|    entropy_loss         | -9.25       |
|    explained_variance   | 0.704       |
|    learning_rate        | 0.0003      |
|    loss                 | -0.0507     |
|    n_updates            | 240         |
|    policy_gradient_loss | -0.0271     |
|    std                  | 0.905       |
|    value_loss           | 0.000339    |
-----------------------------------------
-----------------------------------------
| rollout/                |             |
|    ep_len_mean          | 200         |
|    ep_rew_mean          | -188        |
| time/                   |             |
|    fps                  | 68          |
|    iterations           | 26          |
|    time_elapsed         | 776         |
|    total_timesteps      | 53248       |
| train/                  |             |
|    approx_kl            | 0.014819995 |
|    clip_fraction        | 0.18        |
|    clip_range           | 0.2         |
|    entropy_loss         | -9.19       |
|    explained_variance   | 0.58        |
|    learning_rate        | 0.0003      |
|    loss                 | -0.0589     |
|    n_updates            | 250         |
|    policy_gradient_loss | -0.0267     |
|    std                  | 0.896       |
|    value_loss           | 0.000264    |
-----------------------------------------
-----------------------------------------
| rollout/                |             |
|    ep_len_mean          | 200         |
|    ep_rew_mean          | -179        |
| time/                   |             |
|    fps                  | 68          |
|    iterations           | 27          |
|    time_elapsed         | 806         |
|    total_timesteps      | 55296       |
| train/                  |             |
|    approx_kl            | 0.015884757 |
|    clip_fraction        | 0.169       |
|    clip_range           | 0.2         |
|    entropy_loss         | -9.15       |
|    explained_variance   | 0.0757      |
|    learning_rate        | 0.0003      |
|    loss                 | -0.0194     |
|    n_updates            | 260         |
|    policy_gradient_loss | -0.0276     |
|    std                  | 0.891       |
|    value_loss           | 0.000347    |
-----------------------------------------
-----------------------------------------
| rollout/                |             |
|    ep_len_mean          | 200         |
|    ep_rew_mean          | -172        |
| time/                   |             |
|    fps                  | 68          |
|    iterations           | 28          |
|    time_elapsed         | 835         |
|    total_timesteps      | 57344       |
| train/                  |             |
|    approx_kl            | 0.018404841 |
|    clip_fraction        | 0.208       |
|    clip_range           | 0.2         |
|    entropy_loss         | -9.09       |
|    explained_variance   | -0.0139     |
|    learning_rate        | 0.0003      |
|    loss                 | -0.034      |
|    n_updates            | 270         |
|    policy_gradient_loss | -0.0292     |
|    std                  | 0.883       |
|    value_loss           | 0.000514    |
-----------------------------------------
----------------------------------------
| rollout/                |            |
|    ep_len_mean          | 200        |
|    ep_rew_mean          | -164       |
| time/                   |            |
|    fps                  | 68         |
|    iterations           | 29         |
|    time_elapsed         | 865        |
|    total_timesteps      | 59392      |
| train/                  |            |
|    approx_kl            | 0.01847937 |
|    clip_fraction        | 0.204      |
|    clip_range           | 0.2        |
|    entropy_loss         | -9.05      |
|    explained_variance   | -0.0898    |
|    learning_rate        | 0.0003     |
|    loss                 | -0.0515    |
|    n_updates            | 280        |
|    policy_gradient_loss | -0.0302    |
|    std                  | 0.881      |
|    value_loss           | 0.000222   |
----------------------------------------
-----------------------------------------
| rollout/                |             |
|    ep_len_mean          | 200         |
|    ep_rew_mean          | -159        |
| time/                   |             |
|    fps                  | 68          |
|    iterations           | 30          |
|    time_elapsed         | 895         |
|    total_timesteps      | 61440       |
| train/                  |             |
|    approx_kl            | 0.016061239 |
|    clip_fraction        | 0.196       |
|    clip_range           | 0.2         |
|    entropy_loss         | -9.03       |
|    explained_variance   | 0.0737      |
|    learning_rate        | 0.0003      |
|    loss                 | -0.0174     |
|    n_updates            | 290         |
|    policy_gradient_loss | -0.0256     |
|    std                  | 0.878       |
|    value_loss           | 0.000403    |
-----------------------------------------
-----------------------------------------
| rollout/                |             |
|    ep_len_mean          | 200         |
|    ep_rew_mean          | -154        |
| time/                   |             |
|    fps                  | 68          |
|    iterations           | 31          |
|    time_elapsed         | 924         |
|    total_timesteps      | 63488       |
| train/                  |             |
|    approx_kl            | 0.016534545 |
|    clip_fraction        | 0.192       |
|    clip_range           | 0.2         |
|    entropy_loss         | -8.97       |
|    explained_variance   | 0.0667      |
|    learning_rate        | 0.0003      |
|    loss                 | -0.0438     |
|    n_updates            | 300         |
|    policy_gradient_loss | -0.029      |
|    std                  | 0.868       |
|    value_loss           | 0.000166    |
-----------------------------------------
-----------------------------------------
| rollout/                |             |
|    ep_len_mean          | 200         |
|    ep_rew_mean          | -149        |
| time/                   |             |
|    fps                  | 68          |
|    iterations           | 32          |
|    time_elapsed         | 954         |
|    total_timesteps      | 65536       |
| train/                  |             |
|    approx_kl            | 0.019756824 |
|    clip_fraction        | 0.239       |
|    clip_range           | 0.2         |
|    entropy_loss         | -8.9        |
|    explained_variance   | 0.251       |
|    learning_rate        | 0.0003      |
|    loss                 | -0.0206     |
|    n_updates            | 310         |
|    policy_gradient_loss | -0.0356     |
|    std                  | 0.86        |
|    value_loss           | 0.000172    |
-----------------------------------------
----------------------------------------
| rollout/                |            |
|    ep_len_mean          | 200        |
|    ep_rew_mean          | -145       |
| time/                   |            |
|    fps                  | 68         |
|    iterations           | 33         |
|    time_elapsed         | 983        |
|    total_timesteps      | 67584      |
| train/                  |            |
|    approx_kl            | 0.01835711 |
|    clip_fraction        | 0.216      |
|    clip_range           | 0.2        |
|    entropy_loss         | -8.82      |
|    explained_variance   | 0.132      |
|    learning_rate        | 0.0003     |
|    loss                 | -0.0435    |
|    n_updates            | 320        |
|    policy_gradient_loss | -0.0283    |
|    std                  | 0.849      |
|    value_loss           | 0.000138   |
----------------------------------------
-----------------------------------------
| rollout/                |             |
|    ep_len_mean          | 200         |
|    ep_rew_mean          | -142        |
| time/                   |             |
|    fps                  | 68          |
|    iterations           | 34          |
|    time_elapsed         | 1013        |
|    total_timesteps      | 69632       |
| train/                  |             |
|    approx_kl            | 0.017079227 |
|    clip_fraction        | 0.198       |
|    clip_range           | 0.2         |
|    entropy_loss         | -8.77       |
|    explained_variance   | 0.257       |
|    learning_rate        | 0.0003      |
|    loss                 | -0.0647     |
|    n_updates            | 330         |
|    policy_gradient_loss | -0.0265     |
|    std                  | 0.844       |
|    value_loss           | 0.000219    |
-----------------------------------------
-----------------------------------------
| rollout/                |             |
|    ep_len_mean          | 200         |
|    ep_rew_mean          | -139        |
| time/                   |             |
|    fps                  | 68          |
|    iterations           | 35          |
|    time_elapsed         | 1042        |
|    total_timesteps      | 71680       |
| train/                  |             |
|    approx_kl            | 0.015540739 |
|    clip_fraction        | 0.174       |
|    clip_range           | 0.2         |
|    entropy_loss         | -8.71       |
|    explained_variance   | -0.574      |
|    learning_rate        | 0.0003      |
|    loss                 | -0.0168     |
|    n_updates            | 340         |
|    policy_gradient_loss | -0.0246     |
|    std                  | 0.838       |
|    value_loss           | 0.00011     |
-----------------------------------------
-----------------------------------------
| rollout/                |             |
|    ep_len_mean          | 200         |
|    ep_rew_mean          | -136        |
| time/                   |             |
|    fps                  | 68          |
|    iterations           | 36          |
|    time_elapsed         | 1072        |
|    total_timesteps      | 73728       |
| train/                  |             |
|    approx_kl            | 0.017529193 |
|    clip_fraction        | 0.213       |
|    clip_range           | 0.2         |
|    entropy_loss         | -8.64       |
|    explained_variance   | -0.43       |
|    learning_rate        | 0.0003      |
|    loss                 | -0.0591     |
|    n_updates            | 350         |
|    policy_gradient_loss | -0.0322     |
|    std                  | 0.83        |
|    value_loss           | 9.96e-05    |
-----------------------------------------
-----------------------------------------
| rollout/                |             |
|    ep_len_mean          | 200         |
|    ep_rew_mean          | -133        |
| time/                   |             |
|    fps                  | 68          |
|    iterations           | 37          |
|    time_elapsed         | 1102        |
|    total_timesteps      | 75776       |
| train/                  |             |
|    approx_kl            | 0.015389322 |
|    clip_fraction        | 0.203       |
|    clip_range           | 0.2         |
|    entropy_loss         | -8.58       |
|    explained_variance   | -0.495      |
|    learning_rate        | 0.0003      |
|    loss                 | -0.0472     |
|    n_updates            | 360         |
|    policy_gradient_loss | -0.0272     |
|    std                  | 0.824       |
|    value_loss           | 9.63e-05    |
-----------------------------------------
-----------------------------------------
| rollout/                |             |
|    ep_len_mean          | 200         |
|    ep_rew_mean          | -130        |
| time/                   |             |
|    fps                  | 68          |
|    iterations           | 38          |
|    time_elapsed         | 1131        |
|    total_timesteps      | 77824       |
| train/                  |             |
|    approx_kl            | 0.013570857 |
|    clip_fraction        | 0.187       |
|    clip_range           | 0.2         |
|    entropy_loss         | -8.53       |
|    explained_variance   | -0.412      |
|    learning_rate        | 0.0003      |
|    loss                 | -0.0176     |
|    n_updates            | 370         |
|    policy_gradient_loss | -0.0246     |
|    std                  | 0.817       |
|    value_loss           | 0.00012     |
-----------------------------------------
-----------------------------------------
| rollout/                |             |
|    ep_len_mean          | 200         |
|    ep_rew_mean          | -129        |
| time/                   |             |
|    fps                  | 68          |
|    iterations           | 39          |
|    time_elapsed         | 1161        |
|    total_timesteps      | 79872       |
| train/                  |             |
|    approx_kl            | 0.018463388 |
|    clip_fraction        | 0.223       |
|    clip_range           | 0.2         |
|    entropy_loss         | -8.45       |
|    explained_variance   | -0.32       |
|    learning_rate        | 0.0003      |
|    loss                 | -0.0381     |
|    n_updates            | 380         |
|    policy_gradient_loss | -0.0304     |
|    std                  | 0.805       |
|    value_loss           | 7.7e-05     |
-----------------------------------------
-----------------------------------------
| rollout/                |             |
|    ep_len_mean          | 200         |
|    ep_rew_mean          | -126        |
| time/                   |             |
|    fps                  | 68          |
|    iterations           | 40          |
|    time_elapsed         | 1191        |
|    total_timesteps      | 81920       |
| train/                  |             |
|    approx_kl            | 0.014678513 |
|    clip_fraction        | 0.179       |
|    clip_range           | 0.2         |
|    entropy_loss         | -8.4        |
|    explained_variance   | 0.514       |
|    learning_rate        | 0.0003      |
|    loss                 | -0.0501     |
|    n_updates            | 390         |
|    policy_gradient_loss | -0.0186     |
|    std                  | 0.805       |
|    value_loss           | 0.000422    |
-----------------------------------------
-----------------------------------------
| rollout/                |             |
|    ep_len_mean          | 200         |
|    ep_rew_mean          | -123        |
| time/                   |             |
|    fps                  | 68          |
|    iterations           | 41          |
|    time_elapsed         | 1220        |
|    total_timesteps      | 83968       |
| train/                  |             |
|    approx_kl            | 0.018089548 |
|    clip_fraction        | 0.221       |
|    clip_range           | 0.2         |
|    entropy_loss         | -8.36       |
|    explained_variance   | -0.37       |
|    learning_rate        | 0.0003      |
|    loss                 | -0.0278     |
|    n_updates            | 400         |
|    policy_gradient_loss | -0.0282     |
|    std                  | 0.796       |
|    value_loss           | 9.38e-05    |
-----------------------------------------
----------------------------------------
| rollout/                |            |
|    ep_len_mean          | 200        |
|    ep_rew_mean          | -121       |
| time/                   |            |
|    fps                  | 68         |
|    iterations           | 42         |
|    time_elapsed         | 1250       |
|    total_timesteps      | 86016      |
| train/                  |            |
|    approx_kl            | 0.01761303 |
|    clip_fraction        | 0.221      |
|    clip_range           | 0.2        |
|    entropy_loss         | -8.28      |
|    explained_variance   | -0.697     |
|    learning_rate        | 0.0003     |
|    loss                 | -0.0265    |
|    n_updates            | 410        |
|    policy_gradient_loss | -0.0273    |
|    std                  | 0.787      |
|    value_loss           | 7.33e-05   |
----------------------------------------
-----------------------------------------
| rollout/                |             |
|    ep_len_mean          | 200         |
|    ep_rew_mean          | -118        |
| time/                   |             |
|    fps                  | 68          |
|    iterations           | 43          |
|    time_elapsed         | 1279        |
|    total_timesteps      | 88064       |
| train/                  |             |
|    approx_kl            | 0.017258348 |
|    clip_fraction        | 0.187       |
|    clip_range           | 0.2         |
|    entropy_loss         | -8.17       |
|    explained_variance   | -0.207      |
|    learning_rate        | 0.0003      |
|    loss                 | -0.0708     |
|    n_updates            | 420         |
|    policy_gradient_loss | -0.0274     |
|    std                  | 0.774       |
|    value_loss           | 7.77e-05    |
-----------------------------------------
-----------------------------------------
| rollout/                |             |
|    ep_len_mean          | 200         |
|    ep_rew_mean          | -116        |
| time/                   |             |
|    fps                  | 68          |
|    iterations           | 44          |
|    time_elapsed         | 1309        |
|    total_timesteps      | 90112       |
| train/                  |             |
|    approx_kl            | 0.017614197 |
|    clip_fraction        | 0.212       |
|    clip_range           | 0.2         |
|    entropy_loss         | -8.07       |
|    explained_variance   | -0.367      |
|    learning_rate        | 0.0003      |
|    loss                 | -0.0642     |
|    n_updates            | 430         |
|    policy_gradient_loss | -0.0275     |
|    std                  | 0.766       |
|    value_loss           | 7.57e-05    |
-----------------------------------------
-----------------------------------------
| rollout/                |             |
|    ep_len_mean          | 200         |
|    ep_rew_mean          | -114        |
| time/                   |             |
|    fps                  | 68          |
|    iterations           | 45          |
|    time_elapsed         | 1339        |
|    total_timesteps      | 92160       |
| train/                  |             |
|    approx_kl            | 0.016914314 |
|    clip_fraction        | 0.209       |
|    clip_range           | 0.2         |
|    entropy_loss         | -7.99       |
|    explained_variance   | -0.424      |
|    learning_rate        | 0.0003      |
|    loss                 | -0.0403     |
|    n_updates            | 440         |
|    policy_gradient_loss | -0.0255     |
|    std                  | 0.757       |
|    value_loss           | 6.94e-05    |
-----------------------------------------
-----------------------------------------
| rollout/                |             |
|    ep_len_mean          | 200         |
|    ep_rew_mean          | -111        |
| time/                   |             |
|    fps                  | 68          |
|    iterations           | 46          |
|    time_elapsed         | 1369        |
|    total_timesteps      | 94208       |
| train/                  |             |
|    approx_kl            | 0.014860858 |
|    clip_fraction        | 0.189       |
|    clip_range           | 0.2         |
|    entropy_loss         | -7.91       |
|    explained_variance   | -0.131      |
|    learning_rate        | 0.0003      |
|    loss                 | -0.0132     |
|    n_updates            | 450         |
|    policy_gradient_loss | -0.0225     |
|    std                  | 0.748       |
|    value_loss           | 6.64e-05    |
-----------------------------------------
----------------------------------------
| rollout/                |            |
|    ep_len_mean          | 200        |
|    ep_rew_mean          | -110       |
| time/                   |            |
|    fps                  | 68         |
|    iterations           | 47         |
|    time_elapsed         | 1398       |
|    total_timesteps      | 96256      |
| train/                  |            |
|    approx_kl            | 0.01870349 |
|    clip_fraction        | 0.242      |
|    clip_range           | 0.2        |
|    entropy_loss         | -7.84      |
|    explained_variance   | -0.275     |
|    learning_rate        | 0.0003     |
|    loss                 | -0.0408    |
|    n_updates            | 460        |
|    policy_gradient_loss | -0.0295    |
|    std                  | 0.742      |
|    value_loss           | 6.16e-05   |
----------------------------------------
-----------------------------------------
| rollout/                |             |
|    ep_len_mean          | 200         |
|    ep_rew_mean          | -108        |
| time/                   |             |
|    fps                  | 68          |
|    iterations           | 48          |
|    time_elapsed         | 1428        |
|    total_timesteps      | 98304       |
| train/                  |             |
|    approx_kl            | 0.015855283 |
|    clip_fraction        | 0.213       |
|    clip_range           | 0.2         |
|    entropy_loss         | -7.79       |
|    explained_variance   | -0.408      |
|    learning_rate        | 0.0003      |
|    loss                 | -0.0456     |
|    n_updates            | 470         |
|    policy_gradient_loss | -0.0262     |
|    std                  | 0.739       |
|    value_loss           | 5.58e-05    |
-----------------------------------------
-----------------------------------------
| rollout/                |             |
|    ep_len_mean          | 200         |
|    ep_rew_mean          | -104        |
| time/                   |             |
|    fps                  | 68          |
|    iterations           | 49          |
|    time_elapsed         | 1458        |
|    total_timesteps      | 100352      |
| train/                  |             |
|    approx_kl            | 0.017090663 |
|    clip_fraction        | 0.195       |
|    clip_range           | 0.2         |
|    entropy_loss         | -7.73       |
|    explained_variance   | -0.278      |
|    learning_rate        | 0.0003      |
|    loss                 | -0.0225     |
|    n_updates            | 480         |
|    policy_gradient_loss | -0.026      |
|    std                  | 0.731       |
|    value_loss           | 5.35e-05    |
-----------------------------------------
-----------------------------------------
| rollout/                |             |
|    ep_len_mean          | 200         |
|    ep_rew_mean          | -102        |
| time/                   |             |
|    fps                  | 68          |
|    iterations           | 50          |
|    time_elapsed         | 1487        |
|    total_timesteps      | 102400      |
| train/                  |             |
|    approx_kl            | 0.014553582 |
|    clip_fraction        | 0.171       |
|    clip_range           | 0.2         |
|    entropy_loss         | -7.63       |
|    explained_variance   | -0.37       |
|    learning_rate        | 0.0003      |
|    loss                 | -0.0123     |
|    n_updates            | 490         |
|    policy_gradient_loss | -0.0222     |
|    std                  | 0.719       |
|    value_loss           | 4.37e-05    |
-----------------------------------------
-----------------------------------------
| rollout/                |             |
|    ep_len_mean          | 200         |
|    ep_rew_mean          | -101        |
| time/                   |             |
|    fps                  | 68          |
|    iterations           | 51          |
|    time_elapsed         | 1517        |
|    total_timesteps      | 104448      |
| train/                  |             |
|    approx_kl            | 0.015904378 |
|    clip_fraction        | 0.203       |
|    clip_range           | 0.2         |
|    entropy_loss         | -7.5        |
|    explained_variance   | -0.255      |
|    learning_rate        | 0.0003      |
|    loss                 | -0.0399     |
|    n_updates            | 500         |
|    policy_gradient_loss | -0.0273     |
|    std                  | 0.705       |
|    value_loss           | 4.84e-05    |
-----------------------------------------
-----------------------------------------
| rollout/                |             |
|    ep_len_mean          | 200         |
|    ep_rew_mean          | -98.7       |
| time/                   |             |
|    fps                  | 68          |
|    iterations           | 52          |
|    time_elapsed         | 1547        |
|    total_timesteps      | 106496      |
| train/                  |             |
|    approx_kl            | 0.020365965 |
|    clip_fraction        | 0.228       |
|    clip_range           | 0.2         |
|    entropy_loss         | -7.36       |
|    explained_variance   | -0.12       |
|    learning_rate        | 0.0003      |
|    loss                 | -0.033      |
|    n_updates            | 510         |
|    policy_gradient_loss | -0.0275     |
|    std                  | 0.692       |
|    value_loss           | 5.93e-05    |
-----------------------------------------
-----------------------------------------
| rollout/                |             |
|    ep_len_mean          | 200         |
|    ep_rew_mean          | -96.7       |
| time/                   |             |
|    fps                  | 68          |
|    iterations           | 53          |
|    time_elapsed         | 1577        |
|    total_timesteps      | 108544      |
| train/                  |             |
|    approx_kl            | 0.019433899 |
|    clip_fraction        | 0.234       |
|    clip_range           | 0.2         |
|    entropy_loss         | -7.23       |
|    explained_variance   | -0.351      |
|    learning_rate        | 0.0003      |
|    loss                 | -0.0241     |
|    n_updates            | 520         |
|    policy_gradient_loss | -0.0283     |
|    std                  | 0.68        |
|    value_loss           | 4.17e-05    |
-----------------------------------------
-----------------------------------------
| rollout/                |             |
|    ep_len_mean          | 200         |
|    ep_rew_mean          | -94.9       |
| time/                   |             |
|    fps                  | 68          |
|    iterations           | 54          |
|    time_elapsed         | 1607        |
|    total_timesteps      | 110592      |
| train/                  |             |
|    approx_kl            | 0.015702795 |
|    clip_fraction        | 0.213       |
|    clip_range           | 0.2         |
|    entropy_loss         | -7.13       |
|    explained_variance   | -0.124      |
|    learning_rate        | 0.0003      |
|    loss                 | -0.0307     |
|    n_updates            | 530         |
|    policy_gradient_loss | -0.0231     |
|    std                  | 0.672       |
|    value_loss           | 3.96e-05    |
-----------------------------------------
-----------------------------------------
| rollout/                |             |
|    ep_len_mean          | 200         |
|    ep_rew_mean          | -92.6       |
| time/                   |             |
|    fps                  | 68          |
|    iterations           | 55          |
|    time_elapsed         | 1637        |
|    total_timesteps      | 112640      |
| train/                  |             |
|    approx_kl            | 0.021427006 |
|    clip_fraction        | 0.254       |
|    clip_range           | 0.2         |
|    entropy_loss         | -7.03       |
|    explained_variance   | -0.186      |
|    learning_rate        | 0.0003      |
|    loss                 | -0.0623     |
|    n_updates            | 540         |
|    policy_gradient_loss | -0.0296     |
|    std                  | 0.663       |
|    value_loss           | 4.11e-05    |
-----------------------------------------
-----------------------------------------
| rollout/                |             |
|    ep_len_mean          | 200         |
|    ep_rew_mean          | -90.8       |
| time/                   |             |
|    fps                  | 68          |
|    iterations           | 56          |
|    time_elapsed         | 1667        |
|    total_timesteps      | 114688      |
| train/                  |             |
|    approx_kl            | 0.016927484 |
|    clip_fraction        | 0.227       |
|    clip_range           | 0.2         |
|    entropy_loss         | -6.93       |
|    explained_variance   | -0.311      |
|    learning_rate        | 0.0003      |
|    loss                 | -0.0615     |
|    n_updates            | 550         |
|    policy_gradient_loss | -0.0264     |
|    std                  | 0.654       |
|    value_loss           | 4.29e-05    |
-----------------------------------------
-----------------------------------------
| rollout/                |             |
|    ep_len_mean          | 200         |
|    ep_rew_mean          | -88.9       |
| time/                   |             |
|    fps                  | 68          |
|    iterations           | 57          |
|    time_elapsed         | 1697        |
|    total_timesteps      | 116736      |
| train/                  |             |
|    approx_kl            | 0.017701916 |
|    clip_fraction        | 0.228       |
|    clip_range           | 0.2         |
|    entropy_loss         | -6.82       |
|    explained_variance   | -0.267      |
|    learning_rate        | 0.0003      |
|    loss                 | -0.0566     |
|    n_updates            | 560         |
|    policy_gradient_loss | -0.0277     |
|    std                  | 0.644       |
|    value_loss           | 4.52e-05    |
-----------------------------------------
----------------------------------------
| rollout/                |            |
|    ep_len_mean          | 200        |
|    ep_rew_mean          | -87        |
| time/                   |            |
|    fps                  | 68         |
|    iterations           | 58         |
|    time_elapsed         | 1728       |
|    total_timesteps      | 118784     |
| train/                  |            |
|    approx_kl            | 0.01723658 |
|    clip_fraction        | 0.253      |
|    clip_range           | 0.2        |
|    entropy_loss         | -6.73      |
|    explained_variance   | -0.125     |
|    learning_rate        | 0.0003     |
|    loss                 | -0.00689   |
|    n_updates            | 570        |
|    policy_gradient_loss | -0.0265    |
|    std                  | 0.637      |
|    value_loss           | 3.83e-05   |
----------------------------------------
-----------------------------------------
| rollout/                |             |
|    ep_len_mean          | 200         |
|    ep_rew_mean          | -85.1       |
| time/                   |             |
|    fps                  | 68          |
|    iterations           | 59          |
|    time_elapsed         | 1758        |
|    total_timesteps      | 120832      |
| train/                  |             |
|    approx_kl            | 0.018308097 |
|    clip_fraction        | 0.22        |
|    clip_range           | 0.2         |
|    entropy_loss         | -6.61       |
|    explained_variance   | -0.27       |
|    learning_rate        | 0.0003      |
|    loss                 | -0.0432     |
|    n_updates            | 580         |
|    policy_gradient_loss | -0.0275     |
|    std                  | 0.624       |
|    value_loss           | 3.74e-05    |
-----------------------------------------
-----------------------------------------
| rollout/                |             |
|    ep_len_mean          | 200         |
|    ep_rew_mean          | -83.4       |
| time/                   |             |
|    fps                  | 68          |
|    iterations           | 60          |
|    time_elapsed         | 1788        |
|    total_timesteps      | 122880      |
| train/                  |             |
|    approx_kl            | 0.019488452 |
|    clip_fraction        | 0.229       |
|    clip_range           | 0.2         |
|    entropy_loss         | -6.48       |
|    explained_variance   | -0.0735     |
|    learning_rate        | 0.0003      |
|    loss                 | -0.0382     |
|    n_updates            | 590         |
|    policy_gradient_loss | -0.0256     |
|    std                  | 0.614       |
|    value_loss           | 4.12e-05    |
-----------------------------------------
-----------------------------------------
| rollout/                |             |
|    ep_len_mean          | 200         |
|    ep_rew_mean          | -81.7       |
| time/                   |             |
|    fps                  | 68          |
|    iterations           | 61          |
|    time_elapsed         | 1818        |
|    total_timesteps      | 124928      |
| train/                  |             |
|    approx_kl            | 0.023131225 |
|    clip_fraction        | 0.247       |
|    clip_range           | 0.2         |
|    entropy_loss         | -6.35       |
|    explained_variance   | -0.438      |
|    learning_rate        | 0.0003      |
|    loss                 | -0.0479     |
|    n_updates            | 600         |
|    policy_gradient_loss | -0.0272     |
|    std                  | 0.602       |
|    value_loss           | 3.99e-05    |
-----------------------------------------
-----------------------------------------
| rollout/                |             |
|    ep_len_mean          | 200         |
|    ep_rew_mean          | -80.3       |
| time/                   |             |
|    fps                  | 68          |
|    iterations           | 62          |
|    time_elapsed         | 1848        |
|    total_timesteps      | 126976      |
| train/                  |             |
|    approx_kl            | 0.018890267 |
|    clip_fraction        | 0.209       |
|    clip_range           | 0.2         |
|    entropy_loss         | -6.22       |
|    explained_variance   | -0.153      |
|    learning_rate        | 0.0003      |
|    loss                 | -0.0505     |
|    n_updates            | 610         |
|    policy_gradient_loss | -0.0242     |
|    std                  | 0.591       |
|    value_loss           | 3.49e-05    |
-----------------------------------------
-----------------------------------------
| rollout/                |             |
|    ep_len_mean          | 200         |
|    ep_rew_mean          | -78.7       |
| time/                   |             |
|    fps                  | 68          |
|    iterations           | 63          |
|    time_elapsed         | 1878        |
|    total_timesteps      | 129024      |
| train/                  |             |
|    approx_kl            | 0.023099367 |
|    clip_fraction        | 0.25        |
|    clip_range           | 0.2         |
|    entropy_loss         | -6.08       |
|    explained_variance   | -0.0601     |
|    learning_rate        | 0.0003      |
|    loss                 | -0.0537     |
|    n_updates            | 620         |
|    policy_gradient_loss | -0.0279     |
|    std                  | 0.581       |
|    value_loss           | 2.93e-05    |
-----------------------------------------
-----------------------------------------
| rollout/                |             |
|    ep_len_mean          | 200         |
|    ep_rew_mean          | -77.4       |
| time/                   |             |
|    fps                  | 68          |
|    iterations           | 64          |
|    time_elapsed         | 1908        |
|    total_timesteps      | 131072      |
| train/                  |             |
|    approx_kl            | 0.017372126 |
|    clip_fraction        | 0.208       |
|    clip_range           | 0.2         |
|    entropy_loss         | -5.95       |
|    explained_variance   | -0.112      |
|    learning_rate        | 0.0003      |
|    loss                 | -0.0341     |
|    n_updates            | 630         |
|    policy_gradient_loss | -0.0205     |
|    std                  | 0.571       |
|    value_loss           | 4e-05       |
-----------------------------------------
-----------------------------------------
| rollout/                |             |
|    ep_len_mean          | 200         |
|    ep_rew_mean          | -76.1       |
| time/                   |             |
|    fps                  | 68          |
|    iterations           | 65          |
|    time_elapsed         | 1938        |
|    total_timesteps      | 133120      |
| train/                  |             |
|    approx_kl            | 0.018017644 |
|    clip_fraction        | 0.236       |
|    clip_range           | 0.2         |
|    entropy_loss         | -5.84       |
|    explained_variance   | -0.257      |
|    learning_rate        | 0.0003      |
|    loss                 | -0.0541     |
|    n_updates            | 640         |
|    policy_gradient_loss | -0.0204     |
|    std                  | 0.564       |
|    value_loss           | 2.73e-05    |
-----------------------------------------
-----------------------------------------
| rollout/                |             |
|    ep_len_mean          | 200         |
|    ep_rew_mean          | -74.6       |
| time/                   |             |
|    fps                  | 68          |
|    iterations           | 66          |
|    time_elapsed         | 1968        |
|    total_timesteps      | 135168      |
| train/                  |             |
|    approx_kl            | 0.019148093 |
|    clip_fraction        | 0.247       |
|    clip_range           | 0.2         |
|    entropy_loss         | -5.73       |
|    explained_variance   | -0.101      |
|    learning_rate        | 0.0003      |
|    loss                 | -0.0603     |
|    n_updates            | 650         |
|    policy_gradient_loss | -0.024      |
|    std                  | 0.554       |
|    value_loss           | 2.82e-05    |
-----------------------------------------
-----------------------------------------
| rollout/                |             |
|    ep_len_mean          | 200         |
|    ep_rew_mean          | -73.2       |
| time/                   |             |
|    fps                  | 68          |
|    iterations           | 67          |
|    time_elapsed         | 1999        |
|    total_timesteps      | 137216      |
| train/                  |             |
|    approx_kl            | 0.017804798 |
|    clip_fraction        | 0.241       |
|    clip_range           | 0.2         |
|    entropy_loss         | -5.62       |
|    explained_variance   | -0.306      |
|    learning_rate        | 0.0003      |
|    loss                 | -0.0304     |
|    n_updates            | 660         |
|    policy_gradient_loss | -0.022      |
|    std                  | 0.546       |
|    value_loss           | 2.57e-05    |
-----------------------------------------
-----------------------------------------
| rollout/                |             |
|    ep_len_mean          | 200         |
|    ep_rew_mean          | -72         |
| time/                   |             |
|    fps                  | 68          |
|    iterations           | 68          |
|    time_elapsed         | 2029        |
|    total_timesteps      | 139264      |
| train/                  |             |
|    approx_kl            | 0.019333135 |
|    clip_fraction        | 0.22        |
|    clip_range           | 0.2         |
|    entropy_loss         | -5.5        |
|    explained_variance   | -0.213      |
|    learning_rate        | 0.0003      |
|    loss                 | -0.0149     |
|    n_updates            | 670         |
|    policy_gradient_loss | -0.0202     |
|    std                  | 0.537       |
|    value_loss           | 2.81e-05    |
-----------------------------------------
-----------------------------------------
| rollout/                |             |
|    ep_len_mean          | 200         |
|    ep_rew_mean          | -71         |
| time/                   |             |
|    fps                  | 68          |
|    iterations           | 69          |
|    time_elapsed         | 2060        |
|    total_timesteps      | 141312      |
| train/                  |             |
|    approx_kl            | 0.020438906 |
|    clip_fraction        | 0.226       |
|    clip_range           | 0.2         |
|    entropy_loss         | -5.38       |
|    explained_variance   | 0.0976      |
|    learning_rate        | 0.0003      |
|    loss                 | -0.0174     |
|    n_updates            | 680         |
|    policy_gradient_loss | -0.0242     |
|    std                  | 0.529       |
|    value_loss           | 7.26e-05    |
-----------------------------------------
-----------------------------------------
| rollout/                |             |
|    ep_len_mean          | 200         |
|    ep_rew_mean          | -69.9       |
| time/                   |             |
|    fps                  | 68          |
|    iterations           | 70          |
|    time_elapsed         | 2090        |
|    total_timesteps      | 143360      |
| train/                  |             |
|    approx_kl            | 0.021558385 |
|    clip_fraction        | 0.261       |
|    clip_range           | 0.2         |
|    entropy_loss         | -5.28       |
|    explained_variance   | -0.0322     |
|    learning_rate        | 0.0003      |
|    loss                 | -0.0273     |
|    n_updates            | 690         |
|    policy_gradient_loss | -0.0173     |
|    std                  | 0.522       |
|    value_loss           | 0.000348    |
-----------------------------------------
-----------------------------------------
| rollout/                |             |
|    ep_len_mean          | 200         |
|    ep_rew_mean          | -68.6       |
| time/                   |             |
|    fps                  | 68          |
|    iterations           | 71          |
|    time_elapsed         | 2120        |
|    total_timesteps      | 145408      |
| train/                  |             |
|    approx_kl            | 0.026146324 |
|    clip_fraction        | 0.276       |
|    clip_range           | 0.2         |
|    entropy_loss         | -5.19       |
|    explained_variance   | -0.456      |
|    learning_rate        | 0.0003      |
|    loss                 | -0.0264     |
|    n_updates            | 700         |
|    policy_gradient_loss | -0.0225     |
|    std                  | 0.516       |
|    value_loss           | 4.32e-05    |
-----------------------------------------
----------------------------------------
| rollout/                |            |
|    ep_len_mean          | 200        |
|    ep_rew_mean          | -67.4      |
| time/                   |            |
|    fps                  | 68         |
|    iterations           | 72         |
|    time_elapsed         | 2151       |
|    total_timesteps      | 147456     |
| train/                  |            |
|    approx_kl            | 0.01611302 |
|    clip_fraction        | 0.222      |
|    clip_range           | 0.2        |
|    entropy_loss         | -5.09      |
|    explained_variance   | -0.192     |
|    learning_rate        | 0.0003     |
|    loss                 | -0.0486    |
|    n_updates            | 710        |
|    policy_gradient_loss | -0.0183    |
|    std                  | 0.51       |
|    value_loss           | 2.69e-05   |
----------------------------------------
-----------------------------------------
| rollout/                |             |
|    ep_len_mean          | 200         |
|    ep_rew_mean          | -66.3       |
| time/                   |             |
|    fps                  | 68          |
|    iterations           | 73          |
|    time_elapsed         | 2181        |
|    total_timesteps      | 149504      |
| train/                  |             |
|    approx_kl            | 0.019627947 |
|    clip_fraction        | 0.255       |
|    clip_range           | 0.2         |
|    entropy_loss         | -5          |
|    explained_variance   | -0.121      |
|    learning_rate        | 0.0003      |
|    loss                 | -0.0171     |
|    n_updates            | 720         |
|    policy_gradient_loss | -0.022      |
|    std                  | 0.504       |
|    value_loss           | 2.35e-05    |
-----------------------------------------
-----------------------------------------
| rollout/                |             |
|    ep_len_mean          | 200         |
|    ep_rew_mean          | -65.1       |
| time/                   |             |
|    fps                  | 68          |
|    iterations           | 74          |
|    time_elapsed         | 2212        |
|    total_timesteps      | 151552      |
| train/                  |             |
|    approx_kl            | 0.020884864 |
|    clip_fraction        | 0.237       |
|    clip_range           | 0.2         |
|    entropy_loss         | -4.9        |
|    explained_variance   | -0.0428     |
|    learning_rate        | 0.0003      |
|    loss                 | 0.0101      |
|    n_updates            | 730         |
|    policy_gradient_loss | -0.0225     |
|    std                  | 0.498       |
|    value_loss           | 2.43e-05    |
-----------------------------------------
-----------------------------------------
| rollout/                |             |
|    ep_len_mean          | 200         |
|    ep_rew_mean          | -63.9       |
| time/                   |             |
|    fps                  | 68          |
|    iterations           | 75          |
|    time_elapsed         | 2242        |
|    total_timesteps      | 153600      |
| train/                  |             |
|    approx_kl            | 0.023714589 |
|    clip_fraction        | 0.254       |
|    clip_range           | 0.2         |
|    entropy_loss         | -4.81       |
|    explained_variance   | -0.16       |
|    learning_rate        | 0.0003      |
|    loss                 | -0.0401     |
|    n_updates            | 740         |
|    policy_gradient_loss | -0.0215     |
|    std                  | 0.492       |
|    value_loss           | 2.17e-05    |
-----------------------------------------
-----------------------------------------
| rollout/                |             |
|    ep_len_mean          | 200         |
|    ep_rew_mean          | -63.1       |
| time/                   |             |
|    fps                  | 68          |
|    iterations           | 76          |
|    time_elapsed         | 2273        |
|    total_timesteps      | 155648      |
| train/                  |             |
|    approx_kl            | 0.018979888 |
|    clip_fraction        | 0.233       |
|    clip_range           | 0.2         |
|    entropy_loss         | -4.69       |
|    explained_variance   | -0.195      |
|    learning_rate        | 0.0003      |
|    loss                 | -0.0103     |
|    n_updates            | 750         |
|    policy_gradient_loss | -0.0201     |
|    std                  | 0.483       |
|    value_loss           | 2.65e-05    |
-----------------------------------------
-----------------------------------------
| rollout/                |             |
|    ep_len_mean          | 200         |
|    ep_rew_mean          | -62.3       |
| time/                   |             |
|    fps                  | 68          |
|    iterations           | 77          |
|    time_elapsed         | 2303        |
|    total_timesteps      | 157696      |
| train/                  |             |
|    approx_kl            | 0.022036089 |
|    clip_fraction        | 0.246       |
|    clip_range           | 0.2         |
|    entropy_loss         | -4.6        |
|    explained_variance   | -0.16       |
|    learning_rate        | 0.0003      |
|    loss                 | -0.00137    |
|    n_updates            | 760         |
|    policy_gradient_loss | -0.0204     |
|    std                  | 0.478       |
|    value_loss           | 2.05e-05    |
-----------------------------------------
-----------------------------------------
| rollout/                |             |
|    ep_len_mean          | 200         |
|    ep_rew_mean          | -61.1       |
| time/                   |             |
|    fps                  | 68          |
|    iterations           | 78          |
|    time_elapsed         | 2334        |
|    total_timesteps      | 159744      |
| train/                  |             |
|    approx_kl            | 0.023269285 |
|    clip_fraction        | 0.291       |
|    clip_range           | 0.2         |
|    entropy_loss         | -4.52       |
|    explained_variance   | -0.00528    |
|    learning_rate        | 0.0003      |
|    loss                 | -0.0205     |
|    n_updates            | 770         |
|    policy_gradient_loss | -0.0192     |
|    std                  | 0.472       |
|    value_loss           | 0.000169    |
-----------------------------------------
-----------------------------------------
| rollout/                |             |
|    ep_len_mean          | 200         |
|    ep_rew_mean          | -60.4       |
| time/                   |             |
|    fps                  | 68          |
|    iterations           | 79          |
|    time_elapsed         | 2366        |
|    total_timesteps      | 161792      |
| train/                  |             |
|    approx_kl            | 0.022682087 |
|    clip_fraction        | 0.274       |
|    clip_range           | 0.2         |
|    entropy_loss         | -4.44       |
|    explained_variance   | -0.152      |
|    learning_rate        | 0.0003      |
|    loss                 | -0.00676    |
|    n_updates            | 780         |
|    policy_gradient_loss | -0.0188     |
|    std                  | 0.468       |
|    value_loss           | 0.000103    |
-----------------------------------------
-----------------------------------------
| rollout/                |             |
|    ep_len_mean          | 200         |
|    ep_rew_mean          | -59.5       |
| time/                   |             |
|    fps                  | 68          |
|    iterations           | 80          |
|    time_elapsed         | 2397        |
|    total_timesteps      | 163840      |
| train/                  |             |
|    approx_kl            | 0.023151314 |
|    clip_fraction        | 0.284       |
|    clip_range           | 0.2         |
|    entropy_loss         | -4.39       |
|    explained_variance   | -0.204      |
|    learning_rate        | 0.0003      |
|    loss                 | -0.0259     |
|    n_updates            | 790         |
|    policy_gradient_loss | -0.0182     |
|    std                  | 0.466       |
|    value_loss           | 7.25e-05    |
-----------------------------------------
----------------------------------------
| rollout/                |            |
|    ep_len_mean          | 200        |
|    ep_rew_mean          | -58.6      |
| time/                   |            |
|    fps                  | 68         |
|    iterations           | 81         |
|    time_elapsed         | 2428       |
|    total_timesteps      | 165888     |
| train/                  |            |
|    approx_kl            | 0.02145281 |
|    clip_fraction        | 0.238      |
|    clip_range           | 0.2        |
|    entropy_loss         | -4.28      |
|    explained_variance   | -0.0926    |
|    learning_rate        | 0.0003     |
|    loss                 | -0.0469    |
|    n_updates            | 800        |
|    policy_gradient_loss | -0.0214    |
|    std                  | 0.457      |
|    value_loss           | 2.9e-05    |
----------------------------------------
-----------------------------------------
| rollout/                |             |
|    ep_len_mean          | 200         |
|    ep_rew_mean          | -57.7       |
| time/                   |             |
|    fps                  | 68          |
|    iterations           | 82          |
|    time_elapsed         | 2460        |
|    total_timesteps      | 167936      |
| train/                  |             |
|    approx_kl            | 0.021867989 |
|    clip_fraction        | 0.255       |
|    clip_range           | 0.2         |
|    entropy_loss         | -4.16       |
|    explained_variance   | -0.0525     |
|    learning_rate        | 0.0003      |
|    loss                 | -0.0576     |
|    n_updates            | 810         |
|    policy_gradient_loss | -0.0268     |
|    std                  | 0.45        |
|    value_loss           | 3.02e-05    |
-----------------------------------------
-----------------------------------------
| rollout/                |             |
|    ep_len_mean          | 200         |
|    ep_rew_mean          | -57         |
| time/                   |             |
|    fps                  | 68          |
|    iterations           | 83          |
|    time_elapsed         | 2491        |
|    total_timesteps      | 169984      |
| train/                  |             |
|    approx_kl            | 0.023635272 |
|    clip_fraction        | 0.286       |
|    clip_range           | 0.2         |
|    entropy_loss         | -4.06       |
|    explained_variance   | -0.153      |
|    learning_rate        | 0.0003      |
|    loss                 | -0.0383     |
|    n_updates            | 820         |
|    policy_gradient_loss | -0.0241     |
|    std                  | 0.444       |
|    value_loss           | 2.85e-05    |
-----------------------------------------
-----------------------------------------
| rollout/                |             |
|    ep_len_mean          | 200         |
|    ep_rew_mean          | -56.2       |
| time/                   |             |
|    fps                  | 68          |
|    iterations           | 84          |
|    time_elapsed         | 2522        |
|    total_timesteps      | 172032      |
| train/                  |             |
|    approx_kl            | 0.021659426 |
|    clip_fraction        | 0.263       |
|    clip_range           | 0.2         |
|    entropy_loss         | -3.97       |
|    explained_variance   | 0.00703     |
|    learning_rate        | 0.0003      |
|    loss                 | -0.0465     |
|    n_updates            | 830         |
|    policy_gradient_loss | -0.0186     |
|    std                  | 0.439       |
|    value_loss           | 0.000117    |
-----------------------------------------
-----------------------------------------
| rollout/                |             |
|    ep_len_mean          | 200         |
|    ep_rew_mean          | -56.2       |
| time/                   |             |
|    fps                  | 68          |
|    iterations           | 85          |
|    time_elapsed         | 2554        |
|    total_timesteps      | 174080      |
| train/                  |             |
|    approx_kl            | 0.026574126 |
|    clip_fraction        | 0.283       |
|    clip_range           | 0.2         |
|    entropy_loss         | -3.89       |
|    explained_variance   | -0.284      |
|    learning_rate        | 0.0003      |
|    loss                 | -0.0325     |
|    n_updates            | 840         |
|    policy_gradient_loss | -0.0212     |
|    std                  | 0.436       |
|    value_loss           | 4.37e-05    |
-----------------------------------------
---------------------------------------
| rollout/                |           |
|    ep_len_mean          | 200       |
|    ep_rew_mean          | -55.6     |
| time/                   |           |
|    fps                  | 68        |
|    iterations           | 86        |
|    time_elapsed         | 2585      |
|    total_timesteps      | 176128    |
| train/                  |           |
|    approx_kl            | 0.0258017 |
|    clip_fraction        | 0.332     |
|    clip_range           | 0.2       |
|    entropy_loss         | -3.83     |
|    explained_variance   | 0.0349    |
|    learning_rate        | 0.0003    |
|    loss                 | -0.0347   |
|    n_updates            | 850       |
|    policy_gradient_loss | -0.0188   |
|    std                  | 0.432     |
|    value_loss           | 0.000582  |
---------------------------------------
-----------------------------------------
| rollout/                |             |
|    ep_len_mean          | 200         |
|    ep_rew_mean          | -54.8       |
| time/                   |             |
|    fps                  | 68          |
|    iterations           | 87          |
|    time_elapsed         | 2616        |
|    total_timesteps      | 178176      |
| train/                  |             |
|    approx_kl            | 0.024031736 |
|    clip_fraction        | 0.285       |
|    clip_range           | 0.2         |
|    entropy_loss         | -3.77       |
|    explained_variance   | -0.149      |
|    learning_rate        | 0.0003      |
|    loss                 | 0.0114      |
|    n_updates            | 860         |
|    policy_gradient_loss | -0.0174     |
|    std                  | 0.43        |
|    value_loss           | 0.000106    |
-----------------------------------------
----------------------------------------
| rollout/                |            |
|    ep_len_mean          | 200        |
|    ep_rew_mean          | -54.3      |
| time/                   |            |
|    fps                  | 68         |
|    iterations           | 88         |
|    time_elapsed         | 2648       |
|    total_timesteps      | 180224     |
| train/                  |            |
|    approx_kl            | 0.02113514 |
|    clip_fraction        | 0.281      |
|    clip_range           | 0.2        |
|    entropy_loss         | -3.69      |
|    explained_variance   | -0.167     |
|    learning_rate        | 0.0003     |
|    loss                 | -0.0719    |
|    n_updates            | 870        |
|    policy_gradient_loss | -0.0195    |
|    std                  | 0.424      |
|    value_loss           | 3.4e-05    |
----------------------------------------
----------------------------------------
| rollout/                |            |
|    ep_len_mean          | 200        |
|    ep_rew_mean          | -53.9      |
| time/                   |            |
|    fps                  | 68         |
|    iterations           | 89         |
|    time_elapsed         | 2680       |
|    total_timesteps      | 182272     |
| train/                  |            |
|    approx_kl            | 0.02692271 |
|    clip_fraction        | 0.33       |
|    clip_range           | 0.2        |
|    entropy_loss         | -3.61      |
|    explained_variance   | 0.00122    |
|    learning_rate        | 0.0003     |
|    loss                 | -0.0401    |
|    n_updates            | 880        |
|    policy_gradient_loss | -0.0172    |
|    std                  | 0.421      |
|    value_loss           | 0.000293   |
----------------------------------------
----------------------------------------
| rollout/                |            |
|    ep_len_mean          | 200        |
|    ep_rew_mean          | -53.7      |
| time/                   |            |
|    fps                  | 67         |
|    iterations           | 90         |
|    time_elapsed         | 2711       |
|    total_timesteps      | 184320     |
| train/                  |            |
|    approx_kl            | 0.02350298 |
|    clip_fraction        | 0.282      |
|    clip_range           | 0.2        |
|    entropy_loss         | -3.54      |
|    explained_variance   | 0.0424     |
|    learning_rate        | 0.0003     |
|    loss                 | -0.0509    |
|    n_updates            | 890        |
|    policy_gradient_loss | -0.0184    |
|    std                  | 0.417      |
|    value_loss           | 0.000454   |
----------------------------------------
----------------------------------------
| rollout/                |            |
|    ep_len_mean          | 200        |
|    ep_rew_mean          | -53.4      |
| time/                   |            |
|    fps                  | 67         |
|    iterations           | 91         |
|    time_elapsed         | 2743       |
|    total_timesteps      | 186368     |
| train/                  |            |
|    approx_kl            | 0.02378263 |
|    clip_fraction        | 0.301      |
|    clip_range           | 0.2        |
|    entropy_loss         | -3.47      |
|    explained_variance   | 0.0339     |
|    learning_rate        | 0.0003     |
|    loss                 | -0.0373    |
|    n_updates            | 900        |
|    policy_gradient_loss | -0.0192    |
|    std                  | 0.414      |
|    value_loss           | 0.000546   |
----------------------------------------
-----------------------------------------
| rollout/                |             |
|    ep_len_mean          | 200         |
|    ep_rew_mean          | -52.9       |
| time/                   |             |
|    fps                  | 67          |
|    iterations           | 92          |
|    time_elapsed         | 2774        |
|    total_timesteps      | 188416      |
| train/                  |             |
|    approx_kl            | 0.026177961 |
|    clip_fraction        | 0.311       |
|    clip_range           | 0.2         |
|    entropy_loss         | -3.4        |
|    explained_variance   | -1.56       |
|    learning_rate        | 0.0003      |
|    loss                 | -0.0425     |
|    n_updates            | 910         |
|    policy_gradient_loss | -0.0234     |
|    std                  | 0.411       |
|    value_loss           | 7.2e-05     |
-----------------------------------------
----------------------------------------
| rollout/                |            |
|    ep_len_mean          | 200        |
|    ep_rew_mean          | -52.6      |
| time/                   |            |
|    fps                  | 67         |
|    iterations           | 93         |
|    time_elapsed         | 2806       |
|    total_timesteps      | 190464     |
| train/                  |            |
|    approx_kl            | 0.02568254 |
|    clip_fraction        | 0.28       |
|    clip_range           | 0.2        |
|    entropy_loss         | -3.34      |
|    explained_variance   | -0.457     |
|    learning_rate        | 0.0003     |
|    loss                 | 0.00764    |
|    n_updates            | 920        |
|    policy_gradient_loss | -0.0161    |
|    std                  | 0.408      |
|    value_loss           | 3.99e-05   |
----------------------------------------
-----------------------------------------
| rollout/                |             |
|    ep_len_mean          | 200         |
|    ep_rew_mean          | -51.9       |
| time/                   |             |
|    fps                  | 67          |
|    iterations           | 94          |
|    time_elapsed         | 2838        |
|    total_timesteps      | 192512      |
| train/                  |             |
|    approx_kl            | 0.031423368 |
|    clip_fraction        | 0.341       |
|    clip_range           | 0.2         |
|    entropy_loss         | -3.26       |
|    explained_variance   | -0.0429     |
|    learning_rate        | 0.0003      |
|    loss                 | -0.0625     |
|    n_updates            | 930         |
|    policy_gradient_loss | -0.0224     |
|    std                  | 0.403       |
|    value_loss           | 0.000117    |
-----------------------------------------
-----------------------------------------
| rollout/                |             |
|    ep_len_mean          | 200         |
|    ep_rew_mean          | -51.2       |
| time/                   |             |
|    fps                  | 67          |
|    iterations           | 95          |
|    time_elapsed         | 2870        |
|    total_timesteps      | 194560      |
| train/                  |             |
|    approx_kl            | 0.022613462 |
|    clip_fraction        | 0.285       |
|    clip_range           | 0.2         |
|    entropy_loss         | -3.18       |
|    explained_variance   | -0.0356     |
|    learning_rate        | 0.0003      |
|    loss                 | -0.0166     |
|    n_updates            | 940         |
|    policy_gradient_loss | -0.012      |
|    std                  | 0.399       |
|    value_loss           | 8.58e-05    |
-----------------------------------------
-----------------------------------------
| rollout/                |             |
|    ep_len_mean          | 200         |
|    ep_rew_mean          | -50.6       |
| time/                   |             |
|    fps                  | 67          |
|    iterations           | 96          |
|    time_elapsed         | 2902        |
|    total_timesteps      | 196608      |
| train/                  |             |
|    approx_kl            | 0.028332312 |
|    clip_fraction        | 0.331       |
|    clip_range           | 0.2         |
|    entropy_loss         | -3.11       |
|    explained_variance   | -0.0304     |
|    learning_rate        | 0.0003      |
|    loss                 | -0.0321     |
|    n_updates            | 950         |
|    policy_gradient_loss | -0.0227     |
|    std                  | 0.397       |
|    value_loss           | 0.000296    |
-----------------------------------------
-----------------------------------------
| rollout/                |             |
|    ep_len_mean          | 200         |
|    ep_rew_mean          | -50.2       |
| time/                   |             |
|    fps                  | 67          |
|    iterations           | 97          |
|    time_elapsed         | 2934        |
|    total_timesteps      | 198656      |
| train/                  |             |
|    approx_kl            | 0.021458324 |
|    clip_fraction        | 0.284       |
|    clip_range           | 0.2         |
|    entropy_loss         | -3.07       |
|    explained_variance   | -0.406      |
|    learning_rate        | 0.0003      |
|    loss                 | -0.041      |
|    n_updates            | 960         |
|    policy_gradient_loss | -0.0184     |
|    std                  | 0.395       |
|    value_loss           | 5.43e-05    |
-----------------------------------------
-----------------------------------------
| rollout/                |             |
|    ep_len_mean          | 200         |
|    ep_rew_mean          | -49.6       |
| time/                   |             |
|    fps                  | 67          |
|    iterations           | 98          |
|    time_elapsed         | 2966        |
|    total_timesteps      | 200704      |
| train/                  |             |
|    approx_kl            | 0.025108127 |
|    clip_fraction        | 0.305       |
|    clip_range           | 0.2         |
|    entropy_loss         | -3.01       |
|    explained_variance   | 0.0198      |
|    learning_rate        | 0.0003      |
|    loss                 | -0.0191     |
|    n_updates            | 970         |
|    policy_gradient_loss | -0.0158     |
|    std                  | 0.392       |
|    value_loss           | 0.000328    |
-----------------------------------------
-----------------------------------------
| rollout/                |             |
|    ep_len_mean          | 200         |
|    ep_rew_mean          | -48.9       |
| time/                   |             |
|    fps                  | 67          |
|    iterations           | 99          |
|    time_elapsed         | 2998        |
|    total_timesteps      | 202752      |
| train/                  |             |
|    approx_kl            | 0.027352015 |
|    clip_fraction        | 0.311       |
|    clip_range           | 0.2         |
|    entropy_loss         | -2.95       |
|    explained_variance   | -0.139      |
|    learning_rate        | 0.0003      |
|    loss                 | -0.000531   |
|    n_updates            | 980         |
|    policy_gradient_loss | -0.0119     |
|    std                  | 0.389       |
|    value_loss           | 0.000127    |
-----------------------------------------
-----------------------------------------
| rollout/                |             |
|    ep_len_mean          | 200         |
|    ep_rew_mean          | -48.1       |
| time/                   |             |
|    fps                  | 67          |
|    iterations           | 100         |
|    time_elapsed         | 3030        |
|    total_timesteps      | 204800      |
| train/                  |             |
|    approx_kl            | 0.026190475 |
|    clip_fraction        | 0.317       |
|    clip_range           | 0.2         |
|    entropy_loss         | -2.89       |
|    explained_variance   | 0.0016      |
|    learning_rate        | 0.0003      |
|    loss                 | -0.0289     |
|    n_updates            | 990         |
|    policy_gradient_loss | -0.00999    |
|    std                  | 0.386       |
|    value_loss           | 0.000396    |
-----------------------------------------
-----------------------------------------
| rollout/                |             |
|    ep_len_mean          | 200         |
|    ep_rew_mean          | -47.8       |
| time/                   |             |
|    fps                  | 67          |
|    iterations           | 101         |
|    time_elapsed         | 3062        |
|    total_timesteps      | 206848      |
| train/                  |             |
|    approx_kl            | 0.025617575 |
|    clip_fraction        | 0.278       |
|    clip_range           | 0.2         |
|    entropy_loss         | -2.81       |
|    explained_variance   | -0.731      |
|    learning_rate        | 0.0003      |
|    loss                 | -0.0568     |
|    n_updates            | 1000        |
|    policy_gradient_loss | -0.0164     |
|    std                  | 0.382       |
|    value_loss           | 6.47e-05    |
-----------------------------------------
----------------------------------------
| rollout/                |            |
|    ep_len_mean          | 200        |
|    ep_rew_mean          | -47.1      |
| time/                   |            |
|    fps                  | 67         |
|    iterations           | 102        |
|    time_elapsed         | 3094       |
|    total_timesteps      | 208896     |
| train/                  |            |
|    approx_kl            | 0.02817947 |
|    clip_fraction        | 0.312      |
|    clip_range           | 0.2        |
|    entropy_loss         | -2.71      |
|    explained_variance   | 0.00423    |
|    learning_rate        | 0.0003     |
|    loss                 | -0.0279    |
|    n_updates            | 1010       |
|    policy_gradient_loss | -0.0163    |
|    std                  | 0.377      |
|    value_loss           | 0.000172   |
----------------------------------------
-----------------------------------------
| rollout/                |             |
|    ep_len_mean          | 200         |
|    ep_rew_mean          | -46.9       |
| time/                   |             |
|    fps                  | 67          |
|    iterations           | 103         |
|    time_elapsed         | 3126        |
|    total_timesteps      | 210944      |
| train/                  |             |
|    approx_kl            | 0.029493999 |
|    clip_fraction        | 0.319       |
|    clip_range           | 0.2         |
|    entropy_loss         | -2.61       |
|    explained_variance   | -0.457      |
|    learning_rate        | 0.0003      |
|    loss                 | -0.00121    |
|    n_updates            | 1020        |
|    policy_gradient_loss | -0.0214     |
|    std                  | 0.372       |
|    value_loss           | 2.97e-05    |
-----------------------------------------
-----------------------------------------
| rollout/                |             |
|    ep_len_mean          | 200         |
|    ep_rew_mean          | -46.5       |
| time/                   |             |
|    fps                  | 67          |
|    iterations           | 104         |
|    time_elapsed         | 3157        |
|    total_timesteps      | 212992      |
| train/                  |             |
|    approx_kl            | 0.027657762 |
|    clip_fraction        | 0.331       |
|    clip_range           | 0.2         |
|    entropy_loss         | -2.53       |
|    explained_variance   | 0.0197      |
|    learning_rate        | 0.0003      |
|    loss                 | -0.0105     |
|    n_updates            | 1030        |
|    policy_gradient_loss | -0.0132     |
|    std                  | 0.369       |
|    value_loss           | 0.000253    |
-----------------------------------------
-----------------------------------------
| rollout/                |             |
|    ep_len_mean          | 200         |
|    ep_rew_mean          | -45.8       |
| time/                   |             |
|    fps                  | 67          |
|    iterations           | 105         |
|    time_elapsed         | 3189        |
|    total_timesteps      | 215040      |
| train/                  |             |
|    approx_kl            | 0.029394738 |
|    clip_fraction        | 0.349       |
|    clip_range           | 0.2         |
|    entropy_loss         | -2.49       |
|    explained_variance   | -0.0974     |
|    learning_rate        | 0.0003      |
|    loss                 | -0.0399     |
|    n_updates            | 1040        |
|    policy_gradient_loss | -0.0157     |
|    std                  | 0.369       |
|    value_loss           | 0.000113    |
-----------------------------------------
-----------------------------------------
| rollout/                |             |
|    ep_len_mean          | 200         |
|    ep_rew_mean          | -45.3       |
| time/                   |             |
|    fps                  | 67          |
|    iterations           | 106         |
|    time_elapsed         | 3221        |
|    total_timesteps      | 217088      |
| train/                  |             |
|    approx_kl            | 0.036428094 |
|    clip_fraction        | 0.333       |
|    clip_range           | 0.2         |
|    entropy_loss         | -2.44       |
|    explained_variance   | -0.225      |
|    learning_rate        | 0.0003      |
|    loss                 | -0.0106     |
|    n_updates            | 1050        |
|    policy_gradient_loss | -0.0197     |
|    std                  | 0.366       |
|    value_loss           | 3.33e-05    |
-----------------------------------------
----------------------------------------
| rollout/                |            |
|    ep_len_mean          | 200        |
|    ep_rew_mean          | -44.7      |
| time/                   |            |
|    fps                  | 67         |
|    iterations           | 107        |
|    time_elapsed         | 3253       |
|    total_timesteps      | 219136     |
| train/                  |            |
|    approx_kl            | 0.02959543 |
|    clip_fraction        | 0.283      |
|    clip_range           | 0.2        |
|    entropy_loss         | -2.38      |
|    explained_variance   | 0.0278     |
|    learning_rate        | 0.0003     |
|    loss                 | -0.0435    |
|    n_updates            | 1060       |
|    policy_gradient_loss | -0.0178    |
|    std                  | 0.363      |
|    value_loss           | 2.16e-05   |
----------------------------------------
-----------------------------------------
| rollout/                |             |
|    ep_len_mean          | 200         |
|    ep_rew_mean          | -44.3       |
| time/                   |             |
|    fps                  | 67          |
|    iterations           | 108         |
|    time_elapsed         | 3285        |
|    total_timesteps      | 221184      |
| train/                  |             |
|    approx_kl            | 0.026420616 |
|    clip_fraction        | 0.341       |
|    clip_range           | 0.2         |
|    entropy_loss         | -2.33       |
|    explained_variance   | 0.0074      |
|    learning_rate        | 0.0003      |
|    loss                 | -0.029      |
|    n_updates            | 1070        |
|    policy_gradient_loss | -0.0113     |
|    std                  | 0.361       |
|    value_loss           | 0.000327    |
-----------------------------------------
-----------------------------------------
| rollout/                |             |
|    ep_len_mean          | 200         |
|    ep_rew_mean          | -43.6       |
| time/                   |             |
|    fps                  | 67          |
|    iterations           | 109         |
|    time_elapsed         | 3317        |
|    total_timesteps      | 223232      |
| train/                  |             |
|    approx_kl            | 0.032841135 |
|    clip_fraction        | 0.344       |
|    clip_range           | 0.2         |
|    entropy_loss         | -2.26       |
|    explained_variance   | -0.224      |
|    learning_rate        | 0.0003      |
|    loss                 | -0.0394     |
|    n_updates            | 1080        |
|    policy_gradient_loss | -0.0114     |
|    std                  | 0.358       |
|    value_loss           | 8.03e-05    |
-----------------------------------------
-----------------------------------------
| rollout/                |             |
|    ep_len_mean          | 200         |
|    ep_rew_mean          | -43.2       |
| time/                   |             |
|    fps                  | 67          |
|    iterations           | 110         |
|    time_elapsed         | 3349        |
|    total_timesteps      | 225280      |
| train/                  |             |
|    approx_kl            | 0.029821312 |
|    clip_fraction        | 0.325       |
|    clip_range           | 0.2         |
|    entropy_loss         | -2.2        |
|    explained_variance   | -0.367      |
|    learning_rate        | 0.0003      |
|    loss                 | -0.0134     |
|    n_updates            | 1090        |
|    policy_gradient_loss | -0.0144     |
|    std                  | 0.356       |
|    value_loss           | 2.71e-05    |
-----------------------------------------
-----------------------------------------
| rollout/                |             |
|    ep_len_mean          | 200         |
|    ep_rew_mean          | -43.2       |
| time/                   |             |
|    fps                  | 67          |
|    iterations           | 111         |
|    time_elapsed         | 3382        |
|    total_timesteps      | 227328      |
| train/                  |             |
|    approx_kl            | 0.031113803 |
|    clip_fraction        | 0.372       |
|    clip_range           | 0.2         |
|    entropy_loss         | -2.12       |
|    explained_variance   | -0.0515     |
|    learning_rate        | 0.0003      |
|    loss                 | -0.0244     |
|    n_updates            | 1100        |
|    policy_gradient_loss | -0.0142     |
|    std                  | 0.35        |
|    value_loss           | 6.68e-05    |
-----------------------------------------
-----------------------------------------
| rollout/                |             |
|    ep_len_mean          | 200         |
|    ep_rew_mean          | -43         |
| time/                   |             |
|    fps                  | 67          |
|    iterations           | 112         |
|    time_elapsed         | 3414        |
|    total_timesteps      | 229376      |
| train/                  |             |
|    approx_kl            | 0.029939264 |
|    clip_fraction        | 0.377       |
|    clip_range           | 0.2         |
|    entropy_loss         | -2.04       |
|    explained_variance   | -0.0104     |
|    learning_rate        | 0.0003      |
|    loss                 | -0.0239     |
|    n_updates            | 1110        |
|    policy_gradient_loss | -0.0116     |
|    std                  | 0.349       |
|    value_loss           | 0.0005      |
-----------------------------------------
----------------------------------------
| rollout/                |            |
|    ep_len_mean          | 200        |
|    ep_rew_mean          | -42.5      |
| time/                   |            |
|    fps                  | 67         |
|    iterations           | 113        |
|    time_elapsed         | 3446       |
|    total_timesteps      | 231424     |
| train/                  |            |
|    approx_kl            | 0.03106467 |
|    clip_fraction        | 0.355      |
|    clip_range           | 0.2        |
|    entropy_loss         | -2         |
|    explained_variance   | -0.159     |
|    learning_rate        | 0.0003     |
|    loss                 | -0.0317    |
|    n_updates            | 1120       |
|    policy_gradient_loss | -0.0138    |
|    std                  | 0.347      |
|    value_loss           | 0.000107   |
----------------------------------------
-----------------------------------------
| rollout/                |             |
|    ep_len_mean          | 200         |
|    ep_rew_mean          | -42.1       |
| time/                   |             |
|    fps                  | 67          |
|    iterations           | 114         |
|    time_elapsed         | 3478        |
|    total_timesteps      | 233472      |
| train/                  |             |
|    approx_kl            | 0.029028289 |
|    clip_fraction        | 0.351       |
|    clip_range           | 0.2         |
|    entropy_loss         | -1.94       |
|    explained_variance   | -0.00497    |
|    learning_rate        | 0.0003      |
|    loss                 | -0.0344     |
|    n_updates            | 1130        |
|    policy_gradient_loss | -0.0146     |
|    std                  | 0.344       |
|    value_loss           | 0.000199    |
-----------------------------------------
----------------------------------------
| rollout/                |            |
|    ep_len_mean          | 200        |
|    ep_rew_mean          | -41.9      |
| time/                   |            |
|    fps                  | 67         |
|    iterations           | 115        |
|    time_elapsed         | 3510       |
|    total_timesteps      | 235520     |
| train/                  |            |
|    approx_kl            | 0.02631762 |
|    clip_fraction        | 0.331      |
|    clip_range           | 0.2        |
|    entropy_loss         | -1.85      |
|    explained_variance   | -0.314     |
|    learning_rate        | 0.0003     |
|    loss                 | -0.0305    |
|    n_updates            | 1140       |
|    policy_gradient_loss | -0.0171    |
|    std                  | 0.34       |
|    value_loss           | 3.3e-05    |
----------------------------------------
-----------------------------------------
| rollout/                |             |
|    ep_len_mean          | 200         |
|    ep_rew_mean          | -41.6       |
| time/                   |             |
|    fps                  | 67          |
|    iterations           | 116         |
|    time_elapsed         | 3542        |
|    total_timesteps      | 237568      |
| train/                  |             |
|    approx_kl            | 0.031073015 |
|    clip_fraction        | 0.361       |
|    clip_range           | 0.2         |
|    entropy_loss         | -1.77       |
|    explained_variance   | 0.0218      |
|    learning_rate        | 0.0003      |
|    loss                 | -0.0261     |
|    n_updates            | 1150        |
|    policy_gradient_loss | -0.0149     |
|    std                  | 0.336       |
|    value_loss           | 0.000117    |
-----------------------------------------
-----------------------------------------
| rollout/                |             |
|    ep_len_mean          | 200         |
|    ep_rew_mean          | -41.4       |
| time/                   |             |
|    fps                  | 67          |
|    iterations           | 117         |
|    time_elapsed         | 3574        |
|    total_timesteps      | 239616      |
| train/                  |             |
|    approx_kl            | 0.028683169 |
|    clip_fraction        | 0.332       |
|    clip_range           | 0.2         |
|    entropy_loss         | -1.7        |
|    explained_variance   | -0.12       |
|    learning_rate        | 0.0003      |
|    loss                 | 0.000447    |
|    n_updates            | 1160        |
|    policy_gradient_loss | -0.0113     |
|    std                  | 0.334       |
|    value_loss           | 6.28e-05    |
-----------------------------------------
----------------------------------------
| rollout/                |            |
|    ep_len_mean          | 200        |
|    ep_rew_mean          | -41.2      |
| time/                   |            |
|    fps                  | 67         |
|    iterations           | 118        |
|    time_elapsed         | 3606       |
|    total_timesteps      | 241664     |
| train/                  |            |
|    approx_kl            | 0.03834122 |
|    clip_fraction        | 0.371      |
|    clip_range           | 0.2        |
|    entropy_loss         | -1.62      |
|    explained_variance   | 0.0166     |
|    learning_rate        | 0.0003     |
|    loss                 | -0.0072    |
|    n_updates            | 1170       |
|    policy_gradient_loss | -0.0186    |
|    std                  | 0.329      |
|    value_loss           | 0.000238   |
----------------------------------------
----------------------------------------
| rollout/                |            |
|    ep_len_mean          | 200        |
|    ep_rew_mean          | -40.9      |
| time/                   |            |
|    fps                  | 66         |
|    iterations           | 119        |
|    time_elapsed         | 3638       |
|    total_timesteps      | 243712     |
| train/                  |            |
|    approx_kl            | 0.04275301 |
|    clip_fraction        | 0.38       |
|    clip_range           | 0.2        |
|    entropy_loss         | -1.54      |
|    explained_variance   | -0.0837    |
|    learning_rate        | 0.0003     |
|    loss                 | -0.0206    |
|    n_updates            | 1180       |
|    policy_gradient_loss | -0.0124    |
|    std                  | 0.327      |
|    value_loss           | 0.000258   |
----------------------------------------
-----------------------------------------
| rollout/                |             |
|    ep_len_mean          | 200         |
|    ep_rew_mean          | -40.3       |
| time/                   |             |
|    fps                  | 66          |
|    iterations           | 120         |
|    time_elapsed         | 3670        |
|    total_timesteps      | 245760      |
| train/                  |             |
|    approx_kl            | 0.030887151 |
|    clip_fraction        | 0.356       |
|    clip_range           | 0.2         |
|    entropy_loss         | -1.47       |
|    explained_variance   | -0.235      |
|    learning_rate        | 0.0003      |
|    loss                 | -0.0349     |
|    n_updates            | 1190        |
|    policy_gradient_loss | -0.0111     |
|    std                  | 0.325       |
|    value_loss           | 5.94e-05    |
-----------------------------------------
-----------------------------------------
| rollout/                |             |
|    ep_len_mean          | 200         |
|    ep_rew_mean          | -39.4       |
| time/                   |             |
|    fps                  | 66          |
|    iterations           | 121         |
|    time_elapsed         | 3701        |
|    total_timesteps      | 247808      |
| train/                  |             |
|    approx_kl            | 0.026822193 |
|    clip_fraction        | 0.319       |
|    clip_range           | 0.2         |
|    entropy_loss         | -1.39       |
|    explained_variance   | -0.147      |
|    learning_rate        | 0.0003      |
|    loss                 | -0.0372     |
|    n_updates            | 1200        |
|    policy_gradient_loss | -0.0165     |
|    std                  | 0.321       |
|    value_loss           | 1.76e-05    |
-----------------------------------------
----------------------------------------
| rollout/                |            |
|    ep_len_mean          | 200        |
|    ep_rew_mean          | -38.8      |
| time/                   |            |
|    fps                  | 66         |
|    iterations           | 122        |
|    time_elapsed         | 3733       |
|    total_timesteps      | 249856     |
| train/                  |            |
|    approx_kl            | 0.03931784 |
|    clip_fraction        | 0.364      |
|    clip_range           | 0.2        |
|    entropy_loss         | -1.32      |
|    explained_variance   | -0.00321   |
|    learning_rate        | 0.0003     |
|    loss                 | -0.0111    |
|    n_updates            | 1210       |
|    policy_gradient_loss | -0.0177    |
|    std                  | 0.32       |
|    value_loss           | 1.92e-05   |
----------------------------------------
-----------------------------------------
| rollout/                |             |
|    ep_len_mean          | 200         |
|    ep_rew_mean          | -38.5       |
| time/                   |             |
|    fps                  | 66          |
|    iterations           | 123         |
|    time_elapsed         | 3765        |
|    total_timesteps      | 251904      |
| train/                  |             |
|    approx_kl            | 0.030567482 |
|    clip_fraction        | 0.341       |
|    clip_range           | 0.2         |
|    entropy_loss         | -1.24       |
|    explained_variance   | 0.0385      |
|    learning_rate        | 0.0003      |
|    loss                 | -0.00573    |
|    n_updates            | 1220        |
|    policy_gradient_loss | -0.0207     |
|    std                  | 0.316       |
|    value_loss           | 1.45e-05    |
-----------------------------------------
----------------------------------------
| rollout/                |            |
|    ep_len_mean          | 200        |
|    ep_rew_mean          | -38.1      |
| time/                   |            |
|    fps                  | 66         |
|    iterations           | 124        |
|    time_elapsed         | 3797       |
|    total_timesteps      | 253952     |
| train/                  |            |
|    approx_kl            | 0.02956917 |
|    clip_fraction        | 0.327      |
|    clip_range           | 0.2        |
|    entropy_loss         | -1.12      |
|    explained_variance   | 0.0414     |
|    learning_rate        | 0.0003     |
|    loss                 | -0.024     |
|    n_updates            | 1230       |
|    policy_gradient_loss | -0.015     |
|    std                  | 0.311      |
|    value_loss           | 0.000363   |
----------------------------------------
-----------------------------------------
| rollout/                |             |
|    ep_len_mean          | 200         |
|    ep_rew_mean          | -37.4       |
| time/                   |             |
|    fps                  | 66          |
|    iterations           | 125         |
|    time_elapsed         | 3829        |
|    total_timesteps      | 256000      |
| train/                  |             |
|    approx_kl            | 0.031970825 |
|    clip_fraction        | 0.341       |
|    clip_range           | 0.2         |
|    entropy_loss         | -1.05       |
|    explained_variance   | -3.31       |
|    learning_rate        | 0.0003      |
|    loss                 | -0.0503     |
|    n_updates            | 1240        |
|    policy_gradient_loss | -0.0135     |
|    std                  | 0.31        |
|    value_loss           | 3.58e-05    |
-----------------------------------------
-----------------------------------------
| rollout/                |             |
|    ep_len_mean          | 200         |
|    ep_rew_mean          | -37         |
| time/                   |             |
|    fps                  | 66          |
|    iterations           | 126         |
|    time_elapsed         | 3861        |
|    total_timesteps      | 258048      |
| train/                  |             |
|    approx_kl            | 0.035076715 |
|    clip_fraction        | 0.33        |
|    clip_range           | 0.2         |
|    entropy_loss         | -0.978      |
|    explained_variance   | -0.555      |
|    learning_rate        | 0.0003      |
|    loss                 | 0.00801     |
|    n_updates            | 1250        |
|    policy_gradient_loss | -0.018      |
|    std                  | 0.308       |
|    value_loss           | 2.01e-05    |
-----------------------------------------
-----------------------------------------
| rollout/                |             |
|    ep_len_mean          | 200         |
|    ep_rew_mean          | -36.1       |
| time/                   |             |
|    fps                  | 66          |
|    iterations           | 127         |
|    time_elapsed         | 3892        |
|    total_timesteps      | 260096      |
| train/                  |             |
|    approx_kl            | 0.038604677 |
|    clip_fraction        | 0.374       |
|    clip_range           | 0.2         |
|    entropy_loss         | -0.859      |
|    explained_variance   | -0.0454     |
|    learning_rate        | 0.0003      |
|    loss                 | 0.0119      |
|    n_updates            | 1260        |
|    policy_gradient_loss | -0.0147     |
|    std                  | 0.302       |
|    value_loss           | 4.05e-05    |
-----------------------------------------
-----------------------------------------
| rollout/                |             |
|    ep_len_mean          | 200         |
|    ep_rew_mean          | -35.6       |
| time/                   |             |
|    fps                  | 66          |
|    iterations           | 128         |
|    time_elapsed         | 3924        |
|    total_timesteps      | 262144      |
| train/                  |             |
|    approx_kl            | 0.042614385 |
|    clip_fraction        | 0.376       |
|    clip_range           | 0.2         |
|    entropy_loss         | -0.743      |
|    explained_variance   | -0.137      |
|    learning_rate        | 0.0003      |
|    loss                 | -0.0417     |
|    n_updates            | 1270        |
|    policy_gradient_loss | -0.0141     |
|    std                  | 0.297       |
|    value_loss           | 3.34e-05    |
-----------------------------------------
-----------------------------------------
| rollout/                |             |
|    ep_len_mean          | 200         |
|    ep_rew_mean          | -35.2       |
| time/                   |             |
|    fps                  | 66          |
|    iterations           | 129         |
|    time_elapsed         | 3956        |
|    total_timesteps      | 264192      |
| train/                  |             |
|    approx_kl            | 0.029307364 |
|    clip_fraction        | 0.35        |
|    clip_range           | 0.2         |
|    entropy_loss         | -0.637      |
|    explained_variance   | -0.168      |
|    learning_rate        | 0.0003      |
|    loss                 | -0.046      |
|    n_updates            | 1280        |
|    policy_gradient_loss | -0.0143     |
|    std                  | 0.293       |
|    value_loss           | 1.63e-05    |
-----------------------------------------
-----------------------------------------
| rollout/                |             |
|    ep_len_mean          | 200         |
|    ep_rew_mean          | -34.8       |
| time/                   |             |
|    fps                  | 66          |
|    iterations           | 130         |
|    time_elapsed         | 3988        |
|    total_timesteps      | 266240      |
| train/                  |             |
|    approx_kl            | 0.039530553 |
|    clip_fraction        | 0.352       |
|    clip_range           | 0.2         |
|    entropy_loss         | -0.57       |
|    explained_variance   | -0.0595     |
|    learning_rate        | 0.0003      |
|    loss                 | -0.0484     |
|    n_updates            | 1290        |
|    policy_gradient_loss | -0.0118     |
|    std                  | 0.291       |
|    value_loss           | 3.98e-05    |
-----------------------------------------
-----------------------------------------
| rollout/                |             |
|    ep_len_mean          | 200         |
|    ep_rew_mean          | -34.5       |
| time/                   |             |
|    fps                  | 66          |
|    iterations           | 131         |
|    time_elapsed         | 4020        |
|    total_timesteps      | 268288      |
| train/                  |             |
|    approx_kl            | 0.040832672 |
|    clip_fraction        | 0.382       |
|    clip_range           | 0.2         |
|    entropy_loss         | -0.486      |
|    explained_variance   | -0.0527     |
|    learning_rate        | 0.0003      |
|    loss                 | -0.0578     |
|    n_updates            | 1300        |
|    policy_gradient_loss | -0.0223     |
|    std                  | 0.288       |
|    value_loss           | 1.65e-05    |
-----------------------------------------
----------------------------------------
| rollout/                |            |
|    ep_len_mean          | 200        |
|    ep_rew_mean          | -34.2      |
| time/                   |            |
|    fps                  | 66         |
|    iterations           | 132        |
|    time_elapsed         | 4052       |
|    total_timesteps      | 270336     |
| train/                  |            |
|    approx_kl            | 0.03757543 |
|    clip_fraction        | 0.372      |
|    clip_range           | 0.2        |
|    entropy_loss         | -0.381     |
|    explained_variance   | -0.0822    |
|    learning_rate        | 0.0003     |
|    loss                 | -0.03      |
|    n_updates            | 1310       |
|    policy_gradient_loss | -0.0131    |
|    std                  | 0.284      |
|    value_loss           | 1.29e-05   |
----------------------------------------
----------------------------------------
| rollout/                |            |
|    ep_len_mean          | 200        |
|    ep_rew_mean          | -33.6      |
| time/                   |            |
|    fps                  | 66         |
|    iterations           | 133        |
|    time_elapsed         | 4084       |
|    total_timesteps      | 272384     |
| train/                  |            |
|    approx_kl            | 0.04301612 |
|    clip_fraction        | 0.399      |
|    clip_range           | 0.2        |
|    entropy_loss         | -0.283     |
|    explained_variance   | -0.0202    |
|    learning_rate        | 0.0003     |
|    loss                 | -0.0303    |
|    n_updates            | 1320       |
|    policy_gradient_loss | -0.0138    |
|    std                  | 0.281      |
|    value_loss           | 3.89e-05   |
----------------------------------------
-----------------------------------------
| rollout/                |             |
|    ep_len_mean          | 200         |
|    ep_rew_mean          | -33.2       |
| time/                   |             |
|    fps                  | 66          |
|    iterations           | 134         |
|    time_elapsed         | 4116        |
|    total_timesteps      | 274432      |
| train/                  |             |
|    approx_kl            | 0.033652447 |
|    clip_fraction        | 0.377       |
|    clip_range           | 0.2         |
|    entropy_loss         | -0.167      |
|    explained_variance   | 0.0532      |
|    learning_rate        | 0.0003      |
|    loss                 | -0.0211     |
|    n_updates            | 1330        |
|    policy_gradient_loss | -0.0169     |
|    std                  | 0.276       |
|    value_loss           | 3.6e-05     |
-----------------------------------------
----------------------------------------
| rollout/                |            |
|    ep_len_mean          | 200        |
|    ep_rew_mean          | -33        |
| time/                   |            |
|    fps                  | 66         |
|    iterations           | 135        |
|    time_elapsed         | 4148       |
|    total_timesteps      | 276480     |
| train/                  |            |
|    approx_kl            | 0.03906728 |
|    clip_fraction        | 0.384      |
|    clip_range           | 0.2        |
|    entropy_loss         | -0.0713    |
|    explained_variance   | -0.169     |
|    learning_rate        | 0.0003     |
|    loss                 | -0.0337    |
|    n_updates            | 1340       |
|    policy_gradient_loss | -0.0177    |
|    std                  | 0.274      |
|    value_loss           | 1.22e-05   |
----------------------------------------
----------------------------------------
| rollout/                |            |
|    ep_len_mean          | 200        |
|    ep_rew_mean          | -32.7      |
| time/                   |            |
|    fps                  | 66         |
|    iterations           | 136        |
|    time_elapsed         | 4180       |
|    total_timesteps      | 278528     |
| train/                  |            |
|    approx_kl            | 0.03466138 |
|    clip_fraction        | 0.391      |
|    clip_range           | 0.2        |
|    entropy_loss         | 0.0101     |
|    explained_variance   | 0.037      |
|    learning_rate        | 0.0003     |
|    loss                 | -0.015     |
|    n_updates            | 1350       |
|    policy_gradient_loss | -0.0159    |
|    std                  | 0.27       |
|    value_loss           | 0.000107   |
----------------------------------------
----------------------------------------
| rollout/                |            |
|    ep_len_mean          | 200        |
|    ep_rew_mean          | -32.4      |
| time/                   |            |
|    fps                  | 66         |
|    iterations           | 137        |
|    time_elapsed         | 4212       |
|    total_timesteps      | 280576     |
| train/                  |            |
|    approx_kl            | 0.03415805 |
|    clip_fraction        | 0.367      |
|    clip_range           | 0.2        |
|    entropy_loss         | 0.111      |
|    explained_variance   | -0.304     |
|    learning_rate        | 0.0003     |
|    loss                 | -0.0403    |
|    n_updates            | 1360       |
|    policy_gradient_loss | -0.0146    |
|    std                  | 0.266      |
|    value_loss           | 2.9e-05    |
----------------------------------------
----------------------------------------
| rollout/                |            |
|    ep_len_mean          | 200        |
|    ep_rew_mean          | -32.2      |
| time/                   |            |
|    fps                  | 66         |
|    iterations           | 138        |
|    time_elapsed         | 4245       |
|    total_timesteps      | 282624     |
| train/                  |            |
|    approx_kl            | 0.04163269 |
|    clip_fraction        | 0.445      |
|    clip_range           | 0.2        |
|    entropy_loss         | 0.178      |
|    explained_variance   | -0.0152    |
|    learning_rate        | 0.0003     |
|    loss                 | 0.0323     |
|    n_updates            | 1370       |
|    policy_gradient_loss | -0.0107    |
|    std                  | 0.265      |
|    value_loss           | 0.000161   |
----------------------------------------
-----------------------------------------
| rollout/                |             |
|    ep_len_mean          | 200         |
|    ep_rew_mean          | -32.2       |
| time/                   |             |
|    fps                  | 66          |
|    iterations           | 139         |
|    time_elapsed         | 4277        |
|    total_timesteps      | 284672      |
| train/                  |             |
|    approx_kl            | 0.044033118 |
|    clip_fraction        | 0.433       |
|    clip_range           | 0.2         |
|    entropy_loss         | 0.242       |
|    explained_variance   | 0.0267      |
|    learning_rate        | 0.0003      |
|    loss                 | 0.00901     |
|    n_updates            | 1380        |
|    policy_gradient_loss | -0.00766    |
|    std                  | 0.263       |
|    value_loss           | 7.78e-05    |
-----------------------------------------
-----------------------------------------
| rollout/                |             |
|    ep_len_mean          | 200         |
|    ep_rew_mean          | -32.1       |
| time/                   |             |
|    fps                  | 66          |
|    iterations           | 140         |
|    time_elapsed         | 4309        |
|    total_timesteps      | 286720      |
| train/                  |             |
|    approx_kl            | 0.043950588 |
|    clip_fraction        | 0.452       |
|    clip_range           | 0.2         |
|    entropy_loss         | 0.285       |
|    explained_variance   | 0.0978      |
|    learning_rate        | 0.0003      |
|    loss                 | 0.0144      |
|    n_updates            | 1390        |
|    policy_gradient_loss | -0.0127     |
|    std                  | 0.262       |
|    value_loss           | 0.00027     |
-----------------------------------------
----------------------------------------
| rollout/                |            |
|    ep_len_mean          | 200        |
|    ep_rew_mean          | -31.8      |
| time/                   |            |
|    fps                  | 66         |
|    iterations           | 141        |
|    time_elapsed         | 4342       |
|    total_timesteps      | 288768     |
| train/                  |            |
|    approx_kl            | 0.04967916 |
|    clip_fraction        | 0.433      |
|    clip_range           | 0.2        |
|    entropy_loss         | 0.334      |
|    explained_variance   | -0.447     |
|    learning_rate        | 0.0003     |
|    loss                 | -0.031     |
|    n_updates            | 1400       |
|    policy_gradient_loss | -0.00769   |
|    std                  | 0.259      |
|    value_loss           | 9.68e-05   |
----------------------------------------
-----------------------------------------
| rollout/                |             |
|    ep_len_mean          | 200         |
|    ep_rew_mean          | -31.4       |
| time/                   |             |
|    fps                  | 66          |
|    iterations           | 142         |
|    time_elapsed         | 4374        |
|    total_timesteps      | 290816      |
| train/                  |             |
|    approx_kl            | 0.035181306 |
|    clip_fraction        | 0.409       |
|    clip_range           | 0.2         |
|    entropy_loss         | 0.411       |
|    explained_variance   | 0.0702      |
|    learning_rate        | 0.0003      |
|    loss                 | -0.00403    |
|    n_updates            | 1410        |
|    policy_gradient_loss | -0.0115     |
|    std                  | 0.257       |
|    value_loss           | 4.99e-05    |
-----------------------------------------
-----------------------------------------
| rollout/                |             |
|    ep_len_mean          | 200         |
|    ep_rew_mean          | -31.2       |
| time/                   |             |
|    fps                  | 66          |
|    iterations           | 143         |
|    time_elapsed         | 4406        |
|    total_timesteps      | 292864      |
| train/                  |             |
|    approx_kl            | 0.051686972 |
|    clip_fraction        | 0.435       |
|    clip_range           | 0.2         |
|    entropy_loss         | 0.487       |
|    explained_variance   | -0.0675     |
|    learning_rate        | 0.0003      |
|    loss                 | -0.0241     |
|    n_updates            | 1420        |
|    policy_gradient_loss | -0.0134     |
|    std                  | 0.253       |
|    value_loss           | 3.32e-05    |
-----------------------------------------
-----------------------------------------
| rollout/                |             |
|    ep_len_mean          | 200         |
|    ep_rew_mean          | -31         |
| time/                   |             |
|    fps                  | 66          |
|    iterations           | 144         |
|    time_elapsed         | 4439        |
|    total_timesteps      | 294912      |
| train/                  |             |
|    approx_kl            | 0.044569865 |
|    clip_fraction        | 0.442       |
|    clip_range           | 0.2         |
|    entropy_loss         | 0.543       |
|    explained_variance   | -0.0144     |
|    learning_rate        | 0.0003      |
|    loss                 | -0.0157     |
|    n_updates            | 1430        |
|    policy_gradient_loss | -0.0023     |
|    std                  | 0.252       |
|    value_loss           | 0.000176    |
-----------------------------------------
-----------------------------------------
| rollout/                |             |
|    ep_len_mean          | 200         |
|    ep_rew_mean          | -30.8       |
| time/                   |             |
|    fps                  | 66          |
|    iterations           | 145         |
|    time_elapsed         | 4471        |
|    total_timesteps      | 296960      |
| train/                  |             |
|    approx_kl            | 0.041703824 |
|    clip_fraction        | 0.387       |
|    clip_range           | 0.2         |
|    entropy_loss         | 0.593       |
|    explained_variance   | -2.4        |
|    learning_rate        | 0.0003      |
|    loss                 | -0.0327     |
|    n_updates            | 1440        |
|    policy_gradient_loss | -0.0045     |
|    std                  | 0.25        |
|    value_loss           | 2.8e-05     |
-----------------------------------------
----------------------------------------
| rollout/                |            |
|    ep_len_mean          | 200        |
|    ep_rew_mean          | -30.6      |
| time/                   |            |
|    fps                  | 66         |
|    iterations           | 146        |
|    time_elapsed         | 4504       |
|    total_timesteps      | 299008     |
| train/                  |            |
|    approx_kl            | 0.03527859 |
|    clip_fraction        | 0.431      |
|    clip_range           | 0.2        |
|    entropy_loss         | 0.653      |
|    explained_variance   | -0.0192    |
|    learning_rate        | 0.0003     |
|    loss                 | -0.0287    |
|    n_updates            | 1450       |
|    policy_gradient_loss | -0.00569   |
|    std                  | 0.248      |
|    value_loss           | 0.000117   |
----------------------------------------
----------------------------------------
| rollout/                |            |
|    ep_len_mean          | 200        |
|    ep_rew_mean          | -30.4      |
| time/                   |            |
|    fps                  | 66         |
|    iterations           | 147        |
|    time_elapsed         | 4536       |
|    total_timesteps      | 301056     |
| train/                  |            |
|    approx_kl            | 0.03706912 |
|    clip_fraction        | 0.434      |
|    clip_range           | 0.2        |
|    entropy_loss         | 0.708      |
|    explained_variance   | -0.0899    |
|    learning_rate        | 0.0003     |
|    loss                 | -0.0445    |
|    n_updates            | 1460       |
|    policy_gradient_loss | 0.000242   |
|    std                  | 0.247      |
|    value_loss           | 0.000171   |
----------------------------------------
----------------------------------------
| rollout/                |            |
|    ep_len_mean          | 200        |
|    ep_rew_mean          | -30.3      |
| time/                   |            |
|    fps                  | 66         |
|    iterations           | 148        |
|    time_elapsed         | 4569       |
|    total_timesteps      | 303104     |
| train/                  |            |
|    approx_kl            | 0.05166378 |
|    clip_fraction        | 0.451      |
|    clip_range           | 0.2        |
|    entropy_loss         | 0.737      |
|    explained_variance   | -0.119     |
|    learning_rate        | 0.0003     |
|    loss                 | -0.0181    |
|    n_updates            | 1470       |
|    policy_gradient_loss | -0.00804   |
|    std                  | 0.247      |
|    value_loss           | 0.000139   |
----------------------------------------
-----------------------------------------
| rollout/                |             |
|    ep_len_mean          | 200         |
|    ep_rew_mean          | -30.1       |
| time/                   |             |
|    fps                  | 66          |
|    iterations           | 149         |
|    time_elapsed         | 4601        |
|    total_timesteps      | 305152      |
| train/                  |             |
|    approx_kl            | 0.046534404 |
|    clip_fraction        | 0.465       |
|    clip_range           | 0.2         |
|    entropy_loss         | 0.764       |
|    explained_variance   | -0.0415     |
|    learning_rate        | 0.0003      |
|    loss                 | -0.0134     |
|    n_updates            | 1480        |
|    policy_gradient_loss | -0.0109     |
|    std                  | 0.245       |
|    value_loss           | 0.000239    |
-----------------------------------------
-----------------------------------------
| rollout/                |             |
|    ep_len_mean          | 200         |
|    ep_rew_mean          | -30.1       |
| time/                   |             |
|    fps                  | 66          |
|    iterations           | 150         |
|    time_elapsed         | 4634        |
|    total_timesteps      | 307200      |
| train/                  |             |
|    approx_kl            | 0.045478538 |
|    clip_fraction        | 0.429       |
|    clip_range           | 0.2         |
|    entropy_loss         | 0.793       |
|    explained_variance   | 0.027       |
|    learning_rate        | 0.0003      |
|    loss                 | -0.0202     |
|    n_updates            | 1490        |
|    policy_gradient_loss | -0.00713    |
|    std                  | 0.246       |
|    value_loss           | 0.000118    |
-----------------------------------------
-----------------------------------------
| rollout/                |             |
|    ep_len_mean          | 200         |
|    ep_rew_mean          | -30         |
| time/                   |             |
|    fps                  | 66          |
|    iterations           | 151         |
|    time_elapsed         | 4667        |
|    total_timesteps      | 309248      |
| train/                  |             |
|    approx_kl            | 0.052057885 |
|    clip_fraction        | 0.456       |
|    clip_range           | 0.2         |
|    entropy_loss         | 0.816       |
|    explained_variance   | 0.0441      |
|    learning_rate        | 0.0003      |
|    loss                 | -0.0312     |
|    n_updates            | 1500        |
|    policy_gradient_loss | -0.00215    |
|    std                  | 0.245       |
|    value_loss           | 0.000343    |
-----------------------------------------
-----------------------------------------
| rollout/                |             |
|    ep_len_mean          | 200         |
|    ep_rew_mean          | -30.3       |
| time/                   |             |
|    fps                  | 66          |
|    iterations           | 152         |
|    time_elapsed         | 4699        |
|    total_timesteps      | 311296      |
| train/                  |             |
|    approx_kl            | 0.039280154 |
|    clip_fraction        | 0.407       |
|    clip_range           | 0.2         |
|    entropy_loss         | 0.842       |
|    explained_variance   | -1.5        |
|    learning_rate        | 0.0003      |
|    loss                 | -0.0439     |
|    n_updates            | 1510        |
|    policy_gradient_loss | -0.00621    |
|    std                  | 0.244       |
|    value_loss           | 2.68e-05    |
-----------------------------------------
-----------------------------------------
| rollout/                |             |
|    ep_len_mean          | 200         |
|    ep_rew_mean          | -30.3       |
| time/                   |             |
|    fps                  | 66          |
|    iterations           | 153         |
|    time_elapsed         | 4732        |
|    total_timesteps      | 313344      |
| train/                  |             |
|    approx_kl            | 0.047803443 |
|    clip_fraction        | 0.472       |
|    clip_range           | 0.2         |
|    entropy_loss         | 0.852       |
|    explained_variance   | -0.0136     |
|    learning_rate        | 0.0003      |
|    loss                 | -0.0177     |
|    n_updates            | 1520        |
|    policy_gradient_loss | -0.00615    |
|    std                  | 0.245       |
|    value_loss           | 0.000335    |
-----------------------------------------
-----------------------------------------
| rollout/                |             |
|    ep_len_mean          | 200         |
|    ep_rew_mean          | -30.4       |
| time/                   |             |
|    fps                  | 66          |
|    iterations           | 154         |
|    time_elapsed         | 4764        |
|    total_timesteps      | 315392      |
| train/                  |             |
|    approx_kl            | 0.049987253 |
|    clip_fraction        | 0.446       |
|    clip_range           | 0.2         |
|    entropy_loss         | 0.857       |
|    explained_variance   | -0.0418     |
|    learning_rate        | 0.0003      |
|    loss                 | -0.0289     |
|    n_updates            | 1530        |
|    policy_gradient_loss | -0.00977    |
|    std                  | 0.245       |
|    value_loss           | 0.000302    |
-----------------------------------------
-----------------------------------------
| rollout/                |             |
|    ep_len_mean          | 200         |
|    ep_rew_mean          | -30.5       |
| time/                   |             |
|    fps                  | 66          |
|    iterations           | 155         |
|    time_elapsed         | 4797        |
|    total_timesteps      | 317440      |
| train/                  |             |
|    approx_kl            | 0.047928814 |
|    clip_fraction        | 0.451       |
|    clip_range           | 0.2         |
|    entropy_loss         | 0.878       |
|    explained_variance   | -0.183      |
|    learning_rate        | 0.0003      |
|    loss                 | -0.0376     |
|    n_updates            | 1540        |
|    policy_gradient_loss | -0.00353    |
|    std                  | 0.244       |
|    value_loss           | 0.00013     |
-----------------------------------------
---------------------------------------
| rollout/                |           |
|    ep_len_mean          | 200       |
|    ep_rew_mean          | -30.3     |
| time/                   |           |
|    fps                  | 66        |
|    iterations           | 156       |
|    time_elapsed         | 4830      |
|    total_timesteps      | 319488    |
| train/                  |           |
|    approx_kl            | 0.0432868 |
|    clip_fraction        | 0.477     |
|    clip_range           | 0.2       |
|    entropy_loss         | 0.887     |
|    explained_variance   | -0.0085   |
|    learning_rate        | 0.0003    |
|    loss                 | -0.0508   |
|    n_updates            | 1550      |
|    policy_gradient_loss | -0.0123   |
|    std                  | 0.244     |
|    value_loss           | 0.000283  |
---------------------------------------
-----------------------------------------
| rollout/                |             |
|    ep_len_mean          | 200         |
|    ep_rew_mean          | -30.2       |
| time/                   |             |
|    fps                  | 66          |
|    iterations           | 157         |
|    time_elapsed         | 4862        |
|    total_timesteps      | 321536      |
| train/                  |             |
|    approx_kl            | 0.041085176 |
|    clip_fraction        | 0.42        |
|    clip_range           | 0.2         |
|    entropy_loss         | 0.912       |
|    explained_variance   | -0.0937     |
|    learning_rate        | 0.0003      |
|    loss                 | 0.0152      |
|    n_updates            | 1560        |
|    policy_gradient_loss | -0.00649    |
|    std                  | 0.242       |
|    value_loss           | 6.21e-05    |
-----------------------------------------
----------------------------------------
| rollout/                |            |
|    ep_len_mean          | 200        |
|    ep_rew_mean          | -30.1      |
| time/                   |            |
|    fps                  | 66         |
|    iterations           | 158        |
|    time_elapsed         | 4895       |
|    total_timesteps      | 323584     |
| train/                  |            |
|    approx_kl            | 0.05489766 |
|    clip_fraction        | 0.476      |
|    clip_range           | 0.2        |
|    entropy_loss         | 0.956      |
|    explained_variance   | -0.0707    |
|    learning_rate        | 0.0003     |
|    loss                 | -0.014     |
|    n_updates            | 1570       |
|    policy_gradient_loss | -0.00845   |
|    std                  | 0.241      |
|    value_loss           | 6.71e-05   |
----------------------------------------
----------------------------------------
| rollout/                |            |
|    ep_len_mean          | 200        |
|    ep_rew_mean          | -30.2      |
| time/                   |            |
|    fps                  | 66         |
|    iterations           | 159        |
|    time_elapsed         | 4928       |
|    total_timesteps      | 325632     |
| train/                  |            |
|    approx_kl            | 0.04768339 |
|    clip_fraction        | 0.434      |
|    clip_range           | 0.2        |
|    entropy_loss         | 0.998      |
|    explained_variance   | -0.0098    |
|    learning_rate        | 0.0003     |
|    loss                 | -0.0548    |
|    n_updates            | 1580       |
|    policy_gradient_loss | -0.011     |
|    std                  | 0.24       |
|    value_loss           | 0.000351   |
----------------------------------------
-----------------------------------------
| rollout/                |             |
|    ep_len_mean          | 200         |
|    ep_rew_mean          | -29.7       |
| time/                   |             |
|    fps                  | 66          |
|    iterations           | 160         |
|    time_elapsed         | 4960        |
|    total_timesteps      | 327680      |
| train/                  |             |
|    approx_kl            | 0.055247284 |
|    clip_fraction        | 0.463       |
|    clip_range           | 0.2         |
|    entropy_loss         | 1.03        |
|    explained_variance   | -0.107      |
|    learning_rate        | 0.0003      |
|    loss                 | -0.0218     |
|    n_updates            | 1590        |
|    policy_gradient_loss | -0.00361    |
|    std                  | 0.239       |
|    value_loss           | 0.000104    |
-----------------------------------------
-----------------------------------------
| rollout/                |             |
|    ep_len_mean          | 200         |
|    ep_rew_mean          | -29.6       |
| time/                   |             |
|    fps                  | 66          |
|    iterations           | 161         |
|    time_elapsed         | 4993        |
|    total_timesteps      | 329728      |
| train/                  |             |
|    approx_kl            | 0.048095174 |
|    clip_fraction        | 0.442       |
|    clip_range           | 0.2         |
|    entropy_loss         | 1.08        |
|    explained_variance   | -0.137      |
|    learning_rate        | 0.0003      |
|    loss                 | 0.0101      |
|    n_updates            | 1600        |
|    policy_gradient_loss | -0.0125     |
|    std                  | 0.238       |
|    value_loss           | 5.48e-05    |
-----------------------------------------
-----------------------------------------
| rollout/                |             |
|    ep_len_mean          | 200         |
|    ep_rew_mean          | -29.4       |
| time/                   |             |
|    fps                  | 66          |
|    iterations           | 162         |
|    time_elapsed         | 5025        |
|    total_timesteps      | 331776      |
| train/                  |             |
|    approx_kl            | 0.044827566 |
|    clip_fraction        | 0.449       |
|    clip_range           | 0.2         |
|    entropy_loss         | 1.13        |
|    explained_variance   | 0.0103      |
|    learning_rate        | 0.0003      |
|    loss                 | -0.0389     |
|    n_updates            | 1610        |
|    policy_gradient_loss | -0.0088     |
|    std                  | 0.236       |
|    value_loss           | 9.64e-05    |
-----------------------------------------
----------------------------------------
| rollout/                |            |
|    ep_len_mean          | 200        |
|    ep_rew_mean          | -29.1      |
| time/                   |            |
|    fps                  | 65         |
|    iterations           | 163        |
|    time_elapsed         | 5058       |
|    total_timesteps      | 333824     |
| train/                  |            |
|    approx_kl            | 0.04488843 |
|    clip_fraction        | 0.415      |
|    clip_range           | 0.2        |
|    entropy_loss         | 1.17       |
|    explained_variance   | 0.124      |
|    learning_rate        | 0.0003     |
|    loss                 | 0.0109     |
|    n_updates            | 1620       |
|    policy_gradient_loss | -0.00744   |
|    std                  | 0.236      |
|    value_loss           | 0.000189   |
----------------------------------------
-----------------------------------------
| rollout/                |             |
|    ep_len_mean          | 200         |
|    ep_rew_mean          | -29         |
| time/                   |             |
|    fps                  | 65          |
|    iterations           | 164         |
|    time_elapsed         | 5091        |
|    total_timesteps      | 335872      |
| train/                  |             |
|    approx_kl            | 0.045966092 |
|    clip_fraction        | 0.415       |
|    clip_range           | 0.2         |
|    entropy_loss         | 1.18        |
|    explained_variance   | -0.64       |
|    learning_rate        | 0.0003      |
|    loss                 | -0.00963    |
|    n_updates            | 1630        |
|    policy_gradient_loss | -0.00881    |
|    std                  | 0.236       |
|    value_loss           | 8.19e-05    |
-----------------------------------------
-----------------------------------------
| rollout/                |             |
|    ep_len_mean          | 200         |
|    ep_rew_mean          | -29.2       |
| time/                   |             |
|    fps                  | 65          |
|    iterations           | 165         |
|    time_elapsed         | 5123        |
|    total_timesteps      | 337920      |
| train/                  |             |
|    approx_kl            | 0.048581094 |
|    clip_fraction        | 0.472       |
|    clip_range           | 0.2         |
|    entropy_loss         | 1.18        |
|    explained_variance   | 0.141       |
|    learning_rate        | 0.0003      |
|    loss                 | 0.00258     |
|    n_updates            | 1640        |
|    policy_gradient_loss | -0.00577    |
|    std                  | 0.236       |
|    value_loss           | 0.000279    |
-----------------------------------------
----------------------------------------
| rollout/                |            |
|    ep_len_mean          | 200        |
|    ep_rew_mean          | -29.4      |
| time/                   |            |
|    fps                  | 65         |
|    iterations           | 166        |
|    time_elapsed         | 5156       |
|    total_timesteps      | 339968     |
| train/                  |            |
|    approx_kl            | 0.06829994 |
|    clip_fraction        | 0.498      |
|    clip_range           | 0.2        |
|    entropy_loss         | 1.22       |
|    explained_variance   | -0.113     |
|    learning_rate        | 0.0003     |
|    loss                 | -0.0196    |
|    n_updates            | 1650       |
|    policy_gradient_loss | -0.00966   |
|    std                  | 0.234      |
|    value_loss           | 0.000316   |
----------------------------------------
-----------------------------------------
| rollout/                |             |
|    ep_len_mean          | 200         |
|    ep_rew_mean          | -29.6       |
| time/                   |             |
|    fps                  | 65          |
|    iterations           | 167         |
|    time_elapsed         | 5188        |
|    total_timesteps      | 342016      |
| train/                  |             |
|    approx_kl            | 0.057925195 |
|    clip_fraction        | 0.487       |
|    clip_range           | 0.2         |
|    entropy_loss         | 1.26        |
|    explained_variance   | 0.0254      |
|    learning_rate        | 0.0003      |
|    loss                 | -0.0189     |
|    n_updates            | 1660        |
|    policy_gradient_loss | -0.00678    |
|    std                  | 0.234       |
|    value_loss           | 0.000356    |
-----------------------------------------
----------------------------------------
| rollout/                |            |
|    ep_len_mean          | 200        |
|    ep_rew_mean          | -29.5      |
| time/                   |            |
|    fps                  | 65         |
|    iterations           | 168        |
|    time_elapsed         | 5221       |
|    total_timesteps      | 344064     |
| train/                  |            |
|    approx_kl            | 0.05403868 |
|    clip_fraction        | 0.469      |
|    clip_range           | 0.2        |
|    entropy_loss         | 1.32       |
|    explained_variance   | 0.0623     |
|    learning_rate        | 0.0003     |
|    loss                 | 0.0338     |
|    n_updates            | 1670       |
|    policy_gradient_loss | -0.00685   |
|    std                  | 0.231      |
|    value_loss           | 0.000226   |
----------------------------------------
-----------------------------------------
| rollout/                |             |
|    ep_len_mean          | 200         |
|    ep_rew_mean          | -29.4       |
| time/                   |             |
|    fps                  | 65          |
|    iterations           | 169         |
|    time_elapsed         | 5254        |
|    total_timesteps      | 346112      |
| train/                  |             |
|    approx_kl            | 0.054465715 |
|    clip_fraction        | 0.465       |
|    clip_range           | 0.2         |
|    entropy_loss         | 1.37        |
|    explained_variance   | 0.0307      |
|    learning_rate        | 0.0003      |
|    loss                 | -0.0412     |
|    n_updates            | 1680        |
|    policy_gradient_loss | -0.00921    |
|    std                  | 0.23        |
|    value_loss           | 0.000139    |
-----------------------------------------
----------------------------------------
| rollout/                |            |
|    ep_len_mean          | 200        |
|    ep_rew_mean          | -29.8      |
| time/                   |            |
|    fps                  | 65         |
|    iterations           | 170        |
|    time_elapsed         | 5287       |
|    total_timesteps      | 348160     |
| train/                  |            |
|    approx_kl            | 0.07077021 |
|    clip_fraction        | 0.494      |
|    clip_range           | 0.2        |
|    entropy_loss         | 1.38       |
|    explained_variance   | 0.106      |
|    learning_rate        | 0.0003     |
|    loss                 | -0.0127    |
|    n_updates            | 1690       |
|    policy_gradient_loss | -0.0113    |
|    std                  | 0.23       |
|    value_loss           | 0.000214   |
----------------------------------------
-----------------------------------------
| rollout/                |             |
|    ep_len_mean          | 200         |
|    ep_rew_mean          | -30.2       |
| time/                   |             |
|    fps                  | 65          |
|    iterations           | 171         |
|    time_elapsed         | 5320        |
|    total_timesteps      | 350208      |
| train/                  |             |
|    approx_kl            | 0.054065004 |
|    clip_fraction        | 0.47        |
|    clip_range           | 0.2         |
|    entropy_loss         | 1.4         |
|    explained_variance   | -0.0573     |
|    learning_rate        | 0.0003      |
|    loss                 | -0.0176     |
|    n_updates            | 1700        |
|    policy_gradient_loss | -0.00655    |
|    std                  | 0.229       |
|    value_loss           | 0.000299    |
-----------------------------------------
-----------------------------------------
| rollout/                |             |
|    ep_len_mean          | 200         |
|    ep_rew_mean          | -30.9       |
| time/                   |             |
|    fps                  | 65          |
|    iterations           | 172         |
|    time_elapsed         | 5352        |
|    total_timesteps      | 352256      |
| train/                  |             |
|    approx_kl            | 0.065546535 |
|    clip_fraction        | 0.463       |
|    clip_range           | 0.2         |
|    entropy_loss         | 1.41        |
|    explained_variance   | 0.126       |
|    learning_rate        | 0.0003      |
|    loss                 | -0.0452     |
|    n_updates            | 1710        |
|    policy_gradient_loss | -0.00992    |
|    std                  | 0.229       |
|    value_loss           | 0.000561    |
-----------------------------------------
----------------------------------------
| rollout/                |            |
|    ep_len_mean          | 200        |
|    ep_rew_mean          | -31.1      |
| time/                   |            |
|    fps                  | 65         |
|    iterations           | 173        |
|    time_elapsed         | 5386       |
|    total_timesteps      | 354304     |
| train/                  |            |
|    approx_kl            | 0.06717111 |
|    clip_fraction        | 0.506      |
|    clip_range           | 0.2        |
|    entropy_loss         | 1.43       |
|    explained_variance   | -0.0597    |
|    learning_rate        | 0.0003     |
|    loss                 | -0.0429    |
|    n_updates            | 1720       |
|    policy_gradient_loss | -0.00812   |
|    std                  | 0.228      |
|    value_loss           | 0.000524   |
----------------------------------------
-----------------------------------------
| rollout/                |             |
|    ep_len_mean          | 200         |
|    ep_rew_mean          | -31.5       |
| time/                   |             |
|    fps                  | 65          |
|    iterations           | 174         |
|    time_elapsed         | 5418        |
|    total_timesteps      | 356352      |
| train/                  |             |
|    approx_kl            | 0.045002356 |
|    clip_fraction        | 0.462       |
|    clip_range           | 0.2         |
|    entropy_loss         | 1.48        |
|    explained_variance   | 0.026       |
|    learning_rate        | 0.0003      |
|    loss                 | -0.0579     |
|    n_updates            | 1730        |
|    policy_gradient_loss | -0.00943    |
|    std                  | 0.226       |
|    value_loss           | 0.000213    |
-----------------------------------------
-----------------------------------------
| rollout/                |             |
|    ep_len_mean          | 200         |
|    ep_rew_mean          | -31.8       |
| time/                   |             |
|    fps                  | 65          |
|    iterations           | 175         |
|    time_elapsed         | 5451        |
|    total_timesteps      | 358400      |
| train/                  |             |
|    approx_kl            | 0.049623385 |
|    clip_fraction        | 0.463       |
|    clip_range           | 0.2         |
|    entropy_loss         | 1.5         |
|    explained_variance   | 0.0489      |
|    learning_rate        | 0.0003      |
|    loss                 | -0.0398     |
|    n_updates            | 1740        |
|    policy_gradient_loss | -0.0108     |
|    std                  | 0.227       |
|    value_loss           | 0.000679    |
-----------------------------------------
-----------------------------------------
| rollout/                |             |
|    ep_len_mean          | 200         |
|    ep_rew_mean          | -31.3       |
| time/                   |             |
|    fps                  | 65          |
|    iterations           | 176         |
|    time_elapsed         | 5484        |
|    total_timesteps      | 360448      |
| train/                  |             |
|    approx_kl            | 0.053539347 |
|    clip_fraction        | 0.48        |
|    clip_range           | 0.2         |
|    entropy_loss         | 1.5         |
|    explained_variance   | -0.00461    |
|    learning_rate        | 0.0003      |
|    loss                 | -0.0474     |
|    n_updates            | 1750        |
|    policy_gradient_loss | -0.00581    |
|    std                  | 0.227       |
|    value_loss           | 0.000418    |
-----------------------------------------
-----------------------------------------
| rollout/                |             |
|    ep_len_mean          | 200         |
|    ep_rew_mean          | -31.3       |
| time/                   |             |
|    fps                  | 65          |
|    iterations           | 177         |
|    time_elapsed         | 5517        |
|    total_timesteps      | 362496      |
| train/                  |             |
|    approx_kl            | 0.048922114 |
|    clip_fraction        | 0.466       |
|    clip_range           | 0.2         |
|    entropy_loss         | 1.49        |
|    explained_variance   | -0.0164     |
|    learning_rate        | 0.0003      |
|    loss                 | -0.0325     |
|    n_updates            | 1760        |
|    policy_gradient_loss | -0.0079     |
|    std                  | 0.228       |
|    value_loss           | 0.000125    |
-----------------------------------------
----------------------------------------
| rollout/                |            |
|    ep_len_mean          | 200        |
|    ep_rew_mean          | -31.2      |
| time/                   |            |
|    fps                  | 65         |
|    iterations           | 178        |
|    time_elapsed         | 5550       |
|    total_timesteps      | 364544     |
| train/                  |            |
|    approx_kl            | 0.07229729 |
|    clip_fraction        | 0.519      |
|    clip_range           | 0.2        |
|    entropy_loss         | 1.47       |
|    explained_variance   | 0.00235    |
|    learning_rate        | 0.0003     |
|    loss                 | 0.0519     |
|    n_updates            | 1770       |
|    policy_gradient_loss | -0.0044    |
|    std                  | 0.229      |
|    value_loss           | 0.00044    |
----------------------------------------
----------------------------------------
| rollout/                |            |
|    ep_len_mean          | 200        |
|    ep_rew_mean          | -31.4      |
| time/                   |            |
|    fps                  | 65         |
|    iterations           | 179        |
|    time_elapsed         | 5583       |
|    total_timesteps      | 366592     |
| train/                  |            |
|    approx_kl            | 0.06622109 |
|    clip_fraction        | 0.482      |
|    clip_range           | 0.2        |
|    entropy_loss         | 1.47       |
|    explained_variance   | -0.261     |
|    learning_rate        | 0.0003     |
|    loss                 | -0.0418    |
|    n_updates            | 1780       |
|    policy_gradient_loss | -0.00264   |
|    std                  | 0.229      |
|    value_loss           | 0.000126   |
----------------------------------------
-----------------------------------------
| rollout/                |             |
|    ep_len_mean          | 200         |
|    ep_rew_mean          | -31.1       |
| time/                   |             |
|    fps                  | 65          |
|    iterations           | 180         |
|    time_elapsed         | 5616        |
|    total_timesteps      | 368640      |
| train/                  |             |
|    approx_kl            | 0.044378124 |
|    clip_fraction        | 0.438       |
|    clip_range           | 0.2         |
|    entropy_loss         | 1.49        |
|    explained_variance   | 0.0828      |
|    learning_rate        | 0.0003      |
|    loss                 | -0.0407     |
|    n_updates            | 1790        |
|    policy_gradient_loss | -0.0107     |
|    std                  | 0.229       |
|    value_loss           | 0.000261    |
-----------------------------------------
-----------------------------------------
| rollout/                |             |
|    ep_len_mean          | 200         |
|    ep_rew_mean          | -30.2       |
| time/                   |             |
|    fps                  | 65          |
|    iterations           | 181         |
|    time_elapsed         | 5649        |
|    total_timesteps      | 370688      |
| train/                  |             |
|    approx_kl            | 0.055414163 |
|    clip_fraction        | 0.452       |
|    clip_range           | 0.2         |
|    entropy_loss         | 1.52        |
|    explained_variance   | -0.379      |
|    learning_rate        | 0.0003      |
|    loss                 | 0.00424     |
|    n_updates            | 1800        |
|    policy_gradient_loss | -0.00452    |
|    std                  | 0.229       |
|    value_loss           | 0.000205    |
-----------------------------------------
----------------------------------------
| rollout/                |            |
|    ep_len_mean          | 200        |
|    ep_rew_mean          | -30        |
| time/                   |            |
|    fps                  | 65         |
|    iterations           | 182        |
|    time_elapsed         | 5682       |
|    total_timesteps      | 372736     |
| train/                  |            |
|    approx_kl            | 0.05519843 |
|    clip_fraction        | 0.482      |
|    clip_range           | 0.2        |
|    entropy_loss         | 1.55       |
|    explained_variance   | -0.114     |
|    learning_rate        | 0.0003     |
|    loss                 | 0.00387    |
|    n_updates            | 1810       |
|    policy_gradient_loss | -0.0046    |
|    std                  | 0.228      |
|    value_loss           | 0.000129   |
----------------------------------------
-----------------------------------------
| rollout/                |             |
|    ep_len_mean          | 200         |
|    ep_rew_mean          | -29.7       |
| time/                   |             |
|    fps                  | 65          |
|    iterations           | 183         |
|    time_elapsed         | 5714        |
|    total_timesteps      | 374784      |
| train/                  |             |
|    approx_kl            | 0.050527036 |
|    clip_fraction        | 0.466       |
|    clip_range           | 0.2         |
|    entropy_loss         | 1.57        |
|    explained_variance   | 0.045       |
|    learning_rate        | 0.0003      |
|    loss                 | -0.0261     |
|    n_updates            | 1820        |
|    policy_gradient_loss | -0.00719    |
|    std                  | 0.228       |
|    value_loss           | 0.000457    |
-----------------------------------------
----------------------------------------
| rollout/                |            |
|    ep_len_mean          | 200        |
|    ep_rew_mean          | -29.1      |
| time/                   |            |
|    fps                  | 65         |
|    iterations           | 184        |
|    time_elapsed         | 5747       |
|    total_timesteps      | 376832     |
| train/                  |            |
|    approx_kl            | 0.06022083 |
|    clip_fraction        | 0.483      |
|    clip_range           | 0.2        |
|    entropy_loss         | 1.58       |
|    explained_variance   | -0.193     |
|    learning_rate        | 0.0003     |
|    loss                 | -0.0374    |
|    n_updates            | 1830       |
|    policy_gradient_loss | -0.00569   |
|    std                  | 0.228      |
|    value_loss           | 0.000305   |
----------------------------------------
----------------------------------------
| rollout/                |            |
|    ep_len_mean          | 200        |
|    ep_rew_mean          | -28.8      |
| time/                   |            |
|    fps                  | 65         |
|    iterations           | 185        |
|    time_elapsed         | 5780       |
|    total_timesteps      | 378880     |
| train/                  |            |
|    approx_kl            | 0.05190731 |
|    clip_fraction        | 0.487      |
|    clip_range           | 0.2        |
|    entropy_loss         | 1.59       |
|    explained_variance   | -0.0543    |
|    learning_rate        | 0.0003     |
|    loss                 | -0.0121    |
|    n_updates            | 1840       |
|    policy_gradient_loss | -0.00166   |
|    std                  | 0.227      |
|    value_loss           | 0.000237   |
----------------------------------------
-----------------------------------------
| rollout/                |             |
|    ep_len_mean          | 200         |
|    ep_rew_mean          | -28.5       |
| time/                   |             |
|    fps                  | 65          |
|    iterations           | 186         |
|    time_elapsed         | 5813        |
|    total_timesteps      | 380928      |
| train/                  |             |
|    approx_kl            | 0.047719594 |
|    clip_fraction        | 0.471       |
|    clip_range           | 0.2         |
|    entropy_loss         | 1.65        |
|    explained_variance   | -0.0911     |
|    learning_rate        | 0.0003      |
|    loss                 | -0.0539     |
|    n_updates            | 1850        |
|    policy_gradient_loss | -0.00696    |
|    std                  | 0.225       |
|    value_loss           | 0.00024     |
-----------------------------------------
-----------------------------------------
| rollout/                |             |
|    ep_len_mean          | 200         |
|    ep_rew_mean          | -28.4       |
| time/                   |             |
|    fps                  | 65          |
|    iterations           | 187         |
|    time_elapsed         | 5846        |
|    total_timesteps      | 382976      |
| train/                  |             |
|    approx_kl            | 0.066409506 |
|    clip_fraction        | 0.475       |
|    clip_range           | 0.2         |
|    entropy_loss         | 1.69        |
|    explained_variance   | -0.0574     |
|    learning_rate        | 0.0003      |
|    loss                 | -0.0306     |
|    n_updates            | 1860        |
|    policy_gradient_loss | 0.00254     |
|    std                  | 0.226       |
|    value_loss           | 8.11e-05    |
-----------------------------------------
-----------------------------------------
| rollout/                |             |
|    ep_len_mean          | 200         |
|    ep_rew_mean          | -28.3       |
| time/                   |             |
|    fps                  | 65          |
|    iterations           | 188         |
|    time_elapsed         | 5879        |
|    total_timesteps      | 385024      |
| train/                  |             |
|    approx_kl            | 0.072858475 |
|    clip_fraction        | 0.503       |
|    clip_range           | 0.2         |
|    entropy_loss         | 1.68        |
|    explained_variance   | -0.00434    |
|    learning_rate        | 0.0003      |
|    loss                 | -0.0385     |
|    n_updates            | 1870        |
|    policy_gradient_loss | -0.00803    |
|    std                  | 0.227       |
|    value_loss           | 0.000243    |
-----------------------------------------
-----------------------------------------
| rollout/                |             |
|    ep_len_mean          | 200         |
|    ep_rew_mean          | -28.1       |
| time/                   |             |
|    fps                  | 65          |
|    iterations           | 189         |
|    time_elapsed         | 5912        |
|    total_timesteps      | 387072      |
| train/                  |             |
|    approx_kl            | 0.048319954 |
|    clip_fraction        | 0.482       |
|    clip_range           | 0.2         |
|    entropy_loss         | 1.68        |
|    explained_variance   | -0.0745     |
|    learning_rate        | 0.0003      |
|    loss                 | -0.0312     |
|    n_updates            | 1880        |
|    policy_gradient_loss | -0.00496    |
|    std                  | 0.227       |
|    value_loss           | 0.000122    |
-----------------------------------------
----------------------------------------
| rollout/                |            |
|    ep_len_mean          | 200        |
|    ep_rew_mean          | -27.9      |
| time/                   |            |
|    fps                  | 65         |
|    iterations           | 190        |
|    time_elapsed         | 5945       |
|    total_timesteps      | 389120     |
| train/                  |            |
|    approx_kl            | 0.06114754 |
|    clip_fraction        | 0.492      |
|    clip_range           | 0.2        |
|    entropy_loss         | 1.64       |
|    explained_variance   | 0.01       |
|    learning_rate        | 0.0003     |
|    loss                 | -0.0347    |
|    n_updates            | 1890       |
|    policy_gradient_loss | -0.00442   |
|    std                  | 0.228      |
|    value_loss           | 0.000217   |
----------------------------------------
----------------------------------------
| rollout/                |            |
|    ep_len_mean          | 200        |
|    ep_rew_mean          | -28.1      |
| time/                   |            |
|    fps                  | 65         |
|    iterations           | 191        |
|    time_elapsed         | 5978       |
|    total_timesteps      | 391168     |
| train/                  |            |
|    approx_kl            | 0.07630469 |
|    clip_fraction        | 0.506      |
|    clip_range           | 0.2        |
|    entropy_loss         | 1.62       |
|    explained_variance   | -0.0401    |
|    learning_rate        | 0.0003     |
|    loss                 | -0.0136    |
|    n_updates            | 1900       |
|    policy_gradient_loss | -0.00162   |
|    std                  | 0.228      |
|    value_loss           | 0.000244   |
----------------------------------------
-----------------------------------------
| rollout/                |             |
|    ep_len_mean          | 200         |
|    ep_rew_mean          | -27.9       |
| time/                   |             |
|    fps                  | 65          |
|    iterations           | 192         |
|    time_elapsed         | 6011        |
|    total_timesteps      | 393216      |
| train/                  |             |
|    approx_kl            | 0.049840823 |
|    clip_fraction        | 0.485       |
|    clip_range           | 0.2         |
|    entropy_loss         | 1.65        |
|    explained_variance   | -0.0235     |
|    learning_rate        | 0.0003      |
|    loss                 | -0.0419     |
|    n_updates            | 1910        |
|    policy_gradient_loss | -0.00139    |
|    std                  | 0.227       |
|    value_loss           | 0.000478    |
-----------------------------------------
----------------------------------------
| rollout/                |            |
|    ep_len_mean          | 200        |
|    ep_rew_mean          | -27.8      |
| time/                   |            |
|    fps                  | 65         |
|    iterations           | 193        |
|    time_elapsed         | 6044       |
|    total_timesteps      | 395264     |
| train/                  |            |
|    approx_kl            | 0.07360924 |
|    clip_fraction        | 0.486      |
|    clip_range           | 0.2        |
|    entropy_loss         | 1.71       |
|    explained_variance   | -0.178     |
|    learning_rate        | 0.0003     |
|    loss                 | 0.012      |
|    n_updates            | 1920       |
|    policy_gradient_loss | -0.0046    |
|    std                  | 0.225      |
|    value_loss           | 0.000104   |
----------------------------------------
----------------------------------------
| rollout/                |            |
|    ep_len_mean          | 200        |
|    ep_rew_mean          | -27.6      |
| time/                   |            |
|    fps                  | 65         |
|    iterations           | 194        |
|    time_elapsed         | 6077       |
|    total_timesteps      | 397312     |
| train/                  |            |
|    approx_kl            | 0.08151995 |
|    clip_fraction        | 0.492      |
|    clip_range           | 0.2        |
|    entropy_loss         | 1.74       |
|    explained_variance   | 0.102      |
|    learning_rate        | 0.0003     |
|    loss                 | -0.0462    |
|    n_updates            | 1930       |
|    policy_gradient_loss | -0.00744   |
|    std                  | 0.224      |
|    value_loss           | 0.000251   |
----------------------------------------
----------------------------------------
| rollout/                |            |
|    ep_len_mean          | 200        |
|    ep_rew_mean          | -27.5      |
| time/                   |            |
|    fps                  | 65         |
|    iterations           | 195        |
|    time_elapsed         | 6110       |
|    total_timesteps      | 399360     |
| train/                  |            |
|    approx_kl            | 0.06739039 |
|    clip_fraction        | 0.493      |
|    clip_range           | 0.2        |
|    entropy_loss         | 1.76       |
|    explained_variance   | -0.0789    |
|    learning_rate        | 0.0003     |
|    loss                 | 0.019      |
|    n_updates            | 1940       |
|    policy_gradient_loss | -0.00739   |
|    std                  | 0.223      |
|    value_loss           | 0.000206   |
----------------------------------------
----------------------------------------
| rollout/                |            |
|    ep_len_mean          | 200        |
|    ep_rew_mean          | -27.2      |
| time/                   |            |
|    fps                  | 65         |
|    iterations           | 196        |
|    time_elapsed         | 6142       |
|    total_timesteps      | 401408     |
| train/                  |            |
|    approx_kl            | 0.08163616 |
|    clip_fraction        | 0.464      |
|    clip_range           | 0.2        |
|    entropy_loss         | 1.75       |
|    explained_variance   | -0.0857    |
|    learning_rate        | 0.0003     |
|    loss                 | 0.0334     |
|    n_updates            | 1950       |
|    policy_gradient_loss | 0.000304   |
|    std                  | 0.224      |
|    value_loss           | 8.27e-05   |
----------------------------------------
saved models/C2_lam5_seed0.zip and models/C2_lam5_seed0_vecnormalize.pkl
