=== training C2_lam0.005_seed2 for 400000 steps ===
    port 5212
--------------------------------------------------------------
[threshold consistency]
  success distance      = 0.030 m
  force at success      = 5.00 N
  comfort / danger      = 6.0 N / 10.0 N
  >>> OK: the success point lies inside the safe band.
--------------------------------------------------------------
Waiting for connections on port: 5213...
Connected successfully
Using cpu device
---------------------------------
| rollout/           |          |
|    ep_len_mean     | 200      |
|    ep_rew_mean     | -918     |
| time/              |          |
|    fps             | 72       |
|    iterations      | 1        |
|    time_elapsed    | 28       |
|    total_timesteps | 2048     |
---------------------------------
-----------------------------------------
| rollout/                |             |
|    ep_len_mean          | 200         |
|    ep_rew_mean          | -1.09e+03   |
| time/                   |             |
|    fps                  | 69          |
|    iterations           | 2           |
|    time_elapsed         | 58          |
|    total_timesteps      | 4096        |
| train/                  |             |
|    approx_kl            | 0.015249795 |
|    clip_fraction        | 0.136       |
|    clip_range           | 0.2         |
|    entropy_loss         | -9.93       |
|    explained_variance   | 0.329       |
|    learning_rate        | 0.0003      |
|    loss                 | -0.0306     |
|    n_updates            | 10          |
|    policy_gradient_loss | -0.0255     |
|    std                  | 0.999       |
|    value_loss           | 0.524       |
-----------------------------------------
-----------------------------------------
| rollout/                |             |
|    ep_len_mean          | 200         |
|    ep_rew_mean          | -1.09e+03   |
| time/                   |             |
|    fps                  | 69          |
|    iterations           | 3           |
|    time_elapsed         | 88          |
|    total_timesteps      | 6144        |
| train/                  |             |
|    approx_kl            | 0.015565844 |
|    clip_fraction        | 0.169       |
|    clip_range           | 0.2         |
|    entropy_loss         | -9.92       |
|    explained_variance   | 0.754       |
|    learning_rate        | 0.0003      |
|    loss                 | -0.0138     |
|    n_updates            | 20          |
|    policy_gradient_loss | -0.0283     |
|    std                  | 0.996       |
|    value_loss           | 0.0645      |
-----------------------------------------
----------------------------------------
| rollout/                |            |
|    ep_len_mean          | 200        |
|    ep_rew_mean          | -1.08e+03  |
| time/                   |            |
|    fps                  | 69         |
|    iterations           | 4          |
|    time_elapsed         | 118        |
|    total_timesteps      | 8192       |
| train/                  |            |
|    approx_kl            | 0.01914129 |
|    clip_fraction        | 0.226      |
|    clip_range           | 0.2        |
|    entropy_loss         | -9.88      |
|    explained_variance   | 0.497      |
|    learning_rate        | 0.0003     |
|    loss                 | -0.0455    |
|    n_updates            | 30         |
|    policy_gradient_loss | -0.0342    |
|    std                  | 0.99       |
|    value_loss           | 0.0441     |
----------------------------------------
-----------------------------------------
| rollout/                |             |
|    ep_len_mean          | 200         |
|    ep_rew_mean          | -1.02e+03   |
| time/                   |             |
|    fps                  | 69          |
|    iterations           | 5           |
|    time_elapsed         | 148         |
|    total_timesteps      | 10240       |
| train/                  |             |
|    approx_kl            | 0.015161719 |
|    clip_fraction        | 0.172       |
|    clip_range           | 0.2         |
|    entropy_loss         | -9.85       |
|    explained_variance   | 0.68        |
|    learning_rate        | 0.0003      |
|    loss                 | -0.0505     |
|    n_updates            | 40          |
|    policy_gradient_loss | -0.0283     |
|    std                  | 0.987       |
|    value_loss           | 0.0229      |
-----------------------------------------
-----------------------------------------
| rollout/                |             |
|    ep_len_mean          | 200         |
|    ep_rew_mean          | -964        |
| time/                   |             |
|    fps                  | 68          |
|    iterations           | 6           |
|    time_elapsed         | 178         |
|    total_timesteps      | 12288       |
| train/                  |             |
|    approx_kl            | 0.019747514 |
|    clip_fraction        | 0.202       |
|    clip_range           | 0.2         |
|    entropy_loss         | -9.82       |
|    explained_variance   | 0.191       |
|    learning_rate        | 0.0003      |
|    loss                 | -0.0437     |
|    n_updates            | 50          |
|    policy_gradient_loss | -0.034      |
|    std                  | 0.983       |
|    value_loss           | 0.0216      |
-----------------------------------------
-----------------------------------------
| rollout/                |             |
|    ep_len_mean          | 200         |
|    ep_rew_mean          | -915        |
| time/                   |             |
|    fps                  | 68          |
|    iterations           | 7           |
|    time_elapsed         | 208         |
|    total_timesteps      | 14336       |
| train/                  |             |
|    approx_kl            | 0.019685699 |
|    clip_fraction        | 0.229       |
|    clip_range           | 0.2         |
|    entropy_loss         | -9.8        |
|    explained_variance   | 0.523       |
|    learning_rate        | 0.0003      |
|    loss                 | -0.0376     |
|    n_updates            | 60          |
|    policy_gradient_loss | -0.0349     |
|    std                  | 0.979       |
|    value_loss           | 0.0164      |
-----------------------------------------
-----------------------------------------
| rollout/                |             |
|    ep_len_mean          | 200         |
|    ep_rew_mean          | -855        |
| time/                   |             |
|    fps                  | 68          |
|    iterations           | 8           |
|    time_elapsed         | 238         |
|    total_timesteps      | 16384       |
| train/                  |             |
|    approx_kl            | 0.015699869 |
|    clip_fraction        | 0.18        |
|    clip_range           | 0.2         |
|    entropy_loss         | -9.78       |
|    explained_variance   | 0.488       |
|    learning_rate        | 0.0003      |
|    loss                 | -0.0591     |
|    n_updates            | 70          |
|    policy_gradient_loss | -0.0303     |
|    std                  | 0.978       |
|    value_loss           | 0.0127      |
-----------------------------------------
-----------------------------------------
| rollout/                |             |
|    ep_len_mean          | 200         |
|    ep_rew_mean          | -804        |
| time/                   |             |
|    fps                  | 68          |
|    iterations           | 9           |
|    time_elapsed         | 268         |
|    total_timesteps      | 18432       |
| train/                  |             |
|    approx_kl            | 0.017617293 |
|    clip_fraction        | 0.202       |
|    clip_range           | 0.2         |
|    entropy_loss         | -9.75       |
|    explained_variance   | 0.727       |
|    learning_rate        | 0.0003      |
|    loss                 | -0.058      |
|    n_updates            | 80          |
|    policy_gradient_loss | -0.0349     |
|    std                  | 0.973       |
|    value_loss           | 0.00903     |
-----------------------------------------
--------------------------------------
| rollout/                |          |
|    ep_len_mean          | 200      |
|    ep_rew_mean          | -760     |
| time/                   |          |
|    fps                  | 68       |
|    iterations           | 10       |
|    time_elapsed         | 298      |
|    total_timesteps      | 20480    |
| train/                  |          |
|    approx_kl            | 0.017547 |
|    clip_fraction        | 0.203    |
|    clip_range           | 0.2      |
|    entropy_loss         | -9.76    |
|    explained_variance   | 0.101    |
|    learning_rate        | 0.0003   |
|    loss                 | -0.0707  |
|    n_updates            | 90       |
|    policy_gradient_loss | -0.0313  |
|    std                  | 0.977    |
|    value_loss           | 0.00745  |
--------------------------------------
-----------------------------------------
| rollout/                |             |
|    ep_len_mean          | 200         |
|    ep_rew_mean          | -702        |
| time/                   |             |
|    fps                  | 68          |
|    iterations           | 11          |
|    time_elapsed         | 328         |
|    total_timesteps      | 22528       |
| train/                  |             |
|    approx_kl            | 0.015539611 |
|    clip_fraction        | 0.169       |
|    clip_range           | 0.2         |
|    entropy_loss         | -9.75       |
|    explained_variance   | 0.426       |
|    learning_rate        | 0.0003      |
|    loss                 | -0.0122     |
|    n_updates            | 100         |
|    policy_gradient_loss | -0.0284     |
|    std                  | 0.974       |
|    value_loss           | 0.00562     |
-----------------------------------------
----------------------------------------
| rollout/                |            |
|    ep_len_mean          | 200        |
|    ep_rew_mean          | -610       |
| time/                   |            |
|    fps                  | 68         |
|    iterations           | 12         |
|    time_elapsed         | 357        |
|    total_timesteps      | 24576      |
| train/                  |            |
|    approx_kl            | 0.01717916 |
|    clip_fraction        | 0.19       |
|    clip_range           | 0.2        |
|    entropy_loss         | -9.73      |
|    explained_variance   | 0.0719     |
|    learning_rate        | 0.0003     |
|    loss                 | -0.0602    |
|    n_updates            | 110        |
|    policy_gradient_loss | -0.0299    |
|    std                  | 0.971      |
|    value_loss           | 0.00521    |
----------------------------------------
-----------------------------------------
| rollout/                |             |
|    ep_len_mean          | 200         |
|    ep_rew_mean          | -514        |
| time/                   |             |
|    fps                  | 68          |
|    iterations           | 13          |
|    time_elapsed         | 389         |
|    total_timesteps      | 26624       |
| train/                  |             |
|    approx_kl            | 0.015231435 |
|    clip_fraction        | 0.168       |
|    clip_range           | 0.2         |
|    entropy_loss         | -9.72       |
|    explained_variance   | 0.418       |
|    learning_rate        | 0.0003      |
|    loss                 | -0.0615     |
|    n_updates            | 120         |
|    policy_gradient_loss | -0.0298     |
|    std                  | 0.969       |
|    value_loss           | 0.00334     |
-----------------------------------------
-----------------------------------------
| rollout/                |             |
|    ep_len_mean          | 200         |
|    ep_rew_mean          | -448        |
| time/                   |             |
|    fps                  | 67          |
|    iterations           | 14          |
|    time_elapsed         | 422         |
|    total_timesteps      | 28672       |
| train/                  |             |
|    approx_kl            | 0.014707883 |
|    clip_fraction        | 0.165       |
|    clip_range           | 0.2         |
|    entropy_loss         | -9.67       |
|    explained_variance   | 0.0594      |
|    learning_rate        | 0.0003      |
|    loss                 | -0.0413     |
|    n_updates            | 130         |
|    policy_gradient_loss | -0.0276     |
|    std                  | 0.959       |
|    value_loss           | 0.00262     |
-----------------------------------------
-----------------------------------------
| rollout/                |             |
|    ep_len_mean          | 200         |
|    ep_rew_mean          | -390        |
| time/                   |             |
|    fps                  | 67          |
|    iterations           | 15          |
|    time_elapsed         | 455         |
|    total_timesteps      | 30720       |
| train/                  |             |
|    approx_kl            | 0.015862409 |
|    clip_fraction        | 0.182       |
|    clip_range           | 0.2         |
|    entropy_loss         | -9.6        |
|    explained_variance   | 0.121       |
|    learning_rate        | 0.0003      |
|    loss                 | -0.0407     |
|    n_updates            | 140         |
|    policy_gradient_loss | -0.0328     |
|    std                  | 0.949       |
|    value_loss           | 0.00213     |
-----------------------------------------
-----------------------------------------
| rollout/                |             |
|    ep_len_mean          | 200         |
|    ep_rew_mean          | -355        |
| time/                   |             |
|    fps                  | 67          |
|    iterations           | 16          |
|    time_elapsed         | 488         |
|    total_timesteps      | 32768       |
| train/                  |             |
|    approx_kl            | 0.017780252 |
|    clip_fraction        | 0.2         |
|    clip_range           | 0.2         |
|    entropy_loss         | -9.52       |
|    explained_variance   | -0.0204     |
|    learning_rate        | 0.0003      |
|    loss                 | -0.0557     |
|    n_updates            | 150         |
|    policy_gradient_loss | -0.0333     |
|    std                  | 0.938       |
|    value_loss           | 0.00185     |
-----------------------------------------
------------------------------------------
| rollout/                |              |
|    ep_len_mean          | 200          |
|    ep_rew_mean          | -319         |
| time/                   |              |
|    fps                  | 66           |
|    iterations           | 17           |
|    time_elapsed         | 520          |
|    total_timesteps      | 34816        |
| train/                  |              |
|    approx_kl            | 0.0150139555 |
|    clip_fraction        | 0.194        |
|    clip_range           | 0.2          |
|    entropy_loss         | -9.47        |
|    explained_variance   | 0.167        |
|    learning_rate        | 0.0003       |
|    loss                 | -0.0435      |
|    n_updates            | 160          |
|    policy_gradient_loss | -0.0305      |
|    std                  | 0.935        |
|    value_loss           | 0.00209      |
------------------------------------------
-----------------------------------------
| rollout/                |             |
|    ep_len_mean          | 198         |
|    ep_rew_mean          | -293        |
| time/                   |             |
|    fps                  | 66          |
|    iterations           | 18          |
|    time_elapsed         | 554         |
|    total_timesteps      | 36864       |
| train/                  |             |
|    approx_kl            | 0.015987322 |
|    clip_fraction        | 0.192       |
|    clip_range           | 0.2         |
|    entropy_loss         | -9.44       |
|    explained_variance   | 0.599       |
|    learning_rate        | 0.0003      |
|    loss                 | -0.049      |
|    n_updates            | 170         |
|    policy_gradient_loss | -0.0316     |
|    std                  | 0.931       |
|    value_loss           | 0.00152     |
-----------------------------------------
----------------------------------------
| rollout/                |            |
|    ep_len_mean          | 198        |
|    ep_rew_mean          | -274       |
| time/                   |            |
|    fps                  | 66         |
|    iterations           | 19         |
|    time_elapsed         | 587        |
|    total_timesteps      | 38912      |
| train/                  |            |
|    approx_kl            | 0.01380362 |
|    clip_fraction        | 0.157      |
|    clip_range           | 0.2        |
|    entropy_loss         | -9.41      |
|    explained_variance   | 0.415      |
|    learning_rate        | 0.0003     |
|    loss                 | -0.0448    |
|    n_updates            | 180        |
|    policy_gradient_loss | -0.0238    |
|    std                  | 0.926      |
|    value_loss           | 0.00365    |
----------------------------------------
-----------------------------------------
| rollout/                |             |
|    ep_len_mean          | 196         |
|    ep_rew_mean          | -248        |
| time/                   |             |
|    fps                  | 65          |
|    iterations           | 20          |
|    time_elapsed         | 620         |
|    total_timesteps      | 40960       |
| train/                  |             |
|    approx_kl            | 0.016100429 |
|    clip_fraction        | 0.166       |
|    clip_range           | 0.2         |
|    entropy_loss         | -9.38       |
|    explained_variance   | 0.687       |
|    learning_rate        | 0.0003      |
|    loss                 | -0.0471     |
|    n_updates            | 190         |
|    policy_gradient_loss | -0.0262     |
|    std                  | 0.922       |
|    value_loss           | 0.00235     |
-----------------------------------------
-----------------------------------------
| rollout/                |             |
|    ep_len_mean          | 196         |
|    ep_rew_mean          | -234        |
| time/                   |             |
|    fps                  | 65          |
|    iterations           | 21          |
|    time_elapsed         | 652         |
|    total_timesteps      | 43008       |
| train/                  |             |
|    approx_kl            | 0.018013109 |
|    clip_fraction        | 0.186       |
|    clip_range           | 0.2         |
|    entropy_loss         | -9.34       |
|    explained_variance   | 0.27        |
|    learning_rate        | 0.0003      |
|    loss                 | -0.0494     |
|    n_updates            | 200         |
|    policy_gradient_loss | -0.0279     |
|    std                  | 0.917       |
|    value_loss           | 0.0029      |
-----------------------------------------
-----------------------------------------
| rollout/                |             |
|    ep_len_mean          | 196         |
|    ep_rew_mean          | -221        |
| time/                   |             |
|    fps                  | 65          |
|    iterations           | 22          |
|    time_elapsed         | 683         |
|    total_timesteps      | 45056       |
| train/                  |             |
|    approx_kl            | 0.018962014 |
|    clip_fraction        | 0.204       |
|    clip_range           | 0.2         |
|    entropy_loss         | -9.3        |
|    explained_variance   | 0.377       |
|    learning_rate        | 0.0003      |
|    loss                 | -0.0138     |
|    n_updates            | 210         |
|    policy_gradient_loss | -0.0262     |
|    std                  | 0.911       |
|    value_loss           | 0.00257     |
-----------------------------------------
-----------------------------------------
| rollout/                |             |
|    ep_len_mean          | 194         |
|    ep_rew_mean          | -207        |
| time/                   |             |
|    fps                  | 65          |
|    iterations           | 23          |
|    time_elapsed         | 715         |
|    total_timesteps      | 47104       |
| train/                  |             |
|    approx_kl            | 0.015816055 |
|    clip_fraction        | 0.186       |
|    clip_range           | 0.2         |
|    entropy_loss         | -9.28       |
|    explained_variance   | 0.083       |
|    learning_rate        | 0.0003      |
|    loss                 | -0.0443     |
|    n_updates            | 220         |
|    policy_gradient_loss | -0.0256     |
|    std                  | 0.912       |
|    value_loss           | 0.00333     |
-----------------------------------------
-----------------------------------------
| rollout/                |             |
|    ep_len_mean          | 191         |
|    ep_rew_mean          | -192        |
| time/                   |             |
|    fps                  | 65          |
|    iterations           | 24          |
|    time_elapsed         | 748         |
|    total_timesteps      | 49152       |
| train/                  |             |
|    approx_kl            | 0.015870892 |
|    clip_fraction        | 0.193       |
|    clip_range           | 0.2         |
|    entropy_loss         | -9.28       |
|    explained_variance   | 0.196       |
|    learning_rate        | 0.0003      |
|    loss                 | -0.0424     |
|    n_updates            | 230         |
|    policy_gradient_loss | -0.0283     |
|    std                  | 0.911       |
|    value_loss           | 0.00626     |
-----------------------------------------
-----------------------------------------
| rollout/                |             |
|    ep_len_mean          | 186         |
|    ep_rew_mean          | -181        |
| time/                   |             |
|    fps                  | 65          |
|    iterations           | 25          |
|    time_elapsed         | 781         |
|    total_timesteps      | 51200       |
| train/                  |             |
|    approx_kl            | 0.015446676 |
|    clip_fraction        | 0.173       |
|    clip_range           | 0.2         |
|    entropy_loss         | -9.25       |
|    explained_variance   | 0.496       |
|    learning_rate        | 0.0003      |
|    loss                 | -0.0203     |
|    n_updates            | 240         |
|    policy_gradient_loss | -0.0246     |
|    std                  | 0.905       |
|    value_loss           | 0.00522     |
-----------------------------------------
-----------------------------------------
| rollout/                |             |
|    ep_len_mean          | 176         |
|    ep_rew_mean          | -160        |
| time/                   |             |
|    fps                  | 65          |
|    iterations           | 26          |
|    time_elapsed         | 815         |
|    total_timesteps      | 53248       |
| train/                  |             |
|    approx_kl            | 0.017369874 |
|    clip_fraction        | 0.204       |
|    clip_range           | 0.2         |
|    entropy_loss         | -9.23       |
|    explained_variance   | 0.404       |
|    learning_rate        | 0.0003      |
|    loss                 | -0.0254     |
|    n_updates            | 250         |
|    policy_gradient_loss | -0.0288     |
|    std                  | 0.904       |
|    value_loss           | 0.00915     |
-----------------------------------------
-----------------------------------------
| rollout/                |             |
|    ep_len_mean          | 173         |
|    ep_rew_mean          | -154        |
| time/                   |             |
|    fps                  | 65          |
|    iterations           | 27          |
|    time_elapsed         | 848         |
|    total_timesteps      | 55296       |
| train/                  |             |
|    approx_kl            | 0.014979636 |
|    clip_fraction        | 0.181       |
|    clip_range           | 0.2         |
|    entropy_loss         | -9.25       |
|    explained_variance   | 0.592       |
|    learning_rate        | 0.0003      |
|    loss                 | -0.029      |
|    n_updates            | 260         |
|    policy_gradient_loss | -0.0255     |
|    std                  | 0.91        |
|    value_loss           | 0.011       |
-----------------------------------------
-----------------------------------------
| rollout/                |             |
|    ep_len_mean          | 170         |
|    ep_rew_mean          | -145        |
| time/                   |             |
|    fps                  | 65          |
|    iterations           | 28          |
|    time_elapsed         | 881         |
|    total_timesteps      | 57344       |
| train/                  |             |
|    approx_kl            | 0.014867529 |
|    clip_fraction        | 0.178       |
|    clip_range           | 0.2         |
|    entropy_loss         | -9.25       |
|    explained_variance   | 0.776       |
|    learning_rate        | 0.0003      |
|    loss                 | -0.0354     |
|    n_updates            | 270         |
|    policy_gradient_loss | -0.0271     |
|    std                  | 0.907       |
|    value_loss           | 0.00889     |
-----------------------------------------
-----------------------------------------
| rollout/                |             |
|    ep_len_mean          | 164         |
|    ep_rew_mean          | -134        |
| time/                   |             |
|    fps                  | 64          |
|    iterations           | 29          |
|    time_elapsed         | 914         |
|    total_timesteps      | 59392       |
| train/                  |             |
|    approx_kl            | 0.016612567 |
|    clip_fraction        | 0.192       |
|    clip_range           | 0.2         |
|    entropy_loss         | -9.22       |
|    explained_variance   | 0.664       |
|    learning_rate        | 0.0003      |
|    loss                 | -0.0352     |
|    n_updates            | 280         |
|    policy_gradient_loss | -0.0327     |
|    std                  | 0.901       |
|    value_loss           | 0.00879     |
-----------------------------------------
-----------------------------------------
| rollout/                |             |
|    ep_len_mean          | 152         |
|    ep_rew_mean          | -117        |
| time/                   |             |
|    fps                  | 64          |
|    iterations           | 30          |
|    time_elapsed         | 947         |
|    total_timesteps      | 61440       |
| train/                  |             |
|    approx_kl            | 0.015937828 |
|    clip_fraction        | 0.194       |
|    clip_range           | 0.2         |
|    entropy_loss         | -9.17       |
|    explained_variance   | 0.68        |
|    learning_rate        | 0.0003      |
|    loss                 | -0.0378     |
|    n_updates            | 290         |
|    policy_gradient_loss | -0.0275     |
|    std                  | 0.895       |
|    value_loss           | 0.00787     |
-----------------------------------------
----------------------------------------
| rollout/                |            |
|    ep_len_mean          | 140        |
|    ep_rew_mean          | -99.1      |
| time/                   |            |
|    fps                  | 64         |
|    iterations           | 31         |
|    time_elapsed         | 981        |
|    total_timesteps      | 63488      |
| train/                  |            |
|    approx_kl            | 0.01580848 |
|    clip_fraction        | 0.178      |
|    clip_range           | 0.2        |
|    entropy_loss         | -9.14      |
|    explained_variance   | 0.517      |
|    learning_rate        | 0.0003     |
|    loss                 | -0.0241    |
|    n_updates            | 300        |
|    policy_gradient_loss | -0.0248    |
|    std                  | 0.892      |
|    value_loss           | 0.0122     |
----------------------------------------
-----------------------------------------
| rollout/                |             |
|    ep_len_mean          | 134         |
|    ep_rew_mean          | -87.8       |
| time/                   |             |
|    fps                  | 64          |
|    iterations           | 32          |
|    time_elapsed         | 1015        |
|    total_timesteps      | 65536       |
| train/                  |             |
|    approx_kl            | 0.014687072 |
|    clip_fraction        | 0.162       |
|    clip_range           | 0.2         |
|    entropy_loss         | -9.11       |
|    explained_variance   | 0.522       |
|    learning_rate        | 0.0003      |
|    loss                 | -0.0419     |
|    n_updates            | 310         |
|    policy_gradient_loss | -0.025      |
|    std                  | 0.89        |
|    value_loss           | 0.0117      |
-----------------------------------------
-----------------------------------------
| rollout/                |             |
|    ep_len_mean          | 130         |
|    ep_rew_mean          | -76         |
| time/                   |             |
|    fps                  | 64          |
|    iterations           | 33          |
|    time_elapsed         | 1048        |
|    total_timesteps      | 67584       |
| train/                  |             |
|    approx_kl            | 0.017625738 |
|    clip_fraction        | 0.207       |
|    clip_range           | 0.2         |
|    entropy_loss         | -9.1        |
|    explained_variance   | 0.656       |
|    learning_rate        | 0.0003      |
|    loss                 | -0.0425     |
|    n_updates            | 320         |
|    policy_gradient_loss | -0.0264     |
|    std                  | 0.889       |
|    value_loss           | 0.00711     |
-----------------------------------------
-----------------------------------------
| rollout/                |             |
|    ep_len_mean          | 113         |
|    ep_rew_mean          | -56.6       |
| time/                   |             |
|    fps                  | 64          |
|    iterations           | 34          |
|    time_elapsed         | 1082        |
|    total_timesteps      | 69632       |
| train/                  |             |
|    approx_kl            | 0.015549505 |
|    clip_fraction        | 0.183       |
|    clip_range           | 0.2         |
|    entropy_loss         | -9.08       |
|    explained_variance   | 0.492       |
|    learning_rate        | 0.0003      |
|    loss                 | -0.0475     |
|    n_updates            | 330         |
|    policy_gradient_loss | -0.0274     |
|    std                  | 0.884       |
|    value_loss           | 0.011       |
-----------------------------------------
-----------------------------------------
| rollout/                |             |
|    ep_len_mean          | 111         |
|    ep_rew_mean          | -52.7       |
| time/                   |             |
|    fps                  | 64          |
|    iterations           | 35          |
|    time_elapsed         | 1116        |
|    total_timesteps      | 71680       |
| train/                  |             |
|    approx_kl            | 0.015201361 |
|    clip_fraction        | 0.178       |
|    clip_range           | 0.2         |
|    entropy_loss         | -9.02       |
|    explained_variance   | 0.504       |
|    learning_rate        | 0.0003      |
|    loss                 | -0.015      |
|    n_updates            | 340         |
|    policy_gradient_loss | -0.0256     |
|    std                  | 0.875       |
|    value_loss           | 0.0109      |
-----------------------------------------
-----------------------------------------
| rollout/                |             |
|    ep_len_mean          | 111         |
|    ep_rew_mean          | -51.1       |
| time/                   |             |
|    fps                  | 64          |
|    iterations           | 36          |
|    time_elapsed         | 1150        |
|    total_timesteps      | 73728       |
| train/                  |             |
|    approx_kl            | 0.014255674 |
|    clip_fraction        | 0.183       |
|    clip_range           | 0.2         |
|    entropy_loss         | -8.97       |
|    explained_variance   | 0.628       |
|    learning_rate        | 0.0003      |
|    loss                 | -0.00734    |
|    n_updates            | 350         |
|    policy_gradient_loss | -0.027      |
|    std                  | 0.873       |
|    value_loss           | 0.00752     |
-----------------------------------------
-----------------------------------------
| rollout/                |             |
|    ep_len_mean          | 105         |
|    ep_rew_mean          | -47.8       |
| time/                   |             |
|    fps                  | 63          |
|    iterations           | 37          |
|    time_elapsed         | 1185        |
|    total_timesteps      | 75776       |
| train/                  |             |
|    approx_kl            | 0.012500506 |
|    clip_fraction        | 0.173       |
|    clip_range           | 0.2         |
|    entropy_loss         | -8.96       |
|    explained_variance   | 0.413       |
|    learning_rate        | 0.0003      |
|    loss                 | -0.0418     |
|    n_updates            | 360         |
|    policy_gradient_loss | -0.0268     |
|    std                  | 0.871       |
|    value_loss           | 0.00752     |
-----------------------------------------
----------------------------------------
| rollout/                |            |
|    ep_len_mean          | 105        |
|    ep_rew_mean          | -46.6      |
| time/                   |            |
|    fps                  | 63         |
|    iterations           | 38         |
|    time_elapsed         | 1218       |
|    total_timesteps      | 77824      |
| train/                  |            |
|    approx_kl            | 0.01832709 |
|    clip_fraction        | 0.182      |
|    clip_range           | 0.2        |
|    entropy_loss         | -8.93      |
|    explained_variance   | 0.563      |
|    learning_rate        | 0.0003     |
|    loss                 | -0.0794    |
|    n_updates            | 370        |
|    policy_gradient_loss | -0.0292    |
|    std                  | 0.865      |
|    value_loss           | 0.00766    |
----------------------------------------
-----------------------------------------
| rollout/                |             |
|    ep_len_mean          | 106         |
|    ep_rew_mean          | -47.3       |
| time/                   |             |
|    fps                  | 63          |
|    iterations           | 39          |
|    time_elapsed         | 1253        |
|    total_timesteps      | 79872       |
| train/                  |             |
|    approx_kl            | 0.017519267 |
|    clip_fraction        | 0.196       |
|    clip_range           | 0.2         |
|    entropy_loss         | -8.88       |
|    explained_variance   | 0.507       |
|    learning_rate        | 0.0003      |
|    loss                 | -0.0332     |
|    n_updates            | 380         |
|    policy_gradient_loss | -0.0287     |
|    std                  | 0.86        |
|    value_loss           | 0.00747     |
-----------------------------------------
-----------------------------------------
| rollout/                |             |
|    ep_len_mean          | 100         |
|    ep_rew_mean          | -46.2       |
| time/                   |             |
|    fps                  | 63          |
|    iterations           | 40          |
|    time_elapsed         | 1287        |
|    total_timesteps      | 81920       |
| train/                  |             |
|    approx_kl            | 0.014979145 |
|    clip_fraction        | 0.173       |
|    clip_range           | 0.2         |
|    entropy_loss         | -8.85       |
|    explained_variance   | 0.496       |
|    learning_rate        | 0.0003      |
|    loss                 | -0.0307     |
|    n_updates            | 390         |
|    policy_gradient_loss | -0.0268     |
|    std                  | 0.858       |
|    value_loss           | 0.0066      |
-----------------------------------------
-----------------------------------------
| rollout/                |             |
|    ep_len_mean          | 87.7        |
|    ep_rew_mean          | -36.7       |
| time/                   |             |
|    fps                  | 63          |
|    iterations           | 41          |
|    time_elapsed         | 1322        |
|    total_timesteps      | 83968       |
| train/                  |             |
|    approx_kl            | 0.014638833 |
|    clip_fraction        | 0.18        |
|    clip_range           | 0.2         |
|    entropy_loss         | -8.81       |
|    explained_variance   | 0.482       |
|    learning_rate        | 0.0003      |
|    loss                 | -0.03       |
|    n_updates            | 400         |
|    policy_gradient_loss | -0.0251     |
|    std                  | 0.851       |
|    value_loss           | 0.00932     |
-----------------------------------------
-----------------------------------------
| rollout/                |             |
|    ep_len_mean          | 79.3        |
|    ep_rew_mean          | -31.6       |
| time/                   |             |
|    fps                  | 63          |
|    iterations           | 42          |
|    time_elapsed         | 1357        |
|    total_timesteps      | 86016       |
| train/                  |             |
|    approx_kl            | 0.017005831 |
|    clip_fraction        | 0.195       |
|    clip_range           | 0.2         |
|    entropy_loss         | -8.78       |
|    explained_variance   | 0.755       |
|    learning_rate        | 0.0003      |
|    loss                 | -0.0236     |
|    n_updates            | 410         |
|    policy_gradient_loss | -0.0315     |
|    std                  | 0.85        |
|    value_loss           | 0.00726     |
-----------------------------------------
-----------------------------------------
| rollout/                |             |
|    ep_len_mean          | 74.1        |
|    ep_rew_mean          | -26.6       |
| time/                   |             |
|    fps                  | 63          |
|    iterations           | 43          |
|    time_elapsed         | 1391        |
|    total_timesteps      | 88064       |
| train/                  |             |
|    approx_kl            | 0.013977405 |
|    clip_fraction        | 0.176       |
|    clip_range           | 0.2         |
|    entropy_loss         | -8.75       |
|    explained_variance   | 0.47        |
|    learning_rate        | 0.0003      |
|    loss                 | -0.0164     |
|    n_updates            | 420         |
|    policy_gradient_loss | -0.0229     |
|    std                  | 0.842       |
|    value_loss           | 0.00623     |
-----------------------------------------
-----------------------------------------
| rollout/                |             |
|    ep_len_mean          | 70.3        |
|    ep_rew_mean          | -25.1       |
| time/                   |             |
|    fps                  | 63          |
|    iterations           | 44          |
|    time_elapsed         | 1427        |
|    total_timesteps      | 90112       |
| train/                  |             |
|    approx_kl            | 0.014779326 |
|    clip_fraction        | 0.175       |
|    clip_range           | 0.2         |
|    entropy_loss         | -8.68       |
|    explained_variance   | 0.77        |
|    learning_rate        | 0.0003      |
|    loss                 | -0.0347     |
|    n_updates            | 430         |
|    policy_gradient_loss | -0.0276     |
|    std                  | 0.836       |
|    value_loss           | 0.00683     |
-----------------------------------------
-----------------------------------------
| rollout/                |             |
|    ep_len_mean          | 66.7        |
|    ep_rew_mean          | -22.9       |
| time/                   |             |
|    fps                  | 63          |
|    iterations           | 45          |
|    time_elapsed         | 1462        |
|    total_timesteps      | 92160       |
| train/                  |             |
|    approx_kl            | 0.015802205 |
|    clip_fraction        | 0.193       |
|    clip_range           | 0.2         |
|    entropy_loss         | -8.62       |
|    explained_variance   | 0.588       |
|    learning_rate        | 0.0003      |
|    loss                 | -0.0304     |
|    n_updates            | 440         |
|    policy_gradient_loss | -0.0313     |
|    std                  | 0.827       |
|    value_loss           | 0.00677     |
-----------------------------------------
-----------------------------------------
| rollout/                |             |
|    ep_len_mean          | 54.9        |
|    ep_rew_mean          | -14.3       |
| time/                   |             |
|    fps                  | 62          |
|    iterations           | 46          |
|    time_elapsed         | 1498        |
|    total_timesteps      | 94208       |
| train/                  |             |
|    approx_kl            | 0.017274234 |
|    clip_fraction        | 0.19        |
|    clip_range           | 0.2         |
|    entropy_loss         | -8.55       |
|    explained_variance   | 0.328       |
|    learning_rate        | 0.0003      |
|    loss                 | 0.00741     |
|    n_updates            | 450         |
|    policy_gradient_loss | -0.0264     |
|    std                  | 0.822       |
|    value_loss           | 0.00553     |
-----------------------------------------
-----------------------------------------
| rollout/                |             |
|    ep_len_mean          | 48.1        |
|    ep_rew_mean          | -10.4       |
| time/                   |             |
|    fps                  | 62          |
|    iterations           | 47          |
|    time_elapsed         | 1534        |
|    total_timesteps      | 96256       |
| train/                  |             |
|    approx_kl            | 0.015231317 |
|    clip_fraction        | 0.197       |
|    clip_range           | 0.2         |
|    entropy_loss         | -8.54       |
|    explained_variance   | 0.598       |
|    learning_rate        | 0.0003      |
|    loss                 | -0.0297     |
|    n_updates            | 460         |
|    policy_gradient_loss | -0.0256     |
|    std                  | 0.823       |
|    value_loss           | 0.00362     |
-----------------------------------------
-----------------------------------------
| rollout/                |             |
|    ep_len_mean          | 50.7        |
|    ep_rew_mean          | -11.8       |
| time/                   |             |
|    fps                  | 62          |
|    iterations           | 48          |
|    time_elapsed         | 1569        |
|    total_timesteps      | 98304       |
| train/                  |             |
|    approx_kl            | 0.016427098 |
|    clip_fraction        | 0.208       |
|    clip_range           | 0.2         |
|    entropy_loss         | -8.52       |
|    explained_variance   | 0.451       |
|    learning_rate        | 0.0003      |
|    loss                 | -0.044      |
|    n_updates            | 470         |
|    policy_gradient_loss | -0.0282     |
|    std                  | 0.818       |
|    value_loss           | 0.00378     |
-----------------------------------------
-----------------------------------------
| rollout/                |             |
|    ep_len_mean          | 51.5        |
|    ep_rew_mean          | -10.7       |
| time/                   |             |
|    fps                  | 62          |
|    iterations           | 49          |
|    time_elapsed         | 1605        |
|    total_timesteps      | 100352      |
| train/                  |             |
|    approx_kl            | 0.014628102 |
|    clip_fraction        | 0.17        |
|    clip_range           | 0.2         |
|    entropy_loss         | -8.49       |
|    explained_variance   | 0.369       |
|    learning_rate        | 0.0003      |
|    loss                 | -0.0361     |
|    n_updates            | 480         |
|    policy_gradient_loss | -0.0245     |
|    std                  | 0.813       |
|    value_loss           | 0.00362     |
-----------------------------------------
-----------------------------------------
| rollout/                |             |
|    ep_len_mean          | 51.3        |
|    ep_rew_mean          | -11.1       |
| time/                   |             |
|    fps                  | 62          |
|    iterations           | 50          |
|    time_elapsed         | 1641        |
|    total_timesteps      | 102400      |
| train/                  |             |
|    approx_kl            | 0.017556723 |
|    clip_fraction        | 0.202       |
|    clip_range           | 0.2         |
|    entropy_loss         | -8.45       |
|    explained_variance   | 0.504       |
|    learning_rate        | 0.0003      |
|    loss                 | -0.035      |
|    n_updates            | 490         |
|    policy_gradient_loss | -0.0276     |
|    std                  | 0.81        |
|    value_loss           | 0.00338     |
-----------------------------------------
-----------------------------------------
| rollout/                |             |
|    ep_len_mean          | 49          |
|    ep_rew_mean          | -11.5       |
| time/                   |             |
|    fps                  | 62          |
|    iterations           | 51          |
|    time_elapsed         | 1677        |
|    total_timesteps      | 104448      |
| train/                  |             |
|    approx_kl            | 0.013911677 |
|    clip_fraction        | 0.176       |
|    clip_range           | 0.2         |
|    entropy_loss         | -8.43       |
|    explained_variance   | 0.677       |
|    learning_rate        | 0.0003      |
|    loss                 | -0.0188     |
|    n_updates            | 500         |
|    policy_gradient_loss | -0.0282     |
|    std                  | 0.809       |
|    value_loss           | 0.00293     |
-----------------------------------------
----------------------------------------
| rollout/                |            |
|    ep_len_mean          | 46.6       |
|    ep_rew_mean          | -9.62      |
| time/                   |            |
|    fps                  | 62         |
|    iterations           | 52         |
|    time_elapsed         | 1713       |
|    total_timesteps      | 106496     |
| train/                  |            |
|    approx_kl            | 0.01496987 |
|    clip_fraction        | 0.197      |
|    clip_range           | 0.2        |
|    entropy_loss         | -8.41      |
|    explained_variance   | 0.681      |
|    learning_rate        | 0.0003     |
|    loss                 | -0.0263    |
|    n_updates            | 510        |
|    policy_gradient_loss | -0.027     |
|    std                  | 0.805      |
|    value_loss           | 0.00428    |
----------------------------------------
-----------------------------------------
| rollout/                |             |
|    ep_len_mean          | 42.2        |
|    ep_rew_mean          | -5.87       |
| time/                   |             |
|    fps                  | 62          |
|    iterations           | 53          |
|    time_elapsed         | 1749        |
|    total_timesteps      | 108544      |
| train/                  |             |
|    approx_kl            | 0.020456828 |
|    clip_fraction        | 0.214       |
|    clip_range           | 0.2         |
|    entropy_loss         | -8.36       |
|    explained_variance   | 0.562       |
|    learning_rate        | 0.0003      |
|    loss                 | -0.0271     |
|    n_updates            | 520         |
|    policy_gradient_loss | -0.0284     |
|    std                  | 0.798       |
|    value_loss           | 0.00294     |
-----------------------------------------
----------------------------------------
| rollout/                |            |
|    ep_len_mean          | 35.4       |
|    ep_rew_mean          | -3.68      |
| time/                   |            |
|    fps                  | 61         |
|    iterations           | 54         |
|    time_elapsed         | 1787       |
|    total_timesteps      | 110592     |
| train/                  |            |
|    approx_kl            | 0.01247764 |
|    clip_fraction        | 0.184      |
|    clip_range           | 0.2        |
|    entropy_loss         | -8.3       |
|    explained_variance   | 0.35       |
|    learning_rate        | 0.0003     |
|    loss                 | -0.0553    |
|    n_updates            | 530        |
|    policy_gradient_loss | -0.0214    |
|    std                  | 0.791      |
|    value_loss           | 0.00318    |
----------------------------------------
-----------------------------------------
| rollout/                |             |
|    ep_len_mean          | 36          |
|    ep_rew_mean          | -4.36       |
| time/                   |             |
|    fps                  | 61          |
|    iterations           | 55          |
|    time_elapsed         | 1824        |
|    total_timesteps      | 112640      |
| train/                  |             |
|    approx_kl            | 0.018400175 |
|    clip_fraction        | 0.203       |
|    clip_range           | 0.2         |
|    entropy_loss         | -8.23       |
|    explained_variance   | 0.377       |
|    learning_rate        | 0.0003      |
|    loss                 | -0.00534    |
|    n_updates            | 540         |
|    policy_gradient_loss | -0.0264     |
|    std                  | 0.784       |
|    value_loss           | 0.0027      |
-----------------------------------------
-----------------------------------------
| rollout/                |             |
|    ep_len_mean          | 36.9        |
|    ep_rew_mean          | -5.63       |
| time/                   |             |
|    fps                  | 61          |
|    iterations           | 56          |
|    time_elapsed         | 1861        |
|    total_timesteps      | 114688      |
| train/                  |             |
|    approx_kl            | 0.013776274 |
|    clip_fraction        | 0.174       |
|    clip_range           | 0.2         |
|    entropy_loss         | -8.19       |
|    explained_variance   | 0.353       |
|    learning_rate        | 0.0003      |
|    loss                 | -0.0171     |
|    n_updates            | 550         |
|    policy_gradient_loss | -0.0227     |
|    std                  | 0.781       |
|    value_loss           | 0.00304     |
-----------------------------------------
----------------------------------------
| rollout/                |            |
|    ep_len_mean          | 36         |
|    ep_rew_mean          | -3.23      |
| time/                   |            |
|    fps                  | 61         |
|    iterations           | 57         |
|    time_elapsed         | 1898       |
|    total_timesteps      | 116736     |
| train/                  |            |
|    approx_kl            | 0.01858235 |
|    clip_fraction        | 0.201      |
|    clip_range           | 0.2        |
|    entropy_loss         | -8.17      |
|    explained_variance   | 0.668      |
|    learning_rate        | 0.0003     |
|    loss                 | 0.0107     |
|    n_updates            | 560        |
|    policy_gradient_loss | -0.0279    |
|    std                  | 0.778      |
|    value_loss           | 0.00297    |
----------------------------------------
-----------------------------------------
| rollout/                |             |
|    ep_len_mean          | 33.1        |
|    ep_rew_mean          | -1.44       |
| time/                   |             |
|    fps                  | 61          |
|    iterations           | 58          |
|    time_elapsed         | 1936        |
|    total_timesteps      | 118784      |
| train/                  |             |
|    approx_kl            | 0.020466493 |
|    clip_fraction        | 0.254       |
|    clip_range           | 0.2         |
|    entropy_loss         | -8.12       |
|    explained_variance   | 0.271       |
|    learning_rate        | 0.0003      |
|    loss                 | -0.0649     |
|    n_updates            | 570         |
|    policy_gradient_loss | -0.0329     |
|    std                  | 0.772       |
|    value_loss           | 0.00221     |
-----------------------------------------
-----------------------------------------
| rollout/                |             |
|    ep_len_mean          | 30.8        |
|    ep_rew_mean          | -2.86       |
| time/                   |             |
|    fps                  | 61          |
|    iterations           | 59          |
|    time_elapsed         | 1974        |
|    total_timesteps      | 120832      |
| train/                  |             |
|    approx_kl            | 0.017341465 |
|    clip_fraction        | 0.194       |
|    clip_range           | 0.2         |
|    entropy_loss         | -8.07       |
|    explained_variance   | 0.302       |
|    learning_rate        | 0.0003      |
|    loss                 | -0.0263     |
|    n_updates            | 580         |
|    policy_gradient_loss | -0.0236     |
|    std                  | 0.768       |
|    value_loss           | 0.00148     |
-----------------------------------------
-----------------------------------------
| rollout/                |             |
|    ep_len_mean          | 28.6        |
|    ep_rew_mean          | 0.3         |
| time/                   |             |
|    fps                  | 61          |
|    iterations           | 60          |
|    time_elapsed         | 2012        |
|    total_timesteps      | 122880      |
| train/                  |             |
|    approx_kl            | 0.015224682 |
|    clip_fraction        | 0.169       |
|    clip_range           | 0.2         |
|    entropy_loss         | -8.04       |
|    explained_variance   | 0.653       |
|    learning_rate        | 0.0003      |
|    loss                 | -0.0278     |
|    n_updates            | 590         |
|    policy_gradient_loss | -0.0224     |
|    std                  | 0.764       |
|    value_loss           | 0.00238     |
-----------------------------------------
-----------------------------------------
| rollout/                |             |
|    ep_len_mean          | 35.4        |
|    ep_rew_mean          | -1.61       |
| time/                   |             |
|    fps                  | 60          |
|    iterations           | 61          |
|    time_elapsed         | 2049        |
|    total_timesteps      | 124928      |
| train/                  |             |
|    approx_kl            | 0.014328896 |
|    clip_fraction        | 0.176       |
|    clip_range           | 0.2         |
|    entropy_loss         | -7.99       |
|    explained_variance   | 0.416       |
|    learning_rate        | 0.0003      |
|    loss                 | -0.0231     |
|    n_updates            | 600         |
|    policy_gradient_loss | -0.0259     |
|    std                  | 0.758       |
|    value_loss           | 0.00191     |
-----------------------------------------
-----------------------------------------
| rollout/                |             |
|    ep_len_mean          | 35.4        |
|    ep_rew_mean          | -2.04       |
| time/                   |             |
|    fps                  | 60          |
|    iterations           | 62          |
|    time_elapsed         | 2087        |
|    total_timesteps      | 126976      |
| train/                  |             |
|    approx_kl            | 0.016395018 |
|    clip_fraction        | 0.212       |
|    clip_range           | 0.2         |
|    entropy_loss         | -7.94       |
|    explained_variance   | 0.36        |
|    learning_rate        | 0.0003      |
|    loss                 | -0.042      |
|    n_updates            | 610         |
|    policy_gradient_loss | -0.0262     |
|    std                  | 0.752       |
|    value_loss           | 0.00145     |
-----------------------------------------
-----------------------------------------
| rollout/                |             |
|    ep_len_mean          | 25.2        |
|    ep_rew_mean          | 1.51        |
| time/                   |             |
|    fps                  | 60          |
|    iterations           | 63          |
|    time_elapsed         | 2126        |
|    total_timesteps      | 129024      |
| train/                  |             |
|    approx_kl            | 0.015062948 |
|    clip_fraction        | 0.192       |
|    clip_range           | 0.2         |
|    entropy_loss         | -7.89       |
|    explained_variance   | 0.303       |
|    learning_rate        | 0.0003      |
|    loss                 | -0.0578     |
|    n_updates            | 620         |
|    policy_gradient_loss | -0.0262     |
|    std                  | 0.748       |
|    value_loss           | 0.00188     |
-----------------------------------------
-----------------------------------------
| rollout/                |             |
|    ep_len_mean          | 28.9        |
|    ep_rew_mean          | 0.627       |
| time/                   |             |
|    fps                  | 60          |
|    iterations           | 64          |
|    time_elapsed         | 2164        |
|    total_timesteps      | 131072      |
| train/                  |             |
|    approx_kl            | 0.015486326 |
|    clip_fraction        | 0.211       |
|    clip_range           | 0.2         |
|    entropy_loss         | -7.85       |
|    explained_variance   | 0.104       |
|    learning_rate        | 0.0003      |
|    loss                 | -0.0419     |
|    n_updates            | 630         |
|    policy_gradient_loss | -0.0256     |
|    std                  | 0.743       |
|    value_loss           | 0.00168     |
-----------------------------------------
-----------------------------------------
| rollout/                |             |
|    ep_len_mean          | 25.8        |
|    ep_rew_mean          | 1.69        |
| time/                   |             |
|    fps                  | 60          |
|    iterations           | 65          |
|    time_elapsed         | 2203        |
|    total_timesteps      | 133120      |
| train/                  |             |
|    approx_kl            | 0.016212728 |
|    clip_fraction        | 0.21        |
|    clip_range           | 0.2         |
|    entropy_loss         | -7.8        |
|    explained_variance   | 0.374       |
|    learning_rate        | 0.0003      |
|    loss                 | -0.0437     |
|    n_updates            | 640         |
|    policy_gradient_loss | -0.0279     |
|    std                  | 0.739       |
|    value_loss           | 0.00151     |
-----------------------------------------
-----------------------------------------
| rollout/                |             |
|    ep_len_mean          | 27.7        |
|    ep_rew_mean          | 1.03        |
| time/                   |             |
|    fps                  | 60          |
|    iterations           | 66          |
|    time_elapsed         | 2242        |
|    total_timesteps      | 135168      |
| train/                  |             |
|    approx_kl            | 0.016980149 |
|    clip_fraction        | 0.233       |
|    clip_range           | 0.2         |
|    entropy_loss         | -7.75       |
|    explained_variance   | 0.255       |
|    learning_rate        | 0.0003      |
|    loss                 | -0.0229     |
|    n_updates            | 650         |
|    policy_gradient_loss | -0.0299     |
|    std                  | 0.733       |
|    value_loss           | 0.00121     |
-----------------------------------------
-----------------------------------------
| rollout/                |             |
|    ep_len_mean          | 29.1        |
|    ep_rew_mean          | 0.986       |
| time/                   |             |
|    fps                  | 60          |
|    iterations           | 67          |
|    time_elapsed         | 2280        |
|    total_timesteps      | 137216      |
| train/                  |             |
|    approx_kl            | 0.015582186 |
|    clip_fraction        | 0.193       |
|    clip_range           | 0.2         |
|    entropy_loss         | -7.7        |
|    explained_variance   | 0.354       |
|    learning_rate        | 0.0003      |
|    loss                 | -0.00982    |
|    n_updates            | 660         |
|    policy_gradient_loss | -0.0234     |
|    std                  | 0.728       |
|    value_loss           | 0.00137     |
-----------------------------------------
-----------------------------------------
| rollout/                |             |
|    ep_len_mean          | 24.8        |
|    ep_rew_mean          | 1.92        |
| time/                   |             |
|    fps                  | 60          |
|    iterations           | 68          |
|    time_elapsed         | 2319        |
|    total_timesteps      | 139264      |
| train/                  |             |
|    approx_kl            | 0.015502455 |
|    clip_fraction        | 0.191       |
|    clip_range           | 0.2         |
|    entropy_loss         | -7.66       |
|    explained_variance   | 0.421       |
|    learning_rate        | 0.0003      |
|    loss                 | -0.0303     |
|    n_updates            | 670         |
|    policy_gradient_loss | -0.0261     |
|    std                  | 0.724       |
|    value_loss           | 0.00104     |
-----------------------------------------
-----------------------------------------
| rollout/                |             |
|    ep_len_mean          | 23.5        |
|    ep_rew_mean          | 2.44        |
| time/                   |             |
|    fps                  | 59          |
|    iterations           | 69          |
|    time_elapsed         | 2359        |
|    total_timesteps      | 141312      |
| train/                  |             |
|    approx_kl            | 0.016340835 |
|    clip_fraction        | 0.19        |
|    clip_range           | 0.2         |
|    entropy_loss         | -7.64       |
|    explained_variance   | 0.323       |
|    learning_rate        | 0.0003      |
|    loss                 | -0.0321     |
|    n_updates            | 680         |
|    policy_gradient_loss | -0.0241     |
|    std                  | 0.723       |
|    value_loss           | 0.00151     |
-----------------------------------------
-----------------------------------------
| rollout/                |             |
|    ep_len_mean          | 26.5        |
|    ep_rew_mean          | -1.25       |
| time/                   |             |
|    fps                  | 59          |
|    iterations           | 70          |
|    time_elapsed         | 2398        |
|    total_timesteps      | 143360      |
| train/                  |             |
|    approx_kl            | 0.018662585 |
|    clip_fraction        | 0.231       |
|    clip_range           | 0.2         |
|    entropy_loss         | -7.61       |
|    explained_variance   | 0.729       |
|    learning_rate        | 0.0003      |
|    loss                 | -0.0356     |
|    n_updates            | 690         |
|    policy_gradient_loss | -0.0239     |
|    std                  | 0.719       |
|    value_loss           | 0.00264     |
-----------------------------------------
-----------------------------------------
| rollout/                |             |
|    ep_len_mean          | 24.2        |
|    ep_rew_mean          | 2.1         |
| time/                   |             |
|    fps                  | 59          |
|    iterations           | 71          |
|    time_elapsed         | 2437        |
|    total_timesteps      | 145408      |
| train/                  |             |
|    approx_kl            | 0.016741902 |
|    clip_fraction        | 0.178       |
|    clip_range           | 0.2         |
|    entropy_loss         | -7.59       |
|    explained_variance   | 0.872       |
|    learning_rate        | 0.0003      |
|    loss                 | -0.0297     |
|    n_updates            | 700         |
|    policy_gradient_loss | -0.0236     |
|    std                  | 0.719       |
|    value_loss           | 0.00157     |
-----------------------------------------
-----------------------------------------
| rollout/                |             |
|    ep_len_mean          | 22.8        |
|    ep_rew_mean          | 3.02        |
| time/                   |             |
|    fps                  | 59          |
|    iterations           | 72          |
|    time_elapsed         | 2477        |
|    total_timesteps      | 147456      |
| train/                  |             |
|    approx_kl            | 0.021687286 |
|    clip_fraction        | 0.228       |
|    clip_range           | 0.2         |
|    entropy_loss         | -7.56       |
|    explained_variance   | 0.209       |
|    learning_rate        | 0.0003      |
|    loss                 | -0.0254     |
|    n_updates            | 710         |
|    policy_gradient_loss | -0.033      |
|    std                  | 0.715       |
|    value_loss           | 0.00113     |
-----------------------------------------
-----------------------------------------
| rollout/                |             |
|    ep_len_mean          | 20.3        |
|    ep_rew_mean          | 3.64        |
| time/                   |             |
|    fps                  | 59          |
|    iterations           | 73          |
|    time_elapsed         | 2518        |
|    total_timesteps      | 149504      |
| train/                  |             |
|    approx_kl            | 0.018251628 |
|    clip_fraction        | 0.224       |
|    clip_range           | 0.2         |
|    entropy_loss         | -7.54       |
|    explained_variance   | 0.277       |
|    learning_rate        | 0.0003      |
|    loss                 | -0.0486     |
|    n_updates            | 720         |
|    policy_gradient_loss | -0.0273     |
|    std                  | 0.714       |
|    value_loss           | 0.000943    |
-----------------------------------------
-----------------------------------------
| rollout/                |             |
|    ep_len_mean          | 22.1        |
|    ep_rew_mean          | 3.19        |
| time/                   |             |
|    fps                  | 59          |
|    iterations           | 74          |
|    time_elapsed         | 2558        |
|    total_timesteps      | 151552      |
| train/                  |             |
|    approx_kl            | 0.016694525 |
|    clip_fraction        | 0.203       |
|    clip_range           | 0.2         |
|    entropy_loss         | -7.49       |
|    explained_variance   | 0.259       |
|    learning_rate        | 0.0003      |
|    loss                 | -0.00648    |
|    n_updates            | 730         |
|    policy_gradient_loss | -0.0238     |
|    std                  | 0.707       |
|    value_loss           | 0.000969    |
-----------------------------------------
-----------------------------------------
| rollout/                |             |
|    ep_len_mean          | 23.1        |
|    ep_rew_mean          | 2.37        |
| time/                   |             |
|    fps                  | 59          |
|    iterations           | 75          |
|    time_elapsed         | 2598        |
|    total_timesteps      | 153600      |
| train/                  |             |
|    approx_kl            | 0.018862415 |
|    clip_fraction        | 0.216       |
|    clip_range           | 0.2         |
|    entropy_loss         | -7.43       |
|    explained_variance   | 0.172       |
|    learning_rate        | 0.0003      |
|    loss                 | -0.0516     |
|    n_updates            | 740         |
|    policy_gradient_loss | -0.0271     |
|    std                  | 0.703       |
|    value_loss           | 0.001       |
-----------------------------------------
-----------------------------------------
| rollout/                |             |
|    ep_len_mean          | 22.8        |
|    ep_rew_mean          | 2.88        |
| time/                   |             |
|    fps                  | 59          |
|    iterations           | 76          |
|    time_elapsed         | 2638        |
|    total_timesteps      | 155648      |
| train/                  |             |
|    approx_kl            | 0.018780157 |
|    clip_fraction        | 0.223       |
|    clip_range           | 0.2         |
|    entropy_loss         | -7.39       |
|    explained_variance   | 0.281       |
|    learning_rate        | 0.0003      |
|    loss                 | -0.0366     |
|    n_updates            | 750         |
|    policy_gradient_loss | -0.0302     |
|    std                  | 0.698       |
|    value_loss           | 0.00118     |
-----------------------------------------
----------------------------------------
| rollout/                |            |
|    ep_len_mean          | 21         |
|    ep_rew_mean          | 3.57       |
| time/                   |            |
|    fps                  | 58         |
|    iterations           | 77         |
|    time_elapsed         | 2678       |
|    total_timesteps      | 157696     |
| train/                  |            |
|    approx_kl            | 0.01903779 |
|    clip_fraction        | 0.238      |
|    clip_range           | 0.2        |
|    entropy_loss         | -7.32      |
|    explained_variance   | 0.33       |
|    learning_rate        | 0.0003     |
|    loss                 | -0.00506   |
|    n_updates            | 760        |
|    policy_gradient_loss | -0.0312    |
|    std                  | 0.692      |
|    value_loss           | 0.000941   |
----------------------------------------
-----------------------------------------
| rollout/                |             |
|    ep_len_mean          | 19.3        |
|    ep_rew_mean          | 4.2         |
| time/                   |             |
|    fps                  | 58          |
|    iterations           | 78          |
|    time_elapsed         | 2719        |
|    total_timesteps      | 159744      |
| train/                  |             |
|    approx_kl            | 0.019182913 |
|    clip_fraction        | 0.227       |
|    clip_range           | 0.2         |
|    entropy_loss         | -7.27       |
|    explained_variance   | 0.243       |
|    learning_rate        | 0.0003      |
|    loss                 | -0.0657     |
|    n_updates            | 770         |
|    policy_gradient_loss | -0.0308     |
|    std                  | 0.687       |
|    value_loss           | 0.00103     |
-----------------------------------------
-----------------------------------------
| rollout/                |             |
|    ep_len_mean          | 20.2        |
|    ep_rew_mean          | 4.21        |
| time/                   |             |
|    fps                  | 58          |
|    iterations           | 79          |
|    time_elapsed         | 2760        |
|    total_timesteps      | 161792      |
| train/                  |             |
|    approx_kl            | 0.018986074 |
|    clip_fraction        | 0.206       |
|    clip_range           | 0.2         |
|    entropy_loss         | -7.2        |
|    explained_variance   | 0.127       |
|    learning_rate        | 0.0003      |
|    loss                 | -0.0184     |
|    n_updates            | 780         |
|    policy_gradient_loss | -0.0241     |
|    std                  | 0.678       |
|    value_loss           | 0.000932    |
-----------------------------------------
----------------------------------------
| rollout/                |            |
|    ep_len_mean          | 21.1       |
|    ep_rew_mean          | 4.13       |
| time/                   |            |
|    fps                  | 58         |
|    iterations           | 80         |
|    time_elapsed         | 2800       |
|    total_timesteps      | 163840     |
| train/                  |            |
|    approx_kl            | 0.01790692 |
|    clip_fraction        | 0.236      |
|    clip_range           | 0.2        |
|    entropy_loss         | -7.12      |
|    explained_variance   | 0.201      |
|    learning_rate        | 0.0003     |
|    loss                 | -0.0378    |
|    n_updates            | 790        |
|    policy_gradient_loss | -0.0289    |
|    std                  | 0.671      |
|    value_loss           | 0.000719   |
----------------------------------------
-----------------------------------------
| rollout/                |             |
|    ep_len_mean          | 18.6        |
|    ep_rew_mean          | 4.82        |
| time/                   |             |
|    fps                  | 58          |
|    iterations           | 81          |
|    time_elapsed         | 2842        |
|    total_timesteps      | 165888      |
| train/                  |             |
|    approx_kl            | 0.020681791 |
|    clip_fraction        | 0.232       |
|    clip_range           | 0.2         |
|    entropy_loss         | -7.05       |
|    explained_variance   | 0.431       |
|    learning_rate        | 0.0003      |
|    loss                 | -0.0393     |
|    n_updates            | 800         |
|    policy_gradient_loss | -0.0286     |
|    std                  | 0.665       |
|    value_loss           | 0.000656    |
-----------------------------------------
-----------------------------------------
| rollout/                |             |
|    ep_len_mean          | 19.2        |
|    ep_rew_mean          | 4.55        |
| time/                   |             |
|    fps                  | 58          |
|    iterations           | 82          |
|    time_elapsed         | 2884        |
|    total_timesteps      | 167936      |
| train/                  |             |
|    approx_kl            | 0.019813895 |
|    clip_fraction        | 0.227       |
|    clip_range           | 0.2         |
|    entropy_loss         | -7.01       |
|    explained_variance   | 0.235       |
|    learning_rate        | 0.0003      |
|    loss                 | -0.0109     |
|    n_updates            | 810         |
|    policy_gradient_loss | -0.0242     |
|    std                  | 0.662       |
|    value_loss           | 0.000628    |
-----------------------------------------
-----------------------------------------
| rollout/                |             |
|    ep_len_mean          | 17.7        |
|    ep_rew_mean          | 5.23        |
| time/                   |             |
|    fps                  | 58          |
|    iterations           | 83          |
|    time_elapsed         | 2926        |
|    total_timesteps      | 169984      |
| train/                  |             |
|    approx_kl            | 0.016203757 |
|    clip_fraction        | 0.212       |
|    clip_range           | 0.2         |
|    entropy_loss         | -6.96       |
|    explained_variance   | 0.229       |
|    learning_rate        | 0.0003      |
|    loss                 | -0.0098     |
|    n_updates            | 820         |
|    policy_gradient_loss | -0.0231     |
|    std                  | 0.657       |
|    value_loss           | 0.000691    |
-----------------------------------------
-----------------------------------------
| rollout/                |             |
|    ep_len_mean          | 18.2        |
|    ep_rew_mean          | 4.79        |
| time/                   |             |
|    fps                  | 57          |
|    iterations           | 84          |
|    time_elapsed         | 2968        |
|    total_timesteps      | 172032      |
| train/                  |             |
|    approx_kl            | 0.019829422 |
|    clip_fraction        | 0.231       |
|    clip_range           | 0.2         |
|    entropy_loss         | -6.91       |
|    explained_variance   | 0.291       |
|    learning_rate        | 0.0003      |
|    loss                 | -0.0403     |
|    n_updates            | 830         |
|    policy_gradient_loss | -0.0259     |
|    std                  | 0.652       |
|    value_loss           | 0.000617    |
-----------------------------------------
----------------------------------------
| rollout/                |            |
|    ep_len_mean          | 18         |
|    ep_rew_mean          | 5.04       |
| time/                   |            |
|    fps                  | 57         |
|    iterations           | 85         |
|    time_elapsed         | 3009       |
|    total_timesteps      | 174080     |
| train/                  |            |
|    approx_kl            | 0.02320155 |
|    clip_fraction        | 0.263      |
|    clip_range           | 0.2        |
|    entropy_loss         | -6.88      |
|    explained_variance   | 0.39       |
|    learning_rate        | 0.0003     |
|    loss                 | -0.0681    |
|    n_updates            | 840        |
|    policy_gradient_loss | -0.0313    |
|    std                  | 0.651      |
|    value_loss           | 0.000699   |
----------------------------------------
----------------------------------------
| rollout/                |            |
|    ep_len_mean          | 17.6       |
|    ep_rew_mean          | 5.05       |
| time/                   |            |
|    fps                  | 57         |
|    iterations           | 86         |
|    time_elapsed         | 3052       |
|    total_timesteps      | 176128     |
| train/                  |            |
|    approx_kl            | 0.02173048 |
|    clip_fraction        | 0.264      |
|    clip_range           | 0.2        |
|    entropy_loss         | -6.86      |
|    explained_variance   | 0.343      |
|    learning_rate        | 0.0003     |
|    loss                 | -0.0253    |
|    n_updates            | 850        |
|    policy_gradient_loss | -0.0319    |
|    std                  | 0.649      |
|    value_loss           | 0.000732   |
----------------------------------------
-----------------------------------------
| rollout/                |             |
|    ep_len_mean          | 17.4        |
|    ep_rew_mean          | 5.03        |
| time/                   |             |
|    fps                  | 57          |
|    iterations           | 87          |
|    time_elapsed         | 3094        |
|    total_timesteps      | 178176      |
| train/                  |             |
|    approx_kl            | 0.019828444 |
|    clip_fraction        | 0.248       |
|    clip_range           | 0.2         |
|    entropy_loss         | -6.83       |
|    explained_variance   | 0.36        |
|    learning_rate        | 0.0003      |
|    loss                 | -0.0141     |
|    n_updates            | 860         |
|    policy_gradient_loss | -0.0267     |
|    std                  | 0.646       |
|    value_loss           | 0.000809    |
-----------------------------------------
-----------------------------------------
| rollout/                |             |
|    ep_len_mean          | 17          |
|    ep_rew_mean          | 5.36        |
| time/                   |             |
|    fps                  | 57          |
|    iterations           | 88          |
|    time_elapsed         | 3136        |
|    total_timesteps      | 180224      |
| train/                  |             |
|    approx_kl            | 0.019186586 |
|    clip_fraction        | 0.215       |
|    clip_range           | 0.2         |
|    entropy_loss         | -6.79       |
|    explained_variance   | 0.306       |
|    learning_rate        | 0.0003      |
|    loss                 | -0.00654    |
|    n_updates            | 870         |
|    policy_gradient_loss | -0.0252     |
|    std                  | 0.641       |
|    value_loss           | 0.000826    |
-----------------------------------------
-----------------------------------------
| rollout/                |             |
|    ep_len_mean          | 15.7        |
|    ep_rew_mean          | 5.88        |
| time/                   |             |
|    fps                  | 57          |
|    iterations           | 89          |
|    time_elapsed         | 3179        |
|    total_timesteps      | 182272      |
| train/                  |             |
|    approx_kl            | 0.017336057 |
|    clip_fraction        | 0.215       |
|    clip_range           | 0.2         |
|    entropy_loss         | -6.72       |
|    explained_variance   | 0.213       |
|    learning_rate        | 0.0003      |
|    loss                 | -0.00594    |
|    n_updates            | 880         |
|    policy_gradient_loss | -0.0249     |
|    std                  | 0.635       |
|    value_loss           | 0.000594    |
-----------------------------------------
-----------------------------------------
| rollout/                |             |
|    ep_len_mean          | 16.3        |
|    ep_rew_mean          | 5.45        |
| time/                   |             |
|    fps                  | 57          |
|    iterations           | 90          |
|    time_elapsed         | 3222        |
|    total_timesteps      | 184320      |
| train/                  |             |
|    approx_kl            | 0.019800175 |
|    clip_fraction        | 0.239       |
|    clip_range           | 0.2         |
|    entropy_loss         | -6.68       |
|    explained_variance   | 0.309       |
|    learning_rate        | 0.0003      |
|    loss                 | -0.0473     |
|    n_updates            | 890         |
|    policy_gradient_loss | -0.0263     |
|    std                  | 0.633       |
|    value_loss           | 0.000573    |
-----------------------------------------
-----------------------------------------
| rollout/                |             |
|    ep_len_mean          | 16.7        |
|    ep_rew_mean          | 5.24        |
| time/                   |             |
|    fps                  | 57          |
|    iterations           | 91          |
|    time_elapsed         | 3265        |
|    total_timesteps      | 186368      |
| train/                  |             |
|    approx_kl            | 0.019681837 |
|    clip_fraction        | 0.235       |
|    clip_range           | 0.2         |
|    entropy_loss         | -6.63       |
|    explained_variance   | 0.339       |
|    learning_rate        | 0.0003      |
|    loss                 | -0.0433     |
|    n_updates            | 900         |
|    policy_gradient_loss | -0.0281     |
|    std                  | 0.627       |
|    value_loss           | 0.000717    |
-----------------------------------------
-----------------------------------------
| rollout/                |             |
|    ep_len_mean          | 17.1        |
|    ep_rew_mean          | 5.33        |
| time/                   |             |
|    fps                  | 56          |
|    iterations           | 92          |
|    time_elapsed         | 3308        |
|    total_timesteps      | 188416      |
| train/                  |             |
|    approx_kl            | 0.019107353 |
|    clip_fraction        | 0.227       |
|    clip_range           | 0.2         |
|    entropy_loss         | -6.6        |
|    explained_variance   | 0.333       |
|    learning_rate        | 0.0003      |
|    loss                 | -0.0341     |
|    n_updates            | 910         |
|    policy_gradient_loss | -0.0268     |
|    std                  | 0.625       |
|    value_loss           | 0.000832    |
-----------------------------------------
-----------------------------------------
| rollout/                |             |
|    ep_len_mean          | 15.3        |
|    ep_rew_mean          | 6.22        |
| time/                   |             |
|    fps                  | 56          |
|    iterations           | 93          |
|    time_elapsed         | 3352        |
|    total_timesteps      | 190464      |
| train/                  |             |
|    approx_kl            | 0.020917932 |
|    clip_fraction        | 0.242       |
|    clip_range           | 0.2         |
|    entropy_loss         | -6.59       |
|    explained_variance   | 0.248       |
|    learning_rate        | 0.0003      |
|    loss                 | -0.00973    |
|    n_updates            | 920         |
|    policy_gradient_loss | -0.0271     |
|    std                  | 0.626       |
|    value_loss           | 0.000816    |
-----------------------------------------
-----------------------------------------
| rollout/                |             |
|    ep_len_mean          | 16.4        |
|    ep_rew_mean          | 5.55        |
| time/                   |             |
|    fps                  | 56          |
|    iterations           | 94          |
|    time_elapsed         | 3395        |
|    total_timesteps      | 192512      |
| train/                  |             |
|    approx_kl            | 0.020103717 |
|    clip_fraction        | 0.255       |
|    clip_range           | 0.2         |
|    entropy_loss         | -6.55       |
|    explained_variance   | 0.413       |
|    learning_rate        | 0.0003      |
|    loss                 | -0.0592     |
|    n_updates            | 930         |
|    policy_gradient_loss | -0.0286     |
|    std                  | 0.619       |
|    value_loss           | 0.0004      |
-----------------------------------------
----------------------------------------
| rollout/                |            |
|    ep_len_mean          | 15.1       |
|    ep_rew_mean          | 6.27       |
| time/                   |            |
|    fps                  | 56         |
|    iterations           | 95         |
|    time_elapsed         | 3439       |
|    total_timesteps      | 194560     |
| train/                  |            |
|    approx_kl            | 0.02192207 |
|    clip_fraction        | 0.249      |
|    clip_range           | 0.2        |
|    entropy_loss         | -6.46      |
|    explained_variance   | 0.347      |
|    learning_rate        | 0.0003     |
|    loss                 | -0.0535    |
|    n_updates            | 940        |
|    policy_gradient_loss | -0.0259    |
|    std                  | 0.611      |
|    value_loss           | 0.000708   |
----------------------------------------
-----------------------------------------
| rollout/                |             |
|    ep_len_mean          | 15.5        |
|    ep_rew_mean          | 5.92        |
| time/                   |             |
|    fps                  | 56          |
|    iterations           | 96          |
|    time_elapsed         | 3483        |
|    total_timesteps      | 196608      |
| train/                  |             |
|    approx_kl            | 0.020108968 |
|    clip_fraction        | 0.242       |
|    clip_range           | 0.2         |
|    entropy_loss         | -6.39       |
|    explained_variance   | 0.434       |
|    learning_rate        | 0.0003      |
|    loss                 | -0.0262     |
|    n_updates            | 950         |
|    policy_gradient_loss | -0.0251     |
|    std                  | 0.605       |
|    value_loss           | 0.000495    |
-----------------------------------------
-----------------------------------------
| rollout/                |             |
|    ep_len_mean          | 15          |
|    ep_rew_mean          | 6.32        |
| time/                   |             |
|    fps                  | 56          |
|    iterations           | 97          |
|    time_elapsed         | 3523        |
|    total_timesteps      | 198656      |
| train/                  |             |
|    approx_kl            | 0.018316682 |
|    clip_fraction        | 0.244       |
|    clip_range           | 0.2         |
|    entropy_loss         | -6.34       |
|    explained_variance   | 0.306       |
|    learning_rate        | 0.0003      |
|    loss                 | -0.0414     |
|    n_updates            | 960         |
|    policy_gradient_loss | -0.0262     |
|    std                  | 0.602       |
|    value_loss           | 0.000665    |
-----------------------------------------
----------------------------------------
| rollout/                |            |
|    ep_len_mean          | 15.1       |
|    ep_rew_mean          | 6.3        |
| time/                   |            |
|    fps                  | 56         |
|    iterations           | 98         |
|    time_elapsed         | 3561       |
|    total_timesteps      | 200704     |
| train/                  |            |
|    approx_kl            | 0.01941278 |
|    clip_fraction        | 0.242      |
|    clip_range           | 0.2        |
|    entropy_loss         | -6.3       |
|    explained_variance   | 0.487      |
|    learning_rate        | 0.0003     |
|    loss                 | -0.039     |
|    n_updates            | 970        |
|    policy_gradient_loss | -0.0225    |
|    std                  | 0.599      |
|    value_loss           | 0.000415   |
----------------------------------------
----------------------------------------
| rollout/                |            |
|    ep_len_mean          | 15.6       |
|    ep_rew_mean          | 6.1        |
| time/                   |            |
|    fps                  | 56         |
|    iterations           | 99         |
|    time_elapsed         | 3600       |
|    total_timesteps      | 202752     |
| train/                  |            |
|    approx_kl            | 0.02235261 |
|    clip_fraction        | 0.254      |
|    clip_range           | 0.2        |
|    entropy_loss         | -6.28      |
|    explained_variance   | 0.363      |
|    learning_rate        | 0.0003     |
|    loss                 | -0.0311    |
|    n_updates            | 980        |
|    policy_gradient_loss | -0.0263    |
|    std                  | 0.598      |
|    value_loss           | 0.000528   |
----------------------------------------
-----------------------------------------
| rollout/                |             |
|    ep_len_mean          | 15.4        |
|    ep_rew_mean          | 5.81        |
| time/                   |             |
|    fps                  | 56          |
|    iterations           | 100         |
|    time_elapsed         | 3639        |
|    total_timesteps      | 204800      |
| train/                  |             |
|    approx_kl            | 0.017743427 |
|    clip_fraction        | 0.226       |
|    clip_range           | 0.2         |
|    entropy_loss         | -6.25       |
|    explained_variance   | 0.353       |
|    learning_rate        | 0.0003      |
|    loss                 | -0.04       |
|    n_updates            | 990         |
|    policy_gradient_loss | -0.0236     |
|    std                  | 0.595       |
|    value_loss           | 0.00069     |
-----------------------------------------
-----------------------------------------
| rollout/                |             |
|    ep_len_mean          | 15.7        |
|    ep_rew_mean          | 6.15        |
| time/                   |             |
|    fps                  | 56          |
|    iterations           | 101         |
|    time_elapsed         | 3677        |
|    total_timesteps      | 206848      |
| train/                  |             |
|    approx_kl            | 0.021364424 |
|    clip_fraction        | 0.265       |
|    clip_range           | 0.2         |
|    entropy_loss         | -6.19       |
|    explained_variance   | 0.363       |
|    learning_rate        | 0.0003      |
|    loss                 | -0.053      |
|    n_updates            | 1000        |
|    policy_gradient_loss | -0.0292     |
|    std                  | 0.588       |
|    value_loss           | 0.000586    |
-----------------------------------------
-----------------------------------------
| rollout/                |             |
|    ep_len_mean          | 14          |
|    ep_rew_mean          | 6.67        |
| time/                   |             |
|    fps                  | 56          |
|    iterations           | 102         |
|    time_elapsed         | 3716        |
|    total_timesteps      | 208896      |
| train/                  |             |
|    approx_kl            | 0.024329439 |
|    clip_fraction        | 0.256       |
|    clip_range           | 0.2         |
|    entropy_loss         | -6.11       |
|    explained_variance   | 0.324       |
|    learning_rate        | 0.0003      |
|    loss                 | -0.0526     |
|    n_updates            | 1010        |
|    policy_gradient_loss | -0.0298     |
|    std                  | 0.582       |
|    value_loss           | 0.000633    |
-----------------------------------------
---------------------------------------
| rollout/                |           |
|    ep_len_mean          | 14.3      |
|    ep_rew_mean          | 6.62      |
| time/                   |           |
|    fps                  | 56        |
|    iterations           | 103       |
|    time_elapsed         | 3756      |
|    total_timesteps      | 210944    |
| train/                  |           |
|    approx_kl            | 0.0247547 |
|    clip_fraction        | 0.28      |
|    clip_range           | 0.2       |
|    entropy_loss         | -6.07     |
|    explained_variance   | 0.366     |
|    learning_rate        | 0.0003    |
|    loss                 | -0.0458   |
|    n_updates            | 1020      |
|    policy_gradient_loss | -0.0249   |
|    std                  | 0.582     |
|    value_loss           | 0.000564  |
---------------------------------------
-----------------------------------------
| rollout/                |             |
|    ep_len_mean          | 15.4        |
|    ep_rew_mean          | 6.25        |
| time/                   |             |
|    fps                  | 56          |
|    iterations           | 104         |
|    time_elapsed         | 3794        |
|    total_timesteps      | 212992      |
| train/                  |             |
|    approx_kl            | 0.022591304 |
|    clip_fraction        | 0.249       |
|    clip_range           | 0.2         |
|    entropy_loss         | -6.04       |
|    explained_variance   | 0.521       |
|    learning_rate        | 0.0003      |
|    loss                 | -0.0349     |
|    n_updates            | 1030        |
|    policy_gradient_loss | -0.0243     |
|    std                  | 0.578       |
|    value_loss           | 0.000394    |
-----------------------------------------
-----------------------------------------
| rollout/                |             |
|    ep_len_mean          | 15.1        |
|    ep_rew_mean          | 6.3         |
| time/                   |             |
|    fps                  | 56          |
|    iterations           | 105         |
|    time_elapsed         | 3833        |
|    total_timesteps      | 215040      |
| train/                  |             |
|    approx_kl            | 0.024922352 |
|    clip_fraction        | 0.295       |
|    clip_range           | 0.2         |
|    entropy_loss         | -6          |
|    explained_variance   | 0.362       |
|    learning_rate        | 0.0003      |
|    loss                 | -0.0438     |
|    n_updates            | 1040        |
|    policy_gradient_loss | -0.026      |
|    std                  | 0.576       |
|    value_loss           | 0.000607    |
-----------------------------------------
-----------------------------------------
| rollout/                |             |
|    ep_len_mean          | 14.1        |
|    ep_rew_mean          | 6.68        |
| time/                   |             |
|    fps                  | 56          |
|    iterations           | 106         |
|    time_elapsed         | 3872        |
|    total_timesteps      | 217088      |
| train/                  |             |
|    approx_kl            | 0.020265149 |
|    clip_fraction        | 0.237       |
|    clip_range           | 0.2         |
|    entropy_loss         | -5.94       |
|    explained_variance   | 0.376       |
|    learning_rate        | 0.0003      |
|    loss                 | -0.0431     |
|    n_updates            | 1050        |
|    policy_gradient_loss | -0.0244     |
|    std                  | 0.57        |
|    value_loss           | 0.000568    |
-----------------------------------------
-----------------------------------------
| rollout/                |             |
|    ep_len_mean          | 14.1        |
|    ep_rew_mean          | 6.86        |
| time/                   |             |
|    fps                  | 56          |
|    iterations           | 107         |
|    time_elapsed         | 3912        |
|    total_timesteps      | 219136      |
| train/                  |             |
|    approx_kl            | 0.024097618 |
|    clip_fraction        | 0.292       |
|    clip_range           | 0.2         |
|    entropy_loss         | -5.88       |
|    explained_variance   | 0.437       |
|    learning_rate        | 0.0003      |
|    loss                 | -0.0465     |
|    n_updates            | 1060        |
|    policy_gradient_loss | -0.0341     |
|    std                  | 0.565       |
|    value_loss           | 0.000507    |
-----------------------------------------
-----------------------------------------
| rollout/                |             |
|    ep_len_mean          | 15          |
|    ep_rew_mean          | 6.27        |
| time/                   |             |
|    fps                  | 55          |
|    iterations           | 108         |
|    time_elapsed         | 3951        |
|    total_timesteps      | 221184      |
| train/                  |             |
|    approx_kl            | 0.023738274 |
|    clip_fraction        | 0.291       |
|    clip_range           | 0.2         |
|    entropy_loss         | -5.81       |
|    explained_variance   | 0.54        |
|    learning_rate        | 0.0003      |
|    loss                 | -0.058      |
|    n_updates            | 1070        |
|    policy_gradient_loss | -0.029      |
|    std                  | 0.56        |
|    value_loss           | 0.000404    |
-----------------------------------------
-----------------------------------------
| rollout/                |             |
|    ep_len_mean          | 13.5        |
|    ep_rew_mean          | 6.86        |
| time/                   |             |
|    fps                  | 55          |
|    iterations           | 109         |
|    time_elapsed         | 3990        |
|    total_timesteps      | 223232      |
| train/                  |             |
|    approx_kl            | 0.022322118 |
|    clip_fraction        | 0.251       |
|    clip_range           | 0.2         |
|    entropy_loss         | -5.74       |
|    explained_variance   | 0.491       |
|    learning_rate        | 0.0003      |
|    loss                 | -0.0166     |
|    n_updates            | 1080        |
|    policy_gradient_loss | -0.0287     |
|    std                  | 0.554       |
|    value_loss           | 0.000728    |
-----------------------------------------
-----------------------------------------
| rollout/                |             |
|    ep_len_mean          | 13.9        |
|    ep_rew_mean          | 6.88        |
| time/                   |             |
|    fps                  | 55          |
|    iterations           | 110         |
|    time_elapsed         | 4030        |
|    total_timesteps      | 225280      |
| train/                  |             |
|    approx_kl            | 0.019325253 |
|    clip_fraction        | 0.27        |
|    clip_range           | 0.2         |
|    entropy_loss         | -5.68       |
|    explained_variance   | 0.531       |
|    learning_rate        | 0.0003      |
|    loss                 | -0.0245     |
|    n_updates            | 1090        |
|    policy_gradient_loss | -0.0248     |
|    std                  | 0.55        |
|    value_loss           | 0.000392    |
-----------------------------------------
----------------------------------------
| rollout/                |            |
|    ep_len_mean          | 13.2       |
|    ep_rew_mean          | 7.09       |
| time/                   |            |
|    fps                  | 55         |
|    iterations           | 111        |
|    time_elapsed         | 4070       |
|    total_timesteps      | 227328     |
| train/                  |            |
|    approx_kl            | 0.02177648 |
|    clip_fraction        | 0.27       |
|    clip_range           | 0.2        |
|    entropy_loss         | -5.66      |
|    explained_variance   | 0.596      |
|    learning_rate        | 0.0003     |
|    loss                 | -0.0264    |
|    n_updates            | 1100       |
|    policy_gradient_loss | -0.0264    |
|    std                  | 0.55       |
|    value_loss           | 0.000355   |
----------------------------------------
-----------------------------------------
| rollout/                |             |
|    ep_len_mean          | 13          |
|    ep_rew_mean          | 7.07        |
| time/                   |             |
|    fps                  | 55          |
|    iterations           | 112         |
|    time_elapsed         | 4110        |
|    total_timesteps      | 229376      |
| train/                  |             |
|    approx_kl            | 0.022165567 |
|    clip_fraction        | 0.274       |
|    clip_range           | 0.2         |
|    entropy_loss         | -5.62       |
|    explained_variance   | 0.54        |
|    learning_rate        | 0.0003      |
|    loss                 | -0.0339     |
|    n_updates            | 1110        |
|    policy_gradient_loss | -0.0232     |
|    std                  | 0.545       |
|    value_loss           | 0.00047     |
-----------------------------------------
-----------------------------------------
| rollout/                |             |
|    ep_len_mean          | 14.9        |
|    ep_rew_mean          | 6.43        |
| time/                   |             |
|    fps                  | 55          |
|    iterations           | 113         |
|    time_elapsed         | 4149        |
|    total_timesteps      | 231424      |
| train/                  |             |
|    approx_kl            | 0.020009577 |
|    clip_fraction        | 0.255       |
|    clip_range           | 0.2         |
|    entropy_loss         | -5.58       |
|    explained_variance   | 0.503       |
|    learning_rate        | 0.0003      |
|    loss                 | -0.0459     |
|    n_updates            | 1120        |
|    policy_gradient_loss | -0.0261     |
|    std                  | 0.543       |
|    value_loss           | 0.000528    |
-----------------------------------------
--------------------------------------
| rollout/                |          |
|    ep_len_mean          | 13.8     |
|    ep_rew_mean          | 6.78     |
| time/                   |          |
|    fps                  | 55       |
|    iterations           | 114      |
|    time_elapsed         | 4189     |
|    total_timesteps      | 233472   |
| train/                  |          |
|    approx_kl            | 0.0213   |
|    clip_fraction        | 0.268    |
|    clip_range           | 0.2      |
|    entropy_loss         | -5.56    |
|    explained_variance   | 0.343    |
|    learning_rate        | 0.0003   |
|    loss                 | -0.0152  |
|    n_updates            | 1130     |
|    policy_gradient_loss | -0.0238  |
|    std                  | 0.542    |
|    value_loss           | 0.000677 |
--------------------------------------
-----------------------------------------
| rollout/                |             |
|    ep_len_mean          | 13.1        |
|    ep_rew_mean          | 7.34        |
| time/                   |             |
|    fps                  | 55          |
|    iterations           | 115         |
|    time_elapsed         | 4229        |
|    total_timesteps      | 235520      |
| train/                  |             |
|    approx_kl            | 0.019029127 |
|    clip_fraction        | 0.257       |
|    clip_range           | 0.2         |
|    entropy_loss         | -5.56       |
|    explained_variance   | 0.477       |
|    learning_rate        | 0.0003      |
|    loss                 | -0.0353     |
|    n_updates            | 1140        |
|    policy_gradient_loss | -0.0208     |
|    std                  | 0.542       |
|    value_loss           | 0.000515    |
-----------------------------------------
-----------------------------------------
| rollout/                |             |
|    ep_len_mean          | 14.4        |
|    ep_rew_mean          | 6.56        |
| time/                   |             |
|    fps                  | 55          |
|    iterations           | 116         |
|    time_elapsed         | 4268        |
|    total_timesteps      | 237568      |
| train/                  |             |
|    approx_kl            | 0.021019854 |
|    clip_fraction        | 0.257       |
|    clip_range           | 0.2         |
|    entropy_loss         | -5.55       |
|    explained_variance   | 0.655       |
|    learning_rate        | 0.0003      |
|    loss                 | -0.0471     |
|    n_updates            | 1150        |
|    policy_gradient_loss | -0.0231     |
|    std                  | 0.542       |
|    value_loss           | 0.000309    |
-----------------------------------------
-----------------------------------------
| rollout/                |             |
|    ep_len_mean          | 13.9        |
|    ep_rew_mean          | 6.8         |
| time/                   |             |
|    fps                  | 55          |
|    iterations           | 117         |
|    time_elapsed         | 4308        |
|    total_timesteps      | 239616      |
| train/                  |             |
|    approx_kl            | 0.022989448 |
|    clip_fraction        | 0.274       |
|    clip_range           | 0.2         |
|    entropy_loss         | -5.53       |
|    explained_variance   | 0.465       |
|    learning_rate        | 0.0003      |
|    loss                 | -0.0694     |
|    n_updates            | 1160        |
|    policy_gradient_loss | -0.0247     |
|    std                  | 0.538       |
|    value_loss           | 0.000491    |
-----------------------------------------
----------------------------------------
| rollout/                |            |
|    ep_len_mean          | 13.5       |
|    ep_rew_mean          | 7.12       |
| time/                   |            |
|    fps                  | 55         |
|    iterations           | 118        |
|    time_elapsed         | 4348       |
|    total_timesteps      | 241664     |
| train/                  |            |
|    approx_kl            | 0.02279729 |
|    clip_fraction        | 0.275      |
|    clip_range           | 0.2        |
|    entropy_loss         | -5.47      |
|    explained_variance   | 0.491      |
|    learning_rate        | 0.0003     |
|    loss                 | -0.0444    |
|    n_updates            | 1170       |
|    policy_gradient_loss | -0.0243    |
|    std                  | 0.533      |
|    value_loss           | 0.000568   |
----------------------------------------
-----------------------------------------
| rollout/                |             |
|    ep_len_mean          | 13.9        |
|    ep_rew_mean          | 6.88        |
| time/                   |             |
|    fps                  | 55          |
|    iterations           | 119         |
|    time_elapsed         | 4388        |
|    total_timesteps      | 243712      |
| train/                  |             |
|    approx_kl            | 0.023834117 |
|    clip_fraction        | 0.276       |
|    clip_range           | 0.2         |
|    entropy_loss         | -5.43       |
|    explained_variance   | 0.608       |
|    learning_rate        | 0.0003      |
|    loss                 | -0.0229     |
|    n_updates            | 1180        |
|    policy_gradient_loss | -0.0264     |
|    std                  | 0.531       |
|    value_loss           | 0.000361    |
-----------------------------------------
-----------------------------------------
| rollout/                |             |
|    ep_len_mean          | 13.3        |
|    ep_rew_mean          | 7.04        |
| time/                   |             |
|    fps                  | 55          |
|    iterations           | 120         |
|    time_elapsed         | 4428        |
|    total_timesteps      | 245760      |
| train/                  |             |
|    approx_kl            | 0.020205704 |
|    clip_fraction        | 0.263       |
|    clip_range           | 0.2         |
|    entropy_loss         | -5.41       |
|    explained_variance   | 0.52        |
|    learning_rate        | 0.0003      |
|    loss                 | -0.0451     |
|    n_updates            | 1190        |
|    policy_gradient_loss | -0.0255     |
|    std                  | 0.53        |
|    value_loss           | 0.000445    |
-----------------------------------------
-----------------------------------------
| rollout/                |             |
|    ep_len_mean          | 13.6        |
|    ep_rew_mean          | 6.93        |
| time/                   |             |
|    fps                  | 55          |
|    iterations           | 121         |
|    time_elapsed         | 4468        |
|    total_timesteps      | 247808      |
| train/                  |             |
|    approx_kl            | 0.018633125 |
|    clip_fraction        | 0.243       |
|    clip_range           | 0.2         |
|    entropy_loss         | -5.38       |
|    explained_variance   | 0.552       |
|    learning_rate        | 0.0003      |
|    loss                 | 0.0011      |
|    n_updates            | 1200        |
|    policy_gradient_loss | -0.0224     |
|    std                  | 0.527       |
|    value_loss           | 0.000477    |
-----------------------------------------
-----------------------------------------
| rollout/                |             |
|    ep_len_mean          | 14.2        |
|    ep_rew_mean          | 6.81        |
| time/                   |             |
|    fps                  | 55          |
|    iterations           | 122         |
|    time_elapsed         | 4508        |
|    total_timesteps      | 249856      |
| train/                  |             |
|    approx_kl            | 0.028857071 |
|    clip_fraction        | 0.283       |
|    clip_range           | 0.2         |
|    entropy_loss         | -5.32       |
|    explained_variance   | 0.553       |
|    learning_rate        | 0.0003      |
|    loss                 | -0.0384     |
|    n_updates            | 1210        |
|    policy_gradient_loss | -0.0275     |
|    std                  | 0.523       |
|    value_loss           | 0.000417    |
-----------------------------------------
-----------------------------------------
| rollout/                |             |
|    ep_len_mean          | 13.3        |
|    ep_rew_mean          | 7.27        |
| time/                   |             |
|    fps                  | 55          |
|    iterations           | 123         |
|    time_elapsed         | 4548        |
|    total_timesteps      | 251904      |
| train/                  |             |
|    approx_kl            | 0.025775794 |
|    clip_fraction        | 0.275       |
|    clip_range           | 0.2         |
|    entropy_loss         | -5.3        |
|    explained_variance   | 0.482       |
|    learning_rate        | 0.0003      |
|    loss                 | -0.0413     |
|    n_updates            | 1220        |
|    policy_gradient_loss | -0.0234     |
|    std                  | 0.522       |
|    value_loss           | 0.000571    |
-----------------------------------------
-----------------------------------------
| rollout/                |             |
|    ep_len_mean          | 12.8        |
|    ep_rew_mean          | 7.4         |
| time/                   |             |
|    fps                  | 55          |
|    iterations           | 124         |
|    time_elapsed         | 4589        |
|    total_timesteps      | 253952      |
| train/                  |             |
|    approx_kl            | 0.024273964 |
|    clip_fraction        | 0.286       |
|    clip_range           | 0.2         |
|    entropy_loss         | -5.26       |
|    explained_variance   | 0.58        |
|    learning_rate        | 0.0003      |
|    loss                 | -0.0399     |
|    n_updates            | 1230        |
|    policy_gradient_loss | -0.0277     |
|    std                  | 0.519       |
|    value_loss           | 0.000436    |
-----------------------------------------
-----------------------------------------
| rollout/                |             |
|    ep_len_mean          | 13.6        |
|    ep_rew_mean          | 7.05        |
| time/                   |             |
|    fps                  | 55          |
|    iterations           | 125         |
|    time_elapsed         | 4629        |
|    total_timesteps      | 256000      |
| train/                  |             |
|    approx_kl            | 0.025889106 |
|    clip_fraction        | 0.286       |
|    clip_range           | 0.2         |
|    entropy_loss         | -5.2        |
|    explained_variance   | 0.677       |
|    learning_rate        | 0.0003      |
|    loss                 | -0.0395     |
|    n_updates            | 1240        |
|    policy_gradient_loss | -0.0247     |
|    std                  | 0.514       |
|    value_loss           | 0.000331    |
-----------------------------------------
-----------------------------------------
| rollout/                |             |
|    ep_len_mean          | 13.4        |
|    ep_rew_mean          | 7.11        |
| time/                   |             |
|    fps                  | 55          |
|    iterations           | 126         |
|    time_elapsed         | 4669        |
|    total_timesteps      | 258048      |
| train/                  |             |
|    approx_kl            | 0.025078159 |
|    clip_fraction        | 0.285       |
|    clip_range           | 0.2         |
|    entropy_loss         | -5.15       |
|    explained_variance   | 0.607       |
|    learning_rate        | 0.0003      |
|    loss                 | -0.0259     |
|    n_updates            | 1250        |
|    policy_gradient_loss | -0.0254     |
|    std                  | 0.511       |
|    value_loss           | 0.000509    |
-----------------------------------------
----------------------------------------
| rollout/                |            |
|    ep_len_mean          | 12.8       |
|    ep_rew_mean          | 7.51       |
| time/                   |            |
|    fps                  | 55         |
|    iterations           | 127        |
|    time_elapsed         | 4709       |
|    total_timesteps      | 260096     |
| train/                  |            |
|    approx_kl            | 0.02458287 |
|    clip_fraction        | 0.273      |
|    clip_range           | 0.2        |
|    entropy_loss         | -5.11      |
|    explained_variance   | 0.559      |
|    learning_rate        | 0.0003     |
|    loss                 | 0.014      |
|    n_updates            | 1260       |
|    policy_gradient_loss | -0.0242    |
|    std                  | 0.509      |
|    value_loss           | 0.000491   |
----------------------------------------
-----------------------------------------
| rollout/                |             |
|    ep_len_mean          | 12.6        |
|    ep_rew_mean          | 7.62        |
| time/                   |             |
|    fps                  | 55          |
|    iterations           | 128         |
|    time_elapsed         | 4749        |
|    total_timesteps      | 262144      |
| train/                  |             |
|    approx_kl            | 0.023947928 |
|    clip_fraction        | 0.277       |
|    clip_range           | 0.2         |
|    entropy_loss         | -5.06       |
|    explained_variance   | 0.583       |
|    learning_rate        | 0.0003      |
|    loss                 | -0.0158     |
|    n_updates            | 1270        |
|    policy_gradient_loss | -0.0241     |
|    std                  | 0.504       |
|    value_loss           | 0.000448    |
-----------------------------------------
-----------------------------------------
| rollout/                |             |
|    ep_len_mean          | 13.3        |
|    ep_rew_mean          | 7.24        |
| time/                   |             |
|    fps                  | 55          |
|    iterations           | 129         |
|    time_elapsed         | 4789        |
|    total_timesteps      | 264192      |
| train/                  |             |
|    approx_kl            | 0.026494369 |
|    clip_fraction        | 0.307       |
|    clip_range           | 0.2         |
|    entropy_loss         | -5          |
|    explained_variance   | 0.668       |
|    learning_rate        | 0.0003      |
|    loss                 | -0.0507     |
|    n_updates            | 1280        |
|    policy_gradient_loss | -0.0264     |
|    std                  | 0.5         |
|    value_loss           | 0.000367    |
-----------------------------------------
-----------------------------------------
| rollout/                |             |
|    ep_len_mean          | 13.4        |
|    ep_rew_mean          | 7.28        |
| time/                   |             |
|    fps                  | 55          |
|    iterations           | 130         |
|    time_elapsed         | 4830        |
|    total_timesteps      | 266240      |
| train/                  |             |
|    approx_kl            | 0.023308326 |
|    clip_fraction        | 0.269       |
|    clip_range           | 0.2         |
|    entropy_loss         | -4.92       |
|    explained_variance   | 0.561       |
|    learning_rate        | 0.0003      |
|    loss                 | -0.0279     |
|    n_updates            | 1290        |
|    policy_gradient_loss | -0.0244     |
|    std                  | 0.495       |
|    value_loss           | 0.000495    |
-----------------------------------------
-----------------------------------------
| rollout/                |             |
|    ep_len_mean          | 13.2        |
|    ep_rew_mean          | 7.2         |
| time/                   |             |
|    fps                  | 55          |
|    iterations           | 131         |
|    time_elapsed         | 4870        |
|    total_timesteps      | 268288      |
| train/                  |             |
|    approx_kl            | 0.021253819 |
|    clip_fraction        | 0.256       |
|    clip_range           | 0.2         |
|    entropy_loss         | -4.85       |
|    explained_variance   | 0.584       |
|    learning_rate        | 0.0003      |
|    loss                 | -0.0532     |
|    n_updates            | 1300        |
|    policy_gradient_loss | -0.0231     |
|    std                  | 0.49        |
|    value_loss           | 0.000466    |
-----------------------------------------
-----------------------------------------
| rollout/                |             |
|    ep_len_mean          | 12.7        |
|    ep_rew_mean          | 7.53        |
| time/                   |             |
|    fps                  | 55          |
|    iterations           | 132         |
|    time_elapsed         | 4911        |
|    total_timesteps      | 270336      |
| train/                  |             |
|    approx_kl            | 0.023329753 |
|    clip_fraction        | 0.276       |
|    clip_range           | 0.2         |
|    entropy_loss         | -4.77       |
|    explained_variance   | 0.614       |
|    learning_rate        | 0.0003      |
|    loss                 | -0.0432     |
|    n_updates            | 1310        |
|    policy_gradient_loss | -0.0227     |
|    std                  | 0.484       |
|    value_loss           | 0.000399    |
-----------------------------------------
-----------------------------------------
| rollout/                |             |
|    ep_len_mean          | 12.8        |
|    ep_rew_mean          | 7.55        |
| time/                   |             |
|    fps                  | 55          |
|    iterations           | 133         |
|    time_elapsed         | 4951        |
|    total_timesteps      | 272384      |
| train/                  |             |
|    approx_kl            | 0.026344568 |
|    clip_fraction        | 0.262       |
|    clip_range           | 0.2         |
|    entropy_loss         | -4.7        |
|    explained_variance   | 0.607       |
|    learning_rate        | 0.0003      |
|    loss                 | -0.0377     |
|    n_updates            | 1320        |
|    policy_gradient_loss | -0.0209     |
|    std                  | 0.48        |
|    value_loss           | 0.000443    |
-----------------------------------------
-----------------------------------------
| rollout/                |             |
|    ep_len_mean          | 12.1        |
|    ep_rew_mean          | 7.77        |
| time/                   |             |
|    fps                  | 54          |
|    iterations           | 134         |
|    time_elapsed         | 4992        |
|    total_timesteps      | 274432      |
| train/                  |             |
|    approx_kl            | 0.023721555 |
|    clip_fraction        | 0.26        |
|    clip_range           | 0.2         |
|    entropy_loss         | -4.65       |
|    explained_variance   | 0.546       |
|    learning_rate        | 0.0003      |
|    loss                 | -0.0584     |
|    n_updates            | 1330        |
|    policy_gradient_loss | -0.0239     |
|    std                  | 0.476       |
|    value_loss           | 0.000462    |
-----------------------------------------
-----------------------------------------
| rollout/                |             |
|    ep_len_mean          | 12.1        |
|    ep_rew_mean          | 7.76        |
| time/                   |             |
|    fps                  | 54          |
|    iterations           | 135         |
|    time_elapsed         | 5033        |
|    total_timesteps      | 276480      |
| train/                  |             |
|    approx_kl            | 0.024815844 |
|    clip_fraction        | 0.284       |
|    clip_range           | 0.2         |
|    entropy_loss         | -4.59       |
|    explained_variance   | 0.713       |
|    learning_rate        | 0.0003      |
|    loss                 | -0.0501     |
|    n_updates            | 1340        |
|    policy_gradient_loss | -0.022      |
|    std                  | 0.472       |
|    value_loss           | 0.000295    |
-----------------------------------------
-----------------------------------------
| rollout/                |             |
|    ep_len_mean          | 13.2        |
|    ep_rew_mean          | 7.2         |
| time/                   |             |
|    fps                  | 54          |
|    iterations           | 136         |
|    time_elapsed         | 5074        |
|    total_timesteps      | 278528      |
| train/                  |             |
|    approx_kl            | 0.023738135 |
|    clip_fraction        | 0.281       |
|    clip_range           | 0.2         |
|    entropy_loss         | -4.54       |
|    explained_variance   | 0.664       |
|    learning_rate        | 0.0003      |
|    loss                 | -0.0447     |
|    n_updates            | 1350        |
|    policy_gradient_loss | -0.0261     |
|    std                  | 0.47        |
|    value_loss           | 0.000415    |
-----------------------------------------
-----------------------------------------
| rollout/                |             |
|    ep_len_mean          | 12.8        |
|    ep_rew_mean          | 7.52        |
| time/                   |             |
|    fps                  | 54          |
|    iterations           | 137         |
|    time_elapsed         | 5114        |
|    total_timesteps      | 280576      |
| train/                  |             |
|    approx_kl            | 0.026778061 |
|    clip_fraction        | 0.298       |
|    clip_range           | 0.2         |
|    entropy_loss         | -4.51       |
|    explained_variance   | 0.5         |
|    learning_rate        | 0.0003      |
|    loss                 | -0.0377     |
|    n_updates            | 1360        |
|    policy_gradient_loss | -0.0204     |
|    std                  | 0.469       |
|    value_loss           | 0.000625    |
-----------------------------------------
-----------------------------------------
| rollout/                |             |
|    ep_len_mean          | 13          |
|    ep_rew_mean          | 7.46        |
| time/                   |             |
|    fps                  | 54          |
|    iterations           | 138         |
|    time_elapsed         | 5155        |
|    total_timesteps      | 282624      |
| train/                  |             |
|    approx_kl            | 0.029074222 |
|    clip_fraction        | 0.328       |
|    clip_range           | 0.2         |
|    entropy_loss         | -4.48       |
|    explained_variance   | 0.591       |
|    learning_rate        | 0.0003      |
|    loss                 | -0.0168     |
|    n_updates            | 1370        |
|    policy_gradient_loss | -0.0238     |
|    std                  | 0.466       |
|    value_loss           | 0.00047     |
-----------------------------------------
-----------------------------------------
| rollout/                |             |
|    ep_len_mean          | 12.4        |
|    ep_rew_mean          | 7.68        |
| time/                   |             |
|    fps                  | 54          |
|    iterations           | 139         |
|    time_elapsed         | 5196        |
|    total_timesteps      | 284672      |
| train/                  |             |
|    approx_kl            | 0.027023878 |
|    clip_fraction        | 0.3         |
|    clip_range           | 0.2         |
|    entropy_loss         | -4.42       |
|    explained_variance   | 0.641       |
|    learning_rate        | 0.0003      |
|    loss                 | -0.0627     |
|    n_updates            | 1380        |
|    policy_gradient_loss | -0.0254     |
|    std                  | 0.461       |
|    value_loss           | 0.000422    |
-----------------------------------------
---------------------------------------
| rollout/                |           |
|    ep_len_mean          | 12.4      |
|    ep_rew_mean          | 7.68      |
| time/                   |           |
|    fps                  | 54        |
|    iterations           | 140       |
|    time_elapsed         | 5236      |
|    total_timesteps      | 286720    |
| train/                  |           |
|    approx_kl            | 0.0252454 |
|    clip_fraction        | 0.299     |
|    clip_range           | 0.2       |
|    entropy_loss         | -4.36     |
|    explained_variance   | 0.684     |
|    learning_rate        | 0.0003    |
|    loss                 | -0.052    |
|    n_updates            | 1390      |
|    policy_gradient_loss | -0.0242   |
|    std                  | 0.458     |
|    value_loss           | 0.000337  |
---------------------------------------
-----------------------------------------
| rollout/                |             |
|    ep_len_mean          | 12.8        |
|    ep_rew_mean          | 7.55        |
| time/                   |             |
|    fps                  | 54          |
|    iterations           | 141         |
|    time_elapsed         | 5277        |
|    total_timesteps      | 288768      |
| train/                  |             |
|    approx_kl            | 0.028853495 |
|    clip_fraction        | 0.306       |
|    clip_range           | 0.2         |
|    entropy_loss         | -4.28       |
|    explained_variance   | 0.683       |
|    learning_rate        | 0.0003      |
|    loss                 | -0.0577     |
|    n_updates            | 1400        |
|    policy_gradient_loss | -0.0238     |
|    std                  | 0.452       |
|    value_loss           | 0.000336    |
-----------------------------------------
-----------------------------------------
| rollout/                |             |
|    ep_len_mean          | 11.9        |
|    ep_rew_mean          | 7.85        |
| time/                   |             |
|    fps                  | 54          |
|    iterations           | 142         |
|    time_elapsed         | 5318        |
|    total_timesteps      | 290816      |
| train/                  |             |
|    approx_kl            | 0.028980313 |
|    clip_fraction        | 0.338       |
|    clip_range           | 0.2         |
|    entropy_loss         | -4.24       |
|    explained_variance   | 0.635       |
|    learning_rate        | 0.0003      |
|    loss                 | -0.0649     |
|    n_updates            | 1410        |
|    policy_gradient_loss | -0.027      |
|    std                  | 0.452       |
|    value_loss           | 0.0004      |
-----------------------------------------
-----------------------------------------
| rollout/                |             |
|    ep_len_mean          | 11.9        |
|    ep_rew_mean          | 7.88        |
| time/                   |             |
|    fps                  | 54          |
|    iterations           | 143         |
|    time_elapsed         | 5359        |
|    total_timesteps      | 292864      |
| train/                  |             |
|    approx_kl            | 0.024829488 |
|    clip_fraction        | 0.3         |
|    clip_range           | 0.2         |
|    entropy_loss         | -4.24       |
|    explained_variance   | 0.712       |
|    learning_rate        | 0.0003      |
|    loss                 | -0.0305     |
|    n_updates            | 1420        |
|    policy_gradient_loss | -0.024      |
|    std                  | 0.452       |
|    value_loss           | 0.000337    |
-----------------------------------------
-----------------------------------------
| rollout/                |             |
|    ep_len_mean          | 12.4        |
|    ep_rew_mean          | 7.66        |
| time/                   |             |
|    fps                  | 54          |
|    iterations           | 144         |
|    time_elapsed         | 5400        |
|    total_timesteps      | 294912      |
| train/                  |             |
|    approx_kl            | 0.024023982 |
|    clip_fraction        | 0.309       |
|    clip_range           | 0.2         |
|    entropy_loss         | -4.21       |
|    explained_variance   | 0.755       |
|    learning_rate        | 0.0003      |
|    loss                 | -0.0347     |
|    n_updates            | 1430        |
|    policy_gradient_loss | -0.0195     |
|    std                  | 0.449       |
|    value_loss           | 0.000301    |
-----------------------------------------
-----------------------------------------
| rollout/                |             |
|    ep_len_mean          | 12          |
|    ep_rew_mean          | 7.85        |
| time/                   |             |
|    fps                  | 54          |
|    iterations           | 145         |
|    time_elapsed         | 5442        |
|    total_timesteps      | 296960      |
| train/                  |             |
|    approx_kl            | 0.028249077 |
|    clip_fraction        | 0.306       |
|    clip_range           | 0.2         |
|    entropy_loss         | -4.16       |
|    explained_variance   | 0.663       |
|    learning_rate        | 0.0003      |
|    loss                 | -0.0375     |
|    n_updates            | 1440        |
|    policy_gradient_loss | -0.0233     |
|    std                  | 0.445       |
|    value_loss           | 0.000424    |
-----------------------------------------
-----------------------------------------
| rollout/                |             |
|    ep_len_mean          | 11.7        |
|    ep_rew_mean          | 7.92        |
| time/                   |             |
|    fps                  | 54          |
|    iterations           | 146         |
|    time_elapsed         | 5483        |
|    total_timesteps      | 299008      |
| train/                  |             |
|    approx_kl            | 0.035357367 |
|    clip_fraction        | 0.323       |
|    clip_range           | 0.2         |
|    entropy_loss         | -4.12       |
|    explained_variance   | 0.769       |
|    learning_rate        | 0.0003      |
|    loss                 | -0.0554     |
|    n_updates            | 1450        |
|    policy_gradient_loss | -0.0248     |
|    std                  | 0.444       |
|    value_loss           | 0.000288    |
-----------------------------------------
-----------------------------------------
| rollout/                |             |
|    ep_len_mean          | 12.6        |
|    ep_rew_mean          | 7.66        |
| time/                   |             |
|    fps                  | 54          |
|    iterations           | 147         |
|    time_elapsed         | 5519        |
|    total_timesteps      | 301056      |
| train/                  |             |
|    approx_kl            | 0.028017577 |
|    clip_fraction        | 0.323       |
|    clip_range           | 0.2         |
|    entropy_loss         | -4.09       |
|    explained_variance   | 0.704       |
|    learning_rate        | 0.0003      |
|    loss                 | -0.0322     |
|    n_updates            | 1460        |
|    policy_gradient_loss | -0.0211     |
|    std                  | 0.441       |
|    value_loss           | 0.00037     |
-----------------------------------------
-----------------------------------------
| rollout/                |             |
|    ep_len_mean          | 11.8        |
|    ep_rew_mean          | 7.88        |
| time/                   |             |
|    fps                  | 54          |
|    iterations           | 148         |
|    time_elapsed         | 5555        |
|    total_timesteps      | 303104      |
| train/                  |             |
|    approx_kl            | 0.026348487 |
|    clip_fraction        | 0.325       |
|    clip_range           | 0.2         |
|    entropy_loss         | -4.05       |
|    explained_variance   | 0.654       |
|    learning_rate        | 0.0003      |
|    loss                 | -0.0396     |
|    n_updates            | 1470        |
|    policy_gradient_loss | -0.0251     |
|    std                  | 0.438       |
|    value_loss           | 0.000487    |
-----------------------------------------
-----------------------------------------
| rollout/                |             |
|    ep_len_mean          | 12          |
|    ep_rew_mean          | 7.87        |
| time/                   |             |
|    fps                  | 54          |
|    iterations           | 149         |
|    time_elapsed         | 5590        |
|    total_timesteps      | 305152      |
| train/                  |             |
|    approx_kl            | 0.028809391 |
|    clip_fraction        | 0.299       |
|    clip_range           | 0.2         |
|    entropy_loss         | -3.99       |
|    explained_variance   | 0.721       |
|    learning_rate        | 0.0003      |
|    loss                 | -0.0299     |
|    n_updates            | 1480        |
|    policy_gradient_loss | -0.0204     |
|    std                  | 0.435       |
|    value_loss           | 0.000354    |
-----------------------------------------
---------------------------------------
| rollout/                |           |
|    ep_len_mean          | 11.8      |
|    ep_rew_mean          | 7.97      |
| time/                   |           |
|    fps                  | 54        |
|    iterations           | 150       |
|    time_elapsed         | 5626      |
|    total_timesteps      | 307200    |
| train/                  |           |
|    approx_kl            | 0.0277805 |
|    clip_fraction        | 0.339     |
|    clip_range           | 0.2       |
|    entropy_loss         | -3.95     |
|    explained_variance   | 0.592     |
|    learning_rate        | 0.0003    |
|    loss                 | -0.044    |
|    n_updates            | 1490      |
|    policy_gradient_loss | -0.029    |
|    std                  | 0.433     |
|    value_loss           | 0.000545  |
---------------------------------------
-----------------------------------------
| rollout/                |             |
|    ep_len_mean          | 11.8        |
|    ep_rew_mean          | 7.99        |
| time/                   |             |
|    fps                  | 54          |
|    iterations           | 151         |
|    time_elapsed         | 5658        |
|    total_timesteps      | 309248      |
| train/                  |             |
|    approx_kl            | 0.035061695 |
|    clip_fraction        | 0.313       |
|    clip_range           | 0.2         |
|    entropy_loss         | -3.92       |
|    explained_variance   | 0.709       |
|    learning_rate        | 0.0003      |
|    loss                 | -0.0237     |
|    n_updates            | 1500        |
|    policy_gradient_loss | -0.0216     |
|    std                  | 0.432       |
|    value_loss           | 0.000345    |
-----------------------------------------
-----------------------------------------
| rollout/                |             |
|    ep_len_mean          | 11.7        |
|    ep_rew_mean          | 7.94        |
| time/                   |             |
|    fps                  | 54          |
|    iterations           | 152         |
|    time_elapsed         | 5690        |
|    total_timesteps      | 311296      |
| train/                  |             |
|    approx_kl            | 0.028556831 |
|    clip_fraction        | 0.305       |
|    clip_range           | 0.2         |
|    entropy_loss         | -3.9        |
|    explained_variance   | 0.762       |
|    learning_rate        | 0.0003      |
|    loss                 | -0.0216     |
|    n_updates            | 1510        |
|    policy_gradient_loss | -0.0219     |
|    std                  | 0.431       |
|    value_loss           | 0.000324    |
-----------------------------------------
-----------------------------------------
| rollout/                |             |
|    ep_len_mean          | 12.2        |
|    ep_rew_mean          | 7.79        |
| time/                   |             |
|    fps                  | 54          |
|    iterations           | 153         |
|    time_elapsed         | 5722        |
|    total_timesteps      | 313344      |
| train/                  |             |
|    approx_kl            | 0.023454458 |
|    clip_fraction        | 0.308       |
|    clip_range           | 0.2         |
|    entropy_loss         | -3.9        |
|    explained_variance   | 0.744       |
|    learning_rate        | 0.0003      |
|    loss                 | -0.0515     |
|    n_updates            | 1520        |
|    policy_gradient_loss | -0.02       |
|    std                  | 0.431       |
|    value_loss           | 0.000361    |
-----------------------------------------
----------------------------------------
| rollout/                |            |
|    ep_len_mean          | 12.1       |
|    ep_rew_mean          | 7.89       |
| time/                   |            |
|    fps                  | 54         |
|    iterations           | 154        |
|    time_elapsed         | 5753       |
|    total_timesteps      | 315392     |
| train/                  |            |
|    approx_kl            | 0.03070491 |
|    clip_fraction        | 0.323      |
|    clip_range           | 0.2        |
|    entropy_loss         | -3.89      |
|    explained_variance   | 0.677      |
|    learning_rate        | 0.0003     |
|    loss                 | -0.0422    |
|    n_updates            | 1530       |
|    policy_gradient_loss | -0.0246    |
|    std                  | 0.429      |
|    value_loss           | 0.000455   |
----------------------------------------
-----------------------------------------
| rollout/                |             |
|    ep_len_mean          | 11.7        |
|    ep_rew_mean          | 7.96        |
| time/                   |             |
|    fps                  | 54          |
|    iterations           | 155         |
|    time_elapsed         | 5785        |
|    total_timesteps      | 317440      |
| train/                  |             |
|    approx_kl            | 0.025776222 |
|    clip_fraction        | 0.315       |
|    clip_range           | 0.2         |
|    entropy_loss         | -3.85       |
|    explained_variance   | 0.724       |
|    learning_rate        | 0.0003      |
|    loss                 | -0.0301     |
|    n_updates            | 1540        |
|    policy_gradient_loss | -0.0224     |
|    std                  | 0.428       |
|    value_loss           | 0.00036     |
-----------------------------------------
-----------------------------------------
| rollout/                |             |
|    ep_len_mean          | 11.8        |
|    ep_rew_mean          | 7.91        |
| time/                   |             |
|    fps                  | 54          |
|    iterations           | 156         |
|    time_elapsed         | 5815        |
|    total_timesteps      | 319488      |
| train/                  |             |
|    approx_kl            | 0.027442295 |
|    clip_fraction        | 0.312       |
|    clip_range           | 0.2         |
|    entropy_loss         | -3.83       |
|    explained_variance   | 0.717       |
|    learning_rate        | 0.0003      |
|    loss                 | -0.0331     |
|    n_updates            | 1550        |
|    policy_gradient_loss | -0.0258     |
|    std                  | 0.428       |
|    value_loss           | 0.00037     |
-----------------------------------------
-----------------------------------------
| rollout/                |             |
|    ep_len_mean          | 11.9        |
|    ep_rew_mean          | 7.9         |
| time/                   |             |
|    fps                  | 55          |
|    iterations           | 157         |
|    time_elapsed         | 5844        |
|    total_timesteps      | 321536      |
| train/                  |             |
|    approx_kl            | 0.030618206 |
|    clip_fraction        | 0.316       |
|    clip_range           | 0.2         |
|    entropy_loss         | -3.82       |
|    explained_variance   | 0.698       |
|    learning_rate        | 0.0003      |
|    loss                 | -0.0133     |
|    n_updates            | 1560        |
|    policy_gradient_loss | -0.0205     |
|    std                  | 0.427       |
|    value_loss           | 0.000388    |
-----------------------------------------
----------------------------------------
| rollout/                |            |
|    ep_len_mean          | 12.1       |
|    ep_rew_mean          | 7.87       |
| time/                   |            |
|    fps                  | 55         |
|    iterations           | 158        |
|    time_elapsed         | 5872       |
|    total_timesteps      | 323584     |
| train/                  |            |
|    approx_kl            | 0.02766243 |
|    clip_fraction        | 0.319      |
|    clip_range           | 0.2        |
|    entropy_loss         | -3.81      |
|    explained_variance   | 0.759      |
|    learning_rate        | 0.0003     |
|    loss                 | -0.0644    |
|    n_updates            | 1570       |
|    policy_gradient_loss | -0.0228    |
|    std                  | 0.427      |
|    value_loss           | 0.000332   |
----------------------------------------
-----------------------------------------
| rollout/                |             |
|    ep_len_mean          | 12.2        |
|    ep_rew_mean          | 7.84        |
| time/                   |             |
|    fps                  | 55          |
|    iterations           | 159         |
|    time_elapsed         | 5900        |
|    total_timesteps      | 325632      |
| train/                  |             |
|    approx_kl            | 0.026921645 |
|    clip_fraction        | 0.303       |
|    clip_range           | 0.2         |
|    entropy_loss         | -3.79       |
|    explained_variance   | 0.669       |
|    learning_rate        | 0.0003      |
|    loss                 | -0.0486     |
|    n_updates            | 1580        |
|    policy_gradient_loss | -0.0229     |
|    std                  | 0.425       |
|    value_loss           | 0.000437    |
-----------------------------------------
-----------------------------------------
| rollout/                |             |
|    ep_len_mean          | 11.9        |
|    ep_rew_mean          | 7.87        |
| time/                   |             |
|    fps                  | 55          |
|    iterations           | 160         |
|    time_elapsed         | 5929        |
|    total_timesteps      | 327680      |
| train/                  |             |
|    approx_kl            | 0.024664924 |
|    clip_fraction        | 0.319       |
|    clip_range           | 0.2         |
|    entropy_loss         | -3.74       |
|    explained_variance   | 0.679       |
|    learning_rate        | 0.0003      |
|    loss                 | -0.0244     |
|    n_updates            | 1590        |
|    policy_gradient_loss | -0.0184     |
|    std                  | 0.421       |
|    value_loss           | 0.000417    |
-----------------------------------------
-----------------------------------------
| rollout/                |             |
|    ep_len_mean          | 11.9        |
|    ep_rew_mean          | 7.94        |
| time/                   |             |
|    fps                  | 55          |
|    iterations           | 161         |
|    time_elapsed         | 5957        |
|    total_timesteps      | 329728      |
| train/                  |             |
|    approx_kl            | 0.027919538 |
|    clip_fraction        | 0.338       |
|    clip_range           | 0.2         |
|    entropy_loss         | -3.71       |
|    explained_variance   | 0.576       |
|    learning_rate        | 0.0003      |
|    loss                 | -0.0616     |
|    n_updates            | 1600        |
|    policy_gradient_loss | -0.0252     |
|    std                  | 0.42        |
|    value_loss           | 0.000537    |
-----------------------------------------
----------------------------------------
| rollout/                |            |
|    ep_len_mean          | 12.5       |
|    ep_rew_mean          | 7.8        |
| time/                   |            |
|    fps                  | 55         |
|    iterations           | 162        |
|    time_elapsed         | 5986       |
|    total_timesteps      | 331776     |
| train/                  |            |
|    approx_kl            | 0.03287895 |
|    clip_fraction        | 0.354      |
|    clip_range           | 0.2        |
|    entropy_loss         | -3.68      |
|    explained_variance   | 0.625      |
|    learning_rate        | 0.0003     |
|    loss                 | -0.0331    |
|    n_updates            | 1610       |
|    policy_gradient_loss | -0.028     |
|    std                  | 0.418      |
|    value_loss           | 0.000464   |
----------------------------------------
-----------------------------------------
| rollout/                |             |
|    ep_len_mean          | 12.5        |
|    ep_rew_mean          | 7.71        |
| time/                   |             |
|    fps                  | 55          |
|    iterations           | 163         |
|    time_elapsed         | 6014        |
|    total_timesteps      | 333824      |
| train/                  |             |
|    approx_kl            | 0.030374909 |
|    clip_fraction        | 0.317       |
|    clip_range           | 0.2         |
|    entropy_loss         | -3.62       |
|    explained_variance   | 0.657       |
|    learning_rate        | 0.0003      |
|    loss                 | -0.0246     |
|    n_updates            | 1620        |
|    policy_gradient_loss | -0.0241     |
|    std                  | 0.414       |
|    value_loss           | 0.000492    |
-----------------------------------------
-----------------------------------------
| rollout/                |             |
|    ep_len_mean          | 11.8        |
|    ep_rew_mean          | 8.07        |
| time/                   |             |
|    fps                  | 55          |
|    iterations           | 164         |
|    time_elapsed         | 6042        |
|    total_timesteps      | 335872      |
| train/                  |             |
|    approx_kl            | 0.027637288 |
|    clip_fraction        | 0.296       |
|    clip_range           | 0.2         |
|    entropy_loss         | -3.57       |
|    explained_variance   | 0.594       |
|    learning_rate        | 0.0003      |
|    loss                 | -0.0209     |
|    n_updates            | 1630        |
|    policy_gradient_loss | -0.0214     |
|    std                  | 0.413       |
|    value_loss           | 0.000696    |
-----------------------------------------
-----------------------------------------
| rollout/                |             |
|    ep_len_mean          | 11.7        |
|    ep_rew_mean          | 8.1         |
| time/                   |             |
|    fps                  | 55          |
|    iterations           | 165         |
|    time_elapsed         | 6071        |
|    total_timesteps      | 337920      |
| train/                  |             |
|    approx_kl            | 0.034578353 |
|    clip_fraction        | 0.345       |
|    clip_range           | 0.2         |
|    entropy_loss         | -3.52       |
|    explained_variance   | 0.62        |
|    learning_rate        | 0.0003      |
|    loss                 | -0.0276     |
|    n_updates            | 1640        |
|    policy_gradient_loss | -0.0248     |
|    std                  | 0.409       |
|    value_loss           | 0.000544    |
-----------------------------------------
-----------------------------------------
| rollout/                |             |
|    ep_len_mean          | 11.1        |
|    ep_rew_mean          | 8.26        |
| time/                   |             |
|    fps                  | 55          |
|    iterations           | 166         |
|    time_elapsed         | 6100        |
|    total_timesteps      | 339968      |
| train/                  |             |
|    approx_kl            | 0.024501216 |
|    clip_fraction        | 0.307       |
|    clip_range           | 0.2         |
|    entropy_loss         | -3.45       |
|    explained_variance   | 0.685       |
|    learning_rate        | 0.0003      |
|    loss                 | -0.0313     |
|    n_updates            | 1650        |
|    policy_gradient_loss | -0.0202     |
|    std                  | 0.406       |
|    value_loss           | 0.000459    |
-----------------------------------------
-----------------------------------------
| rollout/                |             |
|    ep_len_mean          | 11.7        |
|    ep_rew_mean          | 8.08        |
| time/                   |             |
|    fps                  | 55          |
|    iterations           | 167         |
|    time_elapsed         | 6128        |
|    total_timesteps      | 342016      |
| train/                  |             |
|    approx_kl            | 0.035513334 |
|    clip_fraction        | 0.349       |
|    clip_range           | 0.2         |
|    entropy_loss         | -3.41       |
|    explained_variance   | 0.724       |
|    learning_rate        | 0.0003      |
|    loss                 | -0.0469     |
|    n_updates            | 1660        |
|    policy_gradient_loss | -0.0222     |
|    std                  | 0.404       |
|    value_loss           | 0.000392    |
-----------------------------------------
-----------------------------------------
| rollout/                |             |
|    ep_len_mean          | 11.7        |
|    ep_rew_mean          | 8.04        |
| time/                   |             |
|    fps                  | 55          |
|    iterations           | 168         |
|    time_elapsed         | 6157        |
|    total_timesteps      | 344064      |
| train/                  |             |
|    approx_kl            | 0.026371673 |
|    clip_fraction        | 0.317       |
|    clip_range           | 0.2         |
|    entropy_loss         | -3.4        |
|    explained_variance   | 0.727       |
|    learning_rate        | 0.0003      |
|    loss                 | -0.0241     |
|    n_updates            | 1670        |
|    policy_gradient_loss | -0.0172     |
|    std                  | 0.404       |
|    value_loss           | 0.000411    |
-----------------------------------------
-----------------------------------------
| rollout/                |             |
|    ep_len_mean          | 12          |
|    ep_rew_mean          | 7.97        |
| time/                   |             |
|    fps                  | 55          |
|    iterations           | 169         |
|    time_elapsed         | 6185        |
|    total_timesteps      | 346112      |
| train/                  |             |
|    approx_kl            | 0.029856393 |
|    clip_fraction        | 0.326       |
|    clip_range           | 0.2         |
|    entropy_loss         | -3.39       |
|    explained_variance   | 0.631       |
|    learning_rate        | 0.0003      |
|    loss                 | -0.0473     |
|    n_updates            | 1680        |
|    policy_gradient_loss | -0.0241     |
|    std                  | 0.404       |
|    value_loss           | 0.000536    |
-----------------------------------------
----------------------------------------
| rollout/                |            |
|    ep_len_mean          | 11.1       |
|    ep_rew_mean          | 8.24       |
| time/                   |            |
|    fps                  | 56         |
|    iterations           | 170        |
|    time_elapsed         | 6213       |
|    total_timesteps      | 348160     |
| train/                  |            |
|    approx_kl            | 0.02756532 |
|    clip_fraction        | 0.318      |
|    clip_range           | 0.2        |
|    entropy_loss         | -3.36      |
|    explained_variance   | 0.7        |
|    learning_rate        | 0.0003     |
|    loss                 | -0.0518    |
|    n_updates            | 1690       |
|    policy_gradient_loss | -0.0234    |
|    std                  | 0.401      |
|    value_loss           | 0.00044    |
----------------------------------------
----------------------------------------
| rollout/                |            |
|    ep_len_mean          | 11.5       |
|    ep_rew_mean          | 8.13       |
| time/                   |            |
|    fps                  | 56         |
|    iterations           | 171        |
|    time_elapsed         | 6240       |
|    total_timesteps      | 350208     |
| train/                  |            |
|    approx_kl            | 0.03201473 |
|    clip_fraction        | 0.324      |
|    clip_range           | 0.2        |
|    entropy_loss         | -3.33      |
|    explained_variance   | 0.712      |
|    learning_rate        | 0.0003     |
|    loss                 | -0.0432    |
|    n_updates            | 1700       |
|    policy_gradient_loss | -0.0209    |
|    std                  | 0.401      |
|    value_loss           | 0.000423   |
----------------------------------------
-----------------------------------------
| rollout/                |             |
|    ep_len_mean          | 11.5        |
|    ep_rew_mean          | 8.19        |
| time/                   |             |
|    fps                  | 56          |
|    iterations           | 172         |
|    time_elapsed         | 6268        |
|    total_timesteps      | 352256      |
| train/                  |             |
|    approx_kl            | 0.028090049 |
|    clip_fraction        | 0.334       |
|    clip_range           | 0.2         |
|    entropy_loss         | -3.31       |
|    explained_variance   | 0.716       |
|    learning_rate        | 0.0003      |
|    loss                 | -0.03       |
|    n_updates            | 1710        |
|    policy_gradient_loss | -0.0206     |
|    std                  | 0.398       |
|    value_loss           | 0.000401    |
-----------------------------------------
-----------------------------------------
| rollout/                |             |
|    ep_len_mean          | 11.3        |
|    ep_rew_mean          | 8.18        |
| time/                   |             |
|    fps                  | 56          |
|    iterations           | 173         |
|    time_elapsed         | 6295        |
|    total_timesteps      | 354304      |
| train/                  |             |
|    approx_kl            | 0.024123454 |
|    clip_fraction        | 0.308       |
|    clip_range           | 0.2         |
|    entropy_loss         | -3.28       |
|    explained_variance   | 0.731       |
|    learning_rate        | 0.0003      |
|    loss                 | -0.0111     |
|    n_updates            | 1720        |
|    policy_gradient_loss | -0.0182     |
|    std                  | 0.397       |
|    value_loss           | 0.000406    |
-----------------------------------------
-----------------------------------------
| rollout/                |             |
|    ep_len_mean          | 11.3        |
|    ep_rew_mean          | 8.23        |
| time/                   |             |
|    fps                  | 56          |
|    iterations           | 174         |
|    time_elapsed         | 6322        |
|    total_timesteps      | 356352      |
| train/                  |             |
|    approx_kl            | 0.034539122 |
|    clip_fraction        | 0.317       |
|    clip_range           | 0.2         |
|    entropy_loss         | -3.25       |
|    explained_variance   | 0.691       |
|    learning_rate        | 0.0003      |
|    loss                 | -0.0593     |
|    n_updates            | 1730        |
|    policy_gradient_loss | -0.0211     |
|    std                  | 0.395       |
|    value_loss           | 0.000508    |
-----------------------------------------
-----------------------------------------
| rollout/                |             |
|    ep_len_mean          | 12.1        |
|    ep_rew_mean          | 7.8         |
| time/                   |             |
|    fps                  | 56          |
|    iterations           | 175         |
|    time_elapsed         | 6349        |
|    total_timesteps      | 358400      |
| train/                  |             |
|    approx_kl            | 0.028461408 |
|    clip_fraction        | 0.327       |
|    clip_range           | 0.2         |
|    entropy_loss         | -3.25       |
|    explained_variance   | 0.704       |
|    learning_rate        | 0.0003      |
|    loss                 | -0.0355     |
|    n_updates            | 1740        |
|    policy_gradient_loss | -0.0201     |
|    std                  | 0.396       |
|    value_loss           | 0.000428    |
-----------------------------------------
-----------------------------------------
| rollout/                |             |
|    ep_len_mean          | 10.9        |
|    ep_rew_mean          | 8.33        |
| time/                   |             |
|    fps                  | 56          |
|    iterations           | 176         |
|    time_elapsed         | 6377        |
|    total_timesteps      | 360448      |
| train/                  |             |
|    approx_kl            | 0.027789563 |
|    clip_fraction        | 0.304       |
|    clip_range           | 0.2         |
|    entropy_loss         | -3.23       |
|    explained_variance   | 0.576       |
|    learning_rate        | 0.0003      |
|    loss                 | -0.0402     |
|    n_updates            | 1750        |
|    policy_gradient_loss | -0.0246     |
|    std                  | 0.395       |
|    value_loss           | 0.000743    |
-----------------------------------------
----------------------------------------
| rollout/                |            |
|    ep_len_mean          | 11         |
|    ep_rew_mean          | 8.31       |
| time/                   |            |
|    fps                  | 56         |
|    iterations           | 177        |
|    time_elapsed         | 6405       |
|    total_timesteps      | 362496     |
| train/                  |            |
|    approx_kl            | 0.02776695 |
|    clip_fraction        | 0.337      |
|    clip_range           | 0.2        |
|    entropy_loss         | -3.19      |
|    explained_variance   | 0.684      |
|    learning_rate        | 0.0003     |
|    loss                 | -0.0457    |
|    n_updates            | 1760       |
|    policy_gradient_loss | -0.0252    |
|    std                  | 0.391      |
|    value_loss           | 0.000404   |
----------------------------------------
-----------------------------------------
| rollout/                |             |
|    ep_len_mean          | 11.9        |
|    ep_rew_mean          | 8.04        |
| time/                   |             |
|    fps                  | 56          |
|    iterations           | 178         |
|    time_elapsed         | 6432        |
|    total_timesteps      | 364544      |
| train/                  |             |
|    approx_kl            | 0.033705533 |
|    clip_fraction        | 0.333       |
|    clip_range           | 0.2         |
|    entropy_loss         | -3.17       |
|    explained_variance   | 0.717       |
|    learning_rate        | 0.0003      |
|    loss                 | -0.0166     |
|    n_updates            | 1770        |
|    policy_gradient_loss | -0.021      |
|    std                  | 0.392       |
|    value_loss           | 0.000433    |
-----------------------------------------
-----------------------------------------
| rollout/                |             |
|    ep_len_mean          | 11          |
|    ep_rew_mean          | 8.35        |
| time/                   |             |
|    fps                  | 56          |
|    iterations           | 179         |
|    time_elapsed         | 6460        |
|    total_timesteps      | 366592      |
| train/                  |             |
|    approx_kl            | 0.030478444 |
|    clip_fraction        | 0.331       |
|    clip_range           | 0.2         |
|    entropy_loss         | -3.15       |
|    explained_variance   | 0.602       |
|    learning_rate        | 0.0003      |
|    loss                 | -0.0664     |
|    n_updates            | 1780        |
|    policy_gradient_loss | -0.0201     |
|    std                  | 0.389       |
|    value_loss           | 0.000635    |
-----------------------------------------
-----------------------------------------
| rollout/                |             |
|    ep_len_mean          | 11.5        |
|    ep_rew_mean          | 8.15        |
| time/                   |             |
|    fps                  | 56          |
|    iterations           | 180         |
|    time_elapsed         | 6487        |
|    total_timesteps      | 368640      |
| train/                  |             |
|    approx_kl            | 0.027894368 |
|    clip_fraction        | 0.325       |
|    clip_range           | 0.2         |
|    entropy_loss         | -3.11       |
|    explained_variance   | 0.72        |
|    learning_rate        | 0.0003      |
|    loss                 | -0.019      |
|    n_updates            | 1790        |
|    policy_gradient_loss | -0.018      |
|    std                  | 0.388       |
|    value_loss           | 0.000405    |
-----------------------------------------
-----------------------------------------
| rollout/                |             |
|    ep_len_mean          | 11.8        |
|    ep_rew_mean          | 8.16        |
| time/                   |             |
|    fps                  | 56          |
|    iterations           | 181         |
|    time_elapsed         | 6514        |
|    total_timesteps      | 370688      |
| train/                  |             |
|    approx_kl            | 0.035433464 |
|    clip_fraction        | 0.347       |
|    clip_range           | 0.2         |
|    entropy_loss         | -3.08       |
|    explained_variance   | 0.667       |
|    learning_rate        | 0.0003      |
|    loss                 | -0.0232     |
|    n_updates            | 1800        |
|    policy_gradient_loss | -0.0217     |
|    std                  | 0.386       |
|    value_loss           | 0.000462    |
-----------------------------------------
-----------------------------------------
| rollout/                |             |
|    ep_len_mean          | 12.3        |
|    ep_rew_mean          | 7.83        |
| time/                   |             |
|    fps                  | 56          |
|    iterations           | 182         |
|    time_elapsed         | 6540        |
|    total_timesteps      | 372736      |
| train/                  |             |
|    approx_kl            | 0.027723655 |
|    clip_fraction        | 0.322       |
|    clip_range           | 0.2         |
|    entropy_loss         | -3.04       |
|    explained_variance   | 0.681       |
|    learning_rate        | 0.0003      |
|    loss                 | -0.0759     |
|    n_updates            | 1810        |
|    policy_gradient_loss | -0.0233     |
|    std                  | 0.386       |
|    value_loss           | 0.000483    |
-----------------------------------------
-----------------------------------------
| rollout/                |             |
|    ep_len_mean          | 11.3        |
|    ep_rew_mean          | 8.21        |
| time/                   |             |
|    fps                  | 57          |
|    iterations           | 183         |
|    time_elapsed         | 6568        |
|    total_timesteps      | 374784      |
| train/                  |             |
|    approx_kl            | 0.027733432 |
|    clip_fraction        | 0.322       |
|    clip_range           | 0.2         |
|    entropy_loss         | -3.02       |
|    explained_variance   | 0.588       |
|    learning_rate        | 0.0003      |
|    loss                 | -0.0205     |
|    n_updates            | 1820        |
|    policy_gradient_loss | -0.0268     |
|    std                  | 0.383       |
|    value_loss           | 0.000798    |
-----------------------------------------
-----------------------------------------
| rollout/                |             |
|    ep_len_mean          | 11.9        |
|    ep_rew_mean          | 8.09        |
| time/                   |             |
|    fps                  | 57          |
|    iterations           | 184         |
|    time_elapsed         | 6595        |
|    total_timesteps      | 376832      |
| train/                  |             |
|    approx_kl            | 0.029657692 |
|    clip_fraction        | 0.321       |
|    clip_range           | 0.2         |
|    entropy_loss         | -2.99       |
|    explained_variance   | 0.622       |
|    learning_rate        | 0.0003      |
|    loss                 | -0.0321     |
|    n_updates            | 1830        |
|    policy_gradient_loss | -0.0225     |
|    std                  | 0.383       |
|    value_loss           | 0.000491    |
-----------------------------------------
-----------------------------------------
| rollout/                |             |
|    ep_len_mean          | 11.2        |
|    ep_rew_mean          | 8.3         |
| time/                   |             |
|    fps                  | 57          |
|    iterations           | 185         |
|    time_elapsed         | 6622        |
|    total_timesteps      | 378880      |
| train/                  |             |
|    approx_kl            | 0.031489704 |
|    clip_fraction        | 0.312       |
|    clip_range           | 0.2         |
|    entropy_loss         | -2.99       |
|    explained_variance   | 0.608       |
|    learning_rate        | 0.0003      |
|    loss                 | -0.0442     |
|    n_updates            | 1840        |
|    policy_gradient_loss | -0.0264     |
|    std                  | 0.382       |
|    value_loss           | 0.000643    |
-----------------------------------------
----------------------------------------
| rollout/                |            |
|    ep_len_mean          | 11.8       |
|    ep_rew_mean          | 8.09       |
| time/                   |            |
|    fps                  | 57         |
|    iterations           | 186        |
|    time_elapsed         | 6649       |
|    total_timesteps      | 380928     |
| train/                  |            |
|    approx_kl            | 0.02664203 |
|    clip_fraction        | 0.296      |
|    clip_range           | 0.2        |
|    entropy_loss         | -2.97      |
|    explained_variance   | 0.701      |
|    learning_rate        | 0.0003     |
|    loss                 | -0.0524    |
|    n_updates            | 1850       |
|    policy_gradient_loss | -0.0212    |
|    std                  | 0.381      |
|    value_loss           | 0.000472   |
----------------------------------------
-----------------------------------------
| rollout/                |             |
|    ep_len_mean          | 11.2        |
|    ep_rew_mean          | 8.31        |
| time/                   |             |
|    fps                  | 57          |
|    iterations           | 187         |
|    time_elapsed         | 6676        |
|    total_timesteps      | 382976      |
| train/                  |             |
|    approx_kl            | 0.029832534 |
|    clip_fraction        | 0.359       |
|    clip_range           | 0.2         |
|    entropy_loss         | -2.93       |
|    explained_variance   | 0.665       |
|    learning_rate        | 0.0003      |
|    loss                 | -0.0522     |
|    n_updates            | 1860        |
|    policy_gradient_loss | -0.027      |
|    std                  | 0.379       |
|    value_loss           | 0.000531    |
-----------------------------------------
-----------------------------------------
| rollout/                |             |
|    ep_len_mean          | 11          |
|    ep_rew_mean          | 8.36        |
| time/                   |             |
|    fps                  | 57          |
|    iterations           | 188         |
|    time_elapsed         | 6704        |
|    total_timesteps      | 385024      |
| train/                  |             |
|    approx_kl            | 0.028950363 |
|    clip_fraction        | 0.318       |
|    clip_range           | 0.2         |
|    entropy_loss         | -2.92       |
|    explained_variance   | 0.708       |
|    learning_rate        | 0.0003      |
|    loss                 | -0.0321     |
|    n_updates            | 1870        |
|    policy_gradient_loss | -0.0227     |
|    std                  | 0.38        |
|    value_loss           | 0.000478    |
-----------------------------------------
-----------------------------------------
| rollout/                |             |
|    ep_len_mean          | 11.5        |
|    ep_rew_mean          | 8.25        |
| time/                   |             |
|    fps                  | 57          |
|    iterations           | 189         |
|    time_elapsed         | 6731        |
|    total_timesteps      | 387072      |
| train/                  |             |
|    approx_kl            | 0.027657654 |
|    clip_fraction        | 0.304       |
|    clip_range           | 0.2         |
|    entropy_loss         | -2.93       |
|    explained_variance   | 0.756       |
|    learning_rate        | 0.0003      |
|    loss                 | 0.00275     |
|    n_updates            | 1880        |
|    policy_gradient_loss | -0.0231     |
|    std                  | 0.381       |
|    value_loss           | 0.000385    |
-----------------------------------------
----------------------------------------
| rollout/                |            |
|    ep_len_mean          | 11.4       |
|    ep_rew_mean          | 8.22       |
| time/                   |            |
|    fps                  | 57         |
|    iterations           | 190        |
|    time_elapsed         | 6758       |
|    total_timesteps      | 389120     |
| train/                  |            |
|    approx_kl            | 0.03187785 |
|    clip_fraction        | 0.34       |
|    clip_range           | 0.2        |
|    entropy_loss         | -2.91      |
|    explained_variance   | 0.713      |
|    learning_rate        | 0.0003     |
|    loss                 | -0.018     |
|    n_updates            | 1890       |
|    policy_gradient_loss | -0.0217    |
|    std                  | 0.379      |
|    value_loss           | 0.00044    |
----------------------------------------
-----------------------------------------
| rollout/                |             |
|    ep_len_mean          | 11.3        |
|    ep_rew_mean          | 8.31        |
| time/                   |             |
|    fps                  | 57          |
|    iterations           | 191         |
|    time_elapsed         | 6786        |
|    total_timesteps      | 391168      |
| train/                  |             |
|    approx_kl            | 0.029674836 |
|    clip_fraction        | 0.333       |
|    clip_range           | 0.2         |
|    entropy_loss         | -2.88       |
|    explained_variance   | 0.734       |
|    learning_rate        | 0.0003      |
|    loss                 | -0.00992    |
|    n_updates            | 1900        |
|    policy_gradient_loss | -0.0202     |
|    std                  | 0.378       |
|    value_loss           | 0.000451    |
-----------------------------------------
-----------------------------------------
| rollout/                |             |
|    ep_len_mean          | 11.4        |
|    ep_rew_mean          | 8.29        |
| time/                   |             |
|    fps                  | 57          |
|    iterations           | 192         |
|    time_elapsed         | 6813        |
|    total_timesteps      | 393216      |
| train/                  |             |
|    approx_kl            | 0.033957385 |
|    clip_fraction        | 0.34        |
|    clip_range           | 0.2         |
|    entropy_loss         | -2.85       |
|    explained_variance   | 0.727       |
|    learning_rate        | 0.0003      |
|    loss                 | -0.0525     |
|    n_updates            | 1910        |
|    policy_gradient_loss | -0.0245     |
|    std                  | 0.375       |
|    value_loss           | 0.000475    |
-----------------------------------------
-----------------------------------------
| rollout/                |             |
|    ep_len_mean          | 11.6        |
|    ep_rew_mean          | 8.26        |
| time/                   |             |
|    fps                  | 57          |
|    iterations           | 193         |
|    time_elapsed         | 6840        |
|    total_timesteps      | 395264      |
| train/                  |             |
|    approx_kl            | 0.033809442 |
|    clip_fraction        | 0.324       |
|    clip_range           | 0.2         |
|    entropy_loss         | -2.8        |
|    explained_variance   | 0.736       |
|    learning_rate        | 0.0003      |
|    loss                 | -0.051      |
|    n_updates            | 1920        |
|    policy_gradient_loss | -0.0226     |
|    std                  | 0.373       |
|    value_loss           | 0.00044     |
-----------------------------------------
-----------------------------------------
| rollout/                |             |
|    ep_len_mean          | 11          |
|    ep_rew_mean          | 8.39        |
| time/                   |             |
|    fps                  | 57          |
|    iterations           | 194         |
|    time_elapsed         | 6868        |
|    total_timesteps      | 397312      |
| train/                  |             |
|    approx_kl            | 0.030939195 |
|    clip_fraction        | 0.347       |
|    clip_range           | 0.2         |
|    entropy_loss         | -2.77       |
|    explained_variance   | 0.679       |
|    learning_rate        | 0.0003      |
|    loss                 | -0.0483     |
|    n_updates            | 1930        |
|    policy_gradient_loss | -0.0248     |
|    std                  | 0.372       |
|    value_loss           | 0.000582    |
-----------------------------------------
-----------------------------------------
| rollout/                |             |
|    ep_len_mean          | 11.7        |
|    ep_rew_mean          | 8.17        |
| time/                   |             |
|    fps                  | 57          |
|    iterations           | 195         |
|    time_elapsed         | 6895        |
|    total_timesteps      | 399360      |
| train/                  |             |
|    approx_kl            | 0.029044788 |
|    clip_fraction        | 0.32        |
|    clip_range           | 0.2         |
|    entropy_loss         | -2.75       |
|    explained_variance   | 0.71        |
|    learning_rate        | 0.0003      |
|    loss                 | -0.0098     |
|    n_updates            | 1940        |
|    policy_gradient_loss | -0.0246     |
|    std                  | 0.371       |
|    value_loss           | 0.000442    |
-----------------------------------------
-----------------------------------------
| rollout/                |             |
|    ep_len_mean          | 11.2        |
|    ep_rew_mean          | 8.34        |
| time/                   |             |
|    fps                  | 57          |
|    iterations           | 196         |
|    time_elapsed         | 6922        |
|    total_timesteps      | 401408      |
| train/                  |             |
|    approx_kl            | 0.030722346 |
|    clip_fraction        | 0.337       |
|    clip_range           | 0.2         |
|    entropy_loss         | -2.71       |
|    explained_variance   | 0.722       |
|    learning_rate        | 0.0003      |
|    loss                 | -0.0353     |
|    n_updates            | 1950        |
|    policy_gradient_loss | -0.0219     |
|    std                  | 0.369       |
|    value_loss           | 0.000467    |
-----------------------------------------
saved models/C2_lam0.005_seed2.zip and models/C2_lam0.005_seed2_vecnormalize.pkl
