=== training C2_lam0.05_seed2 for 400000 steps ===
    port 5222
--------------------------------------------------------------
[threshold consistency]
  success distance      = 0.030 m
  force at success      = 5.00 N
  comfort / danger      = 6.0 N / 10.0 N
  >>> OK: the success point lies inside the safe band.
--------------------------------------------------------------
Waiting for connections on port: 5223...
Connected successfully
Using cpu device
---------------------------------
| rollout/           |          |
|    ep_len_mean     | 200      |
|    ep_rew_mean     | -918     |
| time/              |          |
|    fps             | 72       |
|    iterations      | 1        |
|    time_elapsed    | 28       |
|    total_timesteps | 2048     |
---------------------------------
-----------------------------------------
| rollout/                |             |
|    ep_len_mean          | 200         |
|    ep_rew_mean          | -1.09e+03   |
| time/                   |             |
|    fps                  | 70          |
|    iterations           | 2           |
|    time_elapsed         | 58          |
|    total_timesteps      | 4096        |
| train/                  |             |
|    approx_kl            | 0.015249795 |
|    clip_fraction        | 0.136       |
|    clip_range           | 0.2         |
|    entropy_loss         | -9.93       |
|    explained_variance   | 0.329       |
|    learning_rate        | 0.0003      |
|    loss                 | -0.0306     |
|    n_updates            | 10          |
|    policy_gradient_loss | -0.0255     |
|    std                  | 0.999       |
|    value_loss           | 0.524       |
-----------------------------------------
-----------------------------------------
| rollout/                |             |
|    ep_len_mean          | 200         |
|    ep_rew_mean          | -1.09e+03   |
| time/                   |             |
|    fps                  | 69          |
|    iterations           | 3           |
|    time_elapsed         | 88          |
|    total_timesteps      | 6144        |
| train/                  |             |
|    approx_kl            | 0.015565844 |
|    clip_fraction        | 0.169       |
|    clip_range           | 0.2         |
|    entropy_loss         | -9.92       |
|    explained_variance   | 0.754       |
|    learning_rate        | 0.0003      |
|    loss                 | -0.0138     |
|    n_updates            | 20          |
|    policy_gradient_loss | -0.0283     |
|    std                  | 0.996       |
|    value_loss           | 0.0645      |
-----------------------------------------
----------------------------------------
| rollout/                |            |
|    ep_len_mean          | 200        |
|    ep_rew_mean          | -1.08e+03  |
| time/                   |            |
|    fps                  | 69         |
|    iterations           | 4          |
|    time_elapsed         | 117        |
|    total_timesteps      | 8192       |
| train/                  |            |
|    approx_kl            | 0.01914129 |
|    clip_fraction        | 0.226      |
|    clip_range           | 0.2        |
|    entropy_loss         | -9.88      |
|    explained_variance   | 0.497      |
|    learning_rate        | 0.0003     |
|    loss                 | -0.0455    |
|    n_updates            | 30         |
|    policy_gradient_loss | -0.0342    |
|    std                  | 0.99       |
|    value_loss           | 0.0441     |
----------------------------------------
-----------------------------------------
| rollout/                |             |
|    ep_len_mean          | 200         |
|    ep_rew_mean          | -1.02e+03   |
| time/                   |             |
|    fps                  | 69          |
|    iterations           | 5           |
|    time_elapsed         | 147         |
|    total_timesteps      | 10240       |
| train/                  |             |
|    approx_kl            | 0.015161719 |
|    clip_fraction        | 0.172       |
|    clip_range           | 0.2         |
|    entropy_loss         | -9.85       |
|    explained_variance   | 0.68        |
|    learning_rate        | 0.0003      |
|    loss                 | -0.0505     |
|    n_updates            | 40          |
|    policy_gradient_loss | -0.0283     |
|    std                  | 0.987       |
|    value_loss           | 0.0229      |
-----------------------------------------
-----------------------------------------
| rollout/                |             |
|    ep_len_mean          | 200         |
|    ep_rew_mean          | -964        |
| time/                   |             |
|    fps                  | 69          |
|    iterations           | 6           |
|    time_elapsed         | 177         |
|    total_timesteps      | 12288       |
| train/                  |             |
|    approx_kl            | 0.019747514 |
|    clip_fraction        | 0.202       |
|    clip_range           | 0.2         |
|    entropy_loss         | -9.82       |
|    explained_variance   | 0.191       |
|    learning_rate        | 0.0003      |
|    loss                 | -0.0437     |
|    n_updates            | 50          |
|    policy_gradient_loss | -0.034      |
|    std                  | 0.983       |
|    value_loss           | 0.0216      |
-----------------------------------------
-----------------------------------------
| rollout/                |             |
|    ep_len_mean          | 200         |
|    ep_rew_mean          | -915        |
| time/                   |             |
|    fps                  | 69          |
|    iterations           | 7           |
|    time_elapsed         | 207         |
|    total_timesteps      | 14336       |
| train/                  |             |
|    approx_kl            | 0.019685699 |
|    clip_fraction        | 0.229       |
|    clip_range           | 0.2         |
|    entropy_loss         | -9.8        |
|    explained_variance   | 0.523       |
|    learning_rate        | 0.0003      |
|    loss                 | -0.0376     |
|    n_updates            | 60          |
|    policy_gradient_loss | -0.0349     |
|    std                  | 0.979       |
|    value_loss           | 0.0164      |
-----------------------------------------
-----------------------------------------
| rollout/                |             |
|    ep_len_mean          | 200         |
|    ep_rew_mean          | -855        |
| time/                   |             |
|    fps                  | 69          |
|    iterations           | 8           |
|    time_elapsed         | 236         |
|    total_timesteps      | 16384       |
| train/                  |             |
|    approx_kl            | 0.015699869 |
|    clip_fraction        | 0.18        |
|    clip_range           | 0.2         |
|    entropy_loss         | -9.78       |
|    explained_variance   | 0.488       |
|    learning_rate        | 0.0003      |
|    loss                 | -0.0591     |
|    n_updates            | 70          |
|    policy_gradient_loss | -0.0303     |
|    std                  | 0.978       |
|    value_loss           | 0.0127      |
-----------------------------------------
-----------------------------------------
| rollout/                |             |
|    ep_len_mean          | 200         |
|    ep_rew_mean          | -805        |
| time/                   |             |
|    fps                  | 69          |
|    iterations           | 9           |
|    time_elapsed         | 266         |
|    total_timesteps      | 18432       |
| train/                  |             |
|    approx_kl            | 0.017604358 |
|    clip_fraction        | 0.203       |
|    clip_range           | 0.2         |
|    entropy_loss         | -9.75       |
|    explained_variance   | 0.727       |
|    learning_rate        | 0.0003      |
|    loss                 | -0.0581     |
|    n_updates            | 80          |
|    policy_gradient_loss | -0.035      |
|    std                  | 0.972       |
|    value_loss           | 0.00903     |
-----------------------------------------
-----------------------------------------
| rollout/                |             |
|    ep_len_mean          | 200         |
|    ep_rew_mean          | -760        |
| time/                   |             |
|    fps                  | 69          |
|    iterations           | 10          |
|    time_elapsed         | 296         |
|    total_timesteps      | 20480       |
| train/                  |             |
|    approx_kl            | 0.018037807 |
|    clip_fraction        | 0.202       |
|    clip_range           | 0.2         |
|    entropy_loss         | -9.76       |
|    explained_variance   | 0.177       |
|    learning_rate        | 0.0003      |
|    loss                 | -0.07       |
|    n_updates            | 90          |
|    policy_gradient_loss | -0.0311     |
|    std                  | 0.977       |
|    value_loss           | 0.00749     |
-----------------------------------------
-----------------------------------------
| rollout/                |             |
|    ep_len_mean          | 200         |
|    ep_rew_mean          | -699        |
| time/                   |             |
|    fps                  | 69          |
|    iterations           | 11          |
|    time_elapsed         | 325         |
|    total_timesteps      | 22528       |
| train/                  |             |
|    approx_kl            | 0.016078833 |
|    clip_fraction        | 0.174       |
|    clip_range           | 0.2         |
|    entropy_loss         | -9.75       |
|    explained_variance   | 0.086       |
|    learning_rate        | 0.0003      |
|    loss                 | -0.0123     |
|    n_updates            | 100         |
|    policy_gradient_loss | -0.0284     |
|    std                  | 0.973       |
|    value_loss           | 0.005       |
-----------------------------------------
----------------------------------------
| rollout/                |            |
|    ep_len_mean          | 200        |
|    ep_rew_mean          | -607       |
| time/                   |            |
|    fps                  | 69         |
|    iterations           | 12         |
|    time_elapsed         | 355        |
|    total_timesteps      | 24576      |
| train/                  |            |
|    approx_kl            | 0.01599686 |
|    clip_fraction        | 0.191      |
|    clip_range           | 0.2        |
|    entropy_loss         | -9.74      |
|    explained_variance   | -0.0392    |
|    learning_rate        | 0.0003     |
|    loss                 | -0.0696    |
|    n_updates            | 110        |
|    policy_gradient_loss | -0.0304    |
|    std                  | 0.972      |
|    value_loss           | 0.00482    |
----------------------------------------
-----------------------------------------
| rollout/                |             |
|    ep_len_mean          | 200         |
|    ep_rew_mean          | -514        |
| time/                   |             |
|    fps                  | 69          |
|    iterations           | 13          |
|    time_elapsed         | 385         |
|    total_timesteps      | 26624       |
| train/                  |             |
|    approx_kl            | 0.016214352 |
|    clip_fraction        | 0.177       |
|    clip_range           | 0.2         |
|    entropy_loss         | -9.74       |
|    explained_variance   | 0.194       |
|    learning_rate        | 0.0003      |
|    loss                 | -0.0632     |
|    n_updates            | 120         |
|    policy_gradient_loss | -0.0313     |
|    std                  | 0.973       |
|    value_loss           | 0.00326     |
-----------------------------------------
-----------------------------------------
| rollout/                |             |
|    ep_len_mean          | 200         |
|    ep_rew_mean          | -450        |
| time/                   |             |
|    fps                  | 69          |
|    iterations           | 14          |
|    time_elapsed         | 415         |
|    total_timesteps      | 28672       |
| train/                  |             |
|    approx_kl            | 0.014585432 |
|    clip_fraction        | 0.16        |
|    clip_range           | 0.2         |
|    entropy_loss         | -9.7        |
|    explained_variance   | -0.222      |
|    learning_rate        | 0.0003      |
|    loss                 | -0.0613     |
|    n_updates            | 130         |
|    policy_gradient_loss | -0.0289     |
|    std                  | 0.965       |
|    value_loss           | 0.00312     |
-----------------------------------------
-----------------------------------------
| rollout/                |             |
|    ep_len_mean          | 200         |
|    ep_rew_mean          | -393        |
| time/                   |             |
|    fps                  | 69          |
|    iterations           | 15          |
|    time_elapsed         | 445         |
|    total_timesteps      | 30720       |
| train/                  |             |
|    approx_kl            | 0.014539084 |
|    clip_fraction        | 0.158       |
|    clip_range           | 0.2         |
|    entropy_loss         | -9.63       |
|    explained_variance   | 0.38        |
|    learning_rate        | 0.0003      |
|    loss                 | -0.0529     |
|    n_updates            | 140         |
|    policy_gradient_loss | -0.0312     |
|    std                  | 0.953       |
|    value_loss           | 0.00224     |
-----------------------------------------
----------------------------------------
| rollout/                |            |
|    ep_len_mean          | 200        |
|    ep_rew_mean          | -358       |
| time/                   |            |
|    fps                  | 68         |
|    iterations           | 16         |
|    time_elapsed         | 475        |
|    total_timesteps      | 32768      |
| train/                  |            |
|    approx_kl            | 0.01630617 |
|    clip_fraction        | 0.192      |
|    clip_range           | 0.2        |
|    entropy_loss         | -9.56      |
|    explained_variance   | -0.0709    |
|    learning_rate        | 0.0003     |
|    loss                 | -0.0479    |
|    n_updates            | 150        |
|    policy_gradient_loss | -0.0302    |
|    std                  | 0.945      |
|    value_loss           | 0.00173    |
----------------------------------------
-----------------------------------------
| rollout/                |             |
|    ep_len_mean          | 200         |
|    ep_rew_mean          | -321        |
| time/                   |             |
|    fps                  | 68          |
|    iterations           | 17          |
|    time_elapsed         | 505         |
|    total_timesteps      | 34816       |
| train/                  |             |
|    approx_kl            | 0.014176143 |
|    clip_fraction        | 0.168       |
|    clip_range           | 0.2         |
|    entropy_loss         | -9.53       |
|    explained_variance   | 0.116       |
|    learning_rate        | 0.0003      |
|    loss                 | -0.0305     |
|    n_updates            | 160         |
|    policy_gradient_loss | -0.0285     |
|    std                  | 0.943       |
|    value_loss           | 0.00188     |
-----------------------------------------
-----------------------------------------
| rollout/                |             |
|    ep_len_mean          | 200         |
|    ep_rew_mean          | -298        |
| time/                   |             |
|    fps                  | 68          |
|    iterations           | 18          |
|    time_elapsed         | 535         |
|    total_timesteps      | 36864       |
| train/                  |             |
|    approx_kl            | 0.016643668 |
|    clip_fraction        | 0.197       |
|    clip_range           | 0.2         |
|    entropy_loss         | -9.52       |
|    explained_variance   | 0.596       |
|    learning_rate        | 0.0003      |
|    loss                 | -0.0469     |
|    n_updates            | 170         |
|    policy_gradient_loss | -0.0303     |
|    std                  | 0.941       |
|    value_loss           | 0.00124     |
-----------------------------------------
-----------------------------------------
| rollout/                |             |
|    ep_len_mean          | 200         |
|    ep_rew_mean          | -275        |
| time/                   |             |
|    fps                  | 68          |
|    iterations           | 19          |
|    time_elapsed         | 565         |
|    total_timesteps      | 38912       |
| train/                  |             |
|    approx_kl            | 0.016973166 |
|    clip_fraction        | 0.19        |
|    clip_range           | 0.2         |
|    entropy_loss         | -9.48       |
|    explained_variance   | 0.285       |
|    learning_rate        | 0.0003      |
|    loss                 | -0.0226     |
|    n_updates            | 180         |
|    policy_gradient_loss | -0.032      |
|    std                  | 0.935       |
|    value_loss           | 0.00144     |
-----------------------------------------
----------------------------------------
| rollout/                |            |
|    ep_len_mean          | 199        |
|    ep_rew_mean          | -253       |
| time/                   |            |
|    fps                  | 68         |
|    iterations           | 20         |
|    time_elapsed         | 596        |
|    total_timesteps      | 40960      |
| train/                  |            |
|    approx_kl            | 0.01694228 |
|    clip_fraction        | 0.207      |
|    clip_range           | 0.2        |
|    entropy_loss         | -9.42      |
|    explained_variance   | 0.777      |
|    learning_rate        | 0.0003     |
|    loss                 | -0.0581    |
|    n_updates            | 190        |
|    policy_gradient_loss | -0.0329    |
|    std                  | 0.927      |
|    value_loss           | 0.000984   |
----------------------------------------
-----------------------------------------
| rollout/                |             |
|    ep_len_mean          | 199         |
|    ep_rew_mean          | -240        |
| time/                   |             |
|    fps                  | 68          |
|    iterations           | 21          |
|    time_elapsed         | 627         |
|    total_timesteps      | 43008       |
| train/                  |             |
|    approx_kl            | 0.015515137 |
|    clip_fraction        | 0.178       |
|    clip_range           | 0.2         |
|    entropy_loss         | -9.4        |
|    explained_variance   | 0.476       |
|    learning_rate        | 0.0003      |
|    loss                 | -0.0354     |
|    n_updates            | 200         |
|    policy_gradient_loss | -0.0248     |
|    std                  | 0.927       |
|    value_loss           | 0.0025      |
-----------------------------------------
----------------------------------------
| rollout/                |            |
|    ep_len_mean          | 198        |
|    ep_rew_mean          | -225       |
| time/                   |            |
|    fps                  | 68         |
|    iterations           | 22         |
|    time_elapsed         | 658        |
|    total_timesteps      | 45056      |
| train/                  |            |
|    approx_kl            | 0.01786948 |
|    clip_fraction        | 0.194      |
|    clip_range           | 0.2        |
|    entropy_loss         | -9.4       |
|    explained_variance   | 0.53       |
|    learning_rate        | 0.0003     |
|    loss                 | -0.038     |
|    n_updates            | 210        |
|    policy_gradient_loss | -0.0334    |
|    std                  | 0.928      |
|    value_loss           | 0.0013     |
----------------------------------------
-----------------------------------------
| rollout/                |             |
|    ep_len_mean          | 196         |
|    ep_rew_mean          | -208        |
| time/                   |             |
|    fps                  | 68          |
|    iterations           | 23          |
|    time_elapsed         | 689         |
|    total_timesteps      | 47104       |
| train/                  |             |
|    approx_kl            | 0.016847212 |
|    clip_fraction        | 0.192       |
|    clip_range           | 0.2         |
|    entropy_loss         | -9.39       |
|    explained_variance   | 0.504       |
|    learning_rate        | 0.0003      |
|    loss                 | -0.0472     |
|    n_updates            | 220         |
|    policy_gradient_loss | -0.0274     |
|    std                  | 0.925       |
|    value_loss           | 0.00194     |
-----------------------------------------
-----------------------------------------
| rollout/                |             |
|    ep_len_mean          | 195         |
|    ep_rew_mean          | -193        |
| time/                   |             |
|    fps                  | 68          |
|    iterations           | 24          |
|    time_elapsed         | 721         |
|    total_timesteps      | 49152       |
| train/                  |             |
|    approx_kl            | 0.015112605 |
|    clip_fraction        | 0.179       |
|    clip_range           | 0.2         |
|    entropy_loss         | -9.36       |
|    explained_variance   | 0.372       |
|    learning_rate        | 0.0003      |
|    loss                 | -0.0468     |
|    n_updates            | 230         |
|    policy_gradient_loss | -0.0257     |
|    std                  | 0.919       |
|    value_loss           | 0.00506     |
-----------------------------------------
-----------------------------------------
| rollout/                |             |
|    ep_len_mean          | 195         |
|    ep_rew_mean          | -183        |
| time/                   |             |
|    fps                  | 67          |
|    iterations           | 25          |
|    time_elapsed         | 753         |
|    total_timesteps      | 51200       |
| train/                  |             |
|    approx_kl            | 0.017428461 |
|    clip_fraction        | 0.198       |
|    clip_range           | 0.2         |
|    entropy_loss         | -9.29       |
|    explained_variance   | 0.536       |
|    learning_rate        | 0.0003      |
|    loss                 | -0.0394     |
|    n_updates            | 240         |
|    policy_gradient_loss | -0.027      |
|    std                  | 0.908       |
|    value_loss           | 0.00341     |
-----------------------------------------
-----------------------------------------
| rollout/                |             |
|    ep_len_mean          | 191         |
|    ep_rew_mean          | -170        |
| time/                   |             |
|    fps                  | 67          |
|    iterations           | 26          |
|    time_elapsed         | 785         |
|    total_timesteps      | 53248       |
| train/                  |             |
|    approx_kl            | 0.016574368 |
|    clip_fraction        | 0.189       |
|    clip_range           | 0.2         |
|    entropy_loss         | -9.27       |
|    explained_variance   | 0.543       |
|    learning_rate        | 0.0003      |
|    loss                 | -0.0497     |
|    n_updates            | 250         |
|    policy_gradient_loss | -0.032      |
|    std                  | 0.911       |
|    value_loss           | 0.0024      |
-----------------------------------------
-----------------------------------------
| rollout/                |             |
|    ep_len_mean          | 187         |
|    ep_rew_mean          | -159        |
| time/                   |             |
|    fps                  | 67          |
|    iterations           | 27          |
|    time_elapsed         | 818         |
|    total_timesteps      | 55296       |
| train/                  |             |
|    approx_kl            | 0.017102493 |
|    clip_fraction        | 0.196       |
|    clip_range           | 0.2         |
|    entropy_loss         | -9.26       |
|    explained_variance   | 0.476       |
|    learning_rate        | 0.0003      |
|    loss                 | -0.0564     |
|    n_updates            | 260         |
|    policy_gradient_loss | -0.025      |
|    std                  | 0.909       |
|    value_loss           | 0.00375     |
-----------------------------------------
-----------------------------------------
| rollout/                |             |
|    ep_len_mean          | 184         |
|    ep_rew_mean          | -146        |
| time/                   |             |
|    fps                  | 67          |
|    iterations           | 28          |
|    time_elapsed         | 850         |
|    total_timesteps      | 57344       |
| train/                  |             |
|    approx_kl            | 0.017982665 |
|    clip_fraction        | 0.192       |
|    clip_range           | 0.2         |
|    entropy_loss         | -9.22       |
|    explained_variance   | 0.594       |
|    learning_rate        | 0.0003      |
|    loss                 | -0.0488     |
|    n_updates            | 270         |
|    policy_gradient_loss | -0.0263     |
|    std                  | 0.901       |
|    value_loss           | 0.00696     |
-----------------------------------------
-----------------------------------------
| rollout/                |             |
|    ep_len_mean          | 175         |
|    ep_rew_mean          | -134        |
| time/                   |             |
|    fps                  | 67          |
|    iterations           | 29          |
|    time_elapsed         | 883         |
|    total_timesteps      | 59392       |
| train/                  |             |
|    approx_kl            | 0.016213102 |
|    clip_fraction        | 0.2         |
|    clip_range           | 0.2         |
|    entropy_loss         | -9.17       |
|    explained_variance   | 0.635       |
|    learning_rate        | 0.0003      |
|    loss                 | -0.0511     |
|    n_updates            | 280         |
|    policy_gradient_loss | -0.0286     |
|    std                  | 0.895       |
|    value_loss           | 0.00495     |
-----------------------------------------
-----------------------------------------
| rollout/                |             |
|    ep_len_mean          | 173         |
|    ep_rew_mean          | -127        |
| time/                   |             |
|    fps                  | 67          |
|    iterations           | 30          |
|    time_elapsed         | 916         |
|    total_timesteps      | 61440       |
| train/                  |             |
|    approx_kl            | 0.019031636 |
|    clip_fraction        | 0.203       |
|    clip_range           | 0.2         |
|    entropy_loss         | -9.11       |
|    explained_variance   | 0.431       |
|    learning_rate        | 0.0003      |
|    loss                 | -0.0299     |
|    n_updates            | 290         |
|    policy_gradient_loss | -0.0287     |
|    std                  | 0.887       |
|    value_loss           | 0.00934     |
-----------------------------------------
-----------------------------------------
| rollout/                |             |
|    ep_len_mean          | 169         |
|    ep_rew_mean          | -120        |
| time/                   |             |
|    fps                  | 66          |
|    iterations           | 31          |
|    time_elapsed         | 949         |
|    total_timesteps      | 63488       |
| train/                  |             |
|    approx_kl            | 0.017259236 |
|    clip_fraction        | 0.196       |
|    clip_range           | 0.2         |
|    entropy_loss         | -9.06       |
|    explained_variance   | 0.605       |
|    learning_rate        | 0.0003      |
|    loss                 | -0.0323     |
|    n_updates            | 300         |
|    policy_gradient_loss | -0.0292     |
|    std                  | 0.88        |
|    value_loss           | 0.00581     |
-----------------------------------------
-----------------------------------------
| rollout/                |             |
|    ep_len_mean          | 165         |
|    ep_rew_mean          | -115        |
| time/                   |             |
|    fps                  | 66          |
|    iterations           | 32          |
|    time_elapsed         | 982         |
|    total_timesteps      | 65536       |
| train/                  |             |
|    approx_kl            | 0.015584722 |
|    clip_fraction        | 0.19        |
|    clip_range           | 0.2         |
|    entropy_loss         | -9          |
|    explained_variance   | 0.551       |
|    learning_rate        | 0.0003      |
|    loss                 | -0.02       |
|    n_updates            | 310         |
|    policy_gradient_loss | -0.0266     |
|    std                  | 0.874       |
|    value_loss           | 0.00617     |
-----------------------------------------
-----------------------------------------
| rollout/                |             |
|    ep_len_mean          | 158         |
|    ep_rew_mean          | -104        |
| time/                   |             |
|    fps                  | 66          |
|    iterations           | 33          |
|    time_elapsed         | 1016        |
|    total_timesteps      | 67584       |
| train/                  |             |
|    approx_kl            | 0.015352348 |
|    clip_fraction        | 0.21        |
|    clip_range           | 0.2         |
|    entropy_loss         | -8.99       |
|    explained_variance   | 0.796       |
|    learning_rate        | 0.0003      |
|    loss                 | -0.0453     |
|    n_updates            | 320         |
|    policy_gradient_loss | -0.0288     |
|    std                  | 0.877       |
|    value_loss           | 0.00456     |
-----------------------------------------
-----------------------------------------
| rollout/                |             |
|    ep_len_mean          | 145         |
|    ep_rew_mean          | -92.9       |
| time/                   |             |
|    fps                  | 66          |
|    iterations           | 34          |
|    time_elapsed         | 1049        |
|    total_timesteps      | 69632       |
| train/                  |             |
|    approx_kl            | 0.018220909 |
|    clip_fraction        | 0.223       |
|    clip_range           | 0.2         |
|    entropy_loss         | -8.98       |
|    explained_variance   | 0.687       |
|    learning_rate        | 0.0003      |
|    loss                 | -0.0473     |
|    n_updates            | 330         |
|    policy_gradient_loss | -0.0328     |
|    std                  | 0.872       |
|    value_loss           | 0.00727     |
-----------------------------------------
-----------------------------------------
| rollout/                |             |
|    ep_len_mean          | 141         |
|    ep_rew_mean          | -93.1       |
| time/                   |             |
|    fps                  | 66          |
|    iterations           | 35          |
|    time_elapsed         | 1083        |
|    total_timesteps      | 71680       |
| train/                  |             |
|    approx_kl            | 0.014613045 |
|    clip_fraction        | 0.178       |
|    clip_range           | 0.2         |
|    entropy_loss         | -8.95       |
|    explained_variance   | 0.534       |
|    learning_rate        | 0.0003      |
|    loss                 | -0.0373     |
|    n_updates            | 340         |
|    policy_gradient_loss | -0.023      |
|    std                  | 0.868       |
|    value_loss           | 0.0107      |
-----------------------------------------
-----------------------------------------
| rollout/                |             |
|    ep_len_mean          | 146         |
|    ep_rew_mean          | -95.5       |
| time/                   |             |
|    fps                  | 66          |
|    iterations           | 36          |
|    time_elapsed         | 1116        |
|    total_timesteps      | 73728       |
| train/                  |             |
|    approx_kl            | 0.012850385 |
|    clip_fraction        | 0.164       |
|    clip_range           | 0.2         |
|    entropy_loss         | -8.91       |
|    explained_variance   | 0.762       |
|    learning_rate        | 0.0003      |
|    loss                 | 0.0117      |
|    n_updates            | 350         |
|    policy_gradient_loss | -0.0257     |
|    std                  | 0.862       |
|    value_loss           | 0.00878     |
-----------------------------------------
-----------------------------------------
| rollout/                |             |
|    ep_len_mean          | 140         |
|    ep_rew_mean          | -89.8       |
| time/                   |             |
|    fps                  | 65          |
|    iterations           | 37          |
|    time_elapsed         | 1150        |
|    total_timesteps      | 75776       |
| train/                  |             |
|    approx_kl            | 0.016798463 |
|    clip_fraction        | 0.18        |
|    clip_range           | 0.2         |
|    entropy_loss         | -8.88       |
|    explained_variance   | 0.551       |
|    learning_rate        | 0.0003      |
|    loss                 | -0.0361     |
|    n_updates            | 360         |
|    policy_gradient_loss | -0.0299     |
|    std                  | 0.862       |
|    value_loss           | 0.00651     |
-----------------------------------------
-----------------------------------------
| rollout/                |             |
|    ep_len_mean          | 130         |
|    ep_rew_mean          | -79.5       |
| time/                   |             |
|    fps                  | 65          |
|    iterations           | 38          |
|    time_elapsed         | 1184        |
|    total_timesteps      | 77824       |
| train/                  |             |
|    approx_kl            | 0.015849002 |
|    clip_fraction        | 0.179       |
|    clip_range           | 0.2         |
|    entropy_loss         | -8.87       |
|    explained_variance   | 0.747       |
|    learning_rate        | 0.0003      |
|    loss                 | -0.0418     |
|    n_updates            | 370         |
|    policy_gradient_loss | -0.0254     |
|    std                  | 0.858       |
|    value_loss           | 0.00723     |
-----------------------------------------
-----------------------------------------
| rollout/                |             |
|    ep_len_mean          | 124         |
|    ep_rew_mean          | -75.3       |
| time/                   |             |
|    fps                  | 65          |
|    iterations           | 39          |
|    time_elapsed         | 1217        |
|    total_timesteps      | 79872       |
| train/                  |             |
|    approx_kl            | 0.014105091 |
|    clip_fraction        | 0.169       |
|    clip_range           | 0.2         |
|    entropy_loss         | -8.86       |
|    explained_variance   | 0.477       |
|    learning_rate        | 0.0003      |
|    loss                 | -0.0173     |
|    n_updates            | 380         |
|    policy_gradient_loss | -0.0221     |
|    std                  | 0.861       |
|    value_loss           | 0.0113      |
-----------------------------------------
-----------------------------------------
| rollout/                |             |
|    ep_len_mean          | 119         |
|    ep_rew_mean          | -69.8       |
| time/                   |             |
|    fps                  | 65          |
|    iterations           | 40          |
|    time_elapsed         | 1251        |
|    total_timesteps      | 81920       |
| train/                  |             |
|    approx_kl            | 0.018581338 |
|    clip_fraction        | 0.202       |
|    clip_range           | 0.2         |
|    entropy_loss         | -8.86       |
|    explained_variance   | 0.539       |
|    learning_rate        | 0.0003      |
|    loss                 | -0.0231     |
|    n_updates            | 390         |
|    policy_gradient_loss | -0.0257     |
|    std                  | 0.858       |
|    value_loss           | 0.00875     |
-----------------------------------------
-----------------------------------------
| rollout/                |             |
|    ep_len_mean          | 109         |
|    ep_rew_mean          | -58.4       |
| time/                   |             |
|    fps                  | 65          |
|    iterations           | 41          |
|    time_elapsed         | 1285        |
|    total_timesteps      | 83968       |
| train/                  |             |
|    approx_kl            | 0.016584422 |
|    clip_fraction        | 0.192       |
|    clip_range           | 0.2         |
|    entropy_loss         | -8.84       |
|    explained_variance   | 0.45        |
|    learning_rate        | 0.0003      |
|    loss                 | -0.0432     |
|    n_updates            | 400         |
|    policy_gradient_loss | -0.0276     |
|    std                  | 0.856       |
|    value_loss           | 0.00969     |
-----------------------------------------
-----------------------------------------
| rollout/                |             |
|    ep_len_mean          | 98.7        |
|    ep_rew_mean          | -50.1       |
| time/                   |             |
|    fps                  | 65          |
|    iterations           | 42          |
|    time_elapsed         | 1319        |
|    total_timesteps      | 86016       |
| train/                  |             |
|    approx_kl            | 0.016206222 |
|    clip_fraction        | 0.198       |
|    clip_range           | 0.2         |
|    entropy_loss         | -8.78       |
|    explained_variance   | 0.783       |
|    learning_rate        | 0.0003      |
|    loss                 | -0.00132    |
|    n_updates            | 410         |
|    policy_gradient_loss | -0.0283     |
|    std                  | 0.846       |
|    value_loss           | 0.00951     |
-----------------------------------------
-----------------------------------------
| rollout/                |             |
|    ep_len_mean          | 101         |
|    ep_rew_mean          | -58.5       |
| time/                   |             |
|    fps                  | 64          |
|    iterations           | 43          |
|    time_elapsed         | 1356        |
|    total_timesteps      | 88064       |
| train/                  |             |
|    approx_kl            | 0.015506646 |
|    clip_fraction        | 0.183       |
|    clip_range           | 0.2         |
|    entropy_loss         | -8.76       |
|    explained_variance   | 0.494       |
|    learning_rate        | 0.0003      |
|    loss                 | -0.0253     |
|    n_updates            | 420         |
|    policy_gradient_loss | -0.024      |
|    std                  | 0.848       |
|    value_loss           | 0.00823     |
-----------------------------------------
----------------------------------------
| rollout/                |            |
|    ep_len_mean          | 89.6       |
|    ep_rew_mean          | -49.6      |
| time/                   |            |
|    fps                  | 64         |
|    iterations           | 44         |
|    time_elapsed         | 1393       |
|    total_timesteps      | 90112      |
| train/                  |            |
|    approx_kl            | 0.01765104 |
|    clip_fraction        | 0.147      |
|    clip_range           | 0.2        |
|    entropy_loss         | -8.74      |
|    explained_variance   | 0.535      |
|    learning_rate        | 0.0003     |
|    loss                 | -0.0377    |
|    n_updates            | 430        |
|    policy_gradient_loss | -0.0251    |
|    std                  | 0.843      |
|    value_loss           | 0.0111     |
----------------------------------------
-----------------------------------------
| rollout/                |             |
|    ep_len_mean          | 93.3        |
|    ep_rew_mean          | -47.8       |
| time/                   |             |
|    fps                  | 64          |
|    iterations           | 45          |
|    time_elapsed         | 1430        |
|    total_timesteps      | 92160       |
| train/                  |             |
|    approx_kl            | 0.013489881 |
|    clip_fraction        | 0.164       |
|    clip_range           | 0.2         |
|    entropy_loss         | -8.71       |
|    explained_variance   | 0.448       |
|    learning_rate        | 0.0003      |
|    loss                 | -0.0494     |
|    n_updates            | 440         |
|    policy_gradient_loss | -0.0212     |
|    std                  | 0.841       |
|    value_loss           | 0.0074      |
-----------------------------------------
----------------------------------------
| rollout/                |            |
|    ep_len_mean          | 88.4       |
|    ep_rew_mean          | -45.9      |
| time/                   |            |
|    fps                  | 64         |
|    iterations           | 46         |
|    time_elapsed         | 1467       |
|    total_timesteps      | 94208      |
| train/                  |            |
|    approx_kl            | 0.01395564 |
|    clip_fraction        | 0.186      |
|    clip_range           | 0.2        |
|    entropy_loss         | -8.67      |
|    explained_variance   | 0.629      |
|    learning_rate        | 0.0003     |
|    loss                 | -0.029     |
|    n_updates            | 450        |
|    policy_gradient_loss | -0.0245    |
|    std                  | 0.834      |
|    value_loss           | 0.00613    |
----------------------------------------
----------------------------------------
| rollout/                |            |
|    ep_len_mean          | 83.3       |
|    ep_rew_mean          | -34.5      |
| time/                   |            |
|    fps                  | 63         |
|    iterations           | 47         |
|    time_elapsed         | 1504       |
|    total_timesteps      | 96256      |
| train/                  |            |
|    approx_kl            | 0.01639923 |
|    clip_fraction        | 0.17       |
|    clip_range           | 0.2        |
|    entropy_loss         | -8.64      |
|    explained_variance   | 0.574      |
|    learning_rate        | 0.0003     |
|    loss                 | -0.0177    |
|    n_updates            | 460        |
|    policy_gradient_loss | -0.0213    |
|    std                  | 0.832      |
|    value_loss           | 0.0116     |
----------------------------------------
-----------------------------------------
| rollout/                |             |
|    ep_len_mean          | 73.5        |
|    ep_rew_mean          | -29.5       |
| time/                   |             |
|    fps                  | 63          |
|    iterations           | 48          |
|    time_elapsed         | 1542        |
|    total_timesteps      | 98304       |
| train/                  |             |
|    approx_kl            | 0.015830275 |
|    clip_fraction        | 0.192       |
|    clip_range           | 0.2         |
|    entropy_loss         | -8.6        |
|    explained_variance   | 0.305       |
|    learning_rate        | 0.0003      |
|    loss                 | -0.0334     |
|    n_updates            | 470         |
|    policy_gradient_loss | -0.0253     |
|    std                  | 0.826       |
|    value_loss           | 0.00784     |
-----------------------------------------
-----------------------------------------
| rollout/                |             |
|    ep_len_mean          | 69.1        |
|    ep_rew_mean          | -25.1       |
| time/                   |             |
|    fps                  | 63          |
|    iterations           | 49          |
|    time_elapsed         | 1578        |
|    total_timesteps      | 100352      |
| train/                  |             |
|    approx_kl            | 0.015604915 |
|    clip_fraction        | 0.187       |
|    clip_range           | 0.2         |
|    entropy_loss         | -8.55       |
|    explained_variance   | 0.416       |
|    learning_rate        | 0.0003      |
|    loss                 | -0.0403     |
|    n_updates            | 480         |
|    policy_gradient_loss | -0.0247     |
|    std                  | 0.821       |
|    value_loss           | 0.00785     |
-----------------------------------------
----------------------------------------
| rollout/                |            |
|    ep_len_mean          | 65.6       |
|    ep_rew_mean          | -24.2      |
| time/                   |            |
|    fps                  | 63         |
|    iterations           | 50         |
|    time_elapsed         | 1613       |
|    total_timesteps      | 102400     |
| train/                  |            |
|    approx_kl            | 0.01642103 |
|    clip_fraction        | 0.186      |
|    clip_range           | 0.2        |
|    entropy_loss         | -8.51      |
|    explained_variance   | 0.251      |
|    learning_rate        | 0.0003     |
|    loss                 | -0.0241    |
|    n_updates            | 490        |
|    policy_gradient_loss | -0.0241    |
|    std                  | 0.816      |
|    value_loss           | 0.00587    |
----------------------------------------
-----------------------------------------
| rollout/                |             |
|    ep_len_mean          | 64.9        |
|    ep_rew_mean          | -26         |
| time/                   |             |
|    fps                  | 63          |
|    iterations           | 51          |
|    time_elapsed         | 1648        |
|    total_timesteps      | 104448      |
| train/                  |             |
|    approx_kl            | 0.015980106 |
|    clip_fraction        | 0.197       |
|    clip_range           | 0.2         |
|    entropy_loss         | -8.49       |
|    explained_variance   | 0.272       |
|    learning_rate        | 0.0003      |
|    loss                 | -0.0316     |
|    n_updates            | 500         |
|    policy_gradient_loss | -0.0266     |
|    std                  | 0.816       |
|    value_loss           | 0.00596     |
-----------------------------------------
-----------------------------------------
| rollout/                |             |
|    ep_len_mean          | 61.3        |
|    ep_rew_mean          | -26.2       |
| time/                   |             |
|    fps                  | 63          |
|    iterations           | 52          |
|    time_elapsed         | 1684        |
|    total_timesteps      | 106496      |
| train/                  |             |
|    approx_kl            | 0.016057653 |
|    clip_fraction        | 0.204       |
|    clip_range           | 0.2         |
|    entropy_loss         | -8.48       |
|    explained_variance   | 0.59        |
|    learning_rate        | 0.0003      |
|    loss                 | -0.033      |
|    n_updates            | 510         |
|    policy_gradient_loss | -0.0316     |
|    std                  | 0.813       |
|    value_loss           | 0.00582     |
-----------------------------------------
-----------------------------------------
| rollout/                |             |
|    ep_len_mean          | 59.2        |
|    ep_rew_mean          | -23.1       |
| time/                   |             |
|    fps                  | 63          |
|    iterations           | 53          |
|    time_elapsed         | 1719        |
|    total_timesteps      | 108544      |
| train/                  |             |
|    approx_kl            | 0.017186508 |
|    clip_fraction        | 0.201       |
|    clip_range           | 0.2         |
|    entropy_loss         | -8.45       |
|    explained_variance   | 0.848       |
|    learning_rate        | 0.0003      |
|    loss                 | -0.0365     |
|    n_updates            | 520         |
|    policy_gradient_loss | -0.0317     |
|    std                  | 0.81        |
|    value_loss           | 0.00624     |
-----------------------------------------
-----------------------------------------
| rollout/                |             |
|    ep_len_mean          | 57          |
|    ep_rew_mean          | -20.7       |
| time/                   |             |
|    fps                  | 62          |
|    iterations           | 54          |
|    time_elapsed         | 1755        |
|    total_timesteps      | 110592      |
| train/                  |             |
|    approx_kl            | 0.017320815 |
|    clip_fraction        | 0.202       |
|    clip_range           | 0.2         |
|    entropy_loss         | -8.4        |
|    explained_variance   | 0.238       |
|    learning_rate        | 0.0003      |
|    loss                 | -0.0043     |
|    n_updates            | 530         |
|    policy_gradient_loss | -0.027      |
|    std                  | 0.802       |
|    value_loss           | 0.00375     |
-----------------------------------------
-----------------------------------------
| rollout/                |             |
|    ep_len_mean          | 53.3        |
|    ep_rew_mean          | -16         |
| time/                   |             |
|    fps                  | 62          |
|    iterations           | 55          |
|    time_elapsed         | 1791        |
|    total_timesteps      | 112640      |
| train/                  |             |
|    approx_kl            | 0.017020913 |
|    clip_fraction        | 0.203       |
|    clip_range           | 0.2         |
|    entropy_loss         | -8.37       |
|    explained_variance   | 0.452       |
|    learning_rate        | 0.0003      |
|    loss                 | -0.0216     |
|    n_updates            | 540         |
|    policy_gradient_loss | -0.0271     |
|    std                  | 0.801       |
|    value_loss           | 0.00531     |
-----------------------------------------
-----------------------------------------
| rollout/                |             |
|    ep_len_mean          | 50.3        |
|    ep_rew_mean          | -15.3       |
| time/                   |             |
|    fps                  | 62          |
|    iterations           | 56          |
|    time_elapsed         | 1827        |
|    total_timesteps      | 114688      |
| train/                  |             |
|    approx_kl            | 0.018259274 |
|    clip_fraction        | 0.196       |
|    clip_range           | 0.2         |
|    entropy_loss         | -8.32       |
|    explained_variance   | 0.287       |
|    learning_rate        | 0.0003      |
|    loss                 | -0.0122     |
|    n_updates            | 550         |
|    policy_gradient_loss | -0.027      |
|    std                  | 0.793       |
|    value_loss           | 0.00361     |
-----------------------------------------
-----------------------------------------
| rollout/                |             |
|    ep_len_mean          | 44.9        |
|    ep_rew_mean          | -11.4       |
| time/                   |             |
|    fps                  | 62          |
|    iterations           | 57          |
|    time_elapsed         | 1864        |
|    total_timesteps      | 116736      |
| train/                  |             |
|    approx_kl            | 0.016188331 |
|    clip_fraction        | 0.19        |
|    clip_range           | 0.2         |
|    entropy_loss         | -8.27       |
|    explained_variance   | 0.333       |
|    learning_rate        | 0.0003      |
|    loss                 | -0.0221     |
|    n_updates            | 560         |
|    policy_gradient_loss | -0.0272     |
|    std                  | 0.788       |
|    value_loss           | 0.00398     |
-----------------------------------------
-----------------------------------------
| rollout/                |             |
|    ep_len_mean          | 39          |
|    ep_rew_mean          | -8.2        |
| time/                   |             |
|    fps                  | 62          |
|    iterations           | 58          |
|    time_elapsed         | 1901        |
|    total_timesteps      | 118784      |
| train/                  |             |
|    approx_kl            | 0.016107384 |
|    clip_fraction        | 0.184       |
|    clip_range           | 0.2         |
|    entropy_loss         | -8.24       |
|    explained_variance   | 0.19        |
|    learning_rate        | 0.0003      |
|    loss                 | -0.0138     |
|    n_updates            | 570         |
|    policy_gradient_loss | -0.0226     |
|    std                  | 0.788       |
|    value_loss           | 0.00373     |
-----------------------------------------
------------------------------------------
| rollout/                |              |
|    ep_len_mean          | 42.4         |
|    ep_rew_mean          | -10.6        |
| time/                   |              |
|    fps                  | 62           |
|    iterations           | 59           |
|    time_elapsed         | 1937         |
|    total_timesteps      | 120832       |
| train/                  |              |
|    approx_kl            | 0.0147378305 |
|    clip_fraction        | 0.204        |
|    clip_range           | 0.2          |
|    entropy_loss         | -8.25        |
|    explained_variance   | 0.294        |
|    learning_rate        | 0.0003       |
|    loss                 | -0.0333      |
|    n_updates            | 580          |
|    policy_gradient_loss | -0.0289      |
|    std                  | 0.788        |
|    value_loss           | 0.00298      |
------------------------------------------
----------------------------------------
| rollout/                |            |
|    ep_len_mean          | 43.8       |
|    ep_rew_mean          | -11.4      |
| time/                   |            |
|    fps                  | 62         |
|    iterations           | 60         |
|    time_elapsed         | 1973       |
|    total_timesteps      | 122880     |
| train/                  |            |
|    approx_kl            | 0.01432774 |
|    clip_fraction        | 0.179      |
|    clip_range           | 0.2        |
|    entropy_loss         | -8.21      |
|    explained_variance   | 0.529      |
|    learning_rate        | 0.0003     |
|    loss                 | -0.0527    |
|    n_updates            | 590        |
|    policy_gradient_loss | -0.0242    |
|    std                  | 0.781      |
|    value_loss           | 0.00386    |
----------------------------------------
-----------------------------------------
| rollout/                |             |
|    ep_len_mean          | 37.7        |
|    ep_rew_mean          | -7.75       |
| time/                   |             |
|    fps                  | 62          |
|    iterations           | 61          |
|    time_elapsed         | 2011        |
|    total_timesteps      | 124928      |
| train/                  |             |
|    approx_kl            | 0.016540153 |
|    clip_fraction        | 0.193       |
|    clip_range           | 0.2         |
|    entropy_loss         | -8.16       |
|    explained_variance   | 0.263       |
|    learning_rate        | 0.0003      |
|    loss                 | -0.0308     |
|    n_updates            | 600         |
|    policy_gradient_loss | -0.0284     |
|    std                  | 0.776       |
|    value_loss           | 0.00408     |
-----------------------------------------
-----------------------------------------
| rollout/                |             |
|    ep_len_mean          | 34.5        |
|    ep_rew_mean          | -6.14       |
| time/                   |             |
|    fps                  | 61          |
|    iterations           | 62          |
|    time_elapsed         | 2048        |
|    total_timesteps      | 126976      |
| train/                  |             |
|    approx_kl            | 0.016909383 |
|    clip_fraction        | 0.204       |
|    clip_range           | 0.2         |
|    entropy_loss         | -8.12       |
|    explained_variance   | 0.503       |
|    learning_rate        | 0.0003      |
|    loss                 | -0.0239     |
|    n_updates            | 610         |
|    policy_gradient_loss | -0.0274     |
|    std                  | 0.773       |
|    value_loss           | 0.00375     |
-----------------------------------------
-----------------------------------------
| rollout/                |             |
|    ep_len_mean          | 35.9        |
|    ep_rew_mean          | -6.9        |
| time/                   |             |
|    fps                  | 61          |
|    iterations           | 63          |
|    time_elapsed         | 2085        |
|    total_timesteps      | 129024      |
| train/                  |             |
|    approx_kl            | 0.015937638 |
|    clip_fraction        | 0.201       |
|    clip_range           | 0.2         |
|    entropy_loss         | -8.08       |
|    explained_variance   | 0.163       |
|    learning_rate        | 0.0003      |
|    loss                 | -0.041      |
|    n_updates            | 620         |
|    policy_gradient_loss | -0.0274     |
|    std                  | 0.769       |
|    value_loss           | 0.00332     |
-----------------------------------------
-----------------------------------------
| rollout/                |             |
|    ep_len_mean          | 34          |
|    ep_rew_mean          | -5.83       |
| time/                   |             |
|    fps                  | 61          |
|    iterations           | 64          |
|    time_elapsed         | 2123        |
|    total_timesteps      | 131072      |
| train/                  |             |
|    approx_kl            | 0.016106702 |
|    clip_fraction        | 0.218       |
|    clip_range           | 0.2         |
|    entropy_loss         | -8.06       |
|    explained_variance   | 0.258       |
|    learning_rate        | 0.0003      |
|    loss                 | -0.00428    |
|    n_updates            | 630         |
|    policy_gradient_loss | -0.0279     |
|    std                  | 0.766       |
|    value_loss           | 0.00297     |
-----------------------------------------
-----------------------------------------
| rollout/                |             |
|    ep_len_mean          | 34.9        |
|    ep_rew_mean          | -6.49       |
| time/                   |             |
|    fps                  | 61          |
|    iterations           | 65          |
|    time_elapsed         | 2160        |
|    total_timesteps      | 133120      |
| train/                  |             |
|    approx_kl            | 0.017411225 |
|    clip_fraction        | 0.211       |
|    clip_range           | 0.2         |
|    entropy_loss         | -8.02       |
|    explained_variance   | 0.316       |
|    learning_rate        | 0.0003      |
|    loss                 | -0.0258     |
|    n_updates            | 640         |
|    policy_gradient_loss | -0.0256     |
|    std                  | 0.762       |
|    value_loss           | 0.00298     |
-----------------------------------------
-----------------------------------------
| rollout/                |             |
|    ep_len_mean          | 29          |
|    ep_rew_mean          | -2.85       |
| time/                   |             |
|    fps                  | 61          |
|    iterations           | 66          |
|    time_elapsed         | 2198        |
|    total_timesteps      | 135168      |
| train/                  |             |
|    approx_kl            | 0.014907245 |
|    clip_fraction        | 0.186       |
|    clip_range           | 0.2         |
|    entropy_loss         | -7.97       |
|    explained_variance   | 0.404       |
|    learning_rate        | 0.0003      |
|    loss                 | -0.0466     |
|    n_updates            | 650         |
|    policy_gradient_loss | -0.0241     |
|    std                  | 0.757       |
|    value_loss           | 0.00319     |
-----------------------------------------
----------------------------------------
| rollout/                |            |
|    ep_len_mean          | 33.6       |
|    ep_rew_mean          | -5.77      |
| time/                   |            |
|    fps                  | 61         |
|    iterations           | 67         |
|    time_elapsed         | 2235       |
|    total_timesteps      | 137216     |
| train/                  |            |
|    approx_kl            | 0.01849411 |
|    clip_fraction        | 0.221      |
|    clip_range           | 0.2        |
|    entropy_loss         | -7.95      |
|    explained_variance   | 0.244      |
|    learning_rate        | 0.0003     |
|    loss                 | -0.0115    |
|    n_updates            | 660        |
|    policy_gradient_loss | -0.029     |
|    std                  | 0.755      |
|    value_loss           | 0.00273    |
----------------------------------------
----------------------------------------
| rollout/                |            |
|    ep_len_mean          | 31.5       |
|    ep_rew_mean          | -3.93      |
| time/                   |            |
|    fps                  | 61         |
|    iterations           | 68         |
|    time_elapsed         | 2273       |
|    total_timesteps      | 139264     |
| train/                  |            |
|    approx_kl            | 0.01437127 |
|    clip_fraction        | 0.184      |
|    clip_range           | 0.2        |
|    entropy_loss         | -7.93      |
|    explained_variance   | 0.464      |
|    learning_rate        | 0.0003     |
|    loss                 | -0.0375    |
|    n_updates            | 670        |
|    policy_gradient_loss | -0.0262    |
|    std                  | 0.752      |
|    value_loss           | 0.00334    |
----------------------------------------
-----------------------------------------
| rollout/                |             |
|    ep_len_mean          | 28.1        |
|    ep_rew_mean          | -3.67       |
| time/                   |             |
|    fps                  | 61          |
|    iterations           | 69          |
|    time_elapsed         | 2312        |
|    total_timesteps      | 141312      |
| train/                  |             |
|    approx_kl            | 0.017122248 |
|    clip_fraction        | 0.206       |
|    clip_range           | 0.2         |
|    entropy_loss         | -7.88       |
|    explained_variance   | 0.319       |
|    learning_rate        | 0.0003      |
|    loss                 | -0.0523     |
|    n_updates            | 680         |
|    policy_gradient_loss | -0.0238     |
|    std                  | 0.746       |
|    value_loss           | 0.00358     |
-----------------------------------------
-----------------------------------------
| rollout/                |             |
|    ep_len_mean          | 30.2        |
|    ep_rew_mean          | -6.49       |
| time/                   |             |
|    fps                  | 60          |
|    iterations           | 70          |
|    time_elapsed         | 2350        |
|    total_timesteps      | 143360      |
| train/                  |             |
|    approx_kl            | 0.020264192 |
|    clip_fraction        | 0.201       |
|    clip_range           | 0.2         |
|    entropy_loss         | -7.85       |
|    explained_variance   | 0.804       |
|    learning_rate        | 0.0003      |
|    loss                 | 0.00615     |
|    n_updates            | 690         |
|    policy_gradient_loss | -0.0293     |
|    std                  | 0.745       |
|    value_loss           | 0.00364     |
-----------------------------------------
-----------------------------------------
| rollout/                |             |
|    ep_len_mean          | 30.7        |
|    ep_rew_mean          | -5.9        |
| time/                   |             |
|    fps                  | 60          |
|    iterations           | 71          |
|    time_elapsed         | 2388        |
|    total_timesteps      | 145408      |
| train/                  |             |
|    approx_kl            | 0.015321494 |
|    clip_fraction        | 0.192       |
|    clip_range           | 0.2         |
|    entropy_loss         | -7.81       |
|    explained_variance   | 0.565       |
|    learning_rate        | 0.0003      |
|    loss                 | -0.0504     |
|    n_updates            | 700         |
|    policy_gradient_loss | -0.0271     |
|    std                  | 0.738       |
|    value_loss           | 0.00355     |
-----------------------------------------
-----------------------------------------
| rollout/                |             |
|    ep_len_mean          | 30.9        |
|    ep_rew_mean          | -5.27       |
| time/                   |             |
|    fps                  | 60          |
|    iterations           | 72          |
|    time_elapsed         | 2426        |
|    total_timesteps      | 147456      |
| train/                  |             |
|    approx_kl            | 0.016685218 |
|    clip_fraction        | 0.193       |
|    clip_range           | 0.2         |
|    entropy_loss         | -7.77       |
|    explained_variance   | 0.833       |
|    learning_rate        | 0.0003      |
|    loss                 | -0.05       |
|    n_updates            | 710         |
|    policy_gradient_loss | -0.0277     |
|    std                  | 0.736       |
|    value_loss           | 0.0032      |
-----------------------------------------
-----------------------------------------
| rollout/                |             |
|    ep_len_mean          | 28.9        |
|    ep_rew_mean          | -2.35       |
| time/                   |             |
|    fps                  | 60          |
|    iterations           | 73          |
|    time_elapsed         | 2464        |
|    total_timesteps      | 149504      |
| train/                  |             |
|    approx_kl            | 0.017203359 |
|    clip_fraction        | 0.193       |
|    clip_range           | 0.2         |
|    entropy_loss         | -7.71       |
|    explained_variance   | 0.229       |
|    learning_rate        | 0.0003      |
|    loss                 | -0.0213     |
|    n_updates            | 720         |
|    policy_gradient_loss | -0.0271     |
|    std                  | 0.728       |
|    value_loss           | 0.00185     |
-----------------------------------------
-----------------------------------------
| rollout/                |             |
|    ep_len_mean          | 30          |
|    ep_rew_mean          | -3.14       |
| time/                   |             |
|    fps                  | 60          |
|    iterations           | 74          |
|    time_elapsed         | 2503        |
|    total_timesteps      | 151552      |
| train/                  |             |
|    approx_kl            | 0.016772743 |
|    clip_fraction        | 0.207       |
|    clip_range           | 0.2         |
|    entropy_loss         | -7.64       |
|    explained_variance   | 0.272       |
|    learning_rate        | 0.0003      |
|    loss                 | -0.0195     |
|    n_updates            | 730         |
|    policy_gradient_loss | -0.0265     |
|    std                  | 0.721       |
|    value_loss           | 0.0028      |
-----------------------------------------
-----------------------------------------
| rollout/                |             |
|    ep_len_mean          | 26.6        |
|    ep_rew_mean          | -1.46       |
| time/                   |             |
|    fps                  | 60          |
|    iterations           | 75          |
|    time_elapsed         | 2542        |
|    total_timesteps      | 153600      |
| train/                  |             |
|    approx_kl            | 0.016893966 |
|    clip_fraction        | 0.205       |
|    clip_range           | 0.2         |
|    entropy_loss         | -7.61       |
|    explained_variance   | 0.197       |
|    learning_rate        | 0.0003      |
|    loss                 | -0.053      |
|    n_updates            | 740         |
|    policy_gradient_loss | -0.028      |
|    std                  | 0.721       |
|    value_loss           | 0.00246     |
-----------------------------------------
-----------------------------------------
| rollout/                |             |
|    ep_len_mean          | 28.6        |
|    ep_rew_mean          | -1.49       |
| time/                   |             |
|    fps                  | 60          |
|    iterations           | 76          |
|    time_elapsed         | 2581        |
|    total_timesteps      | 155648      |
| train/                  |             |
|    approx_kl            | 0.017855644 |
|    clip_fraction        | 0.209       |
|    clip_range           | 0.2         |
|    entropy_loss         | -7.57       |
|    explained_variance   | 0.241       |
|    learning_rate        | 0.0003      |
|    loss                 | -0.0392     |
|    n_updates            | 750         |
|    policy_gradient_loss | -0.0239     |
|    std                  | 0.713       |
|    value_loss           | 0.00195     |
-----------------------------------------
-----------------------------------------
| rollout/                |             |
|    ep_len_mean          | 25.5        |
|    ep_rew_mean          | -0.832      |
| time/                   |             |
|    fps                  | 60          |
|    iterations           | 77          |
|    time_elapsed         | 2620        |
|    total_timesteps      | 157696      |
| train/                  |             |
|    approx_kl            | 0.018106464 |
|    clip_fraction        | 0.226       |
|    clip_range           | 0.2         |
|    entropy_loss         | -7.52       |
|    explained_variance   | 0.271       |
|    learning_rate        | 0.0003      |
|    loss                 | -0.0309     |
|    n_updates            | 760         |
|    policy_gradient_loss | -0.0259     |
|    std                  | 0.712       |
|    value_loss           | 0.00163     |
-----------------------------------------
-----------------------------------------
| rollout/                |             |
|    ep_len_mean          | 24.7        |
|    ep_rew_mean          | -0.42       |
| time/                   |             |
|    fps                  | 60          |
|    iterations           | 78          |
|    time_elapsed         | 2659        |
|    total_timesteps      | 159744      |
| train/                  |             |
|    approx_kl            | 0.015916822 |
|    clip_fraction        | 0.22        |
|    clip_range           | 0.2         |
|    entropy_loss         | -7.51       |
|    explained_variance   | 0.416       |
|    learning_rate        | 0.0003      |
|    loss                 | -0.0201     |
|    n_updates            | 770         |
|    policy_gradient_loss | -0.0278     |
|    std                  | 0.711       |
|    value_loss           | 0.00282     |
-----------------------------------------
-----------------------------------------
| rollout/                |             |
|    ep_len_mean          | 26.9        |
|    ep_rew_mean          | -1.19       |
| time/                   |             |
|    fps                  | 59          |
|    iterations           | 79          |
|    time_elapsed         | 2698        |
|    total_timesteps      | 161792      |
| train/                  |             |
|    approx_kl            | 0.018296696 |
|    clip_fraction        | 0.233       |
|    clip_range           | 0.2         |
|    entropy_loss         | -7.51       |
|    explained_variance   | 0.218       |
|    learning_rate        | 0.0003      |
|    loss                 | -0.019      |
|    n_updates            | 780         |
|    policy_gradient_loss | -0.0245     |
|    std                  | 0.711       |
|    value_loss           | 0.00212     |
-----------------------------------------
-----------------------------------------
| rollout/                |             |
|    ep_len_mean          | 26.4        |
|    ep_rew_mean          | -1.29       |
| time/                   |             |
|    fps                  | 59          |
|    iterations           | 80          |
|    time_elapsed         | 2737        |
|    total_timesteps      | 163840      |
| train/                  |             |
|    approx_kl            | 0.020975143 |
|    clip_fraction        | 0.242       |
|    clip_range           | 0.2         |
|    entropy_loss         | -7.48       |
|    explained_variance   | 0.392       |
|    learning_rate        | 0.0003      |
|    loss                 | -0.0456     |
|    n_updates            | 790         |
|    policy_gradient_loss | -0.0305     |
|    std                  | 0.708       |
|    value_loss           | 0.00233     |
-----------------------------------------
-----------------------------------------
| rollout/                |             |
|    ep_len_mean          | 28.8        |
|    ep_rew_mean          | -1.95       |
| time/                   |             |
|    fps                  | 59          |
|    iterations           | 81          |
|    time_elapsed         | 2775        |
|    total_timesteps      | 165888      |
| train/                  |             |
|    approx_kl            | 0.018549724 |
|    clip_fraction        | 0.217       |
|    clip_range           | 0.2         |
|    entropy_loss         | -7.46       |
|    explained_variance   | 0.488       |
|    learning_rate        | 0.0003      |
|    loss                 | -0.0489     |
|    n_updates            | 800         |
|    policy_gradient_loss | -0.0272     |
|    std                  | 0.706       |
|    value_loss           | 0.00206     |
-----------------------------------------
----------------------------------------
| rollout/                |            |
|    ep_len_mean          | 25.3       |
|    ep_rew_mean          | -0.39      |
| time/                   |            |
|    fps                  | 59         |
|    iterations           | 82         |
|    time_elapsed         | 2815       |
|    total_timesteps      | 167936     |
| train/                  |            |
|    approx_kl            | 0.01774333 |
|    clip_fraction        | 0.212      |
|    clip_range           | 0.2        |
|    entropy_loss         | -7.43      |
|    explained_variance   | 0.086      |
|    learning_rate        | 0.0003     |
|    loss                 | -0.0564    |
|    n_updates            | 810        |
|    policy_gradient_loss | -0.026     |
|    std                  | 0.702      |
|    value_loss           | 0.00163    |
----------------------------------------
-----------------------------------------
| rollout/                |             |
|    ep_len_mean          | 24          |
|    ep_rew_mean          | 0.413       |
| time/                   |             |
|    fps                  | 59          |
|    iterations           | 83          |
|    time_elapsed         | 2854        |
|    total_timesteps      | 169984      |
| train/                  |             |
|    approx_kl            | 0.023873297 |
|    clip_fraction        | 0.259       |
|    clip_range           | 0.2         |
|    entropy_loss         | -7.4        |
|    explained_variance   | 0.185       |
|    learning_rate        | 0.0003      |
|    loss                 | -0.0374     |
|    n_updates            | 820         |
|    policy_gradient_loss | -0.034      |
|    std                  | 0.7         |
|    value_loss           | 0.00161     |
-----------------------------------------
-----------------------------------------
| rollout/                |             |
|    ep_len_mean          | 23.8        |
|    ep_rew_mean          | 0.682       |
| time/                   |             |
|    fps                  | 59          |
|    iterations           | 84          |
|    time_elapsed         | 2894        |
|    total_timesteps      | 172032      |
| train/                  |             |
|    approx_kl            | 0.016954996 |
|    clip_fraction        | 0.211       |
|    clip_range           | 0.2         |
|    entropy_loss         | -7.36       |
|    explained_variance   | 0.191       |
|    learning_rate        | 0.0003      |
|    loss                 | -0.0504     |
|    n_updates            | 830         |
|    policy_gradient_loss | -0.0264     |
|    std                  | 0.696       |
|    value_loss           | 0.00127     |
-----------------------------------------
-----------------------------------------
| rollout/                |             |
|    ep_len_mean          | 23.6        |
|    ep_rew_mean          | 1.11        |
| time/                   |             |
|    fps                  | 59          |
|    iterations           | 85          |
|    time_elapsed         | 2933        |
|    total_timesteps      | 174080      |
| train/                  |             |
|    approx_kl            | 0.021181827 |
|    clip_fraction        | 0.252       |
|    clip_range           | 0.2         |
|    entropy_loss         | -7.32       |
|    explained_variance   | 0.262       |
|    learning_rate        | 0.0003      |
|    loss                 | -0.0396     |
|    n_updates            | 840         |
|    policy_gradient_loss | -0.0285     |
|    std                  | 0.693       |
|    value_loss           | 0.00143     |
-----------------------------------------
----------------------------------------
| rollout/                |            |
|    ep_len_mean          | 21.1       |
|    ep_rew_mean          | 1.76       |
| time/                   |            |
|    fps                  | 59         |
|    iterations           | 86         |
|    time_elapsed         | 2974       |
|    total_timesteps      | 176128     |
| train/                  |            |
|    approx_kl            | 0.01857756 |
|    clip_fraction        | 0.243      |
|    clip_range           | 0.2        |
|    entropy_loss         | -7.27      |
|    explained_variance   | 0.236      |
|    learning_rate        | 0.0003     |
|    loss                 | -0.0515    |
|    n_updates            | 850        |
|    policy_gradient_loss | -0.0291    |
|    std                  | 0.685      |
|    value_loss           | 0.00125    |
----------------------------------------
-----------------------------------------
| rollout/                |             |
|    ep_len_mean          | 23.1        |
|    ep_rew_mean          | 0.888       |
| time/                   |             |
|    fps                  | 59          |
|    iterations           | 87          |
|    time_elapsed         | 3014        |
|    total_timesteps      | 178176      |
| train/                  |             |
|    approx_kl            | 0.017089989 |
|    clip_fraction        | 0.2         |
|    clip_range           | 0.2         |
|    entropy_loss         | -7.22       |
|    explained_variance   | 0.121       |
|    learning_rate        | 0.0003      |
|    loss                 | -0.0654     |
|    n_updates            | 860         |
|    policy_gradient_loss | -0.0263     |
|    std                  | 0.681       |
|    value_loss           | 0.00112     |
-----------------------------------------
-----------------------------------------
| rollout/                |             |
|    ep_len_mean          | 23.2        |
|    ep_rew_mean          | 0.931       |
| time/                   |             |
|    fps                  | 59          |
|    iterations           | 88          |
|    time_elapsed         | 3053        |
|    total_timesteps      | 180224      |
| train/                  |             |
|    approx_kl            | 0.021273587 |
|    clip_fraction        | 0.218       |
|    clip_range           | 0.2         |
|    entropy_loss         | -7.18       |
|    explained_variance   | 0.0966      |
|    learning_rate        | 0.0003      |
|    loss                 | -0.0208     |
|    n_updates            | 870         |
|    policy_gradient_loss | -0.0267     |
|    std                  | 0.679       |
|    value_loss           | 0.00108     |
-----------------------------------------
----------------------------------------
| rollout/                |            |
|    ep_len_mean          | 23.3       |
|    ep_rew_mean          | 0.559      |
| time/                   |            |
|    fps                  | 58         |
|    iterations           | 89         |
|    time_elapsed         | 3093       |
|    total_timesteps      | 182272     |
| train/                  |            |
|    approx_kl            | 0.02096985 |
|    clip_fraction        | 0.227      |
|    clip_range           | 0.2        |
|    entropy_loss         | -7.14      |
|    explained_variance   | 0.146      |
|    learning_rate        | 0.0003     |
|    loss                 | -0.0264    |
|    n_updates            | 880        |
|    policy_gradient_loss | -0.0285    |
|    std                  | 0.673      |
|    value_loss           | 0.00131    |
----------------------------------------
-----------------------------------------
| rollout/                |             |
|    ep_len_mean          | 23.8        |
|    ep_rew_mean          | -2.3        |
| time/                   |             |
|    fps                  | 58          |
|    iterations           | 90          |
|    time_elapsed         | 3132        |
|    total_timesteps      | 184320      |
| train/                  |             |
|    approx_kl            | 0.019244561 |
|    clip_fraction        | 0.224       |
|    clip_range           | 0.2         |
|    entropy_loss         | -7.1        |
|    explained_variance   | 0.2         |
|    learning_rate        | 0.0003      |
|    loss                 | -0.0224     |
|    n_updates            | 890         |
|    policy_gradient_loss | -0.0271     |
|    std                  | 0.671       |
|    value_loss           | 0.00129     |
-----------------------------------------
-----------------------------------------
| rollout/                |             |
|    ep_len_mean          | 21.5        |
|    ep_rew_mean          | 1.68        |
| time/                   |             |
|    fps                  | 58          |
|    iterations           | 91          |
|    time_elapsed         | 3173        |
|    total_timesteps      | 186368      |
| train/                  |             |
|    approx_kl            | 0.025620643 |
|    clip_fraction        | 0.229       |
|    clip_range           | 0.2         |
|    entropy_loss         | -7.09       |
|    explained_variance   | 0.798       |
|    learning_rate        | 0.0003      |
|    loss                 | -0.0478     |
|    n_updates            | 900         |
|    policy_gradient_loss | -0.0227     |
|    std                  | 0.671       |
|    value_loss           | 0.00318     |
-----------------------------------------
----------------------------------------
| rollout/                |            |
|    ep_len_mean          | 21.2       |
|    ep_rew_mean          | 2.02       |
| time/                   |            |
|    fps                  | 58         |
|    iterations           | 92         |
|    time_elapsed         | 3213       |
|    total_timesteps      | 188416     |
| train/                  |            |
|    approx_kl            | 0.02303603 |
|    clip_fraction        | 0.236      |
|    clip_range           | 0.2        |
|    entropy_loss         | -7.07      |
|    explained_variance   | 0.173      |
|    learning_rate        | 0.0003     |
|    loss                 | -0.0754    |
|    n_updates            | 910        |
|    policy_gradient_loss | -0.0285    |
|    std                  | 0.669      |
|    value_loss           | 0.00135    |
----------------------------------------
-----------------------------------------
| rollout/                |             |
|    ep_len_mean          | 21.3        |
|    ep_rew_mean          | 1.56        |
| time/                   |             |
|    fps                  | 58          |
|    iterations           | 93          |
|    time_elapsed         | 3253        |
|    total_timesteps      | 190464      |
| train/                  |             |
|    approx_kl            | 0.020061117 |
|    clip_fraction        | 0.235       |
|    clip_range           | 0.2         |
|    entropy_loss         | -7.03       |
|    explained_variance   | 0.145       |
|    learning_rate        | 0.0003      |
|    loss                 | -0.016      |
|    n_updates            | 920         |
|    policy_gradient_loss | -0.028      |
|    std                  | 0.662       |
|    value_loss           | 0.000948    |
-----------------------------------------
-----------------------------------------
| rollout/                |             |
|    ep_len_mean          | 23.1        |
|    ep_rew_mean          | -2.19       |
| time/                   |             |
|    fps                  | 58          |
|    iterations           | 94          |
|    time_elapsed         | 3292        |
|    total_timesteps      | 192512      |
| train/                  |             |
|    approx_kl            | 0.018586203 |
|    clip_fraction        | 0.246       |
|    clip_range           | 0.2         |
|    entropy_loss         | -6.95       |
|    explained_variance   | 0.336       |
|    learning_rate        | 0.0003      |
|    loss                 | -0.037      |
|    n_updates            | 930         |
|    policy_gradient_loss | -0.0286     |
|    std                  | 0.656       |
|    value_loss           | 0.00104     |
-----------------------------------------
-----------------------------------------
| rollout/                |             |
|    ep_len_mean          | 20.4        |
|    ep_rew_mean          | 1.95        |
| time/                   |             |
|    fps                  | 58          |
|    iterations           | 95          |
|    time_elapsed         | 3333        |
|    total_timesteps      | 194560      |
| train/                  |             |
|    approx_kl            | 0.042820416 |
|    clip_fraction        | 0.215       |
|    clip_range           | 0.2         |
|    entropy_loss         | -6.91       |
|    explained_variance   | 0.758       |
|    learning_rate        | 0.0003      |
|    loss                 | -0.0509     |
|    n_updates            | 940         |
|    policy_gradient_loss | -0.0232     |
|    std                  | 0.652       |
|    value_loss           | 0.00266     |
-----------------------------------------
-----------------------------------------
| rollout/                |             |
|    ep_len_mean          | 19.9        |
|    ep_rew_mean          | 2.16        |
| time/                   |             |
|    fps                  | 58          |
|    iterations           | 96          |
|    time_elapsed         | 3374        |
|    total_timesteps      | 196608      |
| train/                  |             |
|    approx_kl            | 0.019325942 |
|    clip_fraction        | 0.218       |
|    clip_range           | 0.2         |
|    entropy_loss         | -6.87       |
|    explained_variance   | 0.0341      |
|    learning_rate        | 0.0003      |
|    loss                 | -0.0756     |
|    n_updates            | 950         |
|    policy_gradient_loss | -0.0251     |
|    std                  | 0.65        |
|    value_loss           | 0.00121     |
-----------------------------------------
-----------------------------------------
| rollout/                |             |
|    ep_len_mean          | 19.2        |
|    ep_rew_mean          | 2.2         |
| time/                   |             |
|    fps                  | 58          |
|    iterations           | 97          |
|    time_elapsed         | 3415        |
|    total_timesteps      | 198656      |
| train/                  |             |
|    approx_kl            | 0.024062477 |
|    clip_fraction        | 0.242       |
|    clip_range           | 0.2         |
|    entropy_loss         | -6.86       |
|    explained_variance   | 0.427       |
|    learning_rate        | 0.0003      |
|    loss                 | -0.0185     |
|    n_updates            | 960         |
|    policy_gradient_loss | -0.0281     |
|    std                  | 0.651       |
|    value_loss           | 0.00129     |
-----------------------------------------
-----------------------------------------
| rollout/                |             |
|    ep_len_mean          | 18.2        |
|    ep_rew_mean          | 3.27        |
| time/                   |             |
|    fps                  | 58          |
|    iterations           | 98          |
|    time_elapsed         | 3456        |
|    total_timesteps      | 200704      |
| train/                  |             |
|    approx_kl            | 0.020906188 |
|    clip_fraction        | 0.249       |
|    clip_range           | 0.2         |
|    entropy_loss         | -6.85       |
|    explained_variance   | 0.506       |
|    learning_rate        | 0.0003      |
|    loss                 | -0.0628     |
|    n_updates            | 970         |
|    policy_gradient_loss | -0.0271     |
|    std                  | 0.648       |
|    value_loss           | 0.00191     |
-----------------------------------------
-----------------------------------------
| rollout/                |             |
|    ep_len_mean          | 18.2        |
|    ep_rew_mean          | 3.02        |
| time/                   |             |
|    fps                  | 57          |
|    iterations           | 99          |
|    time_elapsed         | 3497        |
|    total_timesteps      | 202752      |
| train/                  |             |
|    approx_kl            | 0.024603993 |
|    clip_fraction        | 0.286       |
|    clip_range           | 0.2         |
|    entropy_loss         | -6.8        |
|    explained_variance   | -0.041      |
|    learning_rate        | 0.0003      |
|    loss                 | -0.0316     |
|    n_updates            | 980         |
|    policy_gradient_loss | -0.0296     |
|    std                  | 0.643       |
|    value_loss           | 0.000807    |
-----------------------------------------
-----------------------------------------
| rollout/                |             |
|    ep_len_mean          | 19.9        |
|    ep_rew_mean          | 2.48        |
| time/                   |             |
|    fps                  | 57          |
|    iterations           | 100         |
|    time_elapsed         | 3538        |
|    total_timesteps      | 204800      |
| train/                  |             |
|    approx_kl            | 0.021337505 |
|    clip_fraction        | 0.265       |
|    clip_range           | 0.2         |
|    entropy_loss         | -6.76       |
|    explained_variance   | 0.174       |
|    learning_rate        | 0.0003      |
|    loss                 | -0.031      |
|    n_updates            | 990         |
|    policy_gradient_loss | -0.0308     |
|    std                  | 0.64        |
|    value_loss           | 0.000669    |
-----------------------------------------
-----------------------------------------
| rollout/                |             |
|    ep_len_mean          | 20.8        |
|    ep_rew_mean          | 1.97        |
| time/                   |             |
|    fps                  | 57          |
|    iterations           | 101         |
|    time_elapsed         | 3579        |
|    total_timesteps      | 206848      |
| train/                  |             |
|    approx_kl            | 0.022827782 |
|    clip_fraction        | 0.259       |
|    clip_range           | 0.2         |
|    entropy_loss         | -6.73       |
|    explained_variance   | 0.324       |
|    learning_rate        | 0.0003      |
|    loss                 | -0.0531     |
|    n_updates            | 1000        |
|    policy_gradient_loss | -0.0278     |
|    std                  | 0.637       |
|    value_loss           | 0.00114     |
-----------------------------------------
----------------------------------------
| rollout/                |            |
|    ep_len_mean          | 18.8       |
|    ep_rew_mean          | 2.75       |
| time/                   |            |
|    fps                  | 57         |
|    iterations           | 102        |
|    time_elapsed         | 3620       |
|    total_timesteps      | 208896     |
| train/                  |            |
|    approx_kl            | 0.02343433 |
|    clip_fraction        | 0.247      |
|    clip_range           | 0.2        |
|    entropy_loss         | -6.71      |
|    explained_variance   | 0.442      |
|    learning_rate        | 0.0003     |
|    loss                 | -0.0344    |
|    n_updates            | 1010       |
|    policy_gradient_loss | -0.025     |
|    std                  | 0.636      |
|    value_loss           | 0.00146    |
----------------------------------------
-----------------------------------------
| rollout/                |             |
|    ep_len_mean          | 19.4        |
|    ep_rew_mean          | 2.73        |
| time/                   |             |
|    fps                  | 57          |
|    iterations           | 103         |
|    time_elapsed         | 3661        |
|    total_timesteps      | 210944      |
| train/                  |             |
|    approx_kl            | 0.021440335 |
|    clip_fraction        | 0.241       |
|    clip_range           | 0.2         |
|    entropy_loss         | -6.68       |
|    explained_variance   | 0.254       |
|    learning_rate        | 0.0003      |
|    loss                 | -0.0289     |
|    n_updates            | 1020        |
|    policy_gradient_loss | -0.0286     |
|    std                  | 0.632       |
|    value_loss           | 0.000956    |
-----------------------------------------
-----------------------------------------
| rollout/                |             |
|    ep_len_mean          | 18.1        |
|    ep_rew_mean          | 3.32        |
| time/                   |             |
|    fps                  | 57          |
|    iterations           | 104         |
|    time_elapsed         | 3703        |
|    total_timesteps      | 212992      |
| train/                  |             |
|    approx_kl            | 0.020730417 |
|    clip_fraction        | 0.238       |
|    clip_range           | 0.2         |
|    entropy_loss         | -6.64       |
|    explained_variance   | 0.174       |
|    learning_rate        | 0.0003      |
|    loss                 | -0.0361     |
|    n_updates            | 1030        |
|    policy_gradient_loss | -0.0279     |
|    std                  | 0.63        |
|    value_loss           | 0.00102     |
-----------------------------------------
-----------------------------------------
| rollout/                |             |
|    ep_len_mean          | 18.7        |
|    ep_rew_mean          | 3.06        |
| time/                   |             |
|    fps                  | 57          |
|    iterations           | 105         |
|    time_elapsed         | 3744        |
|    total_timesteps      | 215040      |
| train/                  |             |
|    approx_kl            | 0.021329008 |
|    clip_fraction        | 0.261       |
|    clip_range           | 0.2         |
|    entropy_loss         | -6.61       |
|    explained_variance   | 0.303       |
|    learning_rate        | 0.0003      |
|    loss                 | -0.0335     |
|    n_updates            | 1040        |
|    policy_gradient_loss | -0.0271     |
|    std                  | 0.627       |
|    value_loss           | 0.000786    |
-----------------------------------------
-----------------------------------------
| rollout/                |             |
|    ep_len_mean          | 17.8        |
|    ep_rew_mean          | 3.61        |
| time/                   |             |
|    fps                  | 57          |
|    iterations           | 106         |
|    time_elapsed         | 3786        |
|    total_timesteps      | 217088      |
| train/                  |             |
|    approx_kl            | 0.023996098 |
|    clip_fraction        | 0.265       |
|    clip_range           | 0.2         |
|    entropy_loss         | -6.57       |
|    explained_variance   | 0.208       |
|    learning_rate        | 0.0003      |
|    loss                 | -0.0577     |
|    n_updates            | 1050        |
|    policy_gradient_loss | -0.0315     |
|    std                  | 0.623       |
|    value_loss           | 0.000895    |
-----------------------------------------
-----------------------------------------
| rollout/                |             |
|    ep_len_mean          | 19.1        |
|    ep_rew_mean          | 3.16        |
| time/                   |             |
|    fps                  | 57          |
|    iterations           | 107         |
|    time_elapsed         | 3827        |
|    total_timesteps      | 219136      |
| train/                  |             |
|    approx_kl            | 0.021025844 |
|    clip_fraction        | 0.233       |
|    clip_range           | 0.2         |
|    entropy_loss         | -6.5        |
|    explained_variance   | 0.231       |
|    learning_rate        | 0.0003      |
|    loss                 | -0.0727     |
|    n_updates            | 1060        |
|    policy_gradient_loss | -0.0248     |
|    std                  | 0.616       |
|    value_loss           | 0.000533    |
-----------------------------------------
-----------------------------------------
| rollout/                |             |
|    ep_len_mean          | 17          |
|    ep_rew_mean          | 3.71        |
| time/                   |             |
|    fps                  | 57          |
|    iterations           | 108         |
|    time_elapsed         | 3870        |
|    total_timesteps      | 221184      |
| train/                  |             |
|    approx_kl            | 0.019772619 |
|    clip_fraction        | 0.232       |
|    clip_range           | 0.2         |
|    entropy_loss         | -6.46       |
|    explained_variance   | 0.289       |
|    learning_rate        | 0.0003      |
|    loss                 | -0.0163     |
|    n_updates            | 1070        |
|    policy_gradient_loss | -0.024      |
|    std                  | 0.615       |
|    value_loss           | 0.000748    |
-----------------------------------------
-----------------------------------------
| rollout/                |             |
|    ep_len_mean          | 19.2        |
|    ep_rew_mean          | 3.22        |
| time/                   |             |
|    fps                  | 57          |
|    iterations           | 109         |
|    time_elapsed         | 3911        |
|    total_timesteps      | 223232      |
| train/                  |             |
|    approx_kl            | 0.025093932 |
|    clip_fraction        | 0.261       |
|    clip_range           | 0.2         |
|    entropy_loss         | -6.41       |
|    explained_variance   | 0.397       |
|    learning_rate        | 0.0003      |
|    loss                 | -0.026      |
|    n_updates            | 1080        |
|    policy_gradient_loss | -0.0303     |
|    std                  | 0.608       |
|    value_loss           | 0.000809    |
-----------------------------------------
-----------------------------------------
| rollout/                |             |
|    ep_len_mean          | 18.7        |
|    ep_rew_mean          | 3.33        |
| time/                   |             |
|    fps                  | 56          |
|    iterations           | 110         |
|    time_elapsed         | 3953        |
|    total_timesteps      | 225280      |
| train/                  |             |
|    approx_kl            | 0.020132683 |
|    clip_fraction        | 0.243       |
|    clip_range           | 0.2         |
|    entropy_loss         | -6.37       |
|    explained_variance   | 0.353       |
|    learning_rate        | 0.0003      |
|    loss                 | -0.011      |
|    n_updates            | 1090        |
|    policy_gradient_loss | -0.029      |
|    std                  | 0.606       |
|    value_loss           | 0.000891    |
-----------------------------------------
-----------------------------------------
| rollout/                |             |
|    ep_len_mean          | 17.4        |
|    ep_rew_mean          | 3.66        |
| time/                   |             |
|    fps                  | 56          |
|    iterations           | 111         |
|    time_elapsed         | 3995        |
|    total_timesteps      | 227328      |
| train/                  |             |
|    approx_kl            | 0.020262381 |
|    clip_fraction        | 0.245       |
|    clip_range           | 0.2         |
|    entropy_loss         | -6.35       |
|    explained_variance   | 0.205       |
|    learning_rate        | 0.0003      |
|    loss                 | -0.0395     |
|    n_updates            | 1100        |
|    policy_gradient_loss | -0.026      |
|    std                  | 0.605       |
|    value_loss           | 0.000802    |
-----------------------------------------
-----------------------------------------
| rollout/                |             |
|    ep_len_mean          | 18.7        |
|    ep_rew_mean          | 3.03        |
| time/                   |             |
|    fps                  | 56          |
|    iterations           | 112         |
|    time_elapsed         | 4036        |
|    total_timesteps      | 229376      |
| train/                  |             |
|    approx_kl            | 0.019964218 |
|    clip_fraction        | 0.245       |
|    clip_range           | 0.2         |
|    entropy_loss         | -6.32       |
|    explained_variance   | 0.184       |
|    learning_rate        | 0.0003      |
|    loss                 | -0.0683     |
|    n_updates            | 1110        |
|    policy_gradient_loss | -0.0254     |
|    std                  | 0.601       |
|    value_loss           | 0.000672    |
-----------------------------------------
-----------------------------------------
| rollout/                |             |
|    ep_len_mean          | 17.5        |
|    ep_rew_mean          | 3.47        |
| time/                   |             |
|    fps                  | 56          |
|    iterations           | 113         |
|    time_elapsed         | 4078        |
|    total_timesteps      | 231424      |
| train/                  |             |
|    approx_kl            | 0.020679206 |
|    clip_fraction        | 0.274       |
|    clip_range           | 0.2         |
|    entropy_loss         | -6.28       |
|    explained_variance   | 0.37        |
|    learning_rate        | 0.0003      |
|    loss                 | -0.0469     |
|    n_updates            | 1120        |
|    policy_gradient_loss | -0.0266     |
|    std                  | 0.597       |
|    value_loss           | 0.000978    |
-----------------------------------------
-----------------------------------------
| rollout/                |             |
|    ep_len_mean          | 17.6        |
|    ep_rew_mean          | 0.65        |
| time/                   |             |
|    fps                  | 56          |
|    iterations           | 114         |
|    time_elapsed         | 4120        |
|    total_timesteps      | 233472      |
| train/                  |             |
|    approx_kl            | 0.020224705 |
|    clip_fraction        | 0.256       |
|    clip_range           | 0.2         |
|    entropy_loss         | -6.26       |
|    explained_variance   | 0.161       |
|    learning_rate        | 0.0003      |
|    loss                 | -0.0311     |
|    n_updates            | 1130        |
|    policy_gradient_loss | -0.025      |
|    std                  | 0.597       |
|    value_loss           | 0.000934    |
-----------------------------------------
-----------------------------------------
| rollout/                |             |
|    ep_len_mean          | 17.4        |
|    ep_rew_mean          | 3.82        |
| time/                   |             |
|    fps                  | 56          |
|    iterations           | 115         |
|    time_elapsed         | 4162        |
|    total_timesteps      | 235520      |
| train/                  |             |
|    approx_kl            | 0.027259268 |
|    clip_fraction        | 0.221       |
|    clip_range           | 0.2         |
|    entropy_loss         | -6.27       |
|    explained_variance   | 0.791       |
|    learning_rate        | 0.0003      |
|    loss                 | -0.00196    |
|    n_updates            | 1140        |
|    policy_gradient_loss | -0.0178     |
|    std                  | 0.598       |
|    value_loss           | 0.00197     |
-----------------------------------------
-----------------------------------------
| rollout/                |             |
|    ep_len_mean          | 17.6        |
|    ep_rew_mean          | 3.86        |
| time/                   |             |
|    fps                  | 56          |
|    iterations           | 116         |
|    time_elapsed         | 4205        |
|    total_timesteps      | 237568      |
| train/                  |             |
|    approx_kl            | 0.020506289 |
|    clip_fraction        | 0.245       |
|    clip_range           | 0.2         |
|    entropy_loss         | -6.24       |
|    explained_variance   | 0.0247      |
|    learning_rate        | 0.0003      |
|    loss                 | -0.0269     |
|    n_updates            | 1150        |
|    policy_gradient_loss | -0.0273     |
|    std                  | 0.594       |
|    value_loss           | 0.000755    |
-----------------------------------------
-----------------------------------------
| rollout/                |             |
|    ep_len_mean          | 19.3        |
|    ep_rew_mean          | 3.04        |
| time/                   |             |
|    fps                  | 56          |
|    iterations           | 117         |
|    time_elapsed         | 4246        |
|    total_timesteps      | 239616      |
| train/                  |             |
|    approx_kl            | 0.021569021 |
|    clip_fraction        | 0.251       |
|    clip_range           | 0.2         |
|    entropy_loss         | -6.21       |
|    explained_variance   | 0.228       |
|    learning_rate        | 0.0003      |
|    loss                 | -0.0596     |
|    n_updates            | 1160        |
|    policy_gradient_loss | -0.0244     |
|    std                  | 0.592       |
|    value_loss           | 0.000556    |
-----------------------------------------
-----------------------------------------
| rollout/                |             |
|    ep_len_mean          | 17.3        |
|    ep_rew_mean          | 3.71        |
| time/                   |             |
|    fps                  | 56          |
|    iterations           | 118         |
|    time_elapsed         | 4288        |
|    total_timesteps      | 241664      |
| train/                  |             |
|    approx_kl            | 0.022219334 |
|    clip_fraction        | 0.238       |
|    clip_range           | 0.2         |
|    entropy_loss         | -6.17       |
|    explained_variance   | 0.741       |
|    learning_rate        | 0.0003      |
|    loss                 | -0.0152     |
|    n_updates            | 1170        |
|    policy_gradient_loss | -0.025      |
|    std                  | 0.587       |
|    value_loss           | 0.00206     |
-----------------------------------------
-----------------------------------------
| rollout/                |             |
|    ep_len_mean          | 17.7        |
|    ep_rew_mean          | 3.49        |
| time/                   |             |
|    fps                  | 56          |
|    iterations           | 119         |
|    time_elapsed         | 4330        |
|    total_timesteps      | 243712      |
| train/                  |             |
|    approx_kl            | 0.082478106 |
|    clip_fraction        | 0.224       |
|    clip_range           | 0.2         |
|    entropy_loss         | -6.1        |
|    explained_variance   | 0.595       |
|    learning_rate        | 0.0003      |
|    loss                 | -0.0414     |
|    n_updates            | 1180        |
|    policy_gradient_loss | -0.0243     |
|    std                  | 0.579       |
|    value_loss           | 0.00497     |
-----------------------------------------
-----------------------------------------
| rollout/                |             |
|    ep_len_mean          | 17.9        |
|    ep_rew_mean          | 3.43        |
| time/                   |             |
|    fps                  | 56          |
|    iterations           | 120         |
|    time_elapsed         | 4372        |
|    total_timesteps      | 245760      |
| train/                  |             |
|    approx_kl            | 0.020928623 |
|    clip_fraction        | 0.273       |
|    clip_range           | 0.2         |
|    entropy_loss         | -6.01       |
|    explained_variance   | 0.131       |
|    learning_rate        | 0.0003      |
|    loss                 | -0.0414     |
|    n_updates            | 1190        |
|    policy_gradient_loss | -0.0315     |
|    std                  | 0.576       |
|    value_loss           | 0.00128     |
-----------------------------------------
-----------------------------------------
| rollout/                |             |
|    ep_len_mean          | 18.8        |
|    ep_rew_mean          | 2.54        |
| time/                   |             |
|    fps                  | 56          |
|    iterations           | 121         |
|    time_elapsed         | 4414        |
|    total_timesteps      | 247808      |
| train/                  |             |
|    approx_kl            | 0.022943689 |
|    clip_fraction        | 0.271       |
|    clip_range           | 0.2         |
|    entropy_loss         | -5.99       |
|    explained_variance   | 0.279       |
|    learning_rate        | 0.0003      |
|    loss                 | -0.0127     |
|    n_updates            | 1200        |
|    policy_gradient_loss | -0.0299     |
|    std                  | 0.574       |
|    value_loss           | 0.00259     |
-----------------------------------------
-----------------------------------------
| rollout/                |             |
|    ep_len_mean          | 17.3        |
|    ep_rew_mean          | 3.7         |
| time/                   |             |
|    fps                  | 56          |
|    iterations           | 122         |
|    time_elapsed         | 4455        |
|    total_timesteps      | 249856      |
| train/                  |             |
|    approx_kl            | 0.024436118 |
|    clip_fraction        | 0.276       |
|    clip_range           | 0.2         |
|    entropy_loss         | -5.97       |
|    explained_variance   | 0.775       |
|    learning_rate        | 0.0003      |
|    loss                 | -0.0397     |
|    n_updates            | 1210        |
|    policy_gradient_loss | -0.0261     |
|    std                  | 0.572       |
|    value_loss           | 0.00407     |
-----------------------------------------
-----------------------------------------
| rollout/                |             |
|    ep_len_mean          | 20          |
|    ep_rew_mean          | 0.0759      |
| time/                   |             |
|    fps                  | 56          |
|    iterations           | 123         |
|    time_elapsed         | 4491        |
|    total_timesteps      | 251904      |
| train/                  |             |
|    approx_kl            | 0.025302015 |
|    clip_fraction        | 0.276       |
|    clip_range           | 0.2         |
|    entropy_loss         | -5.94       |
|    explained_variance   | -0.0185     |
|    learning_rate        | 0.0003      |
|    loss                 | -0.00788    |
|    n_updates            | 1220        |
|    policy_gradient_loss | -0.027      |
|    std                  | 0.57        |
|    value_loss           | 0.00163     |
-----------------------------------------
----------------------------------------
| rollout/                |            |
|    ep_len_mean          | 16.4       |
|    ep_rew_mean          | 4.28       |
| time/                   |            |
|    fps                  | 56         |
|    iterations           | 124        |
|    time_elapsed         | 4530       |
|    total_timesteps      | 253952     |
| train/                  |            |
|    approx_kl            | 0.02700255 |
|    clip_fraction        | 0.209      |
|    clip_range           | 0.2        |
|    entropy_loss         | -5.94      |
|    explained_variance   | 0.883      |
|    learning_rate        | 0.0003     |
|    loss                 | -0.0512    |
|    n_updates            | 1230       |
|    policy_gradient_loss | -0.0106    |
|    std                  | 0.571      |
|    value_loss           | 0.00367    |
----------------------------------------
----------------------------------------
| rollout/                |            |
|    ep_len_mean          | 16.2       |
|    ep_rew_mean          | 4.24       |
| time/                   |            |
|    fps                  | 56         |
|    iterations           | 125        |
|    time_elapsed         | 4567       |
|    total_timesteps      | 256000     |
| train/                  |            |
|    approx_kl            | 0.02268832 |
|    clip_fraction        | 0.268      |
|    clip_range           | 0.2        |
|    entropy_loss         | -5.94      |
|    explained_variance   | -0.0865    |
|    learning_rate        | 0.0003     |
|    loss                 | -0.0431    |
|    n_updates            | 1240       |
|    policy_gradient_loss | -0.0243    |
|    std                  | 0.57       |
|    value_loss           | 0.000678   |
----------------------------------------
-----------------------------------------
| rollout/                |             |
|    ep_len_mean          | 16.3        |
|    ep_rew_mean          | 4.06        |
| time/                   |             |
|    fps                  | 56          |
|    iterations           | 126         |
|    time_elapsed         | 4605        |
|    total_timesteps      | 258048      |
| train/                  |             |
|    approx_kl            | 0.022194322 |
|    clip_fraction        | 0.265       |
|    clip_range           | 0.2         |
|    entropy_loss         | -5.9        |
|    explained_variance   | 0.135       |
|    learning_rate        | 0.0003      |
|    loss                 | -0.0391     |
|    n_updates            | 1250        |
|    policy_gradient_loss | -0.0295     |
|    std                  | 0.566       |
|    value_loss           | 0.000866    |
-----------------------------------------
-----------------------------------------
| rollout/                |             |
|    ep_len_mean          | 17          |
|    ep_rew_mean          | 3.73        |
| time/                   |             |
|    fps                  | 56          |
|    iterations           | 127         |
|    time_elapsed         | 4643        |
|    total_timesteps      | 260096      |
| train/                  |             |
|    approx_kl            | 0.024533115 |
|    clip_fraction        | 0.275       |
|    clip_range           | 0.2         |
|    entropy_loss         | -5.86       |
|    explained_variance   | 0.118       |
|    learning_rate        | 0.0003      |
|    loss                 | -0.0525     |
|    n_updates            | 1260        |
|    policy_gradient_loss | -0.0299     |
|    std                  | 0.563       |
|    value_loss           | 0.000993    |
-----------------------------------------
-----------------------------------------
| rollout/                |             |
|    ep_len_mean          | 16          |
|    ep_rew_mean          | 4.34        |
| time/                   |             |
|    fps                  | 56          |
|    iterations           | 128         |
|    time_elapsed         | 4681        |
|    total_timesteps      | 262144      |
| train/                  |             |
|    approx_kl            | 0.023098819 |
|    clip_fraction        | 0.268       |
|    clip_range           | 0.2         |
|    entropy_loss         | -5.82       |
|    explained_variance   | 0.403       |
|    learning_rate        | 0.0003      |
|    loss                 | -0.0477     |
|    n_updates            | 1270        |
|    policy_gradient_loss | -0.0336     |
|    std                  | 0.56        |
|    value_loss           | 0.00118     |
-----------------------------------------
-----------------------------------------
| rollout/                |             |
|    ep_len_mean          | 15.9        |
|    ep_rew_mean          | 4.23        |
| time/                   |             |
|    fps                  | 55          |
|    iterations           | 129         |
|    time_elapsed         | 4719        |
|    total_timesteps      | 264192      |
| train/                  |             |
|    approx_kl            | 0.023709629 |
|    clip_fraction        | 0.282       |
|    clip_range           | 0.2         |
|    entropy_loss         | -5.77       |
|    explained_variance   | 0.0672      |
|    learning_rate        | 0.0003      |
|    loss                 | -0.0637     |
|    n_updates            | 1280        |
|    policy_gradient_loss | -0.029      |
|    std                  | 0.556       |
|    value_loss           | 0.00104     |
-----------------------------------------
-----------------------------------------
| rollout/                |             |
|    ep_len_mean          | 16.7        |
|    ep_rew_mean          | 3.82        |
| time/                   |             |
|    fps                  | 55          |
|    iterations           | 130         |
|    time_elapsed         | 4756        |
|    total_timesteps      | 266240      |
| train/                  |             |
|    approx_kl            | 0.027695358 |
|    clip_fraction        | 0.278       |
|    clip_range           | 0.2         |
|    entropy_loss         | -5.73       |
|    explained_variance   | 0.337       |
|    learning_rate        | 0.0003      |
|    loss                 | -0.0502     |
|    n_updates            | 1290        |
|    policy_gradient_loss | -0.0277     |
|    std                  | 0.553       |
|    value_loss           | 0.00108     |
-----------------------------------------
----------------------------------------
| rollout/                |            |
|    ep_len_mean          | 17.6       |
|    ep_rew_mean          | 3.38       |
| time/                   |            |
|    fps                  | 55         |
|    iterations           | 131        |
|    time_elapsed         | 4794       |
|    total_timesteps      | 268288     |
| train/                  |            |
|    approx_kl            | 0.02296917 |
|    clip_fraction        | 0.249      |
|    clip_range           | 0.2        |
|    entropy_loss         | -5.69      |
|    explained_variance   | 0.215      |
|    learning_rate        | 0.0003     |
|    loss                 | -0.0511    |
|    n_updates            | 1300       |
|    policy_gradient_loss | -0.0269    |
|    std                  | 0.55       |
|    value_loss           | 0.00124    |
----------------------------------------
-----------------------------------------
| rollout/                |             |
|    ep_len_mean          | 15.8        |
|    ep_rew_mean          | 4.43        |
| time/                   |             |
|    fps                  | 55          |
|    iterations           | 132         |
|    time_elapsed         | 4832        |
|    total_timesteps      | 270336      |
| train/                  |             |
|    approx_kl            | 0.027552985 |
|    clip_fraction        | 0.292       |
|    clip_range           | 0.2         |
|    entropy_loss         | -5.6        |
|    explained_variance   | 0.439       |
|    learning_rate        | 0.0003      |
|    loss                 | -0.0629     |
|    n_updates            | 1310        |
|    policy_gradient_loss | -0.0322     |
|    std                  | 0.541       |
|    value_loss           | 0.00157     |
-----------------------------------------
----------------------------------------
| rollout/                |            |
|    ep_len_mean          | 16.2       |
|    ep_rew_mean          | 4.28       |
| time/                   |            |
|    fps                  | 55         |
|    iterations           | 133        |
|    time_elapsed         | 4870       |
|    total_timesteps      | 272384     |
| train/                  |            |
|    approx_kl            | 0.02303087 |
|    clip_fraction        | 0.275      |
|    clip_range           | 0.2        |
|    entropy_loss         | -5.55      |
|    explained_variance   | 0.245      |
|    learning_rate        | 0.0003     |
|    loss                 | -0.053     |
|    n_updates            | 1320       |
|    policy_gradient_loss | -0.0289    |
|    std                  | 0.54       |
|    value_loss           | 0.000941   |
----------------------------------------
-----------------------------------------
| rollout/                |             |
|    ep_len_mean          | 16.2        |
|    ep_rew_mean          | 4.15        |
| time/                   |             |
|    fps                  | 55          |
|    iterations           | 134         |
|    time_elapsed         | 4908        |
|    total_timesteps      | 274432      |
| train/                  |             |
|    approx_kl            | 0.030591639 |
|    clip_fraction        | 0.302       |
|    clip_range           | 0.2         |
|    entropy_loss         | -5.52       |
|    explained_variance   | 0.287       |
|    learning_rate        | 0.0003      |
|    loss                 | -0.028      |
|    n_updates            | 1330        |
|    policy_gradient_loss | -0.0318     |
|    std                  | 0.538       |
|    value_loss           | 0.000936    |
-----------------------------------------
-----------------------------------------
| rollout/                |             |
|    ep_len_mean          | 15.8        |
|    ep_rew_mean          | 4.53        |
| time/                   |             |
|    fps                  | 55          |
|    iterations           | 135         |
|    time_elapsed         | 4945        |
|    total_timesteps      | 276480      |
| train/                  |             |
|    approx_kl            | 0.024542438 |
|    clip_fraction        | 0.27        |
|    clip_range           | 0.2         |
|    entropy_loss         | -5.5        |
|    explained_variance   | 0.306       |
|    learning_rate        | 0.0003      |
|    loss                 | -0.0412     |
|    n_updates            | 1340        |
|    policy_gradient_loss | -0.0282     |
|    std                  | 0.534       |
|    value_loss           | 0.000998    |
-----------------------------------------
----------------------------------------
| rollout/                |            |
|    ep_len_mean          | 15.8       |
|    ep_rew_mean          | 4.4        |
| time/                   |            |
|    fps                  | 55         |
|    iterations           | 136        |
|    time_elapsed         | 4983       |
|    total_timesteps      | 278528     |
| train/                  |            |
|    approx_kl            | 0.03133809 |
|    clip_fraction        | 0.315      |
|    clip_range           | 0.2        |
|    entropy_loss         | -5.45      |
|    explained_variance   | 0.574      |
|    learning_rate        | 0.0003     |
|    loss                 | -0.0331    |
|    n_updates            | 1350       |
|    policy_gradient_loss | -0.0312    |
|    std                  | 0.531      |
|    value_loss           | 0.0023     |
----------------------------------------
-----------------------------------------
| rollout/                |             |
|    ep_len_mean          | 16.3        |
|    ep_rew_mean          | 4.2         |
| time/                   |             |
|    fps                  | 55          |
|    iterations           | 137         |
|    time_elapsed         | 5021        |
|    total_timesteps      | 280576      |
| train/                  |             |
|    approx_kl            | 0.023744749 |
|    clip_fraction        | 0.259       |
|    clip_range           | 0.2         |
|    entropy_loss         | -5.41       |
|    explained_variance   | 0.23        |
|    learning_rate        | 0.0003      |
|    loss                 | -0.0629     |
|    n_updates            | 1360        |
|    policy_gradient_loss | -0.0261     |
|    std                  | 0.53        |
|    value_loss           | 0.00104     |
-----------------------------------------
-----------------------------------------
| rollout/                |             |
|    ep_len_mean          | 17.2        |
|    ep_rew_mean          | -1.43       |
| time/                   |             |
|    fps                  | 55          |
|    iterations           | 138         |
|    time_elapsed         | 5059        |
|    total_timesteps      | 282624      |
| train/                  |             |
|    approx_kl            | 0.023981718 |
|    clip_fraction        | 0.287       |
|    clip_range           | 0.2         |
|    entropy_loss         | -5.39       |
|    explained_variance   | 0.274       |
|    learning_rate        | 0.0003      |
|    loss                 | -0.0473     |
|    n_updates            | 1370        |
|    policy_gradient_loss | -0.0271     |
|    std                  | 0.528       |
|    value_loss           | 0.000926    |
-----------------------------------------
----------------------------------------
| rollout/                |            |
|    ep_len_mean          | 15.3       |
|    ep_rew_mean          | 4.51       |
| time/                   |            |
|    fps                  | 55         |
|    iterations           | 139        |
|    time_elapsed         | 5097       |
|    total_timesteps      | 284672     |
| train/                  |            |
|    approx_kl            | 0.08144708 |
|    clip_fraction        | 0.268      |
|    clip_range           | 0.2        |
|    entropy_loss         | -5.36      |
|    explained_variance   | 0.755      |
|    learning_rate        | 0.0003     |
|    loss                 | -0.0616    |
|    n_updates            | 1380       |
|    policy_gradient_loss | -0.032     |
|    std                  | 0.525      |
|    value_loss           | 0.00512    |
----------------------------------------
-----------------------------------------
| rollout/                |             |
|    ep_len_mean          | 15.6        |
|    ep_rew_mean          | 4.39        |
| time/                   |             |
|    fps                  | 55          |
|    iterations           | 140         |
|    time_elapsed         | 5136        |
|    total_timesteps      | 286720      |
| train/                  |             |
|    approx_kl            | 0.023546282 |
|    clip_fraction        | 0.264       |
|    clip_range           | 0.2         |
|    entropy_loss         | -5.31       |
|    explained_variance   | 0.0655      |
|    learning_rate        | 0.0003      |
|    loss                 | -0.0905     |
|    n_updates            | 1390        |
|    policy_gradient_loss | -0.0279     |
|    std                  | 0.521       |
|    value_loss           | 0.000709    |
-----------------------------------------
-----------------------------------------
| rollout/                |             |
|    ep_len_mean          | 15.4        |
|    ep_rew_mean          | 4.6         |
| time/                   |             |
|    fps                  | 55          |
|    iterations           | 141         |
|    time_elapsed         | 5174        |
|    total_timesteps      | 288768      |
| train/                  |             |
|    approx_kl            | 0.024056006 |
|    clip_fraction        | 0.287       |
|    clip_range           | 0.2         |
|    entropy_loss         | -5.24       |
|    explained_variance   | 0.155       |
|    learning_rate        | 0.0003      |
|    loss                 | -0.0405     |
|    n_updates            | 1400        |
|    policy_gradient_loss | -0.0277     |
|    std                  | 0.516       |
|    value_loss           | 0.000866    |
-----------------------------------------
-----------------------------------------
| rollout/                |             |
|    ep_len_mean          | 15.2        |
|    ep_rew_mean          | 4.79        |
| time/                   |             |
|    fps                  | 55          |
|    iterations           | 142         |
|    time_elapsed         | 5213        |
|    total_timesteps      | 290816      |
| train/                  |             |
|    approx_kl            | 0.022176085 |
|    clip_fraction        | 0.265       |
|    clip_range           | 0.2         |
|    entropy_loss         | -5.2        |
|    explained_variance   | 0.257       |
|    learning_rate        | 0.0003      |
|    loss                 | 0.0216      |
|    n_updates            | 1410        |
|    policy_gradient_loss | -0.0215     |
|    std                  | 0.515       |
|    value_loss           | 0.000614    |
-----------------------------------------
-----------------------------------------
| rollout/                |             |
|    ep_len_mean          | 17.7        |
|    ep_rew_mean          | 2.74        |
| time/                   |             |
|    fps                  | 55          |
|    iterations           | 143         |
|    time_elapsed         | 5251        |
|    total_timesteps      | 292864      |
| train/                  |             |
|    approx_kl            | 0.022300579 |
|    clip_fraction        | 0.246       |
|    clip_range           | 0.2         |
|    entropy_loss         | -5.18       |
|    explained_variance   | 0.243       |
|    learning_rate        | 0.0003      |
|    loss                 | -0.0318     |
|    n_updates            | 1420        |
|    policy_gradient_loss | -0.0255     |
|    std                  | 0.513       |
|    value_loss           | 0.000554    |
-----------------------------------------
-----------------------------------------
| rollout/                |             |
|    ep_len_mean          | 15.1        |
|    ep_rew_mean          | 4.73        |
| time/                   |             |
|    fps                  | 55          |
|    iterations           | 144         |
|    time_elapsed         | 5289        |
|    total_timesteps      | 294912      |
| train/                  |             |
|    approx_kl            | 0.031151578 |
|    clip_fraction        | 0.234       |
|    clip_range           | 0.2         |
|    entropy_loss         | -5.17       |
|    explained_variance   | 0.854       |
|    learning_rate        | 0.0003      |
|    loss                 | -0.0558     |
|    n_updates            | 1430        |
|    policy_gradient_loss | -0.0235     |
|    std                  | 0.511       |
|    value_loss           | 0.00215     |
-----------------------------------------
-----------------------------------------
| rollout/                |             |
|    ep_len_mean          | 15.5        |
|    ep_rew_mean          | 4.67        |
| time/                   |             |
|    fps                  | 55          |
|    iterations           | 145         |
|    time_elapsed         | 5327        |
|    total_timesteps      | 296960      |
| train/                  |             |
|    approx_kl            | 0.024483912 |
|    clip_fraction        | 0.281       |
|    clip_range           | 0.2         |
|    entropy_loss         | -5.14       |
|    explained_variance   | -0.157      |
|    learning_rate        | 0.0003      |
|    loss                 | -0.0412     |
|    n_updates            | 1440        |
|    policy_gradient_loss | -0.0288     |
|    std                  | 0.51        |
|    value_loss           | 0.000796    |
-----------------------------------------
-----------------------------------------
| rollout/                |             |
|    ep_len_mean          | 15          |
|    ep_rew_mean          | 4.9         |
| time/                   |             |
|    fps                  | 55          |
|    iterations           | 146         |
|    time_elapsed         | 5366        |
|    total_timesteps      | 299008      |
| train/                  |             |
|    approx_kl            | 0.025528718 |
|    clip_fraction        | 0.28        |
|    clip_range           | 0.2         |
|    entropy_loss         | -5.12       |
|    explained_variance   | 0.203       |
|    learning_rate        | 0.0003      |
|    loss                 | -0.0667     |
|    n_updates            | 1450        |
|    policy_gradient_loss | -0.0254     |
|    std                  | 0.509       |
|    value_loss           | 0.000696    |
-----------------------------------------
-----------------------------------------
| rollout/                |             |
|    ep_len_mean          | 15.4        |
|    ep_rew_mean          | 4.42        |
| time/                   |             |
|    fps                  | 55          |
|    iterations           | 147         |
|    time_elapsed         | 5404        |
|    total_timesteps      | 301056      |
| train/                  |             |
|    approx_kl            | 0.025673978 |
|    clip_fraction        | 0.276       |
|    clip_range           | 0.2         |
|    entropy_loss         | -5.09       |
|    explained_variance   | 0.354       |
|    learning_rate        | 0.0003      |
|    loss                 | -0.0376     |
|    n_updates            | 1460        |
|    policy_gradient_loss | -0.0294     |
|    std                  | 0.505       |
|    value_loss           | 0.00102     |
-----------------------------------------
-----------------------------------------
| rollout/                |             |
|    ep_len_mean          | 14.6        |
|    ep_rew_mean          | 5.02        |
| time/                   |             |
|    fps                  | 55          |
|    iterations           | 148         |
|    time_elapsed         | 5444        |
|    total_timesteps      | 303104      |
| train/                  |             |
|    approx_kl            | 0.022714686 |
|    clip_fraction        | 0.266       |
|    clip_range           | 0.2         |
|    entropy_loss         | -5.04       |
|    explained_variance   | 0.564       |
|    learning_rate        | 0.0003      |
|    loss                 | -0.0319     |
|    n_updates            | 1470        |
|    policy_gradient_loss | -0.023      |
|    std                  | 0.503       |
|    value_loss           | 0.00143     |
-----------------------------------------
-----------------------------------------
| rollout/                |             |
|    ep_len_mean          | 15.7        |
|    ep_rew_mean          | 4.44        |
| time/                   |             |
|    fps                  | 55          |
|    iterations           | 149         |
|    time_elapsed         | 5482        |
|    total_timesteps      | 305152      |
| train/                  |             |
|    approx_kl            | 0.027872182 |
|    clip_fraction        | 0.29        |
|    clip_range           | 0.2         |
|    entropy_loss         | -5.03       |
|    explained_variance   | 0.359       |
|    learning_rate        | 0.0003      |
|    loss                 | -0.0439     |
|    n_updates            | 1480        |
|    policy_gradient_loss | -0.0298     |
|    std                  | 0.504       |
|    value_loss           | 0.000564    |
-----------------------------------------
-----------------------------------------
| rollout/                |             |
|    ep_len_mean          | 15.6        |
|    ep_rew_mean          | 4.49        |
| time/                   |             |
|    fps                  | 55          |
|    iterations           | 150         |
|    time_elapsed         | 5520        |
|    total_timesteps      | 307200      |
| train/                  |             |
|    approx_kl            | 0.025872715 |
|    clip_fraction        | 0.275       |
|    clip_range           | 0.2         |
|    entropy_loss         | -5.01       |
|    explained_variance   | 0.254       |
|    learning_rate        | 0.0003      |
|    loss                 | -0.0357     |
|    n_updates            | 1490        |
|    policy_gradient_loss | -0.0271     |
|    std                  | 0.5         |
|    value_loss           | 0.000824    |
-----------------------------------------
-----------------------------------------
| rollout/                |             |
|    ep_len_mean          | 15          |
|    ep_rew_mean          | 4.81        |
| time/                   |             |
|    fps                  | 55          |
|    iterations           | 151         |
|    time_elapsed         | 5559        |
|    total_timesteps      | 309248      |
| train/                  |             |
|    approx_kl            | 0.026386444 |
|    clip_fraction        | 0.292       |
|    clip_range           | 0.2         |
|    entropy_loss         | -4.96       |
|    explained_variance   | 0.259       |
|    learning_rate        | 0.0003      |
|    loss                 | -0.06       |
|    n_updates            | 1500        |
|    policy_gradient_loss | -0.0301     |
|    std                  | 0.496       |
|    value_loss           | 0.000766    |
-----------------------------------------
-----------------------------------------
| rollout/                |             |
|    ep_len_mean          | 15.6        |
|    ep_rew_mean          | 4.32        |
| time/                   |             |
|    fps                  | 55          |
|    iterations           | 152         |
|    time_elapsed         | 5598        |
|    total_timesteps      | 311296      |
| train/                  |             |
|    approx_kl            | 0.027787134 |
|    clip_fraction        | 0.291       |
|    clip_range           | 0.2         |
|    entropy_loss         | -4.93       |
|    explained_variance   | 0.318       |
|    learning_rate        | 0.0003      |
|    loss                 | -0.0356     |
|    n_updates            | 1510        |
|    policy_gradient_loss | -0.0287     |
|    std                  | 0.496       |
|    value_loss           | 0.000574    |
-----------------------------------------
-----------------------------------------
| rollout/                |             |
|    ep_len_mean          | 14.2        |
|    ep_rew_mean          | 5.23        |
| time/                   |             |
|    fps                  | 55          |
|    iterations           | 153         |
|    time_elapsed         | 5637        |
|    total_timesteps      | 313344      |
| train/                  |             |
|    approx_kl            | 0.028817471 |
|    clip_fraction        | 0.297       |
|    clip_range           | 0.2         |
|    entropy_loss         | -4.89       |
|    explained_variance   | 0.319       |
|    learning_rate        | 0.0003      |
|    loss                 | -0.0456     |
|    n_updates            | 1520        |
|    policy_gradient_loss | -0.0303     |
|    std                  | 0.491       |
|    value_loss           | 0.000924    |
-----------------------------------------
-----------------------------------------
| rollout/                |             |
|    ep_len_mean          | 13.8        |
|    ep_rew_mean          | 5.3         |
| time/                   |             |
|    fps                  | 55          |
|    iterations           | 154         |
|    time_elapsed         | 5677        |
|    total_timesteps      | 315392      |
| train/                  |             |
|    approx_kl            | 0.024085194 |
|    clip_fraction        | 0.298       |
|    clip_range           | 0.2         |
|    entropy_loss         | -4.83       |
|    explained_variance   | 0.306       |
|    learning_rate        | 0.0003      |
|    loss                 | -0.045      |
|    n_updates            | 1530        |
|    policy_gradient_loss | -0.0235     |
|    std                  | 0.488       |
|    value_loss           | 0.000466    |
-----------------------------------------
-----------------------------------------
| rollout/                |             |
|    ep_len_mean          | 14.4        |
|    ep_rew_mean          | 4.97        |
| time/                   |             |
|    fps                  | 55          |
|    iterations           | 155         |
|    time_elapsed         | 5716        |
|    total_timesteps      | 317440      |
| train/                  |             |
|    approx_kl            | 0.022558924 |
|    clip_fraction        | 0.271       |
|    clip_range           | 0.2         |
|    entropy_loss         | -4.81       |
|    explained_variance   | 0.517       |
|    learning_rate        | 0.0003      |
|    loss                 | -0.0574     |
|    n_updates            | 1540        |
|    policy_gradient_loss | -0.0248     |
|    std                  | 0.488       |
|    value_loss           | 0.000357    |
-----------------------------------------
-----------------------------------------
| rollout/                |             |
|    ep_len_mean          | 13.5        |
|    ep_rew_mean          | 5.3         |
| time/                   |             |
|    fps                  | 55          |
|    iterations           | 156         |
|    time_elapsed         | 5755        |
|    total_timesteps      | 319488      |
| train/                  |             |
|    approx_kl            | 0.031658396 |
|    clip_fraction        | 0.292       |
|    clip_range           | 0.2         |
|    entropy_loss         | -4.77       |
|    explained_variance   | 0.441       |
|    learning_rate        | 0.0003      |
|    loss                 | -0.0404     |
|    n_updates            | 1550        |
|    policy_gradient_loss | -0.0258     |
|    std                  | 0.483       |
|    value_loss           | 0.00048     |
-----------------------------------------
-----------------------------------------
| rollout/                |             |
|    ep_len_mean          | 14.3        |
|    ep_rew_mean          | 5.04        |
| time/                   |             |
|    fps                  | 55          |
|    iterations           | 157         |
|    time_elapsed         | 5794        |
|    total_timesteps      | 321536      |
| train/                  |             |
|    approx_kl            | 0.025382504 |
|    clip_fraction        | 0.287       |
|    clip_range           | 0.2         |
|    entropy_loss         | -4.71       |
|    explained_variance   | 0.473       |
|    learning_rate        | 0.0003      |
|    loss                 | -0.0273     |
|    n_updates            | 1560        |
|    policy_gradient_loss | -0.0282     |
|    std                  | 0.48        |
|    value_loss           | 0.000398    |
-----------------------------------------
-----------------------------------------
| rollout/                |             |
|    ep_len_mean          | 14.4        |
|    ep_rew_mean          | 5.1         |
| time/                   |             |
|    fps                  | 55          |
|    iterations           | 158         |
|    time_elapsed         | 5833        |
|    total_timesteps      | 323584      |
| train/                  |             |
|    approx_kl            | 0.023895025 |
|    clip_fraction        | 0.291       |
|    clip_range           | 0.2         |
|    entropy_loss         | -4.7        |
|    explained_variance   | 0.462       |
|    learning_rate        | 0.0003      |
|    loss                 | -0.0498     |
|    n_updates            | 1570        |
|    policy_gradient_loss | -0.0225     |
|    std                  | 0.481       |
|    value_loss           | 0.000528    |
-----------------------------------------
-----------------------------------------
| rollout/                |             |
|    ep_len_mean          | 14          |
|    ep_rew_mean          | 5.02        |
| time/                   |             |
|    fps                  | 55          |
|    iterations           | 159         |
|    time_elapsed         | 5873        |
|    total_timesteps      | 325632      |
| train/                  |             |
|    approx_kl            | 0.024739169 |
|    clip_fraction        | 0.29        |
|    clip_range           | 0.2         |
|    entropy_loss         | -4.71       |
|    explained_variance   | 0.415       |
|    learning_rate        | 0.0003      |
|    loss                 | -0.0308     |
|    n_updates            | 1580        |
|    policy_gradient_loss | -0.0223     |
|    std                  | 0.481       |
|    value_loss           | 0.000442    |
-----------------------------------------
-----------------------------------------
| rollout/                |             |
|    ep_len_mean          | 15          |
|    ep_rew_mean          | 4.84        |
| time/                   |             |
|    fps                  | 55          |
|    iterations           | 160         |
|    time_elapsed         | 5912        |
|    total_timesteps      | 327680      |
| train/                  |             |
|    approx_kl            | 0.028365228 |
|    clip_fraction        | 0.296       |
|    clip_range           | 0.2         |
|    entropy_loss         | -4.65       |
|    explained_variance   | 0.453       |
|    learning_rate        | 0.0003      |
|    loss                 | -0.0229     |
|    n_updates            | 1590        |
|    policy_gradient_loss | -0.0297     |
|    std                  | 0.475       |
|    value_loss           | 0.000504    |
-----------------------------------------
-----------------------------------------
| rollout/                |             |
|    ep_len_mean          | 13.2        |
|    ep_rew_mean          | 5.45        |
| time/                   |             |
|    fps                  | 55          |
|    iterations           | 161         |
|    time_elapsed         | 5952        |
|    total_timesteps      | 329728      |
| train/                  |             |
|    approx_kl            | 0.027999017 |
|    clip_fraction        | 0.306       |
|    clip_range           | 0.2         |
|    entropy_loss         | -4.6        |
|    explained_variance   | 0.512       |
|    learning_rate        | 0.0003      |
|    loss                 | -0.0667     |
|    n_updates            | 1600        |
|    policy_gradient_loss | -0.0314     |
|    std                  | 0.473       |
|    value_loss           | 0.000634    |
-----------------------------------------
-----------------------------------------
| rollout/                |             |
|    ep_len_mean          | 13.2        |
|    ep_rew_mean          | 5.42        |
| time/                   |             |
|    fps                  | 55          |
|    iterations           | 162         |
|    time_elapsed         | 5992        |
|    total_timesteps      | 331776      |
| train/                  |             |
|    approx_kl            | 0.023721326 |
|    clip_fraction        | 0.286       |
|    clip_range           | 0.2         |
|    entropy_loss         | -4.55       |
|    explained_variance   | 0.495       |
|    learning_rate        | 0.0003      |
|    loss                 | -0.0572     |
|    n_updates            | 1610        |
|    policy_gradient_loss | -0.0295     |
|    std                  | 0.469       |
|    value_loss           | 0.000338    |
-----------------------------------------
-----------------------------------------
| rollout/                |             |
|    ep_len_mean          | 13.8        |
|    ep_rew_mean          | 5.27        |
| time/                   |             |
|    fps                  | 55          |
|    iterations           | 163         |
|    time_elapsed         | 6031        |
|    total_timesteps      | 333824      |
| train/                  |             |
|    approx_kl            | 0.026870525 |
|    clip_fraction        | 0.293       |
|    clip_range           | 0.2         |
|    entropy_loss         | -4.49       |
|    explained_variance   | 0.504       |
|    learning_rate        | 0.0003      |
|    loss                 | -0.0418     |
|    n_updates            | 1620        |
|    policy_gradient_loss | -0.0264     |
|    std                  | 0.465       |
|    value_loss           | 0.000392    |
-----------------------------------------
----------------------------------------
| rollout/                |            |
|    ep_len_mean          | 13.6       |
|    ep_rew_mean          | 5.34       |
| time/                   |            |
|    fps                  | 55         |
|    iterations           | 164        |
|    time_elapsed         | 6071       |
|    total_timesteps      | 335872     |
| train/                  |            |
|    approx_kl            | 0.03055839 |
|    clip_fraction        | 0.305      |
|    clip_range           | 0.2        |
|    entropy_loss         | -4.46      |
|    explained_variance   | 0.625      |
|    learning_rate        | 0.0003     |
|    loss                 | -0.0298    |
|    n_updates            | 1630       |
|    policy_gradient_loss | -0.0251    |
|    std                  | 0.464      |
|    value_loss           | 0.0003     |
----------------------------------------
-----------------------------------------
| rollout/                |             |
|    ep_len_mean          | 13.8        |
|    ep_rew_mean          | 5.27        |
| time/                   |             |
|    fps                  | 55          |
|    iterations           | 165         |
|    time_elapsed         | 6110        |
|    total_timesteps      | 337920      |
| train/                  |             |
|    approx_kl            | 0.024211252 |
|    clip_fraction        | 0.292       |
|    clip_range           | 0.2         |
|    entropy_loss         | -4.47       |
|    explained_variance   | 0.501       |
|    learning_rate        | 0.0003      |
|    loss                 | -0.0249     |
|    n_updates            | 1640        |
|    policy_gradient_loss | -0.0251     |
|    std                  | 0.466       |
|    value_loss           | 0.00041     |
-----------------------------------------
----------------------------------------
| rollout/                |            |
|    ep_len_mean          | 13.2       |
|    ep_rew_mean          | 5.37       |
| time/                   |            |
|    fps                  | 55         |
|    iterations           | 166        |
|    time_elapsed         | 6150       |
|    total_timesteps      | 339968     |
| train/                  |            |
|    approx_kl            | 0.03145927 |
|    clip_fraction        | 0.315      |
|    clip_range           | 0.2        |
|    entropy_loss         | -4.46      |
|    explained_variance   | 0.542      |
|    learning_rate        | 0.0003     |
|    loss                 | -0.0558    |
|    n_updates            | 1650       |
|    policy_gradient_loss | -0.0308    |
|    std                  | 0.464      |
|    value_loss           | 0.000444   |
----------------------------------------
----------------------------------------
| rollout/                |            |
|    ep_len_mean          | 14         |
|    ep_rew_mean          | 5.18       |
| time/                   |            |
|    fps                  | 55         |
|    iterations           | 167        |
|    time_elapsed         | 6189       |
|    total_timesteps      | 342016     |
| train/                  |            |
|    approx_kl            | 0.02883209 |
|    clip_fraction        | 0.31       |
|    clip_range           | 0.2        |
|    entropy_loss         | -4.47      |
|    explained_variance   | 0.41       |
|    learning_rate        | 0.0003     |
|    loss                 | -0.0719    |
|    n_updates            | 1660       |
|    policy_gradient_loss | -0.0307    |
|    std                  | 0.466      |
|    value_loss           | 0.0006     |
----------------------------------------
-----------------------------------------
| rollout/                |             |
|    ep_len_mean          | 13.9        |
|    ep_rew_mean          | 5.22        |
| time/                   |             |
|    fps                  | 55          |
|    iterations           | 168         |
|    time_elapsed         | 6229        |
|    total_timesteps      | 344064      |
| train/                  |             |
|    approx_kl            | 0.029344987 |
|    clip_fraction        | 0.311       |
|    clip_range           | 0.2         |
|    entropy_loss         | -4.46       |
|    explained_variance   | 0.378       |
|    learning_rate        | 0.0003      |
|    loss                 | -0.0393     |
|    n_updates            | 1670        |
|    policy_gradient_loss | -0.031      |
|    std                  | 0.464       |
|    value_loss           | 0.000527    |
-----------------------------------------
-----------------------------------------
| rollout/                |             |
|    ep_len_mean          | 14.5        |
|    ep_rew_mean          | 4.99        |
| time/                   |             |
|    fps                  | 55          |
|    iterations           | 169         |
|    time_elapsed         | 6268        |
|    total_timesteps      | 346112      |
| train/                  |             |
|    approx_kl            | 0.026000557 |
|    clip_fraction        | 0.315       |
|    clip_range           | 0.2         |
|    entropy_loss         | -4.44       |
|    explained_variance   | 0.487       |
|    learning_rate        | 0.0003      |
|    loss                 | -0.0194     |
|    n_updates            | 1680        |
|    policy_gradient_loss | -0.0269     |
|    std                  | 0.464       |
|    value_loss           | 0.000446    |
-----------------------------------------
-----------------------------------------
| rollout/                |             |
|    ep_len_mean          | 14.1        |
|    ep_rew_mean          | 5.16        |
| time/                   |             |
|    fps                  | 55          |
|    iterations           | 170         |
|    time_elapsed         | 6307        |
|    total_timesteps      | 348160      |
| train/                  |             |
|    approx_kl            | 0.030345347 |
|    clip_fraction        | 0.308       |
|    clip_range           | 0.2         |
|    entropy_loss         | -4.41       |
|    explained_variance   | 0.407       |
|    learning_rate        | 0.0003      |
|    loss                 | -0.0389     |
|    n_updates            | 1690        |
|    policy_gradient_loss | -0.0248     |
|    std                  | 0.461       |
|    value_loss           | 0.000546    |
-----------------------------------------
-----------------------------------------
| rollout/                |             |
|    ep_len_mean          | 13.5        |
|    ep_rew_mean          | 5.41        |
| time/                   |             |
|    fps                  | 55          |
|    iterations           | 171         |
|    time_elapsed         | 6347        |
|    total_timesteps      | 350208      |
| train/                  |             |
|    approx_kl            | 0.026905872 |
|    clip_fraction        | 0.305       |
|    clip_range           | 0.2         |
|    entropy_loss         | -4.37       |
|    explained_variance   | 0.442       |
|    learning_rate        | 0.0003      |
|    loss                 | -0.028      |
|    n_updates            | 1700        |
|    policy_gradient_loss | -0.0295     |
|    std                  | 0.459       |
|    value_loss           | 0.000508    |
-----------------------------------------
-----------------------------------------
| rollout/                |             |
|    ep_len_mean          | 13.8        |
|    ep_rew_mean          | 5.27        |
| time/                   |             |
|    fps                  | 55          |
|    iterations           | 172         |
|    time_elapsed         | 6386        |
|    total_timesteps      | 352256      |
| train/                  |             |
|    approx_kl            | 0.025064945 |
|    clip_fraction        | 0.299       |
|    clip_range           | 0.2         |
|    entropy_loss         | -4.34       |
|    explained_variance   | 0.463       |
|    learning_rate        | 0.0003      |
|    loss                 | -0.0707     |
|    n_updates            | 1710        |
|    policy_gradient_loss | -0.0274     |
|    std                  | 0.458       |
|    value_loss           | 0.000527    |
-----------------------------------------
-----------------------------------------
| rollout/                |             |
|    ep_len_mean          | 12.9        |
|    ep_rew_mean          | 5.54        |
| time/                   |             |
|    fps                  | 55          |
|    iterations           | 173         |
|    time_elapsed         | 6426        |
|    total_timesteps      | 354304      |
| train/                  |             |
|    approx_kl            | 0.031383134 |
|    clip_fraction        | 0.308       |
|    clip_range           | 0.2         |
|    entropy_loss         | -4.33       |
|    explained_variance   | 0.673       |
|    learning_rate        | 0.0003      |
|    loss                 | -0.0127     |
|    n_updates            | 1720        |
|    policy_gradient_loss | -0.0272     |
|    std                  | 0.456       |
|    value_loss           | 0.000511    |
-----------------------------------------
----------------------------------------
| rollout/                |            |
|    ep_len_mean          | 15.6       |
|    ep_rew_mean          | 3.34       |
| time/                   |            |
|    fps                  | 55         |
|    iterations           | 174        |
|    time_elapsed         | 6461       |
|    total_timesteps      | 356352     |
| train/                  |            |
|    approx_kl            | 0.03236862 |
|    clip_fraction        | 0.327      |
|    clip_range           | 0.2        |
|    entropy_loss         | -4.3       |
|    explained_variance   | 0.476      |
|    learning_rate        | 0.0003     |
|    loss                 | 0.00831    |
|    n_updates            | 1730       |
|    policy_gradient_loss | -0.0213    |
|    std                  | 0.455      |
|    value_loss           | 0.00042    |
----------------------------------------
----------------------------------------
| rollout/                |            |
|    ep_len_mean          | 13.7       |
|    ep_rew_mean          | 5.47       |
| time/                   |            |
|    fps                  | 55         |
|    iterations           | 175        |
|    time_elapsed         | 6495       |
|    total_timesteps      | 358400     |
| train/                  |            |
|    approx_kl            | 0.02720863 |
|    clip_fraction        | 0.266      |
|    clip_range           | 0.2        |
|    entropy_loss         | -4.3       |
|    explained_variance   | 0.828      |
|    learning_rate        | 0.0003     |
|    loss                 | 0.0768     |
|    n_updates            | 1740       |
|    policy_gradient_loss | -0.00774   |
|    std                  | 0.456      |
|    value_loss           | 0.00127    |
----------------------------------------
-----------------------------------------
| rollout/                |             |
|    ep_len_mean          | 13.6        |
|    ep_rew_mean          | 5.29        |
| time/                   |             |
|    fps                  | 55          |
|    iterations           | 176         |
|    time_elapsed         | 6529        |
|    total_timesteps      | 360448      |
| train/                  |             |
|    approx_kl            | 0.026144434 |
|    clip_fraction        | 0.292       |
|    clip_range           | 0.2         |
|    entropy_loss         | -4.28       |
|    explained_variance   | 0.329       |
|    learning_rate        | 0.0003      |
|    loss                 | -0.0281     |
|    n_updates            | 1750        |
|    policy_gradient_loss | -0.0278     |
|    std                  | 0.452       |
|    value_loss           | 0.000533    |
-----------------------------------------
-----------------------------------------
| rollout/                |             |
|    ep_len_mean          | 13.4        |
|    ep_rew_mean          | 5.38        |
| time/                   |             |
|    fps                  | 55          |
|    iterations           | 177         |
|    time_elapsed         | 6564        |
|    total_timesteps      | 362496      |
| train/                  |             |
|    approx_kl            | 0.029131029 |
|    clip_fraction        | 0.309       |
|    clip_range           | 0.2         |
|    entropy_loss         | -4.23       |
|    explained_variance   | 0.43        |
|    learning_rate        | 0.0003      |
|    loss                 | -0.048      |
|    n_updates            | 1760        |
|    policy_gradient_loss | -0.0274     |
|    std                  | 0.45        |
|    value_loss           | 0.000601    |
-----------------------------------------
-----------------------------------------
| rollout/                |             |
|    ep_len_mean          | 12.9        |
|    ep_rew_mean          | 5.72        |
| time/                   |             |
|    fps                  | 55          |
|    iterations           | 178         |
|    time_elapsed         | 6597        |
|    total_timesteps      | 364544      |
| train/                  |             |
|    approx_kl            | 0.031524263 |
|    clip_fraction        | 0.313       |
|    clip_range           | 0.2         |
|    entropy_loss         | -4.19       |
|    explained_variance   | 0.4         |
|    learning_rate        | 0.0003      |
|    loss                 | -0.00141    |
|    n_updates            | 1770        |
|    policy_gradient_loss | -0.0287     |
|    std                  | 0.447       |
|    value_loss           | 0.000642    |
-----------------------------------------
----------------------------------------
| rollout/                |            |
|    ep_len_mean          | 12.7       |
|    ep_rew_mean          | 5.64       |
| time/                   |            |
|    fps                  | 55         |
|    iterations           | 179        |
|    time_elapsed         | 6628       |
|    total_timesteps      | 366592     |
| train/                  |            |
|    approx_kl            | 0.02860237 |
|    clip_fraction        | 0.302      |
|    clip_range           | 0.2        |
|    entropy_loss         | -4.13      |
|    explained_variance   | 0.5        |
|    learning_rate        | 0.0003     |
|    loss                 | -0.0298    |
|    n_updates            | 1780       |
|    policy_gradient_loss | -0.0255    |
|    std                  | 0.443      |
|    value_loss           | 0.000301   |
----------------------------------------
-----------------------------------------
| rollout/                |             |
|    ep_len_mean          | 12.9        |
|    ep_rew_mean          | 5.68        |
| time/                   |             |
|    fps                  | 55          |
|    iterations           | 180         |
|    time_elapsed         | 6659        |
|    total_timesteps      | 368640      |
| train/                  |             |
|    approx_kl            | 0.026460486 |
|    clip_fraction        | 0.305       |
|    clip_range           | 0.2         |
|    entropy_loss         | -4.08       |
|    explained_variance   | 0.63        |
|    learning_rate        | 0.0003      |
|    loss                 | -0.0234     |
|    n_updates            | 1790        |
|    policy_gradient_loss | -0.0271     |
|    std                  | 0.44        |
|    value_loss           | 0.000307    |
-----------------------------------------
-----------------------------------------
| rollout/                |             |
|    ep_len_mean          | 15.1        |
|    ep_rew_mean          | -3.81       |
| time/                   |             |
|    fps                  | 55          |
|    iterations           | 181         |
|    time_elapsed         | 6688        |
|    total_timesteps      | 370688      |
| train/                  |             |
|    approx_kl            | 0.028735857 |
|    clip_fraction        | 0.329       |
|    clip_range           | 0.2         |
|    entropy_loss         | -4.03       |
|    explained_variance   | 0.608       |
|    learning_rate        | 0.0003      |
|    loss                 | -0.00348    |
|    n_updates            | 1800        |
|    policy_gradient_loss | -0.0262     |
|    std                  | 0.437       |
|    value_loss           | 0.000322    |
-----------------------------------------
-----------------------------------------
| rollout/                |             |
|    ep_len_mean          | 13          |
|    ep_rew_mean          | 5.57        |
| time/                   |             |
|    fps                  | 55          |
|    iterations           | 182         |
|    time_elapsed         | 6719        |
|    total_timesteps      | 372736      |
| train/                  |             |
|    approx_kl            | 0.124077216 |
|    clip_fraction        | 0.275       |
|    clip_range           | 0.2         |
|    entropy_loss         | -3.99       |
|    explained_variance   | 0.535       |
|    learning_rate        | 0.0003      |
|    loss                 | -0.0577     |
|    n_updates            | 1810        |
|    policy_gradient_loss | -0.0347     |
|    std                  | 0.433       |
|    value_loss           | 0.012       |
-----------------------------------------
-----------------------------------------
| rollout/                |             |
|    ep_len_mean          | 15.2        |
|    ep_rew_mean          | -9.75       |
| time/                   |             |
|    fps                  | 55          |
|    iterations           | 183         |
|    time_elapsed         | 6749        |
|    total_timesteps      | 374784      |
| train/                  |             |
|    approx_kl            | 0.032834202 |
|    clip_fraction        | 0.325       |
|    clip_range           | 0.2         |
|    entropy_loss         | -3.92       |
|    explained_variance   | -0.141      |
|    learning_rate        | 0.0003      |
|    loss                 | -0.0217     |
|    n_updates            | 1820        |
|    policy_gradient_loss | -0.029      |
|    std                  | 0.43        |
|    value_loss           | 0.00058     |
-----------------------------------------
----------------------------------------
| rollout/                |            |
|    ep_len_mean          | 12.8       |
|    ep_rew_mean          | 5.7        |
| time/                   |            |
|    fps                  | 55         |
|    iterations           | 184        |
|    time_elapsed         | 6777       |
|    total_timesteps      | 376832     |
| train/                  |            |
|    approx_kl            | 0.27374876 |
|    clip_fraction        | 0.29       |
|    clip_range           | 0.2        |
|    entropy_loss         | -3.87      |
|    explained_variance   | 0.742      |
|    learning_rate        | 0.0003     |
|    loss                 | -0.062     |
|    n_updates            | 1830       |
|    policy_gradient_loss | -0.0212    |
|    std                  | 0.424      |
|    value_loss           | 0.0221     |
----------------------------------------
-----------------------------------------
| rollout/                |             |
|    ep_len_mean          | 13          |
|    ep_rew_mean          | 5.73        |
| time/                   |             |
|    fps                  | 55          |
|    iterations           | 185         |
|    time_elapsed         | 6805        |
|    total_timesteps      | 378880      |
| train/                  |             |
|    approx_kl            | 0.029008055 |
|    clip_fraction        | 0.302       |
|    clip_range           | 0.2         |
|    entropy_loss         | -3.79       |
|    explained_variance   | 0.278       |
|    learning_rate        | 0.0003      |
|    loss                 | -0.0274     |
|    n_updates            | 1840        |
|    policy_gradient_loss | -0.022      |
|    std                  | 0.422       |
|    value_loss           | 0.00197     |
-----------------------------------------
----------------------------------------
| rollout/                |            |
|    ep_len_mean          | 13.1       |
|    ep_rew_mean          | 5.39       |
| time/                   |            |
|    fps                  | 55         |
|    iterations           | 186        |
|    time_elapsed         | 6832       |
|    total_timesteps      | 380928     |
| train/                  |            |
|    approx_kl            | 0.03638007 |
|    clip_fraction        | 0.309      |
|    clip_range           | 0.2        |
|    entropy_loss         | -3.74      |
|    explained_variance   | 0.0434     |
|    learning_rate        | 0.0003     |
|    loss                 | -0.0109    |
|    n_updates            | 1850       |
|    policy_gradient_loss | -0.0253    |
|    std                  | 0.418      |
|    value_loss           | 0.000587   |
----------------------------------------
----------------------------------------
| rollout/                |            |
|    ep_len_mean          | 12.8       |
|    ep_rew_mean          | 5.76       |
| time/                   |            |
|    fps                  | 55         |
|    iterations           | 187        |
|    time_elapsed         | 6860       |
|    total_timesteps      | 382976     |
| train/                  |            |
|    approx_kl            | 0.02984159 |
|    clip_fraction        | 0.334      |
|    clip_range           | 0.2        |
|    entropy_loss         | -3.69      |
|    explained_variance   | 0.478      |
|    learning_rate        | 0.0003     |
|    loss                 | -0.041     |
|    n_updates            | 1860       |
|    policy_gradient_loss | -0.0208    |
|    std                  | 0.416      |
|    value_loss           | 0.00351    |
----------------------------------------
-----------------------------------------
| rollout/                |             |
|    ep_len_mean          | 12.8        |
|    ep_rew_mean          | 5.81        |
| time/                   |             |
|    fps                  | 55          |
|    iterations           | 188         |
|    time_elapsed         | 6888        |
|    total_timesteps      | 385024      |
| train/                  |             |
|    approx_kl            | 0.025949914 |
|    clip_fraction        | 0.29        |
|    clip_range           | 0.2         |
|    entropy_loss         | -3.67       |
|    explained_variance   | -1.16       |
|    learning_rate        | 0.0003      |
|    loss                 | -0.0749     |
|    n_updates            | 1870        |
|    policy_gradient_loss | -0.0283     |
|    std                  | 0.416       |
|    value_loss           | 0.000631    |
-----------------------------------------
-----------------------------------------
| rollout/                |             |
|    ep_len_mean          | 13.1        |
|    ep_rew_mean          | 5.74        |
| time/                   |             |
|    fps                  | 55          |
|    iterations           | 189         |
|    time_elapsed         | 6916        |
|    total_timesteps      | 387072      |
| train/                  |             |
|    approx_kl            | 0.030264335 |
|    clip_fraction        | 0.323       |
|    clip_range           | 0.2         |
|    entropy_loss         | -3.64       |
|    explained_variance   | 0.374       |
|    learning_rate        | 0.0003      |
|    loss                 | -0.0494     |
|    n_updates            | 1880        |
|    policy_gradient_loss | -0.0252     |
|    std                  | 0.413       |
|    value_loss           | 0.000529    |
-----------------------------------------
----------------------------------------
| rollout/                |            |
|    ep_len_mean          | 13.3       |
|    ep_rew_mean          | 5.49       |
| time/                   |            |
|    fps                  | 56         |
|    iterations           | 190        |
|    time_elapsed         | 6943       |
|    total_timesteps      | 389120     |
| train/                  |            |
|    approx_kl            | 0.02524832 |
|    clip_fraction        | 0.303      |
|    clip_range           | 0.2        |
|    entropy_loss         | -3.6       |
|    explained_variance   | 0.342      |
|    learning_rate        | 0.0003     |
|    loss                 | -0.0364    |
|    n_updates            | 1890       |
|    policy_gradient_loss | -0.0223    |
|    std                  | 0.411      |
|    value_loss           | 0.000522   |
----------------------------------------
-----------------------------------------
| rollout/                |             |
|    ep_len_mean          | 12.7        |
|    ep_rew_mean          | 5.7         |
| time/                   |             |
|    fps                  | 56          |
|    iterations           | 191         |
|    time_elapsed         | 6971        |
|    total_timesteps      | 391168      |
| train/                  |             |
|    approx_kl            | 0.030153126 |
|    clip_fraction        | 0.332       |
|    clip_range           | 0.2         |
|    entropy_loss         | -3.56       |
|    explained_variance   | 0.277       |
|    learning_rate        | 0.0003      |
|    loss                 | -0.035      |
|    n_updates            | 1900        |
|    policy_gradient_loss | -0.0292     |
|    std                  | 0.408       |
|    value_loss           | 0.000581    |
-----------------------------------------
----------------------------------------
| rollout/                |            |
|    ep_len_mean          | 12.4       |
|    ep_rew_mean          | 5.87       |
| time/                   |            |
|    fps                  | 56         |
|    iterations           | 192        |
|    time_elapsed         | 6999       |
|    total_timesteps      | 393216     |
| train/                  |            |
|    approx_kl            | 0.02875526 |
|    clip_fraction        | 0.317      |
|    clip_range           | 0.2        |
|    entropy_loss         | -3.52      |
|    explained_variance   | 0.407      |
|    learning_rate        | 0.0003     |
|    loss                 | -0.0448    |
|    n_updates            | 1910       |
|    policy_gradient_loss | -0.0281    |
|    std                  | 0.407      |
|    value_loss           | 0.000496   |
----------------------------------------
-----------------------------------------
| rollout/                |             |
|    ep_len_mean          | 12.3        |
|    ep_rew_mean          | 5.86        |
| time/                   |             |
|    fps                  | 56          |
|    iterations           | 193         |
|    time_elapsed         | 7027        |
|    total_timesteps      | 395264      |
| train/                  |             |
|    approx_kl            | 0.025671586 |
|    clip_fraction        | 0.29        |
|    clip_range           | 0.2         |
|    entropy_loss         | -3.48       |
|    explained_variance   | 0.386       |
|    learning_rate        | 0.0003      |
|    loss                 | -0.0582     |
|    n_updates            | 1920        |
|    policy_gradient_loss | -0.0219     |
|    std                  | 0.403       |
|    value_loss           | 0.000482    |
-----------------------------------------
-----------------------------------------
| rollout/                |             |
|    ep_len_mean          | 12.7        |
|    ep_rew_mean          | 5.79        |
| time/                   |             |
|    fps                  | 56          |
|    iterations           | 194         |
|    time_elapsed         | 7055        |
|    total_timesteps      | 397312      |
| train/                  |             |
|    approx_kl            | 0.028253213 |
|    clip_fraction        | 0.332       |
|    clip_range           | 0.2         |
|    entropy_loss         | -3.43       |
|    explained_variance   | 0.457       |
|    learning_rate        | 0.0003      |
|    loss                 | -0.0369     |
|    n_updates            | 1930        |
|    policy_gradient_loss | -0.0279     |
|    std                  | 0.401       |
|    value_loss           | 0.000515    |
-----------------------------------------
----------------------------------------
| rollout/                |            |
|    ep_len_mean          | 12.6       |
|    ep_rew_mean          | 5.88       |
| time/                   |            |
|    fps                  | 56         |
|    iterations           | 195        |
|    time_elapsed         | 7083       |
|    total_timesteps      | 399360     |
| train/                  |            |
|    approx_kl            | 0.03254223 |
|    clip_fraction        | 0.351      |
|    clip_range           | 0.2        |
|    entropy_loss         | -3.39      |
|    explained_variance   | 0.498      |
|    learning_rate        | 0.0003     |
|    loss                 | -0.0598    |
|    n_updates            | 1940       |
|    policy_gradient_loss | -0.0319    |
|    std                  | 0.398      |
|    value_loss           | 0.000457   |
----------------------------------------
----------------------------------------
| rollout/                |            |
|    ep_len_mean          | 12         |
|    ep_rew_mean          | 6          |
| time/                   |            |
|    fps                  | 56         |
|    iterations           | 196        |
|    time_elapsed         | 7111       |
|    total_timesteps      | 401408     |
| train/                  |            |
|    approx_kl            | 0.03135626 |
|    clip_fraction        | 0.311      |
|    clip_range           | 0.2        |
|    entropy_loss         | -3.34      |
|    explained_variance   | 0.538      |
|    learning_rate        | 0.0003     |
|    loss                 | -0.039     |
|    n_updates            | 1950       |
|    policy_gradient_loss | -0.0258    |
|    std                  | 0.395      |
|    value_loss           | 0.000372   |
----------------------------------------
saved models/C2_lam0.05_seed2.zip and models/C2_lam0.05_seed2_vecnormalize.pkl
