=== training C4_seed0 for 400000 steps ===
    port 5400
--------------------------------------------------------------
[threshold consistency]
  success distance      = 0.030 m
  force at success      = 5.00 N
  comfort / danger      = 6.0 N / 10.0 N
  >>> OK: the success point lies inside the safe band.
--------------------------------------------------------------
Waiting for connections on port: 5401...
Connected successfully
Using cpu device
---------------------------------
| rollout/           |          |
|    ep_len_mean     | 200      |
|    ep_rew_mean     | -882     |
| time/              |          |
|    fps             | 79       |
|    iterations      | 1        |
|    time_elapsed    | 25       |
|    total_timesteps | 2048     |
---------------------------------
-----------------------------------------
| rollout/                |             |
|    ep_len_mean          | 200         |
|    ep_rew_mean          | -943        |
| time/                   |             |
|    fps                  | 77          |
|    iterations           | 2           |
|    time_elapsed         | 52          |
|    total_timesteps      | 4096        |
| train/                  |             |
|    approx_kl            | 0.015011658 |
|    clip_fraction        | 0.134       |
|    clip_range           | 0.2         |
|    entropy_loss         | -9.92       |
|    explained_variance   | -0.522      |
|    learning_rate        | 0.0003      |
|    loss                 | -0.032      |
|    n_updates            | 10          |
|    policy_gradient_loss | -0.0244     |
|    std                  | 0.996       |
|    value_loss           | 0.37        |
-----------------------------------------
-----------------------------------------
| rollout/                |             |
|    ep_len_mean          | 200         |
|    ep_rew_mean          | -988        |
| time/                   |             |
|    fps                  | 77          |
|    iterations           | 3           |
|    time_elapsed         | 79          |
|    total_timesteps      | 6144        |
| train/                  |             |
|    approx_kl            | 0.014578626 |
|    clip_fraction        | 0.15        |
|    clip_range           | 0.2         |
|    entropy_loss         | -9.91       |
|    explained_variance   | 0.309       |
|    learning_rate        | 0.0003      |
|    loss                 | 0.00725     |
|    n_updates            | 20          |
|    policy_gradient_loss | -0.0263     |
|    std                  | 0.996       |
|    value_loss           | 0.0438      |
-----------------------------------------
----------------------------------------
| rollout/                |            |
|    ep_len_mean          | 200        |
|    ep_rew_mean          | -945       |
| time/                   |            |
|    fps                  | 77         |
|    iterations           | 4          |
|    time_elapsed         | 106        |
|    total_timesteps      | 8192       |
| train/                  |            |
|    approx_kl            | 0.01265798 |
|    clip_fraction        | 0.134      |
|    clip_range           | 0.2        |
|    entropy_loss         | -9.91      |
|    explained_variance   | 0.259      |
|    learning_rate        | 0.0003     |
|    loss                 | 0.00486    |
|    n_updates            | 30         |
|    policy_gradient_loss | -0.0213    |
|    std                  | 0.996      |
|    value_loss           | 0.0332     |
----------------------------------------
-----------------------------------------
| rollout/                |             |
|    ep_len_mean          | 200         |
|    ep_rew_mean          | -927        |
| time/                   |             |
|    fps                  | 77          |
|    iterations           | 5           |
|    time_elapsed         | 132         |
|    total_timesteps      | 10240       |
| train/                  |             |
|    approx_kl            | 0.013766291 |
|    clip_fraction        | 0.152       |
|    clip_range           | 0.2         |
|    entropy_loss         | -9.92       |
|    explained_variance   | 0.626       |
|    learning_rate        | 0.0003      |
|    loss                 | -0.0346     |
|    n_updates            | 40          |
|    policy_gradient_loss | -0.0262     |
|    std                  | 0.999       |
|    value_loss           | 0.0233      |
-----------------------------------------
-----------------------------------------
| rollout/                |             |
|    ep_len_mean          | 200         |
|    ep_rew_mean          | -867        |
| time/                   |             |
|    fps                  | 77          |
|    iterations           | 6           |
|    time_elapsed         | 159         |
|    total_timesteps      | 12288       |
| train/                  |             |
|    approx_kl            | 0.012990035 |
|    clip_fraction        | 0.136       |
|    clip_range           | 0.2         |
|    entropy_loss         | -9.92       |
|    explained_variance   | 0.356       |
|    learning_rate        | 0.0003      |
|    loss                 | -0.000103   |
|    n_updates            | 50          |
|    policy_gradient_loss | -0.0264     |
|    std                  | 0.997       |
|    value_loss           | 0.0245      |
-----------------------------------------
-----------------------------------------
| rollout/                |             |
|    ep_len_mean          | 200         |
|    ep_rew_mean          | -808        |
| time/                   |             |
|    fps                  | 76          |
|    iterations           | 7           |
|    time_elapsed         | 186         |
|    total_timesteps      | 14336       |
| train/                  |             |
|    approx_kl            | 0.016511455 |
|    clip_fraction        | 0.171       |
|    clip_range           | 0.2         |
|    entropy_loss         | -9.87       |
|    explained_variance   | 0.507       |
|    learning_rate        | 0.0003      |
|    loss                 | -0.0477     |
|    n_updates            | 60          |
|    policy_gradient_loss | -0.0284     |
|    std                  | 0.988       |
|    value_loss           | 0.0122      |
-----------------------------------------
-----------------------------------------
| rollout/                |             |
|    ep_len_mean          | 200         |
|    ep_rew_mean          | -760        |
| time/                   |             |
|    fps                  | 76          |
|    iterations           | 8           |
|    time_elapsed         | 213         |
|    total_timesteps      | 16384       |
| train/                  |             |
|    approx_kl            | 0.014800019 |
|    clip_fraction        | 0.182       |
|    clip_range           | 0.2         |
|    entropy_loss         | -9.85       |
|    explained_variance   | -0.252      |
|    learning_rate        | 0.0003      |
|    loss                 | 0.00726     |
|    n_updates            | 70          |
|    policy_gradient_loss | -0.0307     |
|    std                  | 0.987       |
|    value_loss           | 0.00765     |
-----------------------------------------
-----------------------------------------
| rollout/                |             |
|    ep_len_mean          | 200         |
|    ep_rew_mean          | -711        |
| time/                   |             |
|    fps                  | 76          |
|    iterations           | 9           |
|    time_elapsed         | 239         |
|    total_timesteps      | 18432       |
| train/                  |             |
|    approx_kl            | 0.014047595 |
|    clip_fraction        | 0.166       |
|    clip_range           | 0.2         |
|    entropy_loss         | -9.83       |
|    explained_variance   | 0.498       |
|    learning_rate        | 0.0003      |
|    loss                 | -0.0508     |
|    n_updates            | 80          |
|    policy_gradient_loss | -0.0301     |
|    std                  | 0.984       |
|    value_loss           | 0.00625     |
-----------------------------------------
-----------------------------------------
| rollout/                |             |
|    ep_len_mean          | 200         |
|    ep_rew_mean          | -665        |
| time/                   |             |
|    fps                  | 76          |
|    iterations           | 10          |
|    time_elapsed         | 267         |
|    total_timesteps      | 20480       |
| train/                  |             |
|    approx_kl            | 0.015119625 |
|    clip_fraction        | 0.188       |
|    clip_range           | 0.2         |
|    entropy_loss         | -9.82       |
|    explained_variance   | -0.109      |
|    learning_rate        | 0.0003      |
|    loss                 | -0.00871    |
|    n_updates            | 90          |
|    policy_gradient_loss | -0.0311     |
|    std                  | 0.983       |
|    value_loss           | 0.00505     |
-----------------------------------------
-----------------------------------------
| rollout/                |             |
|    ep_len_mean          | 200         |
|    ep_rew_mean          | -609        |
| time/                   |             |
|    fps                  | 76          |
|    iterations           | 11          |
|    time_elapsed         | 294         |
|    total_timesteps      | 22528       |
| train/                  |             |
|    approx_kl            | 0.015016967 |
|    clip_fraction        | 0.171       |
|    clip_range           | 0.2         |
|    entropy_loss         | -9.82       |
|    explained_variance   | -0.0989     |
|    learning_rate        | 0.0003      |
|    loss                 | -0.0195     |
|    n_updates            | 100         |
|    policy_gradient_loss | -0.0262     |
|    std                  | 0.985       |
|    value_loss           | 0.00377     |
-----------------------------------------
-----------------------------------------
| rollout/                |             |
|    ep_len_mean          | 200         |
|    ep_rew_mean          | -548        |
| time/                   |             |
|    fps                  | 76          |
|    iterations           | 12          |
|    time_elapsed         | 321         |
|    total_timesteps      | 24576       |
| train/                  |             |
|    approx_kl            | 0.015211624 |
|    clip_fraction        | 0.187       |
|    clip_range           | 0.2         |
|    entropy_loss         | -9.82       |
|    explained_variance   | -0.0707     |
|    learning_rate        | 0.0003      |
|    loss                 | -0.0414     |
|    n_updates            | 110         |
|    policy_gradient_loss | -0.0319     |
|    std                  | 0.984       |
|    value_loss           | 0.00328     |
-----------------------------------------
-----------------------------------------
| rollout/                |             |
|    ep_len_mean          | 200         |
|    ep_rew_mean          | -470        |
| time/                   |             |
|    fps                  | 76          |
|    iterations           | 13          |
|    time_elapsed         | 348         |
|    total_timesteps      | 26624       |
| train/                  |             |
|    approx_kl            | 0.018742757 |
|    clip_fraction        | 0.22        |
|    clip_range           | 0.2         |
|    entropy_loss         | -9.82       |
|    explained_variance   | 0.315       |
|    learning_rate        | 0.0003      |
|    loss                 | -0.0154     |
|    n_updates            | 120         |
|    policy_gradient_loss | -0.0345     |
|    std                  | 0.985       |
|    value_loss           | 0.00345     |
-----------------------------------------
----------------------------------------
| rollout/                |            |
|    ep_len_mean          | 200        |
|    ep_rew_mean          | -406       |
| time/                   |            |
|    fps                  | 76         |
|    iterations           | 14         |
|    time_elapsed         | 376        |
|    total_timesteps      | 28672      |
| train/                  |            |
|    approx_kl            | 0.01577695 |
|    clip_fraction        | 0.174      |
|    clip_range           | 0.2        |
|    entropy_loss         | -9.84      |
|    explained_variance   | 0.0639     |
|    learning_rate        | 0.0003     |
|    loss                 | -0.0565    |
|    n_updates            | 130        |
|    policy_gradient_loss | -0.0325    |
|    std                  | 0.988      |
|    value_loss           | 0.00272    |
----------------------------------------
-----------------------------------------
| rollout/                |             |
|    ep_len_mean          | 200         |
|    ep_rew_mean          | -355        |
| time/                   |             |
|    fps                  | 76          |
|    iterations           | 15          |
|    time_elapsed         | 403         |
|    total_timesteps      | 30720       |
| train/                  |             |
|    approx_kl            | 0.017798435 |
|    clip_fraction        | 0.203       |
|    clip_range           | 0.2         |
|    entropy_loss         | -9.84       |
|    explained_variance   | 0.568       |
|    learning_rate        | 0.0003      |
|    loss                 | -0.0385     |
|    n_updates            | 140         |
|    policy_gradient_loss | -0.0322     |
|    std                  | 0.987       |
|    value_loss           | 0.00159     |
-----------------------------------------
-----------------------------------------
| rollout/                |             |
|    ep_len_mean          | 200         |
|    ep_rew_mean          | -323        |
| time/                   |             |
|    fps                  | 76          |
|    iterations           | 16          |
|    time_elapsed         | 430         |
|    total_timesteps      | 32768       |
| train/                  |             |
|    approx_kl            | 0.017458037 |
|    clip_fraction        | 0.216       |
|    clip_range           | 0.2         |
|    entropy_loss         | -9.82       |
|    explained_variance   | 0.247       |
|    learning_rate        | 0.0003      |
|    loss                 | -0.0371     |
|    n_updates            | 150         |
|    policy_gradient_loss | -0.0331     |
|    std                  | 0.982       |
|    value_loss           | 0.00127     |
-----------------------------------------
-----------------------------------------
| rollout/                |             |
|    ep_len_mean          | 200         |
|    ep_rew_mean          | -298        |
| time/                   |             |
|    fps                  | 75          |
|    iterations           | 17          |
|    time_elapsed         | 458         |
|    total_timesteps      | 34816       |
| train/                  |             |
|    approx_kl            | 0.016739234 |
|    clip_fraction        | 0.188       |
|    clip_range           | 0.2         |
|    entropy_loss         | -9.79       |
|    explained_variance   | 0.625       |
|    learning_rate        | 0.0003      |
|    loss                 | -0.059      |
|    n_updates            | 160         |
|    policy_gradient_loss | -0.0327     |
|    std                  | 0.978       |
|    value_loss           | 0.00169     |
-----------------------------------------
-----------------------------------------
| rollout/                |             |
|    ep_len_mean          | 200         |
|    ep_rew_mean          | -279        |
| time/                   |             |
|    fps                  | 75          |
|    iterations           | 18          |
|    time_elapsed         | 486         |
|    total_timesteps      | 36864       |
| train/                  |             |
|    approx_kl            | 0.016252775 |
|    clip_fraction        | 0.195       |
|    clip_range           | 0.2         |
|    entropy_loss         | -9.76       |
|    explained_variance   | 0.665       |
|    learning_rate        | 0.0003      |
|    loss                 | -0.0264     |
|    n_updates            | 170         |
|    policy_gradient_loss | -0.0297     |
|    std                  | 0.974       |
|    value_loss           | 0.000998    |
-----------------------------------------
-----------------------------------------
| rollout/                |             |
|    ep_len_mean          | 200         |
|    ep_rew_mean          | -265        |
| time/                   |             |
|    fps                  | 75          |
|    iterations           | 19          |
|    time_elapsed         | 514         |
|    total_timesteps      | 38912       |
| train/                  |             |
|    approx_kl            | 0.014576624 |
|    clip_fraction        | 0.173       |
|    clip_range           | 0.2         |
|    entropy_loss         | -9.72       |
|    explained_variance   | 0.527       |
|    learning_rate        | 0.0003      |
|    loss                 | -0.0656     |
|    n_updates            | 180         |
|    policy_gradient_loss | -0.0314     |
|    std                  | 0.969       |
|    value_loss           | 0.00143     |
-----------------------------------------
-----------------------------------------
| rollout/                |             |
|    ep_len_mean          | 200         |
|    ep_rew_mean          | -247        |
| time/                   |             |
|    fps                  | 75          |
|    iterations           | 20          |
|    time_elapsed         | 541         |
|    total_timesteps      | 40960       |
| train/                  |             |
|    approx_kl            | 0.018509656 |
|    clip_fraction        | 0.207       |
|    clip_range           | 0.2         |
|    entropy_loss         | -9.71       |
|    explained_variance   | 0.737       |
|    learning_rate        | 0.0003      |
|    loss                 | -0.0391     |
|    n_updates            | 190         |
|    policy_gradient_loss | -0.0352     |
|    std                  | 0.967       |
|    value_loss           | 0.0013      |
-----------------------------------------
----------------------------------------
| rollout/                |            |
|    ep_len_mean          | 200        |
|    ep_rew_mean          | -234       |
| time/                   |            |
|    fps                  | 75         |
|    iterations           | 21         |
|    time_elapsed         | 569        |
|    total_timesteps      | 43008      |
| train/                  |            |
|    approx_kl            | 0.01582875 |
|    clip_fraction        | 0.181      |
|    clip_range           | 0.2        |
|    entropy_loss         | -9.66      |
|    explained_variance   | 0.539      |
|    learning_rate        | 0.0003     |
|    loss                 | -0.0295    |
|    n_updates            | 200        |
|    policy_gradient_loss | -0.0317    |
|    std                  | 0.957      |
|    value_loss           | 0.00135    |
----------------------------------------
----------------------------------------
| rollout/                |            |
|    ep_len_mean          | 200        |
|    ep_rew_mean          | -220       |
| time/                   |            |
|    fps                  | 75         |
|    iterations           | 22         |
|    time_elapsed         | 596        |
|    total_timesteps      | 45056      |
| train/                  |            |
|    approx_kl            | 0.01511603 |
|    clip_fraction        | 0.171      |
|    clip_range           | 0.2        |
|    entropy_loss         | -9.61      |
|    explained_variance   | 0.5        |
|    learning_rate        | 0.0003     |
|    loss                 | -0.0537    |
|    n_updates            | 210        |
|    policy_gradient_loss | -0.0294    |
|    std                  | 0.952      |
|    value_loss           | 0.00117    |
----------------------------------------
------------------------------------------
| rollout/                |              |
|    ep_len_mean          | 200          |
|    ep_rew_mean          | -207         |
| time/                   |              |
|    fps                  | 75           |
|    iterations           | 23           |
|    time_elapsed         | 624          |
|    total_timesteps      | 47104        |
| train/                  |              |
|    approx_kl            | 0.0152194975 |
|    clip_fraction        | 0.187        |
|    clip_range           | 0.2          |
|    entropy_loss         | -9.57        |
|    explained_variance   | 0.631        |
|    learning_rate        | 0.0003       |
|    loss                 | -0.0273      |
|    n_updates            | 220          |
|    policy_gradient_loss | -0.034       |
|    std                  | 0.949        |
|    value_loss           | 0.000986     |
------------------------------------------
-----------------------------------------
| rollout/                |             |
|    ep_len_mean          | 200         |
|    ep_rew_mean          | -197        |
| time/                   |             |
|    fps                  | 75          |
|    iterations           | 24          |
|    time_elapsed         | 651         |
|    total_timesteps      | 49152       |
| train/                  |             |
|    approx_kl            | 0.016846642 |
|    clip_fraction        | 0.199       |
|    clip_range           | 0.2         |
|    entropy_loss         | -9.52       |
|    explained_variance   | 0.706       |
|    learning_rate        | 0.0003      |
|    loss                 | -0.0388     |
|    n_updates            | 230         |
|    policy_gradient_loss | -0.0317     |
|    std                  | 0.94        |
|    value_loss           | 0.000725    |
-----------------------------------------
-----------------------------------------
| rollout/                |             |
|    ep_len_mean          | 200         |
|    ep_rew_mean          | -188        |
| time/                   |             |
|    fps                  | 75          |
|    iterations           | 25          |
|    time_elapsed         | 678         |
|    total_timesteps      | 51200       |
| train/                  |             |
|    approx_kl            | 0.013800267 |
|    clip_fraction        | 0.162       |
|    clip_range           | 0.2         |
|    entropy_loss         | -9.45       |
|    explained_variance   | -0.355      |
|    learning_rate        | 0.0003      |
|    loss                 | -0.0382     |
|    n_updates            | 240         |
|    policy_gradient_loss | -0.0251     |
|    std                  | 0.929       |
|    value_loss           | 0.000501    |
-----------------------------------------
-----------------------------------------
| rollout/                |             |
|    ep_len_mean          | 200         |
|    ep_rew_mean          | -180        |
| time/                   |             |
|    fps                  | 75          |
|    iterations           | 26          |
|    time_elapsed         | 706         |
|    total_timesteps      | 53248       |
| train/                  |             |
|    approx_kl            | 0.015218862 |
|    clip_fraction        | 0.152       |
|    clip_range           | 0.2         |
|    entropy_loss         | -9.36       |
|    explained_variance   | -0.348      |
|    learning_rate        | 0.0003      |
|    loss                 | -0.0477     |
|    n_updates            | 250         |
|    policy_gradient_loss | -0.0259     |
|    std                  | 0.916       |
|    value_loss           | 0.000313    |
-----------------------------------------
-----------------------------------------
| rollout/                |             |
|    ep_len_mean          | 200         |
|    ep_rew_mean          | -174        |
| time/                   |             |
|    fps                  | 75          |
|    iterations           | 27          |
|    time_elapsed         | 734         |
|    total_timesteps      | 55296       |
| train/                  |             |
|    approx_kl            | 0.017339692 |
|    clip_fraction        | 0.198       |
|    clip_range           | 0.2         |
|    entropy_loss         | -9.28       |
|    explained_variance   | 0.00572     |
|    learning_rate        | 0.0003      |
|    loss                 | -0.0304     |
|    n_updates            | 260         |
|    policy_gradient_loss | -0.0291     |
|    std                  | 0.907       |
|    value_loss           | 0.000296    |
-----------------------------------------
-----------------------------------------
| rollout/                |             |
|    ep_len_mean          | 200         |
|    ep_rew_mean          | -164        |
| time/                   |             |
|    fps                  | 75          |
|    iterations           | 28          |
|    time_elapsed         | 761         |
|    total_timesteps      | 57344       |
| train/                  |             |
|    approx_kl            | 0.015892934 |
|    clip_fraction        | 0.19        |
|    clip_range           | 0.2         |
|    entropy_loss         | -9.24       |
|    explained_variance   | 0.0913      |
|    learning_rate        | 0.0003      |
|    loss                 | -0.0198     |
|    n_updates            | 270         |
|    policy_gradient_loss | -0.0274     |
|    std                  | 0.904       |
|    value_loss           | 0.000336    |
-----------------------------------------
------------------------------------------
| rollout/                |              |
|    ep_len_mean          | 200          |
|    ep_rew_mean          | -157         |
| time/                   |              |
|    fps                  | 75           |
|    iterations           | 29           |
|    time_elapsed         | 788          |
|    total_timesteps      | 59392        |
| train/                  |              |
|    approx_kl            | 0.0153681645 |
|    clip_fraction        | 0.206        |
|    clip_range           | 0.2          |
|    entropy_loss         | -9.18        |
|    explained_variance   | 0.214        |
|    learning_rate        | 0.0003       |
|    loss                 | -0.0472      |
|    n_updates            | 280          |
|    policy_gradient_loss | -0.0279      |
|    std                  | 0.895        |
|    value_loss           | 0.000391     |
------------------------------------------
-----------------------------------------
| rollout/                |             |
|    ep_len_mean          | 200         |
|    ep_rew_mean          | -151        |
| time/                   |             |
|    fps                  | 75          |
|    iterations           | 30          |
|    time_elapsed         | 816         |
|    total_timesteps      | 61440       |
| train/                  |             |
|    approx_kl            | 0.013632512 |
|    clip_fraction        | 0.174       |
|    clip_range           | 0.2         |
|    entropy_loss         | -9.12       |
|    explained_variance   | -0.306      |
|    learning_rate        | 0.0003      |
|    loss                 | -0.0102     |
|    n_updates            | 290         |
|    policy_gradient_loss | -0.024      |
|    std                  | 0.887       |
|    value_loss           | 0.000183    |
-----------------------------------------
-----------------------------------------
| rollout/                |             |
|    ep_len_mean          | 200         |
|    ep_rew_mean          | -143        |
| time/                   |             |
|    fps                  | 75          |
|    iterations           | 31          |
|    time_elapsed         | 844         |
|    total_timesteps      | 63488       |
| train/                  |             |
|    approx_kl            | 0.015658656 |
|    clip_fraction        | 0.211       |
|    clip_range           | 0.2         |
|    entropy_loss         | -9.04       |
|    explained_variance   | -0.0117     |
|    learning_rate        | 0.0003      |
|    loss                 | -0.0291     |
|    n_updates            | 300         |
|    policy_gradient_loss | -0.0292     |
|    std                  | 0.877       |
|    value_loss           | 0.000299    |
-----------------------------------------
-----------------------------------------
| rollout/                |             |
|    ep_len_mean          | 200         |
|    ep_rew_mean          | -138        |
| time/                   |             |
|    fps                  | 75          |
|    iterations           | 32          |
|    time_elapsed         | 871         |
|    total_timesteps      | 65536       |
| train/                  |             |
|    approx_kl            | 0.017964523 |
|    clip_fraction        | 0.19        |
|    clip_range           | 0.2         |
|    entropy_loss         | -8.97       |
|    explained_variance   | -0.286      |
|    learning_rate        | 0.0003      |
|    loss                 | -0.0668     |
|    n_updates            | 310         |
|    policy_gradient_loss | -0.0288     |
|    std                  | 0.868       |
|    value_loss           | 0.000204    |
-----------------------------------------
-----------------------------------------
| rollout/                |             |
|    ep_len_mean          | 200         |
|    ep_rew_mean          | -134        |
| time/                   |             |
|    fps                  | 75          |
|    iterations           | 33          |
|    time_elapsed         | 899         |
|    total_timesteps      | 67584       |
| train/                  |             |
|    approx_kl            | 0.017276606 |
|    clip_fraction        | 0.19        |
|    clip_range           | 0.2         |
|    entropy_loss         | -8.88       |
|    explained_variance   | -0.208      |
|    learning_rate        | 0.0003      |
|    loss                 | -0.0412     |
|    n_updates            | 320         |
|    policy_gradient_loss | -0.0272     |
|    std                  | 0.857       |
|    value_loss           | 0.000167    |
-----------------------------------------
-----------------------------------------
| rollout/                |             |
|    ep_len_mean          | 200         |
|    ep_rew_mean          | -131        |
| time/                   |             |
|    fps                  | 75          |
|    iterations           | 34          |
|    time_elapsed         | 926         |
|    total_timesteps      | 69632       |
| train/                  |             |
|    approx_kl            | 0.018215805 |
|    clip_fraction        | 0.208       |
|    clip_range           | 0.2         |
|    entropy_loss         | -8.79       |
|    explained_variance   | 0.155       |
|    learning_rate        | 0.0003      |
|    loss                 | -0.034      |
|    n_updates            | 330         |
|    policy_gradient_loss | -0.0268     |
|    std                  | 0.847       |
|    value_loss           | 0.000258    |
-----------------------------------------
-----------------------------------------
| rollout/                |             |
|    ep_len_mean          | 200         |
|    ep_rew_mean          | -128        |
| time/                   |             |
|    fps                  | 75          |
|    iterations           | 35          |
|    time_elapsed         | 954         |
|    total_timesteps      | 71680       |
| train/                  |             |
|    approx_kl            | 0.013811673 |
|    clip_fraction        | 0.189       |
|    clip_range           | 0.2         |
|    entropy_loss         | -8.72       |
|    explained_variance   | -0.0904     |
|    learning_rate        | 0.0003      |
|    loss                 | -0.0565     |
|    n_updates            | 340         |
|    policy_gradient_loss | -0.0252     |
|    std                  | 0.839       |
|    value_loss           | 0.000189    |
-----------------------------------------
-----------------------------------------
| rollout/                |             |
|    ep_len_mean          | 200         |
|    ep_rew_mean          | -126        |
| time/                   |             |
|    fps                  | 75          |
|    iterations           | 36          |
|    time_elapsed         | 982         |
|    total_timesteps      | 73728       |
| train/                  |             |
|    approx_kl            | 0.018732717 |
|    clip_fraction        | 0.208       |
|    clip_range           | 0.2         |
|    entropy_loss         | -8.67       |
|    explained_variance   | 0.331       |
|    learning_rate        | 0.0003      |
|    loss                 | -0.0426     |
|    n_updates            | 350         |
|    policy_gradient_loss | -0.0286     |
|    std                  | 0.834       |
|    value_loss           | 0.000228    |
-----------------------------------------
-----------------------------------------
| rollout/                |             |
|    ep_len_mean          | 200         |
|    ep_rew_mean          | -124        |
| time/                   |             |
|    fps                  | 75          |
|    iterations           | 37          |
|    time_elapsed         | 1009        |
|    total_timesteps      | 75776       |
| train/                  |             |
|    approx_kl            | 0.014707843 |
|    clip_fraction        | 0.183       |
|    clip_range           | 0.2         |
|    entropy_loss         | -8.63       |
|    explained_variance   | -0.962      |
|    learning_rate        | 0.0003      |
|    loss                 | -0.0292     |
|    n_updates            | 360         |
|    policy_gradient_loss | -0.0254     |
|    std                  | 0.83        |
|    value_loss           | 0.000106    |
-----------------------------------------
-----------------------------------------
| rollout/                |             |
|    ep_len_mean          | 200         |
|    ep_rew_mean          | -121        |
| time/                   |             |
|    fps                  | 74          |
|    iterations           | 38          |
|    time_elapsed         | 1037        |
|    total_timesteps      | 77824       |
| train/                  |             |
|    approx_kl            | 0.014760764 |
|    clip_fraction        | 0.194       |
|    clip_range           | 0.2         |
|    entropy_loss         | -8.58       |
|    explained_variance   | 0.193       |
|    learning_rate        | 0.0003      |
|    loss                 | -0.0666     |
|    n_updates            | 370         |
|    policy_gradient_loss | -0.0266     |
|    std                  | 0.822       |
|    value_loss           | 0.000263    |
-----------------------------------------
----------------------------------------
| rollout/                |            |
|    ep_len_mean          | 200        |
|    ep_rew_mean          | -119       |
| time/                   |            |
|    fps                  | 74         |
|    iterations           | 39         |
|    time_elapsed         | 1065       |
|    total_timesteps      | 79872      |
| train/                  |            |
|    approx_kl            | 0.01648127 |
|    clip_fraction        | 0.187      |
|    clip_range           | 0.2        |
|    entropy_loss         | -8.47      |
|    explained_variance   | -0.215     |
|    learning_rate        | 0.0003     |
|    loss                 | -0.0339    |
|    n_updates            | 380        |
|    policy_gradient_loss | -0.0282    |
|    std                  | 0.807      |
|    value_loss           | 0.000146   |
----------------------------------------
-----------------------------------------
| rollout/                |             |
|    ep_len_mean          | 200         |
|    ep_rew_mean          | -118        |
| time/                   |             |
|    fps                  | 74          |
|    iterations           | 40          |
|    time_elapsed         | 1092        |
|    total_timesteps      | 81920       |
| train/                  |             |
|    approx_kl            | 0.015077623 |
|    clip_fraction        | 0.205       |
|    clip_range           | 0.2         |
|    entropy_loss         | -8.39       |
|    explained_variance   | -0.299      |
|    learning_rate        | 0.0003      |
|    loss                 | -0.0216     |
|    n_updates            | 390         |
|    policy_gradient_loss | -0.0261     |
|    std                  | 0.802       |
|    value_loss           | 9.69e-05    |
-----------------------------------------
----------------------------------------
| rollout/                |            |
|    ep_len_mean          | 200        |
|    ep_rew_mean          | -116       |
| time/                   |            |
|    fps                  | 74         |
|    iterations           | 41         |
|    time_elapsed         | 1120       |
|    total_timesteps      | 83968      |
| train/                  |            |
|    approx_kl            | 0.01663274 |
|    clip_fraction        | 0.198      |
|    clip_range           | 0.2        |
|    entropy_loss         | -8.31      |
|    explained_variance   | -0.446     |
|    learning_rate        | 0.0003     |
|    loss                 | -0.0433    |
|    n_updates            | 400        |
|    policy_gradient_loss | -0.0286    |
|    std                  | 0.789      |
|    value_loss           | 8.32e-05   |
----------------------------------------
----------------------------------------
| rollout/                |            |
|    ep_len_mean          | 200        |
|    ep_rew_mean          | -114       |
| time/                   |            |
|    fps                  | 74         |
|    iterations           | 42         |
|    time_elapsed         | 1147       |
|    total_timesteps      | 86016      |
| train/                  |            |
|    approx_kl            | 0.01594789 |
|    clip_fraction        | 0.17       |
|    clip_range           | 0.2        |
|    entropy_loss         | -8.22      |
|    explained_variance   | -0.289     |
|    learning_rate        | 0.0003     |
|    loss                 | -0.0181    |
|    n_updates            | 410        |
|    policy_gradient_loss | -0.024     |
|    std                  | 0.782      |
|    value_loss           | 8.98e-05   |
----------------------------------------
----------------------------------------
| rollout/                |            |
|    ep_len_mean          | 200        |
|    ep_rew_mean          | -113       |
| time/                   |            |
|    fps                  | 74         |
|    iterations           | 43         |
|    time_elapsed         | 1175       |
|    total_timesteps      | 88064      |
| train/                  |            |
|    approx_kl            | 0.01547068 |
|    clip_fraction        | 0.186      |
|    clip_range           | 0.2        |
|    entropy_loss         | -8.15      |
|    explained_variance   | -0.342     |
|    learning_rate        | 0.0003     |
|    loss                 | -0.00893   |
|    n_updates            | 420        |
|    policy_gradient_loss | -0.0258    |
|    std                  | 0.773      |
|    value_loss           | 0.000103   |
----------------------------------------
-----------------------------------------
| rollout/                |             |
|    ep_len_mean          | 200         |
|    ep_rew_mean          | -111        |
| time/                   |             |
|    fps                  | 74          |
|    iterations           | 44          |
|    time_elapsed         | 1202        |
|    total_timesteps      | 90112       |
| train/                  |             |
|    approx_kl            | 0.016797055 |
|    clip_fraction        | 0.196       |
|    clip_range           | 0.2         |
|    entropy_loss         | -8.08       |
|    explained_variance   | -0.465      |
|    learning_rate        | 0.0003      |
|    loss                 | -0.0476     |
|    n_updates            | 430         |
|    policy_gradient_loss | -0.0246     |
|    std                  | 0.766       |
|    value_loss           | 7.97e-05    |
-----------------------------------------
-----------------------------------------
| rollout/                |             |
|    ep_len_mean          | 200         |
|    ep_rew_mean          | -110        |
| time/                   |             |
|    fps                  | 74          |
|    iterations           | 45          |
|    time_elapsed         | 1230        |
|    total_timesteps      | 92160       |
| train/                  |             |
|    approx_kl            | 0.017735686 |
|    clip_fraction        | 0.214       |
|    clip_range           | 0.2         |
|    entropy_loss         | -8.01       |
|    explained_variance   | 0.018       |
|    learning_rate        | 0.0003      |
|    loss                 | -0.0631     |
|    n_updates            | 440         |
|    policy_gradient_loss | -0.0281     |
|    std                  | 0.758       |
|    value_loss           | 0.000111    |
-----------------------------------------
----------------------------------------
| rollout/                |            |
|    ep_len_mean          | 200        |
|    ep_rew_mean          | -108       |
| time/                   |            |
|    fps                  | 74         |
|    iterations           | 46         |
|    time_elapsed         | 1258       |
|    total_timesteps      | 94208      |
| train/                  |            |
|    approx_kl            | 0.01651372 |
|    clip_fraction        | 0.208      |
|    clip_range           | 0.2        |
|    entropy_loss         | -7.94      |
|    explained_variance   | -0.133     |
|    learning_rate        | 0.0003     |
|    loss                 | -0.0629    |
|    n_updates            | 450        |
|    policy_gradient_loss | -0.0242    |
|    std                  | 0.752      |
|    value_loss           | 9.19e-05   |
----------------------------------------
-----------------------------------------
| rollout/                |             |
|    ep_len_mean          | 200         |
|    ep_rew_mean          | -107        |
| time/                   |             |
|    fps                  | 74          |
|    iterations           | 47          |
|    time_elapsed         | 1285        |
|    total_timesteps      | 96256       |
| train/                  |             |
|    approx_kl            | 0.014790397 |
|    clip_fraction        | 0.191       |
|    clip_range           | 0.2         |
|    entropy_loss         | -7.87       |
|    explained_variance   | -0.109      |
|    learning_rate        | 0.0003      |
|    loss                 | -0.0459     |
|    n_updates            | 460         |
|    policy_gradient_loss | -0.0258     |
|    std                  | 0.744       |
|    value_loss           | 8.95e-05    |
-----------------------------------------
-----------------------------------------
| rollout/                |             |
|    ep_len_mean          | 200         |
|    ep_rew_mean          | -105        |
| time/                   |             |
|    fps                  | 74          |
|    iterations           | 48          |
|    time_elapsed         | 1313        |
|    total_timesteps      | 98304       |
| train/                  |             |
|    approx_kl            | 0.015671935 |
|    clip_fraction        | 0.189       |
|    clip_range           | 0.2         |
|    entropy_loss         | -7.8        |
|    explained_variance   | -0.0891     |
|    learning_rate        | 0.0003      |
|    loss                 | 0.00188     |
|    n_updates            | 470         |
|    policy_gradient_loss | -0.0232     |
|    std                  | 0.738       |
|    value_loss           | 7.17e-05    |
-----------------------------------------
-----------------------------------------
| rollout/                |             |
|    ep_len_mean          | 200         |
|    ep_rew_mean          | -104        |
| time/                   |             |
|    fps                  | 74          |
|    iterations           | 49          |
|    time_elapsed         | 1341        |
|    total_timesteps      | 100352      |
| train/                  |             |
|    approx_kl            | 0.016217105 |
|    clip_fraction        | 0.181       |
|    clip_range           | 0.2         |
|    entropy_loss         | -7.73       |
|    explained_variance   | -0.217      |
|    learning_rate        | 0.0003      |
|    loss                 | -0.0251     |
|    n_updates            | 480         |
|    policy_gradient_loss | -0.0225     |
|    std                  | 0.729       |
|    value_loss           | 8.02e-05    |
-----------------------------------------
-----------------------------------------
| rollout/                |             |
|    ep_len_mean          | 200         |
|    ep_rew_mean          | -103        |
| time/                   |             |
|    fps                  | 74          |
|    iterations           | 50          |
|    time_elapsed         | 1368        |
|    total_timesteps      | 102400      |
| train/                  |             |
|    approx_kl            | 0.015065158 |
|    clip_fraction        | 0.202       |
|    clip_range           | 0.2         |
|    entropy_loss         | -7.64       |
|    explained_variance   | -0.204      |
|    learning_rate        | 0.0003      |
|    loss                 | -0.0589     |
|    n_updates            | 490         |
|    policy_gradient_loss | -0.0252     |
|    std                  | 0.722       |
|    value_loss           | 7.55e-05    |
-----------------------------------------
-----------------------------------------
| rollout/                |             |
|    ep_len_mean          | 200         |
|    ep_rew_mean          | -102        |
| time/                   |             |
|    fps                  | 74          |
|    iterations           | 51          |
|    time_elapsed         | 1396        |
|    total_timesteps      | 104448      |
| train/                  |             |
|    approx_kl            | 0.017404431 |
|    clip_fraction        | 0.19        |
|    clip_range           | 0.2         |
|    entropy_loss         | -7.55       |
|    explained_variance   | -0.229      |
|    learning_rate        | 0.0003      |
|    loss                 | -0.059      |
|    n_updates            | 500         |
|    policy_gradient_loss | -0.0283     |
|    std                  | 0.71        |
|    value_loss           | 7.93e-05    |
-----------------------------------------
-----------------------------------------
| rollout/                |             |
|    ep_len_mean          | 200         |
|    ep_rew_mean          | -101        |
| time/                   |             |
|    fps                  | 74          |
|    iterations           | 52          |
|    time_elapsed         | 1423        |
|    total_timesteps      | 106496      |
| train/                  |             |
|    approx_kl            | 0.018315539 |
|    clip_fraction        | 0.225       |
|    clip_range           | 0.2         |
|    entropy_loss         | -7.45       |
|    explained_variance   | -0.192      |
|    learning_rate        | 0.0003      |
|    loss                 | -0.0517     |
|    n_updates            | 510         |
|    policy_gradient_loss | -0.0263     |
|    std                  | 0.702       |
|    value_loss           | 6.14e-05    |
-----------------------------------------
-----------------------------------------
| rollout/                |             |
|    ep_len_mean          | 200         |
|    ep_rew_mean          | -99.8       |
| time/                   |             |
|    fps                  | 74          |
|    iterations           | 53          |
|    time_elapsed         | 1451        |
|    total_timesteps      | 108544      |
| train/                  |             |
|    approx_kl            | 0.021020282 |
|    clip_fraction        | 0.243       |
|    clip_range           | 0.2         |
|    entropy_loss         | -7.34       |
|    explained_variance   | -0.173      |
|    learning_rate        | 0.0003      |
|    loss                 | -0.0438     |
|    n_updates            | 520         |
|    policy_gradient_loss | -0.0315     |
|    std                  | 0.69        |
|    value_loss           | 7.92e-05    |
-----------------------------------------
-----------------------------------------
| rollout/                |             |
|    ep_len_mean          | 200         |
|    ep_rew_mean          | -98.5       |
| time/                   |             |
|    fps                  | 74          |
|    iterations           | 54          |
|    time_elapsed         | 1478        |
|    total_timesteps      | 110592      |
| train/                  |             |
|    approx_kl            | 0.016822578 |
|    clip_fraction        | 0.202       |
|    clip_range           | 0.2         |
|    entropy_loss         | -7.24       |
|    explained_variance   | -0.151      |
|    learning_rate        | 0.0003      |
|    loss                 | -0.049      |
|    n_updates            | 530         |
|    policy_gradient_loss | -0.0252     |
|    std                  | 0.68        |
|    value_loss           | 6.95e-05    |
-----------------------------------------
-----------------------------------------
| rollout/                |             |
|    ep_len_mean          | 200         |
|    ep_rew_mean          | -97.1       |
| time/                   |             |
|    fps                  | 74          |
|    iterations           | 55          |
|    time_elapsed         | 1506        |
|    total_timesteps      | 112640      |
| train/                  |             |
|    approx_kl            | 0.018932316 |
|    clip_fraction        | 0.209       |
|    clip_range           | 0.2         |
|    entropy_loss         | -7.14       |
|    explained_variance   | -0.141      |
|    learning_rate        | 0.0003      |
|    loss                 | 0.00336     |
|    n_updates            | 540         |
|    policy_gradient_loss | -0.0233     |
|    std                  | 0.672       |
|    value_loss           | 7.18e-05    |
-----------------------------------------
-----------------------------------------
| rollout/                |             |
|    ep_len_mean          | 200         |
|    ep_rew_mean          | -95.9       |
| time/                   |             |
|    fps                  | 74          |
|    iterations           | 56          |
|    time_elapsed         | 1534        |
|    total_timesteps      | 114688      |
| train/                  |             |
|    approx_kl            | 0.018368926 |
|    clip_fraction        | 0.227       |
|    clip_range           | 0.2         |
|    entropy_loss         | -7.07       |
|    explained_variance   | -0.156      |
|    learning_rate        | 0.0003      |
|    loss                 | -0.0509     |
|    n_updates            | 550         |
|    policy_gradient_loss | -0.0284     |
|    std                  | 0.666       |
|    value_loss           | 7.72e-05    |
-----------------------------------------
-----------------------------------------
| rollout/                |             |
|    ep_len_mean          | 200         |
|    ep_rew_mean          | -94.8       |
| time/                   |             |
|    fps                  | 74          |
|    iterations           | 57          |
|    time_elapsed         | 1561        |
|    total_timesteps      | 116736      |
| train/                  |             |
|    approx_kl            | 0.017558439 |
|    clip_fraction        | 0.215       |
|    clip_range           | 0.2         |
|    entropy_loss         | -6.99       |
|    explained_variance   | -0.155      |
|    learning_rate        | 0.0003      |
|    loss                 | -0.0401     |
|    n_updates            | 560         |
|    policy_gradient_loss | -0.0225     |
|    std                  | 0.658       |
|    value_loss           | 7.21e-05    |
-----------------------------------------
-----------------------------------------
| rollout/                |             |
|    ep_len_mean          | 200         |
|    ep_rew_mean          | -93.4       |
| time/                   |             |
|    fps                  | 74          |
|    iterations           | 58          |
|    time_elapsed         | 1589        |
|    total_timesteps      | 118784      |
| train/                  |             |
|    approx_kl            | 0.018159699 |
|    clip_fraction        | 0.238       |
|    clip_range           | 0.2         |
|    entropy_loss         | -6.93       |
|    explained_variance   | -0.125      |
|    learning_rate        | 0.0003      |
|    loss                 | -0.0522     |
|    n_updates            | 570         |
|    policy_gradient_loss | -0.0285     |
|    std                  | 0.654       |
|    value_loss           | 6.28e-05    |
-----------------------------------------
----------------------------------------
| rollout/                |            |
|    ep_len_mean          | 200        |
|    ep_rew_mean          | -92.4      |
| time/                   |            |
|    fps                  | 74         |
|    iterations           | 59         |
|    time_elapsed         | 1617       |
|    total_timesteps      | 120832     |
| train/                  |            |
|    approx_kl            | 0.01688223 |
|    clip_fraction        | 0.212      |
|    clip_range           | 0.2        |
|    entropy_loss         | -6.85      |
|    explained_variance   | -0.173     |
|    learning_rate        | 0.0003     |
|    loss                 | -0.0043    |
|    n_updates            | 580        |
|    policy_gradient_loss | -0.0246    |
|    std                  | 0.645      |
|    value_loss           | 8.16e-05   |
----------------------------------------
-----------------------------------------
| rollout/                |             |
|    ep_len_mean          | 200         |
|    ep_rew_mean          | -91.1       |
| time/                   |             |
|    fps                  | 74          |
|    iterations           | 60          |
|    time_elapsed         | 1645        |
|    total_timesteps      | 122880      |
| train/                  |             |
|    approx_kl            | 0.015546946 |
|    clip_fraction        | 0.207       |
|    clip_range           | 0.2         |
|    entropy_loss         | -6.77       |
|    explained_variance   | 0.0818      |
|    learning_rate        | 0.0003      |
|    loss                 | -0.04       |
|    n_updates            | 590         |
|    policy_gradient_loss | -0.0257     |
|    std                  | 0.639       |
|    value_loss           | 0.000111    |
-----------------------------------------
-----------------------------------------
| rollout/                |             |
|    ep_len_mean          | 200         |
|    ep_rew_mean          | -90.3       |
| time/                   |             |
|    fps                  | 74          |
|    iterations           | 61          |
|    time_elapsed         | 1673        |
|    total_timesteps      | 124928      |
| train/                  |             |
|    approx_kl            | 0.018053975 |
|    clip_fraction        | 0.205       |
|    clip_range           | 0.2         |
|    entropy_loss         | -6.69       |
|    explained_variance   | -0.175      |
|    learning_rate        | 0.0003      |
|    loss                 | -0.0527     |
|    n_updates            | 600         |
|    policy_gradient_loss | -0.0268     |
|    std                  | 0.631       |
|    value_loss           | 8.39e-05    |
-----------------------------------------
-----------------------------------------
| rollout/                |             |
|    ep_len_mean          | 200         |
|    ep_rew_mean          | -89.4       |
| time/                   |             |
|    fps                  | 74          |
|    iterations           | 62          |
|    time_elapsed         | 1701        |
|    total_timesteps      | 126976      |
| train/                  |             |
|    approx_kl            | 0.017814528 |
|    clip_fraction        | 0.221       |
|    clip_range           | 0.2         |
|    entropy_loss         | -6.62       |
|    explained_variance   | -0.0928     |
|    learning_rate        | 0.0003      |
|    loss                 | 0.0049      |
|    n_updates            | 610         |
|    policy_gradient_loss | -0.0259     |
|    std                  | 0.626       |
|    value_loss           | 7.56e-05    |
-----------------------------------------
-----------------------------------------
| rollout/                |             |
|    ep_len_mean          | 200         |
|    ep_rew_mean          | -88.5       |
| time/                   |             |
|    fps                  | 74          |
|    iterations           | 63          |
|    time_elapsed         | 1729        |
|    total_timesteps      | 129024      |
| train/                  |             |
|    approx_kl            | 0.017878914 |
|    clip_fraction        | 0.202       |
|    clip_range           | 0.2         |
|    entropy_loss         | -6.53       |
|    explained_variance   | -0.117      |
|    learning_rate        | 0.0003      |
|    loss                 | -0.0398     |
|    n_updates            | 620         |
|    policy_gradient_loss | -0.0246     |
|    std                  | 0.616       |
|    value_loss           | 6.44e-05    |
-----------------------------------------
-----------------------------------------
| rollout/                |             |
|    ep_len_mean          | 200         |
|    ep_rew_mean          | -87.6       |
| time/                   |             |
|    fps                  | 74          |
|    iterations           | 64          |
|    time_elapsed         | 1757        |
|    total_timesteps      | 131072      |
| train/                  |             |
|    approx_kl            | 0.016642073 |
|    clip_fraction        | 0.207       |
|    clip_range           | 0.2         |
|    entropy_loss         | -6.43       |
|    explained_variance   | -0.174      |
|    learning_rate        | 0.0003      |
|    loss                 | -0.0276     |
|    n_updates            | 630         |
|    policy_gradient_loss | -0.0223     |
|    std                  | 0.609       |
|    value_loss           | 6.59e-05    |
-----------------------------------------
-----------------------------------------
| rollout/                |             |
|    ep_len_mean          | 200         |
|    ep_rew_mean          | -86.7       |
| time/                   |             |
|    fps                  | 74          |
|    iterations           | 65          |
|    time_elapsed         | 1785        |
|    total_timesteps      | 133120      |
| train/                  |             |
|    approx_kl            | 0.019074673 |
|    clip_fraction        | 0.236       |
|    clip_range           | 0.2         |
|    entropy_loss         | -6.36       |
|    explained_variance   | -0.0907     |
|    learning_rate        | 0.0003      |
|    loss                 | -0.0335     |
|    n_updates            | 640         |
|    policy_gradient_loss | -0.0262     |
|    std                  | 0.605       |
|    value_loss           | 6.45e-05    |
-----------------------------------------
-----------------------------------------
| rollout/                |             |
|    ep_len_mean          | 200         |
|    ep_rew_mean          | -85.8       |
| time/                   |             |
|    fps                  | 74          |
|    iterations           | 66          |
|    time_elapsed         | 1813        |
|    total_timesteps      | 135168      |
| train/                  |             |
|    approx_kl            | 0.016652808 |
|    clip_fraction        | 0.207       |
|    clip_range           | 0.2         |
|    entropy_loss         | -6.28       |
|    explained_variance   | -0.114      |
|    learning_rate        | 0.0003      |
|    loss                 | -0.0152     |
|    n_updates            | 650         |
|    policy_gradient_loss | -0.0225     |
|    std                  | 0.597       |
|    value_loss           | 5.48e-05    |
-----------------------------------------
-----------------------------------------
| rollout/                |             |
|    ep_len_mean          | 200         |
|    ep_rew_mean          | -85         |
| time/                   |             |
|    fps                  | 74          |
|    iterations           | 67          |
|    time_elapsed         | 1841        |
|    total_timesteps      | 137216      |
| train/                  |             |
|    approx_kl            | 0.021814208 |
|    clip_fraction        | 0.238       |
|    clip_range           | 0.2         |
|    entropy_loss         | -6.19       |
|    explained_variance   | -0.123      |
|    learning_rate        | 0.0003      |
|    loss                 | -0.0487     |
|    n_updates            | 660         |
|    policy_gradient_loss | -0.0246     |
|    std                  | 0.589       |
|    value_loss           | 6.7e-05     |
-----------------------------------------
-----------------------------------------
| rollout/                |             |
|    ep_len_mean          | 200         |
|    ep_rew_mean          | -84.3       |
| time/                   |             |
|    fps                  | 74          |
|    iterations           | 68          |
|    time_elapsed         | 1870        |
|    total_timesteps      | 139264      |
| train/                  |             |
|    approx_kl            | 0.018330738 |
|    clip_fraction        | 0.23        |
|    clip_range           | 0.2         |
|    entropy_loss         | -6.1        |
|    explained_variance   | -0.166      |
|    learning_rate        | 0.0003      |
|    loss                 | -0.0433     |
|    n_updates            | 670         |
|    policy_gradient_loss | -0.0264     |
|    std                  | 0.584       |
|    value_loss           | 7e-05       |
-----------------------------------------
-----------------------------------------
| rollout/                |             |
|    ep_len_mean          | 200         |
|    ep_rew_mean          | -83         |
| time/                   |             |
|    fps                  | 74          |
|    iterations           | 69          |
|    time_elapsed         | 1898        |
|    total_timesteps      | 141312      |
| train/                  |             |
|    approx_kl            | 0.019248027 |
|    clip_fraction        | 0.235       |
|    clip_range           | 0.2         |
|    entropy_loss         | -5.99       |
|    explained_variance   | -0.0726     |
|    learning_rate        | 0.0003      |
|    loss                 | -0.0545     |
|    n_updates            | 680         |
|    policy_gradient_loss | -0.0259     |
|    std                  | 0.574       |
|    value_loss           | 0.000118    |
-----------------------------------------
-----------------------------------------
| rollout/                |             |
|    ep_len_mean          | 200         |
|    ep_rew_mean          | -82         |
| time/                   |             |
|    fps                  | 74          |
|    iterations           | 70          |
|    time_elapsed         | 1926        |
|    total_timesteps      | 143360      |
| train/                  |             |
|    approx_kl            | 0.022875383 |
|    clip_fraction        | 0.207       |
|    clip_range           | 0.2         |
|    entropy_loss         | -5.89       |
|    explained_variance   | -0.418      |
|    learning_rate        | 0.0003      |
|    loss                 | -0.0475     |
|    n_updates            | 690         |
|    policy_gradient_loss | -0.024      |
|    std                  | 0.566       |
|    value_loss           | 4.97e-05    |
-----------------------------------------
----------------------------------------
| rollout/                |            |
|    ep_len_mean          | 200        |
|    ep_rew_mean          | -80.8      |
| time/                   |            |
|    fps                  | 74         |
|    iterations           | 71         |
|    time_elapsed         | 1955       |
|    total_timesteps      | 145408     |
| train/                  |            |
|    approx_kl            | 0.01860462 |
|    clip_fraction        | 0.229      |
|    clip_range           | 0.2        |
|    entropy_loss         | -5.8       |
|    explained_variance   | -0.199     |
|    learning_rate        | 0.0003     |
|    loss                 | -0.022     |
|    n_updates            | 700        |
|    policy_gradient_loss | -0.0233    |
|    std                  | 0.559      |
|    value_loss           | 4.79e-05   |
----------------------------------------
----------------------------------------
| rollout/                |            |
|    ep_len_mean          | 200        |
|    ep_rew_mean          | -79.7      |
| time/                   |            |
|    fps                  | 74         |
|    iterations           | 72         |
|    time_elapsed         | 1984       |
|    total_timesteps      | 147456     |
| train/                  |            |
|    approx_kl            | 0.01784268 |
|    clip_fraction        | 0.222      |
|    clip_range           | 0.2        |
|    entropy_loss         | -5.71      |
|    explained_variance   | -0.119     |
|    learning_rate        | 0.0003     |
|    loss                 | -0.074     |
|    n_updates            | 710        |
|    policy_gradient_loss | -0.0234    |
|    std                  | 0.552      |
|    value_loss           | 5.33e-05   |
----------------------------------------
-----------------------------------------
| rollout/                |             |
|    ep_len_mean          | 200         |
|    ep_rew_mean          | -78.8       |
| time/                   |             |
|    fps                  | 74          |
|    iterations           | 73          |
|    time_elapsed         | 2012        |
|    total_timesteps      | 149504      |
| train/                  |             |
|    approx_kl            | 0.022256766 |
|    clip_fraction        | 0.242       |
|    clip_range           | 0.2         |
|    entropy_loss         | -5.6        |
|    explained_variance   | -0.086      |
|    learning_rate        | 0.0003      |
|    loss                 | -0.0241     |
|    n_updates            | 720         |
|    policy_gradient_loss | -0.0279     |
|    std                  | 0.543       |
|    value_loss           | 8.56e-05    |
-----------------------------------------
-----------------------------------------
| rollout/                |             |
|    ep_len_mean          | 200         |
|    ep_rew_mean          | -77.8       |
| time/                   |             |
|    fps                  | 74          |
|    iterations           | 74          |
|    time_elapsed         | 2041        |
|    total_timesteps      | 151552      |
| train/                  |             |
|    approx_kl            | 0.017030768 |
|    clip_fraction        | 0.224       |
|    clip_range           | 0.2         |
|    entropy_loss         | -5.5        |
|    explained_variance   | -0.17       |
|    learning_rate        | 0.0003      |
|    loss                 | -0.0437     |
|    n_updates            | 730         |
|    policy_gradient_loss | -0.0228     |
|    std                  | 0.537       |
|    value_loss           | 6.28e-05    |
-----------------------------------------
----------------------------------------
| rollout/                |            |
|    ep_len_mean          | 200        |
|    ep_rew_mean          | -76.7      |
| time/                   |            |
|    fps                  | 74         |
|    iterations           | 75         |
|    time_elapsed         | 2070       |
|    total_timesteps      | 153600     |
| train/                  |            |
|    approx_kl            | 0.02027627 |
|    clip_fraction        | 0.242      |
|    clip_range           | 0.2        |
|    entropy_loss         | -5.41      |
|    explained_variance   | -0.131     |
|    learning_rate        | 0.0003     |
|    loss                 | 0.000838   |
|    n_updates            | 740        |
|    policy_gradient_loss | -0.0238    |
|    std                  | 0.53       |
|    value_loss           | 6.74e-05   |
----------------------------------------
-----------------------------------------
| rollout/                |             |
|    ep_len_mean          | 200         |
|    ep_rew_mean          | -75.8       |
| time/                   |             |
|    fps                  | 74          |
|    iterations           | 76          |
|    time_elapsed         | 2098        |
|    total_timesteps      | 155648      |
| train/                  |             |
|    approx_kl            | 0.022262586 |
|    clip_fraction        | 0.24        |
|    clip_range           | 0.2         |
|    entropy_loss         | -5.32       |
|    explained_variance   | -0.189      |
|    learning_rate        | 0.0003      |
|    loss                 | -0.0347     |
|    n_updates            | 750         |
|    policy_gradient_loss | -0.0221     |
|    std                  | 0.523       |
|    value_loss           | 5.98e-05    |
-----------------------------------------
-----------------------------------------
| rollout/                |             |
|    ep_len_mean          | 200         |
|    ep_rew_mean          | -74.9       |
| time/                   |             |
|    fps                  | 74          |
|    iterations           | 77          |
|    time_elapsed         | 2127        |
|    total_timesteps      | 157696      |
| train/                  |             |
|    approx_kl            | 0.020704878 |
|    clip_fraction        | 0.245       |
|    clip_range           | 0.2         |
|    entropy_loss         | -5.23       |
|    explained_variance   | -0.0865     |
|    learning_rate        | 0.0003      |
|    loss                 | -0.0031     |
|    n_updates            | 760         |
|    policy_gradient_loss | -0.0259     |
|    std                  | 0.517       |
|    value_loss           | 4.98e-05    |
-----------------------------------------
-----------------------------------------
| rollout/                |             |
|    ep_len_mean          | 200         |
|    ep_rew_mean          | -73.7       |
| time/                   |             |
|    fps                  | 74          |
|    iterations           | 78          |
|    time_elapsed         | 2156        |
|    total_timesteps      | 159744      |
| train/                  |             |
|    approx_kl            | 0.019630738 |
|    clip_fraction        | 0.237       |
|    clip_range           | 0.2         |
|    entropy_loss         | -5.13       |
|    explained_variance   | -0.0571     |
|    learning_rate        | 0.0003      |
|    loss                 | -0.0413     |
|    n_updates            | 770         |
|    policy_gradient_loss | -0.0254     |
|    std                  | 0.509       |
|    value_loss           | 5.66e-05    |
-----------------------------------------
-----------------------------------------
| rollout/                |             |
|    ep_len_mean          | 200         |
|    ep_rew_mean          | -73.1       |
| time/                   |             |
|    fps                  | 74          |
|    iterations           | 79          |
|    time_elapsed         | 2185        |
|    total_timesteps      | 161792      |
| train/                  |             |
|    approx_kl            | 0.023327468 |
|    clip_fraction        | 0.252       |
|    clip_range           | 0.2         |
|    entropy_loss         | -5.02       |
|    explained_variance   | -0.0838     |
|    learning_rate        | 0.0003      |
|    loss                 | -0.00437    |
|    n_updates            | 780         |
|    policy_gradient_loss | -0.0233     |
|    std                  | 0.502       |
|    value_loss           | 7.47e-05    |
-----------------------------------------
-----------------------------------------
| rollout/                |             |
|    ep_len_mean          | 200         |
|    ep_rew_mean          | -72.2       |
| time/                   |             |
|    fps                  | 73          |
|    iterations           | 80          |
|    time_elapsed         | 2214        |
|    total_timesteps      | 163840      |
| train/                  |             |
|    approx_kl            | 0.018905755 |
|    clip_fraction        | 0.255       |
|    clip_range           | 0.2         |
|    entropy_loss         | -4.94       |
|    explained_variance   | -0.283      |
|    learning_rate        | 0.0003      |
|    loss                 | -0.032      |
|    n_updates            | 790         |
|    policy_gradient_loss | -0.0241     |
|    std                  | 0.498       |
|    value_loss           | 9.35e-05    |
-----------------------------------------
-----------------------------------------
| rollout/                |             |
|    ep_len_mean          | 200         |
|    ep_rew_mean          | -71.1       |
| time/                   |             |
|    fps                  | 73          |
|    iterations           | 81          |
|    time_elapsed         | 2243        |
|    total_timesteps      | 165888      |
| train/                  |             |
|    approx_kl            | 0.019948024 |
|    clip_fraction        | 0.244       |
|    clip_range           | 0.2         |
|    entropy_loss         | -4.87       |
|    explained_variance   | -0.0693     |
|    learning_rate        | 0.0003      |
|    loss                 | -0.0253     |
|    n_updates            | 800         |
|    policy_gradient_loss | -0.0239     |
|    std                  | 0.493       |
|    value_loss           | 7.69e-05    |
-----------------------------------------
-----------------------------------------
| rollout/                |             |
|    ep_len_mean          | 200         |
|    ep_rew_mean          | -70.2       |
| time/                   |             |
|    fps                  | 73          |
|    iterations           | 82          |
|    time_elapsed         | 2272        |
|    total_timesteps      | 167936      |
| train/                  |             |
|    approx_kl            | 0.022019625 |
|    clip_fraction        | 0.254       |
|    clip_range           | 0.2         |
|    entropy_loss         | -4.77       |
|    explained_variance   | -0.034      |
|    learning_rate        | 0.0003      |
|    loss                 | -0.0642     |
|    n_updates            | 810         |
|    policy_gradient_loss | -0.0251     |
|    std                  | 0.486       |
|    value_loss           | 9.86e-05    |
-----------------------------------------
-----------------------------------------
| rollout/                |             |
|    ep_len_mean          | 200         |
|    ep_rew_mean          | -69.2       |
| time/                   |             |
|    fps                  | 73          |
|    iterations           | 83          |
|    time_elapsed         | 2302        |
|    total_timesteps      | 169984      |
| train/                  |             |
|    approx_kl            | 0.022650503 |
|    clip_fraction        | 0.262       |
|    clip_range           | 0.2         |
|    entropy_loss         | -4.66       |
|    explained_variance   | -0.0554     |
|    learning_rate        | 0.0003      |
|    loss                 | -0.0254     |
|    n_updates            | 820         |
|    policy_gradient_loss | -0.0202     |
|    std                  | 0.478       |
|    value_loss           | 7.65e-05    |
-----------------------------------------
-----------------------------------------
| rollout/                |             |
|    ep_len_mean          | 200         |
|    ep_rew_mean          | -68.2       |
| time/                   |             |
|    fps                  | 73          |
|    iterations           | 84          |
|    time_elapsed         | 2331        |
|    total_timesteps      | 172032      |
| train/                  |             |
|    approx_kl            | 0.019225322 |
|    clip_fraction        | 0.254       |
|    clip_range           | 0.2         |
|    entropy_loss         | -4.56       |
|    explained_variance   | -0.116      |
|    learning_rate        | 0.0003      |
|    loss                 | -0.079      |
|    n_updates            | 830         |
|    policy_gradient_loss | -0.0206     |
|    std                  | 0.471       |
|    value_loss           | 6.73e-05    |
-----------------------------------------
-----------------------------------------
| rollout/                |             |
|    ep_len_mean          | 200         |
|    ep_rew_mean          | -67.3       |
| time/                   |             |
|    fps                  | 73          |
|    iterations           | 85          |
|    time_elapsed         | 2360        |
|    total_timesteps      | 174080      |
| train/                  |             |
|    approx_kl            | 0.027474485 |
|    clip_fraction        | 0.294       |
|    clip_range           | 0.2         |
|    entropy_loss         | -4.48       |
|    explained_variance   | -0.0937     |
|    learning_rate        | 0.0003      |
|    loss                 | -0.0183     |
|    n_updates            | 840         |
|    policy_gradient_loss | -0.0275     |
|    std                  | 0.468       |
|    value_loss           | 7.56e-05    |
-----------------------------------------
-----------------------------------------
| rollout/                |             |
|    ep_len_mean          | 200         |
|    ep_rew_mean          | -66.4       |
| time/                   |             |
|    fps                  | 73          |
|    iterations           | 86          |
|    time_elapsed         | 2390        |
|    total_timesteps      | 176128      |
| train/                  |             |
|    approx_kl            | 0.020475194 |
|    clip_fraction        | 0.271       |
|    clip_range           | 0.2         |
|    entropy_loss         | -4.41       |
|    explained_variance   | -0.175      |
|    learning_rate        | 0.0003      |
|    loss                 | -0.043      |
|    n_updates            | 850         |
|    policy_gradient_loss | -0.0261     |
|    std                  | 0.464       |
|    value_loss           | 6.48e-05    |
-----------------------------------------
-----------------------------------------
| rollout/                |             |
|    ep_len_mean          | 200         |
|    ep_rew_mean          | -65.5       |
| time/                   |             |
|    fps                  | 73          |
|    iterations           | 87          |
|    time_elapsed         | 2419        |
|    total_timesteps      | 178176      |
| train/                  |             |
|    approx_kl            | 0.021948364 |
|    clip_fraction        | 0.251       |
|    clip_range           | 0.2         |
|    entropy_loss         | -4.34       |
|    explained_variance   | -0.141      |
|    learning_rate        | 0.0003      |
|    loss                 | -0.0147     |
|    n_updates            | 860         |
|    policy_gradient_loss | -0.0209     |
|    std                  | 0.46        |
|    value_loss           | 6.56e-05    |
-----------------------------------------
-----------------------------------------
| rollout/                |             |
|    ep_len_mean          | 200         |
|    ep_rew_mean          | -64.6       |
| time/                   |             |
|    fps                  | 73          |
|    iterations           | 88          |
|    time_elapsed         | 2449        |
|    total_timesteps      | 180224      |
| train/                  |             |
|    approx_kl            | 0.024396138 |
|    clip_fraction        | 0.265       |
|    clip_range           | 0.2         |
|    entropy_loss         | -4.26       |
|    explained_variance   | -0.107      |
|    learning_rate        | 0.0003      |
|    loss                 | -0.0598     |
|    n_updates            | 870         |
|    policy_gradient_loss | -0.0251     |
|    std                  | 0.455       |
|    value_loss           | 6.54e-05    |
-----------------------------------------
----------------------------------------
| rollout/                |            |
|    ep_len_mean          | 200        |
|    ep_rew_mean          | -63.6      |
| time/                   |            |
|    fps                  | 73         |
|    iterations           | 89         |
|    time_elapsed         | 2478       |
|    total_timesteps      | 182272     |
| train/                  |            |
|    approx_kl            | 0.02523272 |
|    clip_fraction        | 0.277      |
|    clip_range           | 0.2        |
|    entropy_loss         | -4.17      |
|    explained_variance   | -0.129     |
|    learning_rate        | 0.0003     |
|    loss                 | -0.0782    |
|    n_updates            | 880        |
|    policy_gradient_loss | -0.0227    |
|    std                  | 0.449      |
|    value_loss           | 6.16e-05   |
----------------------------------------
-----------------------------------------
| rollout/                |             |
|    ep_len_mean          | 200         |
|    ep_rew_mean          | -62.9       |
| time/                   |             |
|    fps                  | 73          |
|    iterations           | 90          |
|    time_elapsed         | 2508        |
|    total_timesteps      | 184320      |
| train/                  |             |
|    approx_kl            | 0.027561285 |
|    clip_fraction        | 0.288       |
|    clip_range           | 0.2         |
|    entropy_loss         | -4.06       |
|    explained_variance   | -0.12       |
|    learning_rate        | 0.0003      |
|    loss                 | -0.00139    |
|    n_updates            | 890         |
|    policy_gradient_loss | -0.0261     |
|    std                  | 0.443       |
|    value_loss           | 6.68e-05    |
-----------------------------------------
-----------------------------------------
| rollout/                |             |
|    ep_len_mean          | 200         |
|    ep_rew_mean          | -62.2       |
| time/                   |             |
|    fps                  | 73          |
|    iterations           | 91          |
|    time_elapsed         | 2537        |
|    total_timesteps      | 186368      |
| train/                  |             |
|    approx_kl            | 0.023231179 |
|    clip_fraction        | 0.274       |
|    clip_range           | 0.2         |
|    entropy_loss         | -3.98       |
|    explained_variance   | -0.0829     |
|    learning_rate        | 0.0003      |
|    loss                 | -0.0235     |
|    n_updates            | 900         |
|    policy_gradient_loss | -0.0247     |
|    std                  | 0.439       |
|    value_loss           | 7.32e-05    |
-----------------------------------------
-----------------------------------------
| rollout/                |             |
|    ep_len_mean          | 200         |
|    ep_rew_mean          | -61.4       |
| time/                   |             |
|    fps                  | 73          |
|    iterations           | 92          |
|    time_elapsed         | 2567        |
|    total_timesteps      | 188416      |
| train/                  |             |
|    approx_kl            | 0.024536982 |
|    clip_fraction        | 0.297       |
|    clip_range           | 0.2         |
|    entropy_loss         | -3.89       |
|    explained_variance   | -0.0361     |
|    learning_rate        | 0.0003      |
|    loss                 | -0.0398     |
|    n_updates            | 910         |
|    policy_gradient_loss | -0.0241     |
|    std                  | 0.433       |
|    value_loss           | 7.09e-05    |
-----------------------------------------
-----------------------------------------
| rollout/                |             |
|    ep_len_mean          | 200         |
|    ep_rew_mean          | -60.7       |
| time/                   |             |
|    fps                  | 73          |
|    iterations           | 93          |
|    time_elapsed         | 2597        |
|    total_timesteps      | 190464      |
| train/                  |             |
|    approx_kl            | 0.022146586 |
|    clip_fraction        | 0.275       |
|    clip_range           | 0.2         |
|    entropy_loss         | -3.79       |
|    explained_variance   | -0.0948     |
|    learning_rate        | 0.0003      |
|    loss                 | -0.0266     |
|    n_updates            | 920         |
|    policy_gradient_loss | -0.0235     |
|    std                  | 0.428       |
|    value_loss           | 5.97e-05    |
-----------------------------------------
-----------------------------------------
| rollout/                |             |
|    ep_len_mean          | 200         |
|    ep_rew_mean          | -60         |
| time/                   |             |
|    fps                  | 73          |
|    iterations           | 94          |
|    time_elapsed         | 2627        |
|    total_timesteps      | 192512      |
| train/                  |             |
|    approx_kl            | 0.029782986 |
|    clip_fraction        | 0.291       |
|    clip_range           | 0.2         |
|    entropy_loss         | -3.7        |
|    explained_variance   | -0.0403     |
|    learning_rate        | 0.0003      |
|    loss                 | -0.0216     |
|    n_updates            | 930         |
|    policy_gradient_loss | -0.0247     |
|    std                  | 0.422       |
|    value_loss           | 6.42e-05    |
-----------------------------------------
-----------------------------------------
| rollout/                |             |
|    ep_len_mean          | 200         |
|    ep_rew_mean          | -59.2       |
| time/                   |             |
|    fps                  | 73          |
|    iterations           | 95          |
|    time_elapsed         | 2657        |
|    total_timesteps      | 194560      |
| train/                  |             |
|    approx_kl            | 0.031456955 |
|    clip_fraction        | 0.325       |
|    clip_range           | 0.2         |
|    entropy_loss         | -3.58       |
|    explained_variance   | -0.143      |
|    learning_rate        | 0.0003      |
|    loss                 | -0.0698     |
|    n_updates            | 940         |
|    policy_gradient_loss | -0.0303     |
|    std                  | 0.416       |
|    value_loss           | 5.82e-05    |
-----------------------------------------
-----------------------------------------
| rollout/                |             |
|    ep_len_mean          | 200         |
|    ep_rew_mean          | -58.3       |
| time/                   |             |
|    fps                  | 73          |
|    iterations           | 96          |
|    time_elapsed         | 2687        |
|    total_timesteps      | 196608      |
| train/                  |             |
|    approx_kl            | 0.026087957 |
|    clip_fraction        | 0.312       |
|    clip_range           | 0.2         |
|    entropy_loss         | -3.48       |
|    explained_variance   | -0.0931     |
|    learning_rate        | 0.0003      |
|    loss                 | -0.041      |
|    n_updates            | 950         |
|    policy_gradient_loss | -0.0255     |
|    std                  | 0.411       |
|    value_loss           | 5.65e-05    |
-----------------------------------------
---------------------------------------
| rollout/                |           |
|    ep_len_mean          | 200       |
|    ep_rew_mean          | -57.4     |
| time/                   |           |
|    fps                  | 73        |
|    iterations           | 97        |
|    time_elapsed         | 2717      |
|    total_timesteps      | 198656    |
| train/                  |           |
|    approx_kl            | 0.0274661 |
|    clip_fraction        | 0.308     |
|    clip_range           | 0.2       |
|    entropy_loss         | -3.4      |
|    explained_variance   | -0.0799   |
|    learning_rate        | 0.0003    |
|    loss                 | -0.0868   |
|    n_updates            | 960       |
|    policy_gradient_loss | -0.0282   |
|    std                  | 0.408     |
|    value_loss           | 7.46e-05  |
---------------------------------------
----------------------------------------
| rollout/                |            |
|    ep_len_mean          | 200        |
|    ep_rew_mean          | -56.6      |
| time/                   |            |
|    fps                  | 73         |
|    iterations           | 98         |
|    time_elapsed         | 2746       |
|    total_timesteps      | 200704     |
| train/                  |            |
|    approx_kl            | 0.02984861 |
|    clip_fraction        | 0.3        |
|    clip_range           | 0.2        |
|    entropy_loss         | -3.32      |
|    explained_variance   | -0.244     |
|    learning_rate        | 0.0003     |
|    loss                 | 0.036      |
|    n_updates            | 970        |
|    policy_gradient_loss | -0.0248    |
|    std                  | 0.403      |
|    value_loss           | 6.78e-05   |
----------------------------------------
-----------------------------------------
| rollout/                |             |
|    ep_len_mean          | 200         |
|    ep_rew_mean          | -56.1       |
| time/                   |             |
|    fps                  | 73          |
|    iterations           | 99          |
|    time_elapsed         | 2776        |
|    total_timesteps      | 202752      |
| train/                  |             |
|    approx_kl            | 0.023461975 |
|    clip_fraction        | 0.302       |
|    clip_range           | 0.2         |
|    entropy_loss         | -3.26       |
|    explained_variance   | -0.125      |
|    learning_rate        | 0.0003      |
|    loss                 | -0.03       |
|    n_updates            | 980         |
|    policy_gradient_loss | -0.0211     |
|    std                  | 0.399       |
|    value_loss           | 5.86e-05    |
-----------------------------------------
-----------------------------------------
| rollout/                |             |
|    ep_len_mean          | 200         |
|    ep_rew_mean          | -55.4       |
| time/                   |             |
|    fps                  | 72          |
|    iterations           | 100         |
|    time_elapsed         | 2806        |
|    total_timesteps      | 204800      |
| train/                  |             |
|    approx_kl            | 0.027192034 |
|    clip_fraction        | 0.298       |
|    clip_range           | 0.2         |
|    entropy_loss         | -3.19       |
|    explained_variance   | -0.168      |
|    learning_rate        | 0.0003      |
|    loss                 | -0.0503     |
|    n_updates            | 990         |
|    policy_gradient_loss | -0.0252     |
|    std                  | 0.396       |
|    value_loss           | 5.95e-05    |
-----------------------------------------
-----------------------------------------
| rollout/                |             |
|    ep_len_mean          | 200         |
|    ep_rew_mean          | -54.6       |
| time/                   |             |
|    fps                  | 72          |
|    iterations           | 101         |
|    time_elapsed         | 2836        |
|    total_timesteps      | 206848      |
| train/                  |             |
|    approx_kl            | 0.023064129 |
|    clip_fraction        | 0.299       |
|    clip_range           | 0.2         |
|    entropy_loss         | -3.1        |
|    explained_variance   | -0.0623     |
|    learning_rate        | 0.0003      |
|    loss                 | -0.0332     |
|    n_updates            | 1000        |
|    policy_gradient_loss | -0.0197     |
|    std                  | 0.391       |
|    value_loss           | 5.99e-05    |
-----------------------------------------
----------------------------------------
| rollout/                |            |
|    ep_len_mean          | 200        |
|    ep_rew_mean          | -54        |
| time/                   |            |
|    fps                  | 72         |
|    iterations           | 102        |
|    time_elapsed         | 2866       |
|    total_timesteps      | 208896     |
| train/                  |            |
|    approx_kl            | 0.02863328 |
|    clip_fraction        | 0.3        |
|    clip_range           | 0.2        |
|    entropy_loss         | -3.04      |
|    explained_variance   | -0.109     |
|    learning_rate        | 0.0003     |
|    loss                 | -0.0263    |
|    n_updates            | 1010       |
|    policy_gradient_loss | -0.0201    |
|    std                  | 0.389      |
|    value_loss           | 6.57e-05   |
----------------------------------------
----------------------------------------
| rollout/                |            |
|    ep_len_mean          | 200        |
|    ep_rew_mean          | -53.5      |
| time/                   |            |
|    fps                  | 72         |
|    iterations           | 103        |
|    time_elapsed         | 2896       |
|    total_timesteps      | 210944     |
| train/                  |            |
|    approx_kl            | 0.02746439 |
|    clip_fraction        | 0.305      |
|    clip_range           | 0.2        |
|    entropy_loss         | -2.95      |
|    explained_variance   | -0.0651    |
|    learning_rate        | 0.0003     |
|    loss                 | -0.0269    |
|    n_updates            | 1020       |
|    policy_gradient_loss | -0.0267    |
|    std                  | 0.383      |
|    value_loss           | 7.01e-05   |
----------------------------------------
-----------------------------------------
| rollout/                |             |
|    ep_len_mean          | 200         |
|    ep_rew_mean          | -53.1       |
| time/                   |             |
|    fps                  | 72          |
|    iterations           | 104         |
|    time_elapsed         | 2926        |
|    total_timesteps      | 212992      |
| train/                  |             |
|    approx_kl            | 0.026854137 |
|    clip_fraction        | 0.305       |
|    clip_range           | 0.2         |
|    entropy_loss         | -2.86       |
|    explained_variance   | -0.104      |
|    learning_rate        | 0.0003      |
|    loss                 | -0.0695     |
|    n_updates            | 1030        |
|    policy_gradient_loss | -0.0266     |
|    std                  | 0.38        |
|    value_loss           | 7.08e-05    |
-----------------------------------------
-----------------------------------------
| rollout/                |             |
|    ep_len_mean          | 200         |
|    ep_rew_mean          | -52.6       |
| time/                   |             |
|    fps                  | 72          |
|    iterations           | 105         |
|    time_elapsed         | 2956        |
|    total_timesteps      | 215040      |
| train/                  |             |
|    approx_kl            | 0.031785525 |
|    clip_fraction        | 0.31        |
|    clip_range           | 0.2         |
|    entropy_loss         | -2.78       |
|    explained_variance   | -0.255      |
|    learning_rate        | 0.0003      |
|    loss                 | -0.0466     |
|    n_updates            | 1040        |
|    policy_gradient_loss | -0.024      |
|    std                  | 0.376       |
|    value_loss           | 6.53e-05    |
-----------------------------------------
----------------------------------------
| rollout/                |            |
|    ep_len_mean          | 200        |
|    ep_rew_mean          | -52.1      |
| time/                   |            |
|    fps                  | 72         |
|    iterations           | 106        |
|    time_elapsed         | 2986       |
|    total_timesteps      | 217088     |
| train/                  |            |
|    approx_kl            | 0.03406106 |
|    clip_fraction        | 0.312      |
|    clip_range           | 0.2        |
|    entropy_loss         | -2.73      |
|    explained_variance   | 0.0288     |
|    learning_rate        | 0.0003     |
|    loss                 | -0.0302    |
|    n_updates            | 1050       |
|    policy_gradient_loss | -0.0224    |
|    std                  | 0.375      |
|    value_loss           | 7.2e-05    |
----------------------------------------
-----------------------------------------
| rollout/                |             |
|    ep_len_mean          | 200         |
|    ep_rew_mean          | -51.5       |
| time/                   |             |
|    fps                  | 72          |
|    iterations           | 107         |
|    time_elapsed         | 3017        |
|    total_timesteps      | 219136      |
| train/                  |             |
|    approx_kl            | 0.025106933 |
|    clip_fraction        | 0.295       |
|    clip_range           | 0.2         |
|    entropy_loss         | -2.71       |
|    explained_variance   | -0.202      |
|    learning_rate        | 0.0003      |
|    loss                 | -0.00825    |
|    n_updates            | 1060        |
|    policy_gradient_loss | -0.0219     |
|    std                  | 0.372       |
|    value_loss           | 6.27e-05    |
-----------------------------------------
---------------------------------------
| rollout/                |           |
|    ep_len_mean          | 200       |
|    ep_rew_mean          | -51       |
| time/                   |           |
|    fps                  | 72        |
|    iterations           | 108       |
|    time_elapsed         | 3048      |
|    total_timesteps      | 221184    |
| train/                  |           |
|    approx_kl            | 0.0328099 |
|    clip_fraction        | 0.329     |
|    clip_range           | 0.2       |
|    entropy_loss         | -2.65     |
|    explained_variance   | -0.108    |
|    learning_rate        | 0.0003    |
|    loss                 | -0.0519   |
|    n_updates            | 1070      |
|    policy_gradient_loss | -0.0252   |
|    std                  | 0.368     |
|    value_loss           | 7.23e-05  |
---------------------------------------
-----------------------------------------
| rollout/                |             |
|    ep_len_mean          | 200         |
|    ep_rew_mean          | -50.4       |
| time/                   |             |
|    fps                  | 72          |
|    iterations           | 109         |
|    time_elapsed         | 3078        |
|    total_timesteps      | 223232      |
| train/                  |             |
|    approx_kl            | 0.029839436 |
|    clip_fraction        | 0.316       |
|    clip_range           | 0.2         |
|    entropy_loss         | -2.56       |
|    explained_variance   | -0.0294     |
|    learning_rate        | 0.0003      |
|    loss                 | -0.0569     |
|    n_updates            | 1080        |
|    policy_gradient_loss | -0.0242     |
|    std                  | 0.363       |
|    value_loss           | 6.73e-05    |
-----------------------------------------
----------------------------------------
| rollout/                |            |
|    ep_len_mean          | 200        |
|    ep_rew_mean          | -49.8      |
| time/                   |            |
|    fps                  | 72         |
|    iterations           | 110        |
|    time_elapsed         | 3108       |
|    total_timesteps      | 225280     |
| train/                  |            |
|    approx_kl            | 0.03357034 |
|    clip_fraction        | 0.336      |
|    clip_range           | 0.2        |
|    entropy_loss         | -2.49      |
|    explained_variance   | -0.0821    |
|    learning_rate        | 0.0003     |
|    loss                 | -0.0188    |
|    n_updates            | 1090       |
|    policy_gradient_loss | -0.0255    |
|    std                  | 0.361      |
|    value_loss           | 5.39e-05   |
----------------------------------------
----------------------------------------
| rollout/                |            |
|    ep_len_mean          | 200        |
|    ep_rew_mean          | -49.4      |
| time/                   |            |
|    fps                  | 72         |
|    iterations           | 111        |
|    time_elapsed         | 3139       |
|    total_timesteps      | 227328     |
| train/                  |            |
|    approx_kl            | 0.03699275 |
|    clip_fraction        | 0.34       |
|    clip_range           | 0.2        |
|    entropy_loss         | -2.42      |
|    explained_variance   | -0.111     |
|    learning_rate        | 0.0003     |
|    loss                 | -0.0524    |
|    n_updates            | 1100       |
|    policy_gradient_loss | -0.0237    |
|    std                  | 0.358      |
|    value_loss           | 9.29e-05   |
----------------------------------------
----------------------------------------
| rollout/                |            |
|    ep_len_mean          | 200        |
|    ep_rew_mean          | -48.6      |
| time/                   |            |
|    fps                  | 72         |
|    iterations           | 112        |
|    time_elapsed         | 3169       |
|    total_timesteps      | 229376     |
| train/                  |            |
|    approx_kl            | 0.03558494 |
|    clip_fraction        | 0.346      |
|    clip_range           | 0.2        |
|    entropy_loss         | -2.35      |
|    explained_variance   | -0.0704    |
|    learning_rate        | 0.0003     |
|    loss                 | -0.0539    |
|    n_updates            | 1110       |
|    policy_gradient_loss | -0.0226    |
|    std                  | 0.354      |
|    value_loss           | 6.75e-05   |
----------------------------------------
-----------------------------------------
| rollout/                |             |
|    ep_len_mean          | 200         |
|    ep_rew_mean          | -48.1       |
| time/                   |             |
|    fps                  | 72          |
|    iterations           | 113         |
|    time_elapsed         | 3199        |
|    total_timesteps      | 231424      |
| train/                  |             |
|    approx_kl            | 0.032461613 |
|    clip_fraction        | 0.341       |
|    clip_range           | 0.2         |
|    entropy_loss         | -2.28       |
|    explained_variance   | -0.0518     |
|    learning_rate        | 0.0003      |
|    loss                 | -0.0252     |
|    n_updates            | 1120        |
|    policy_gradient_loss | -0.0216     |
|    std                  | 0.352       |
|    value_loss           | 7.42e-05    |
-----------------------------------------
-----------------------------------------
| rollout/                |             |
|    ep_len_mean          | 200         |
|    ep_rew_mean          | -47.4       |
| time/                   |             |
|    fps                  | 72          |
|    iterations           | 114         |
|    time_elapsed         | 3230        |
|    total_timesteps      | 233472      |
| train/                  |             |
|    approx_kl            | 0.028031208 |
|    clip_fraction        | 0.333       |
|    clip_range           | 0.2         |
|    entropy_loss         | -2.22       |
|    explained_variance   | 0.0197      |
|    learning_rate        | 0.0003      |
|    loss                 | -0.0149     |
|    n_updates            | 1130        |
|    policy_gradient_loss | -5.46e-05   |
|    std                  | 0.349       |
|    value_loss           | 0.000106    |
-----------------------------------------
-----------------------------------------
| rollout/                |             |
|    ep_len_mean          | 200         |
|    ep_rew_mean          | -46.7       |
| time/                   |             |
|    fps                  | 72          |
|    iterations           | 115         |
|    time_elapsed         | 3260        |
|    total_timesteps      | 235520      |
| train/                  |             |
|    approx_kl            | 0.030533122 |
|    clip_fraction        | 0.348       |
|    clip_range           | 0.2         |
|    entropy_loss         | -2.17       |
|    explained_variance   | 0.177       |
|    learning_rate        | 0.0003      |
|    loss                 | -0.0225     |
|    n_updates            | 1140        |
|    policy_gradient_loss | -0.0207     |
|    std                  | 0.346       |
|    value_loss           | 0.000106    |
-----------------------------------------
-----------------------------------------
| rollout/                |             |
|    ep_len_mean          | 200         |
|    ep_rew_mean          | -46.4       |
| time/                   |             |
|    fps                  | 72          |
|    iterations           | 116         |
|    time_elapsed         | 3290        |
|    total_timesteps      | 237568      |
| train/                  |             |
|    approx_kl            | 0.030154955 |
|    clip_fraction        | 0.326       |
|    clip_range           | 0.2         |
|    entropy_loss         | -2.12       |
|    explained_variance   | -0.0728     |
|    learning_rate        | 0.0003      |
|    loss                 | -0.00935    |
|    n_updates            | 1150        |
|    policy_gradient_loss | -0.0194     |
|    std                  | 0.343       |
|    value_loss           | 0.000129    |
-----------------------------------------
-----------------------------------------
| rollout/                |             |
|    ep_len_mean          | 200         |
|    ep_rew_mean          | -45.5       |
| time/                   |             |
|    fps                  | 72          |
|    iterations           | 117         |
|    time_elapsed         | 3320        |
|    total_timesteps      | 239616      |
| train/                  |             |
|    approx_kl            | 0.026552953 |
|    clip_fraction        | 0.345       |
|    clip_range           | 0.2         |
|    entropy_loss         | -2.04       |
|    explained_variance   | 0.199       |
|    learning_rate        | 0.0003      |
|    loss                 | -0.0545     |
|    n_updates            | 1160        |
|    policy_gradient_loss | -0.011      |
|    std                  | 0.34        |
|    value_loss           | 0.000119    |
-----------------------------------------
-----------------------------------------
| rollout/                |             |
|    ep_len_mean          | 199         |
|    ep_rew_mean          | -44.5       |
| time/                   |             |
|    fps                  | 72          |
|    iterations           | 118         |
|    time_elapsed         | 3351        |
|    total_timesteps      | 241664      |
| train/                  |             |
|    approx_kl            | 0.033681687 |
|    clip_fraction        | 0.375       |
|    clip_range           | 0.2         |
|    entropy_loss         | -1.95       |
|    explained_variance   | -0.0483     |
|    learning_rate        | 0.0003      |
|    loss                 | -0.0503     |
|    n_updates            | 1170        |
|    policy_gradient_loss | -0.021      |
|    std                  | 0.337       |
|    value_loss           | 0.00016     |
-----------------------------------------
-----------------------------------------
| rollout/                |             |
|    ep_len_mean          | 196         |
|    ep_rew_mean          | -42.6       |
| time/                   |             |
|    fps                  | 72          |
|    iterations           | 119         |
|    time_elapsed         | 3381        |
|    total_timesteps      | 243712      |
| train/                  |             |
|    approx_kl            | 0.038708836 |
|    clip_fraction        | 0.385       |
|    clip_range           | 0.2         |
|    entropy_loss         | -1.89       |
|    explained_variance   | 0.0358      |
|    learning_rate        | 0.0003      |
|    loss                 | -0.0346     |
|    n_updates            | 1180        |
|    policy_gradient_loss | -0.0162     |
|    std                  | 0.334       |
|    value_loss           | 0.00114     |
-----------------------------------------
----------------------------------------
| rollout/                |            |
|    ep_len_mean          | 194        |
|    ep_rew_mean          | -41.3      |
| time/                   |            |
|    fps                  | 72         |
|    iterations           | 120        |
|    time_elapsed         | 3411       |
|    total_timesteps      | 245760     |
| train/                  |            |
|    approx_kl            | 0.03891801 |
|    clip_fraction        | 0.386      |
|    clip_range           | 0.2        |
|    entropy_loss         | -1.84      |
|    explained_variance   | 0.136      |
|    learning_rate        | 0.0003     |
|    loss                 | -0.033     |
|    n_updates            | 1190       |
|    policy_gradient_loss | -0.0096    |
|    std                  | 0.332      |
|    value_loss           | 0.00248    |
----------------------------------------
-----------------------------------------
| rollout/                |             |
|    ep_len_mean          | 193         |
|    ep_rew_mean          | -40.1       |
| time/                   |             |
|    fps                  | 71          |
|    iterations           | 121         |
|    time_elapsed         | 3442        |
|    total_timesteps      | 247808      |
| train/                  |             |
|    approx_kl            | 0.030872218 |
|    clip_fraction        | 0.347       |
|    clip_range           | 0.2         |
|    entropy_loss         | -1.8        |
|    explained_variance   | 0.0592      |
|    learning_rate        | 0.0003      |
|    loss                 | -0.0488     |
|    n_updates            | 1200        |
|    policy_gradient_loss | -0.00859    |
|    std                  | 0.33        |
|    value_loss           | 0.00177     |
-----------------------------------------
-----------------------------------------
| rollout/                |             |
|    ep_len_mean          | 186         |
|    ep_rew_mean          | -37.1       |
| time/                   |             |
|    fps                  | 71          |
|    iterations           | 122         |
|    time_elapsed         | 3472        |
|    total_timesteps      | 249856      |
| train/                  |             |
|    approx_kl            | 0.033530295 |
|    clip_fraction        | 0.355       |
|    clip_range           | 0.2         |
|    entropy_loss         | -1.79       |
|    explained_variance   | -0.0228     |
|    learning_rate        | 0.0003      |
|    loss                 | -0.00291    |
|    n_updates            | 1210        |
|    policy_gradient_loss | -0.0104     |
|    std                  | 0.331       |
|    value_loss           | 0.00139     |
-----------------------------------------
----------------------------------------
| rollout/                |            |
|    ep_len_mean          | 173        |
|    ep_rew_mean          | -32.7      |
| time/                   |            |
|    fps                  | 71         |
|    iterations           | 123        |
|    time_elapsed         | 3503       |
|    total_timesteps      | 251904     |
| train/                  |            |
|    approx_kl            | 0.03176066 |
|    clip_fraction        | 0.36       |
|    clip_range           | 0.2        |
|    entropy_loss         | -1.72      |
|    explained_variance   | 0.133      |
|    learning_rate        | 0.0003     |
|    loss                 | 0.00335    |
|    n_updates            | 1220       |
|    policy_gradient_loss | -0.014     |
|    std                  | 0.326      |
|    value_loss           | 0.0036     |
----------------------------------------
-----------------------------------------
| rollout/                |             |
|    ep_len_mean          | 153         |
|    ep_rew_mean          | -26.1       |
| time/                   |             |
|    fps                  | 71          |
|    iterations           | 124         |
|    time_elapsed         | 3533        |
|    total_timesteps      | 253952      |
| train/                  |             |
|    approx_kl            | 0.029166251 |
|    clip_fraction        | 0.337       |
|    clip_range           | 0.2         |
|    entropy_loss         | -1.62       |
|    explained_variance   | 0.27        |
|    learning_rate        | 0.0003      |
|    loss                 | -0.0333     |
|    n_updates            | 1230        |
|    policy_gradient_loss | -0.0127     |
|    std                  | 0.323       |
|    value_loss           | 0.00515     |
-----------------------------------------
-----------------------------------------
| rollout/                |             |
|    ep_len_mean          | 130         |
|    ep_rew_mean          | -19.4       |
| time/                   |             |
|    fps                  | 71          |
|    iterations           | 125         |
|    time_elapsed         | 3564        |
|    total_timesteps      | 256000      |
| train/                  |             |
|    approx_kl            | 0.028965525 |
|    clip_fraction        | 0.348       |
|    clip_range           | 0.2         |
|    entropy_loss         | -1.57       |
|    explained_variance   | 0.169       |
|    learning_rate        | 0.0003      |
|    loss                 | -0.00793    |
|    n_updates            | 1240        |
|    policy_gradient_loss | -0.014      |
|    std                  | 0.322       |
|    value_loss           | 0.00554     |
-----------------------------------------
----------------------------------------
| rollout/                |            |
|    ep_len_mean          | 99.7       |
|    ep_rew_mean          | -11.6      |
| time/                   |            |
|    fps                  | 71         |
|    iterations           | 126        |
|    time_elapsed         | 3595       |
|    total_timesteps      | 258048     |
| train/                  |            |
|    approx_kl            | 0.03877181 |
|    clip_fraction        | 0.383      |
|    clip_range           | 0.2        |
|    entropy_loss         | -1.53      |
|    explained_variance   | 0.28       |
|    learning_rate        | 0.0003     |
|    loss                 | -0.0708    |
|    n_updates            | 1250       |
|    policy_gradient_loss | -0.0201    |
|    std                  | 0.32       |
|    value_loss           | 0.00399    |
----------------------------------------
----------------------------------------
| rollout/                |            |
|    ep_len_mean          | 77.3       |
|    ep_rew_mean          | -5.97      |
| time/                   |            |
|    fps                  | 71         |
|    iterations           | 127        |
|    time_elapsed         | 3627       |
|    total_timesteps      | 260096     |
| train/                  |            |
|    approx_kl            | 0.03297054 |
|    clip_fraction        | 0.341      |
|    clip_range           | 0.2        |
|    entropy_loss         | -1.5       |
|    explained_variance   | 0.314      |
|    learning_rate        | 0.0003     |
|    loss                 | 0.0186     |
|    n_updates            | 1260       |
|    policy_gradient_loss | -0.015     |
|    std                  | 0.319      |
|    value_loss           | 0.00434    |
----------------------------------------
-----------------------------------------
| rollout/                |             |
|    ep_len_mean          | 60.7        |
|    ep_rew_mean          | -2.59       |
| time/                   |             |
|    fps                  | 71          |
|    iterations           | 128         |
|    time_elapsed         | 3659        |
|    total_timesteps      | 262144      |
| train/                  |             |
|    approx_kl            | 0.035309058 |
|    clip_fraction        | 0.364       |
|    clip_range           | 0.2         |
|    entropy_loss         | -1.46       |
|    explained_variance   | 0.377       |
|    learning_rate        | 0.0003      |
|    loss                 | -0.022      |
|    n_updates            | 1270        |
|    policy_gradient_loss | -0.0162     |
|    std                  | 0.317       |
|    value_loss           | 0.00289     |
-----------------------------------------
----------------------------------------
| rollout/                |            |
|    ep_len_mean          | 55.8       |
|    ep_rew_mean          | -1.78      |
| time/                   |            |
|    fps                  | 71         |
|    iterations           | 129        |
|    time_elapsed         | 3691       |
|    total_timesteps      | 264192     |
| train/                  |            |
|    approx_kl            | 0.03236949 |
|    clip_fraction        | 0.376      |
|    clip_range           | 0.2        |
|    entropy_loss         | -1.41      |
|    explained_variance   | 0.324      |
|    learning_rate        | 0.0003     |
|    loss                 | -0.0503    |
|    n_updates            | 1280       |
|    policy_gradient_loss | -0.00796   |
|    std                  | 0.315      |
|    value_loss           | 0.00251    |
----------------------------------------
----------------------------------------
| rollout/                |            |
|    ep_len_mean          | 50.8       |
|    ep_rew_mean          | -0.357     |
| time/                   |            |
|    fps                  | 71         |
|    iterations           | 130        |
|    time_elapsed         | 3723       |
|    total_timesteps      | 266240     |
| train/                  |            |
|    approx_kl            | 0.03260316 |
|    clip_fraction        | 0.344      |
|    clip_range           | 0.2        |
|    entropy_loss         | -1.38      |
|    explained_variance   | 0.423      |
|    learning_rate        | 0.0003     |
|    loss                 | -0.0386    |
|    n_updates            | 1290       |
|    policy_gradient_loss | -0.0171    |
|    std                  | 0.313      |
|    value_loss           | 0.00242    |
----------------------------------------
-----------------------------------------
| rollout/                |             |
|    ep_len_mean          | 54.9        |
|    ep_rew_mean          | -1.55       |
| time/                   |             |
|    fps                  | 71          |
|    iterations           | 131         |
|    time_elapsed         | 3754        |
|    total_timesteps      | 268288      |
| train/                  |             |
|    approx_kl            | 0.027616601 |
|    clip_fraction        | 0.326       |
|    clip_range           | 0.2         |
|    entropy_loss         | -1.33       |
|    explained_variance   | 0.0704      |
|    learning_rate        | 0.0003      |
|    loss                 | -0.0407     |
|    n_updates            | 1300        |
|    policy_gradient_loss | -0.0131     |
|    std                  | 0.312       |
|    value_loss           | 0.00187     |
-----------------------------------------
-----------------------------------------
| rollout/                |             |
|    ep_len_mean          | 48.3        |
|    ep_rew_mean          | -0.332      |
| time/                   |             |
|    fps                  | 71          |
|    iterations           | 132         |
|    time_elapsed         | 3787        |
|    total_timesteps      | 270336      |
| train/                  |             |
|    approx_kl            | 0.033677742 |
|    clip_fraction        | 0.34        |
|    clip_range           | 0.2         |
|    entropy_loss         | -1.3        |
|    explained_variance   | 0.464       |
|    learning_rate        | 0.0003      |
|    loss                 | -0.00756    |
|    n_updates            | 1310        |
|    policy_gradient_loss | -0.0113     |
|    std                  | 0.311       |
|    value_loss           | 0.00203     |
-----------------------------------------
-----------------------------------------
| rollout/                |             |
|    ep_len_mean          | 38.7        |
|    ep_rew_mean          | 2.06        |
| time/                   |             |
|    fps                  | 71          |
|    iterations           | 133         |
|    time_elapsed         | 3820        |
|    total_timesteps      | 272384      |
| train/                  |             |
|    approx_kl            | 0.033217844 |
|    clip_fraction        | 0.355       |
|    clip_range           | 0.2         |
|    entropy_loss         | -1.26       |
|    explained_variance   | 0.461       |
|    learning_rate        | 0.0003      |
|    loss                 | -0.0563     |
|    n_updates            | 1320        |
|    policy_gradient_loss | -0.0119     |
|    std                  | 0.309       |
|    value_loss           | 0.00185     |
-----------------------------------------
-----------------------------------------
| rollout/                |             |
|    ep_len_mean          | 34.2        |
|    ep_rew_mean          | 3.59        |
| time/                   |             |
|    fps                  | 71          |
|    iterations           | 134         |
|    time_elapsed         | 3853        |
|    total_timesteps      | 274432      |
| train/                  |             |
|    approx_kl            | 0.027821181 |
|    clip_fraction        | 0.358       |
|    clip_range           | 0.2         |
|    entropy_loss         | -1.2        |
|    explained_variance   | 0.641       |
|    learning_rate        | 0.0003      |
|    loss                 | 0.0102      |
|    n_updates            | 1330        |
|    policy_gradient_loss | -0.0143     |
|    std                  | 0.305       |
|    value_loss           | 0.00167     |
-----------------------------------------
-----------------------------------------
| rollout/                |             |
|    ep_len_mean          | 34.1        |
|    ep_rew_mean          | 3.17        |
| time/                   |             |
|    fps                  | 71          |
|    iterations           | 135         |
|    time_elapsed         | 3886        |
|    total_timesteps      | 276480      |
| train/                  |             |
|    approx_kl            | 0.029328398 |
|    clip_fraction        | 0.345       |
|    clip_range           | 0.2         |
|    entropy_loss         | -1.16       |
|    explained_variance   | 0.32        |
|    learning_rate        | 0.0003      |
|    loss                 | -0.0114     |
|    n_updates            | 1340        |
|    policy_gradient_loss | -0.0138     |
|    std                  | 0.304       |
|    value_loss           | 0.00187     |
-----------------------------------------
----------------------------------------
| rollout/                |            |
|    ep_len_mean          | 31.9       |
|    ep_rew_mean          | 3.95       |
| time/                   |            |
|    fps                  | 71         |
|    iterations           | 136        |
|    time_elapsed         | 3919       |
|    total_timesteps      | 278528     |
| train/                  |            |
|    approx_kl            | 0.02903952 |
|    clip_fraction        | 0.328      |
|    clip_range           | 0.2        |
|    entropy_loss         | -1.12      |
|    explained_variance   | 0.54       |
|    learning_rate        | 0.0003     |
|    loss                 | 0.0425     |
|    n_updates            | 1350       |
|    policy_gradient_loss | -0.0103    |
|    std                  | 0.303      |
|    value_loss           | 0.00165    |
----------------------------------------
----------------------------------------
| rollout/                |            |
|    ep_len_mean          | 30.8       |
|    ep_rew_mean          | 4.34       |
| time/                   |            |
|    fps                  | 70         |
|    iterations           | 137        |
|    time_elapsed         | 3953       |
|    total_timesteps      | 280576     |
| train/                  |            |
|    approx_kl            | 0.03845051 |
|    clip_fraction        | 0.359      |
|    clip_range           | 0.2        |
|    entropy_loss         | -1.1       |
|    explained_variance   | 0.439      |
|    learning_rate        | 0.0003     |
|    loss                 | -0.0382    |
|    n_updates            | 1360       |
|    policy_gradient_loss | -0.00951   |
|    std                  | 0.302      |
|    value_loss           | 0.00133    |
----------------------------------------
-----------------------------------------
| rollout/                |             |
|    ep_len_mean          | 28.5        |
|    ep_rew_mean          | 4.49        |
| time/                   |             |
|    fps                  | 70          |
|    iterations           | 138         |
|    time_elapsed         | 3987        |
|    total_timesteps      | 282624      |
| train/                  |             |
|    approx_kl            | 0.036075085 |
|    clip_fraction        | 0.361       |
|    clip_range           | 0.2         |
|    entropy_loss         | -1.05       |
|    explained_variance   | 0.431       |
|    learning_rate        | 0.0003      |
|    loss                 | -0.0132     |
|    n_updates            | 1370        |
|    policy_gradient_loss | -0.0117     |
|    std                  | 0.3         |
|    value_loss           | 0.00192     |
-----------------------------------------
----------------------------------------
| rollout/                |            |
|    ep_len_mean          | 27.8       |
|    ep_rew_mean          | 4.96       |
| time/                   |            |
|    fps                  | 70         |
|    iterations           | 139        |
|    time_elapsed         | 4021       |
|    total_timesteps      | 284672     |
| train/                  |            |
|    approx_kl            | 0.03238028 |
|    clip_fraction        | 0.341      |
|    clip_range           | 0.2        |
|    entropy_loss         | -1.02      |
|    explained_variance   | 0.624      |
|    learning_rate        | 0.0003     |
|    loss                 | -0.0244    |
|    n_updates            | 1380       |
|    policy_gradient_loss | -0.0108    |
|    std                  | 0.299      |
|    value_loss           | 0.00153    |
----------------------------------------
---------------------------------------
| rollout/                |           |
|    ep_len_mean          | 30        |
|    ep_rew_mean          | 4.33      |
| time/                   |           |
|    fps                  | 70        |
|    iterations           | 140       |
|    time_elapsed         | 4055      |
|    total_timesteps      | 286720    |
| train/                  |           |
|    approx_kl            | 0.0338902 |
|    clip_fraction        | 0.36      |
|    clip_range           | 0.2       |
|    entropy_loss         | -0.985    |
|    explained_variance   | 0.375     |
|    learning_rate        | 0.0003    |
|    loss                 | -0.0297   |
|    n_updates            | 1390      |
|    policy_gradient_loss | -0.0112   |
|    std                  | 0.298     |
|    value_loss           | 0.00139   |
---------------------------------------
-----------------------------------------
| rollout/                |             |
|    ep_len_mean          | 27.5        |
|    ep_rew_mean          | 5           |
| time/                   |             |
|    fps                  | 70          |
|    iterations           | 141         |
|    time_elapsed         | 4088        |
|    total_timesteps      | 288768      |
| train/                  |             |
|    approx_kl            | 0.033458784 |
|    clip_fraction        | 0.33        |
|    clip_range           | 0.2         |
|    entropy_loss         | -0.932      |
|    explained_variance   | 0.603       |
|    learning_rate        | 0.0003      |
|    loss                 | 0.00395     |
|    n_updates            | 1400        |
|    policy_gradient_loss | -0.0137     |
|    std                  | 0.296       |
|    value_loss           | 0.00148     |
-----------------------------------------
-----------------------------------------
| rollout/                |             |
|    ep_len_mean          | 29          |
|    ep_rew_mean          | 4.85        |
| time/                   |             |
|    fps                  | 70          |
|    iterations           | 142         |
|    time_elapsed         | 4122        |
|    total_timesteps      | 290816      |
| train/                  |             |
|    approx_kl            | 0.028388686 |
|    clip_fraction        | 0.331       |
|    clip_range           | 0.2         |
|    entropy_loss         | -0.908      |
|    explained_variance   | 0.671       |
|    learning_rate        | 0.0003      |
|    loss                 | 0.0155      |
|    n_updates            | 1410        |
|    policy_gradient_loss | -0.0119     |
|    std                  | 0.295       |
|    value_loss           | 0.00158     |
-----------------------------------------
----------------------------------------
| rollout/                |            |
|    ep_len_mean          | 23.6       |
|    ep_rew_mean          | 5.91       |
| time/                   |            |
|    fps                  | 70         |
|    iterations           | 143        |
|    time_elapsed         | 4157       |
|    total_timesteps      | 292864     |
| train/                  |            |
|    approx_kl            | 0.03559853 |
|    clip_fraction        | 0.346      |
|    clip_range           | 0.2        |
|    entropy_loss         | -0.846     |
|    explained_variance   | 0.387      |
|    learning_rate        | 0.0003     |
|    loss                 | -0.00575   |
|    n_updates            | 1420       |
|    policy_gradient_loss | -0.0146    |
|    std                  | 0.291      |
|    value_loss           | 0.0014     |
----------------------------------------
----------------------------------------
| rollout/                |            |
|    ep_len_mean          | 25.1       |
|    ep_rew_mean          | 5.68       |
| time/                   |            |
|    fps                  | 70         |
|    iterations           | 144        |
|    time_elapsed         | 4192       |
|    total_timesteps      | 294912     |
| train/                  |            |
|    approx_kl            | 0.03260801 |
|    clip_fraction        | 0.327      |
|    clip_range           | 0.2        |
|    entropy_loss         | -0.819     |
|    explained_variance   | 0.395      |
|    learning_rate        | 0.0003     |
|    loss                 | -0.0517    |
|    n_updates            | 1430       |
|    policy_gradient_loss | -0.0127    |
|    std                  | 0.292      |
|    value_loss           | 0.00126    |
----------------------------------------
-----------------------------------------
| rollout/                |             |
|    ep_len_mean          | 23.3        |
|    ep_rew_mean          | 5.99        |
| time/                   |             |
|    fps                  | 70          |
|    iterations           | 145         |
|    time_elapsed         | 4227        |
|    total_timesteps      | 296960      |
| train/                  |             |
|    approx_kl            | 0.027933726 |
|    clip_fraction        | 0.334       |
|    clip_range           | 0.2         |
|    entropy_loss         | -0.8        |
|    explained_variance   | 0.272       |
|    learning_rate        | 0.0003      |
|    loss                 | -0.0117     |
|    n_updates            | 1440        |
|    policy_gradient_loss | -0.00817    |
|    std                  | 0.29        |
|    value_loss           | 0.00121     |
-----------------------------------------
-----------------------------------------
| rollout/                |             |
|    ep_len_mean          | 24.6        |
|    ep_rew_mean          | 5.9         |
| time/                   |             |
|    fps                  | 70          |
|    iterations           | 146         |
|    time_elapsed         | 4262        |
|    total_timesteps      | 299008      |
| train/                  |             |
|    approx_kl            | 0.032223508 |
|    clip_fraction        | 0.362       |
|    clip_range           | 0.2         |
|    entropy_loss         | -0.772      |
|    explained_variance   | 0.328       |
|    learning_rate        | 0.0003      |
|    loss                 | -0.0293     |
|    n_updates            | 1450        |
|    policy_gradient_loss | -0.0181     |
|    std                  | 0.29        |
|    value_loss           | 0.00091     |
-----------------------------------------
-----------------------------------------
| rollout/                |             |
|    ep_len_mean          | 25.3        |
|    ep_rew_mean          | 5.71        |
| time/                   |             |
|    fps                  | 70          |
|    iterations           | 147         |
|    time_elapsed         | 4296        |
|    total_timesteps      | 301056      |
| train/                  |             |
|    approx_kl            | 0.040675323 |
|    clip_fraction        | 0.367       |
|    clip_range           | 0.2         |
|    entropy_loss         | -0.729      |
|    explained_variance   | 0.438       |
|    learning_rate        | 0.0003      |
|    loss                 | 0.00922     |
|    n_updates            | 1460        |
|    policy_gradient_loss | -0.0163     |
|    std                  | 0.287       |
|    value_loss           | 0.000854    |
-----------------------------------------
-----------------------------------------
| rollout/                |             |
|    ep_len_mean          | 29.8        |
|    ep_rew_mean          | 4.5         |
| time/                   |             |
|    fps                  | 70          |
|    iterations           | 148         |
|    time_elapsed         | 4329        |
|    total_timesteps      | 303104      |
| train/                  |             |
|    approx_kl            | 0.027586378 |
|    clip_fraction        | 0.331       |
|    clip_range           | 0.2         |
|    entropy_loss         | -0.661      |
|    explained_variance   | 0.421       |
|    learning_rate        | 0.0003      |
|    loss                 | -0.0368     |
|    n_updates            | 1470        |
|    policy_gradient_loss | -0.0154     |
|    std                  | 0.285       |
|    value_loss           | 0.000868    |
-----------------------------------------
-----------------------------------------
| rollout/                |             |
|    ep_len_mean          | 27.9        |
|    ep_rew_mean          | 5.1         |
| time/                   |             |
|    fps                  | 69          |
|    iterations           | 149         |
|    time_elapsed         | 4364        |
|    total_timesteps      | 305152      |
| train/                  |             |
|    approx_kl            | 0.025930023 |
|    clip_fraction        | 0.335       |
|    clip_range           | 0.2         |
|    entropy_loss         | -0.612      |
|    explained_variance   | 0.569       |
|    learning_rate        | 0.0003      |
|    loss                 | -0.0152     |
|    n_updates            | 1480        |
|    policy_gradient_loss | -0.0019     |
|    std                  | 0.283       |
|    value_loss           | 0.00107     |
-----------------------------------------
----------------------------------------
| rollout/                |            |
|    ep_len_mean          | 25.3       |
|    ep_rew_mean          | 5.45       |
| time/                   |            |
|    fps                  | 69         |
|    iterations           | 150        |
|    time_elapsed         | 4398       |
|    total_timesteps      | 307200     |
| train/                  |            |
|    approx_kl            | 0.03178176 |
|    clip_fraction        | 0.359      |
|    clip_range           | 0.2        |
|    entropy_loss         | -0.554     |
|    explained_variance   | 0.243      |
|    learning_rate        | 0.0003     |
|    loss                 | 0.0238     |
|    n_updates            | 1490       |
|    policy_gradient_loss | -0.0147    |
|    std                  | 0.28       |
|    value_loss           | 0.00112    |
----------------------------------------
-----------------------------------------
| rollout/                |             |
|    ep_len_mean          | 26.9        |
|    ep_rew_mean          | 5.02        |
| time/                   |             |
|    fps                  | 69          |
|    iterations           | 151         |
|    time_elapsed         | 4433        |
|    total_timesteps      | 309248      |
| train/                  |             |
|    approx_kl            | 0.035783894 |
|    clip_fraction        | 0.354       |
|    clip_range           | 0.2         |
|    entropy_loss         | -0.512      |
|    explained_variance   | 0.528       |
|    learning_rate        | 0.0003      |
|    loss                 | -0.0142     |
|    n_updates            | 1500        |
|    policy_gradient_loss | -0.00902    |
|    std                  | 0.28        |
|    value_loss           | 0.00124     |
-----------------------------------------
-----------------------------------------
| rollout/                |             |
|    ep_len_mean          | 27.7        |
|    ep_rew_mean          | 5.1         |
| time/                   |             |
|    fps                  | 69          |
|    iterations           | 152         |
|    time_elapsed         | 4467        |
|    total_timesteps      | 311296      |
| train/                  |             |
|    approx_kl            | 0.038573306 |
|    clip_fraction        | 0.384       |
|    clip_range           | 0.2         |
|    entropy_loss         | -0.494      |
|    explained_variance   | 0.362       |
|    learning_rate        | 0.0003      |
|    loss                 | -0.016      |
|    n_updates            | 1510        |
|    policy_gradient_loss | -0.019      |
|    std                  | 0.28        |
|    value_loss           | 0.00124     |
-----------------------------------------
-----------------------------------------
| rollout/                |             |
|    ep_len_mean          | 29.1        |
|    ep_rew_mean          | 4.41        |
| time/                   |             |
|    fps                  | 69          |
|    iterations           | 153         |
|    time_elapsed         | 4501        |
|    total_timesteps      | 313344      |
| train/                  |             |
|    approx_kl            | 0.037437305 |
|    clip_fraction        | 0.365       |
|    clip_range           | 0.2         |
|    entropy_loss         | -0.483      |
|    explained_variance   | 0.715       |
|    learning_rate        | 0.0003      |
|    loss                 | 0.0562      |
|    n_updates            | 1520        |
|    policy_gradient_loss | -0.00166    |
|    std                  | 0.279       |
|    value_loss           | 0.00105     |
-----------------------------------------
-----------------------------------------
| rollout/                |             |
|    ep_len_mean          | 23.6        |
|    ep_rew_mean          | 5.95        |
| time/                   |             |
|    fps                  | 69          |
|    iterations           | 154         |
|    time_elapsed         | 4536        |
|    total_timesteps      | 315392      |
| train/                  |             |
|    approx_kl            | 0.032127786 |
|    clip_fraction        | 0.357       |
|    clip_range           | 0.2         |
|    entropy_loss         | -0.46       |
|    explained_variance   | 0.585       |
|    learning_rate        | 0.0003      |
|    loss                 | 0.0151      |
|    n_updates            | 1530        |
|    policy_gradient_loss | -0.0113     |
|    std                  | 0.279       |
|    value_loss           | 0.00142     |
-----------------------------------------
-----------------------------------------
| rollout/                |             |
|    ep_len_mean          | 23.4        |
|    ep_rew_mean          | 5.93        |
| time/                   |             |
|    fps                  | 69          |
|    iterations           | 155         |
|    time_elapsed         | 4570        |
|    total_timesteps      | 317440      |
| train/                  |             |
|    approx_kl            | 0.041829467 |
|    clip_fraction        | 0.371       |
|    clip_range           | 0.2         |
|    entropy_loss         | -0.441      |
|    explained_variance   | 0.327       |
|    learning_rate        | 0.0003      |
|    loss                 | -0.0195     |
|    n_updates            | 1540        |
|    policy_gradient_loss | -0.0146     |
|    std                  | 0.278       |
|    value_loss           | 0.0013      |
-----------------------------------------
----------------------------------------
| rollout/                |            |
|    ep_len_mean          | 19.9       |
|    ep_rew_mean          | 6.68       |
| time/                   |            |
|    fps                  | 69         |
|    iterations           | 156        |
|    time_elapsed         | 4606       |
|    total_timesteps      | 319488     |
| train/                  |            |
|    approx_kl            | 0.03585289 |
|    clip_fraction        | 0.352      |
|    clip_range           | 0.2        |
|    entropy_loss         | -0.397     |
|    explained_variance   | 0.647      |
|    learning_rate        | 0.0003     |
|    loss                 | -0.0232    |
|    n_updates            | 1550       |
|    policy_gradient_loss | -0.00667   |
|    std                  | 0.276      |
|    value_loss           | 0.00105    |
----------------------------------------
-----------------------------------------
| rollout/                |             |
|    ep_len_mean          | 21.1        |
|    ep_rew_mean          | 6.3         |
| time/                   |             |
|    fps                  | 69          |
|    iterations           | 157         |
|    time_elapsed         | 4642        |
|    total_timesteps      | 321536      |
| train/                  |             |
|    approx_kl            | 0.028339185 |
|    clip_fraction        | 0.357       |
|    clip_range           | 0.2         |
|    entropy_loss         | -0.354      |
|    explained_variance   | 0.383       |
|    learning_rate        | 0.0003      |
|    loss                 | -0.0383     |
|    n_updates            | 1560        |
|    policy_gradient_loss | -0.0117     |
|    std                  | 0.274       |
|    value_loss           | 0.000867    |
-----------------------------------------
-----------------------------------------
| rollout/                |             |
|    ep_len_mean          | 20.1        |
|    ep_rew_mean          | 6.71        |
| time/                   |             |
|    fps                  | 69          |
|    iterations           | 158         |
|    time_elapsed         | 4678        |
|    total_timesteps      | 323584      |
| train/                  |             |
|    approx_kl            | 0.029194845 |
|    clip_fraction        | 0.358       |
|    clip_range           | 0.2         |
|    entropy_loss         | -0.341      |
|    explained_variance   | 0.638       |
|    learning_rate        | 0.0003      |
|    loss                 | -0.0311     |
|    n_updates            | 1570        |
|    policy_gradient_loss | -0.00668    |
|    std                  | 0.275       |
|    value_loss           | 0.000998    |
-----------------------------------------
-----------------------------------------
| rollout/                |             |
|    ep_len_mean          | 19.6        |
|    ep_rew_mean          | 6.65        |
| time/                   |             |
|    fps                  | 69          |
|    iterations           | 159         |
|    time_elapsed         | 4714        |
|    total_timesteps      | 325632      |
| train/                  |             |
|    approx_kl            | 0.035583153 |
|    clip_fraction        | 0.368       |
|    clip_range           | 0.2         |
|    entropy_loss         | -0.31       |
|    explained_variance   | 0.477       |
|    learning_rate        | 0.0003      |
|    loss                 | -0.0201     |
|    n_updates            | 1580        |
|    policy_gradient_loss | -0.0217     |
|    std                  | 0.273       |
|    value_loss           | 0.000788    |
-----------------------------------------
-----------------------------------------
| rollout/                |             |
|    ep_len_mean          | 20.8        |
|    ep_rew_mean          | 6.31        |
| time/                   |             |
|    fps                  | 68          |
|    iterations           | 160         |
|    time_elapsed         | 4749        |
|    total_timesteps      | 327680      |
| train/                  |             |
|    approx_kl            | 0.037610784 |
|    clip_fraction        | 0.389       |
|    clip_range           | 0.2         |
|    entropy_loss         | -0.283      |
|    explained_variance   | 0.508       |
|    learning_rate        | 0.0003      |
|    loss                 | -0.00781    |
|    n_updates            | 1590        |
|    policy_gradient_loss | -0.0166     |
|    std                  | 0.273       |
|    value_loss           | 0.000932    |
-----------------------------------------
-----------------------------------------
| rollout/                |             |
|    ep_len_mean          | 19.3        |
|    ep_rew_mean          | 6.96        |
| time/                   |             |
|    fps                  | 68          |
|    iterations           | 161         |
|    time_elapsed         | 4785        |
|    total_timesteps      | 329728      |
| train/                  |             |
|    approx_kl            | 0.033745766 |
|    clip_fraction        | 0.339       |
|    clip_range           | 0.2         |
|    entropy_loss         | -0.274      |
|    explained_variance   | 0.516       |
|    learning_rate        | 0.0003      |
|    loss                 | 0.00192     |
|    n_updates            | 1600        |
|    policy_gradient_loss | -0.00424    |
|    std                  | 0.272       |
|    value_loss           | 0.000796    |
-----------------------------------------
-----------------------------------------
| rollout/                |             |
|    ep_len_mean          | 20.3        |
|    ep_rew_mean          | 6.81        |
| time/                   |             |
|    fps                  | 68          |
|    iterations           | 162         |
|    time_elapsed         | 4821        |
|    total_timesteps      | 331776      |
| train/                  |             |
|    approx_kl            | 0.034850404 |
|    clip_fraction        | 0.364       |
|    clip_range           | 0.2         |
|    entropy_loss         | -0.221      |
|    explained_variance   | 0.537       |
|    learning_rate        | 0.0003      |
|    loss                 | -0.0248     |
|    n_updates            | 1610        |
|    policy_gradient_loss | -0.0196     |
|    std                  | 0.269       |
|    value_loss           | 0.000614    |
-----------------------------------------
-----------------------------------------
| rollout/                |             |
|    ep_len_mean          | 20.3        |
|    ep_rew_mean          | 6.68        |
| time/                   |             |
|    fps                  | 68          |
|    iterations           | 163         |
|    time_elapsed         | 4857        |
|    total_timesteps      | 333824      |
| train/                  |             |
|    approx_kl            | 0.029608782 |
|    clip_fraction        | 0.347       |
|    clip_range           | 0.2         |
|    entropy_loss         | -0.165      |
|    explained_variance   | 0.624       |
|    learning_rate        | 0.0003      |
|    loss                 | -0.0396     |
|    n_updates            | 1620        |
|    policy_gradient_loss | -0.0129     |
|    std                  | 0.268       |
|    value_loss           | 0.000696    |
-----------------------------------------
-----------------------------------------
| rollout/                |             |
|    ep_len_mean          | 19.7        |
|    ep_rew_mean          | 6.93        |
| time/                   |             |
|    fps                  | 68          |
|    iterations           | 164         |
|    time_elapsed         | 4893        |
|    total_timesteps      | 335872      |
| train/                  |             |
|    approx_kl            | 0.031304125 |
|    clip_fraction        | 0.351       |
|    clip_range           | 0.2         |
|    entropy_loss         | -0.131      |
|    explained_variance   | 0.586       |
|    learning_rate        | 0.0003      |
|    loss                 | -0.0481     |
|    n_updates            | 1630        |
|    policy_gradient_loss | -0.0103     |
|    std                  | 0.265       |
|    value_loss           | 0.000858    |
-----------------------------------------
-----------------------------------------
| rollout/                |             |
|    ep_len_mean          | 20.8        |
|    ep_rew_mean          | 6.67        |
| time/                   |             |
|    fps                  | 68          |
|    iterations           | 165         |
|    time_elapsed         | 4928        |
|    total_timesteps      | 337920      |
| train/                  |             |
|    approx_kl            | 0.042721167 |
|    clip_fraction        | 0.393       |
|    clip_range           | 0.2         |
|    entropy_loss         | -0.0768     |
|    explained_variance   | 0.597       |
|    learning_rate        | 0.0003      |
|    loss                 | -0.0245     |
|    n_updates            | 1640        |
|    policy_gradient_loss | -0.013      |
|    std                  | 0.263       |
|    value_loss           | 0.000713    |
-----------------------------------------
----------------------------------------
| rollout/                |            |
|    ep_len_mean          | 17.6       |
|    ep_rew_mean          | 7.33       |
| time/                   |            |
|    fps                  | 68         |
|    iterations           | 166        |
|    time_elapsed         | 4965       |
|    total_timesteps      | 339968     |
| train/                  |            |
|    approx_kl            | 0.03555549 |
|    clip_fraction        | 0.367      |
|    clip_range           | 0.2        |
|    entropy_loss         | -0.0464    |
|    explained_variance   | 0.613      |
|    learning_rate        | 0.0003     |
|    loss                 | -0.0352    |
|    n_updates            | 1650       |
|    policy_gradient_loss | -0.00611   |
|    std                  | 0.264      |
|    value_loss           | 0.000715   |
----------------------------------------
-----------------------------------------
| rollout/                |             |
|    ep_len_mean          | 21.1        |
|    ep_rew_mean          | 6.45        |
| time/                   |             |
|    fps                  | 68          |
|    iterations           | 167         |
|    time_elapsed         | 5000        |
|    total_timesteps      | 342016      |
| train/                  |             |
|    approx_kl            | 0.038617477 |
|    clip_fraction        | 0.381       |
|    clip_range           | 0.2         |
|    entropy_loss         | -0.0463     |
|    explained_variance   | 0.688       |
|    learning_rate        | 0.0003      |
|    loss                 | -0.0128     |
|    n_updates            | 1660        |
|    policy_gradient_loss | -0.00923    |
|    std                  | 0.264       |
|    value_loss           | 0.000459    |
-----------------------------------------
-----------------------------------------
| rollout/                |             |
|    ep_len_mean          | 17.9        |
|    ep_rew_mean          | 7.29        |
| time/                   |             |
|    fps                  | 68          |
|    iterations           | 168         |
|    time_elapsed         | 5037        |
|    total_timesteps      | 344064      |
| train/                  |             |
|    approx_kl            | 0.036129385 |
|    clip_fraction        | 0.386       |
|    clip_range           | 0.2         |
|    entropy_loss         | -0.0329     |
|    explained_variance   | 0.68        |
|    learning_rate        | 0.0003      |
|    loss                 | 0.0455      |
|    n_updates            | 1670        |
|    policy_gradient_loss | -0.0053     |
|    std                  | 0.265       |
|    value_loss           | 0.000752    |
-----------------------------------------
-----------------------------------------
| rollout/                |             |
|    ep_len_mean          | 17.1        |
|    ep_rew_mean          | 7.51        |
| time/                   |             |
|    fps                  | 68          |
|    iterations           | 169         |
|    time_elapsed         | 5073        |
|    total_timesteps      | 346112      |
| train/                  |             |
|    approx_kl            | 0.037257016 |
|    clip_fraction        | 0.385       |
|    clip_range           | 0.2         |
|    entropy_loss         | 0.0115      |
|    explained_variance   | 0.624       |
|    learning_rate        | 0.0003      |
|    loss                 | -0.0274     |
|    n_updates            | 1680        |
|    policy_gradient_loss | -0.00493    |
|    std                  | 0.262       |
|    value_loss           | 0.000612    |
-----------------------------------------
----------------------------------------
| rollout/                |            |
|    ep_len_mean          | 19.6       |
|    ep_rew_mean          | 6.88       |
| time/                   |            |
|    fps                  | 68         |
|    iterations           | 170        |
|    time_elapsed         | 5109       |
|    total_timesteps      | 348160     |
| train/                  |            |
|    approx_kl            | 0.04013499 |
|    clip_fraction        | 0.388      |
|    clip_range           | 0.2        |
|    entropy_loss         | 0.0483     |
|    explained_variance   | 0.586      |
|    learning_rate        | 0.0003     |
|    loss                 | -0.0352    |
|    n_updates            | 1690       |
|    policy_gradient_loss | -0.00281   |
|    std                  | 0.261      |
|    value_loss           | 0.000511   |
----------------------------------------
---------------------------------------
| rollout/                |           |
|    ep_len_mean          | 17.4      |
|    ep_rew_mean          | 7.38      |
| time/                   |           |
|    fps                  | 68        |
|    iterations           | 171       |
|    time_elapsed         | 5146      |
|    total_timesteps      | 350208    |
| train/                  |           |
|    approx_kl            | 0.0356243 |
|    clip_fraction        | 0.368     |
|    clip_range           | 0.2       |
|    entropy_loss         | 0.0627    |
|    explained_variance   | 0.698     |
|    learning_rate        | 0.0003    |
|    loss                 | -0.0425   |
|    n_updates            | 1700      |
|    policy_gradient_loss | -0.00659  |
|    std                  | 0.261     |
|    value_loss           | 0.000605  |
---------------------------------------
-----------------------------------------
| rollout/                |             |
|    ep_len_mean          | 17          |
|    ep_rew_mean          | 7.5         |
| time/                   |             |
|    fps                  | 67          |
|    iterations           | 172         |
|    time_elapsed         | 5183        |
|    total_timesteps      | 352256      |
| train/                  |             |
|    approx_kl            | 0.036997125 |
|    clip_fraction        | 0.37        |
|    clip_range           | 0.2         |
|    entropy_loss         | 0.0777      |
|    explained_variance   | 0.692       |
|    learning_rate        | 0.0003      |
|    loss                 | -0.0147     |
|    n_updates            | 1710        |
|    policy_gradient_loss | -0.0135     |
|    std                  | 0.26        |
|    value_loss           | 0.000433    |
-----------------------------------------
-----------------------------------------
| rollout/                |             |
|    ep_len_mean          | 17.8        |
|    ep_rew_mean          | 7.36        |
| time/                   |             |
|    fps                  | 67          |
|    iterations           | 173         |
|    time_elapsed         | 5219        |
|    total_timesteps      | 354304      |
| train/                  |             |
|    approx_kl            | 0.040496215 |
|    clip_fraction        | 0.408       |
|    clip_range           | 0.2         |
|    entropy_loss         | 0.0885      |
|    explained_variance   | 0.777       |
|    learning_rate        | 0.0003      |
|    loss                 | -0.0382     |
|    n_updates            | 1720        |
|    policy_gradient_loss | -0.0147     |
|    std                  | 0.259       |
|    value_loss           | 0.000367    |
-----------------------------------------
-----------------------------------------
| rollout/                |             |
|    ep_len_mean          | 22.1        |
|    ep_rew_mean          | 5.97        |
| time/                   |             |
|    fps                  | 67          |
|    iterations           | 174         |
|    time_elapsed         | 5255        |
|    total_timesteps      | 356352      |
| train/                  |             |
|    approx_kl            | 0.026875436 |
|    clip_fraction        | 0.341       |
|    clip_range           | 0.2         |
|    entropy_loss         | 0.112       |
|    explained_variance   | 0.704       |
|    learning_rate        | 0.0003      |
|    loss                 | -0.0105     |
|    n_updates            | 1730        |
|    policy_gradient_loss | -0.00599    |
|    std                  | 0.259       |
|    value_loss           | 0.000722    |
-----------------------------------------
-----------------------------------------
| rollout/                |             |
|    ep_len_mean          | 16.7        |
|    ep_rew_mean          | 7.56        |
| time/                   |             |
|    fps                  | 67          |
|    iterations           | 175         |
|    time_elapsed         | 5292        |
|    total_timesteps      | 358400      |
| train/                  |             |
|    approx_kl            | 0.031426284 |
|    clip_fraction        | 0.324       |
|    clip_range           | 0.2         |
|    entropy_loss         | 0.13        |
|    explained_variance   | 0.828       |
|    learning_rate        | 0.0003      |
|    loss                 | 0.00413     |
|    n_updates            | 1740        |
|    policy_gradient_loss | 0.00364     |
|    std                  | 0.259       |
|    value_loss           | 0.000552    |
-----------------------------------------
----------------------------------------
| rollout/                |            |
|    ep_len_mean          | 16.8       |
|    ep_rew_mean          | 7.66       |
| time/                   |            |
|    fps                  | 67         |
|    iterations           | 176        |
|    time_elapsed         | 5329       |
|    total_timesteps      | 360448     |
| train/                  |            |
|    approx_kl            | 0.04363414 |
|    clip_fraction        | 0.397      |
|    clip_range           | 0.2        |
|    entropy_loss         | 0.16       |
|    explained_variance   | 0.723      |
|    learning_rate        | 0.0003     |
|    loss                 | -0.0246    |
|    n_updates            | 1750       |
|    policy_gradient_loss | -0.0103    |
|    std                  | 0.257      |
|    value_loss           | 0.00036    |
----------------------------------------
----------------------------------------
| rollout/                |            |
|    ep_len_mean          | 18.7       |
|    ep_rew_mean          | 7.15       |
| time/                   |            |
|    fps                  | 67         |
|    iterations           | 177        |
|    time_elapsed         | 5365       |
|    total_timesteps      | 362496     |
| train/                  |            |
|    approx_kl            | 0.03894729 |
|    clip_fraction        | 0.384      |
|    clip_range           | 0.2        |
|    entropy_loss         | 0.177      |
|    explained_variance   | 0.798      |
|    learning_rate        | 0.0003     |
|    loss                 | -0.00399   |
|    n_updates            | 1760       |
|    policy_gradient_loss | -0.0118    |
|    std                  | 0.257      |
|    value_loss           | 0.000328   |
----------------------------------------
-----------------------------------------
| rollout/                |             |
|    ep_len_mean          | 17.8        |
|    ep_rew_mean          | 7.58        |
| time/                   |             |
|    fps                  | 67          |
|    iterations           | 178         |
|    time_elapsed         | 5401        |
|    total_timesteps      | 364544      |
| train/                  |             |
|    approx_kl            | 0.040526636 |
|    clip_fraction        | 0.377       |
|    clip_range           | 0.2         |
|    entropy_loss         | 0.192       |
|    explained_variance   | 0.711       |
|    learning_rate        | 0.0003      |
|    loss                 | -0.0541     |
|    n_updates            | 1770        |
|    policy_gradient_loss | -0.00329    |
|    std                  | 0.256       |
|    value_loss           | 0.000487    |
-----------------------------------------
----------------------------------------
| rollout/                |            |
|    ep_len_mean          | 18.9       |
|    ep_rew_mean          | 7.12       |
| time/                   |            |
|    fps                  | 67         |
|    iterations           | 179        |
|    time_elapsed         | 5438       |
|    total_timesteps      | 366592     |
| train/                  |            |
|    approx_kl            | 0.03492485 |
|    clip_fraction        | 0.376      |
|    clip_range           | 0.2        |
|    entropy_loss         | 0.226      |
|    explained_variance   | 0.745      |
|    learning_rate        | 0.0003     |
|    loss                 | -0.0331    |
|    n_updates            | 1780       |
|    policy_gradient_loss | -0.0109    |
|    std                  | 0.255      |
|    value_loss           | 0.000462   |
----------------------------------------
-----------------------------------------
| rollout/                |             |
|    ep_len_mean          | 16.5        |
|    ep_rew_mean          | 7.68        |
| time/                   |             |
|    fps                  | 67          |
|    iterations           | 180         |
|    time_elapsed         | 5475        |
|    total_timesteps      | 368640      |
| train/                  |             |
|    approx_kl            | 0.030812932 |
|    clip_fraction        | 0.377       |
|    clip_range           | 0.2         |
|    entropy_loss         | 0.251       |
|    explained_variance   | 0.83        |
|    learning_rate        | 0.0003      |
|    loss                 | -0.0198     |
|    n_updates            | 1790        |
|    policy_gradient_loss | 0.00305     |
|    std                  | 0.254       |
|    value_loss           | 0.000555    |
-----------------------------------------
-----------------------------------------
| rollout/                |             |
|    ep_len_mean          | 16.5        |
|    ep_rew_mean          | 7.72        |
| time/                   |             |
|    fps                  | 67          |
|    iterations           | 181         |
|    time_elapsed         | 5512        |
|    total_timesteps      | 370688      |
| train/                  |             |
|    approx_kl            | 0.040994596 |
|    clip_fraction        | 0.389       |
|    clip_range           | 0.2         |
|    entropy_loss         | 0.292       |
|    explained_variance   | 0.773       |
|    learning_rate        | 0.0003      |
|    loss                 | -0.0615     |
|    n_updates            | 1800        |
|    policy_gradient_loss | -0.0106     |
|    std                  | 0.252       |
|    value_loss           | 0.000348    |
-----------------------------------------
-----------------------------------------
| rollout/                |             |
|    ep_len_mean          | 18.9        |
|    ep_rew_mean          | 6.95        |
| time/                   |             |
|    fps                  | 67          |
|    iterations           | 182         |
|    time_elapsed         | 5548        |
|    total_timesteps      | 372736      |
| train/                  |             |
|    approx_kl            | 0.033489525 |
|    clip_fraction        | 0.36        |
|    clip_range           | 0.2         |
|    entropy_loss         | 0.349       |
|    explained_variance   | 0.831       |
|    learning_rate        | 0.0003      |
|    loss                 | -0.0112     |
|    n_updates            | 1810        |
|    policy_gradient_loss | -0.00375    |
|    std                  | 0.25        |
|    value_loss           | 0.000306    |
-----------------------------------------
-----------------------------------------
| rollout/                |             |
|    ep_len_mean          | 16.2        |
|    ep_rew_mean          | 7.88        |
| time/                   |             |
|    fps                  | 67          |
|    iterations           | 183         |
|    time_elapsed         | 5586        |
|    total_timesteps      | 374784      |
| train/                  |             |
|    approx_kl            | 0.034441985 |
|    clip_fraction        | 0.371       |
|    clip_range           | 0.2         |
|    entropy_loss         | 0.38        |
|    explained_variance   | 0.677       |
|    learning_rate        | 0.0003      |
|    loss                 | 0.0531      |
|    n_updates            | 1820        |
|    policy_gradient_loss | 0.0043      |
|    std                  | 0.25        |
|    value_loss           | 0.000592    |
-----------------------------------------
-----------------------------------------
| rollout/                |             |
|    ep_len_mean          | 16.2        |
|    ep_rew_mean          | 7.9         |
| time/                   |             |
|    fps                  | 67          |
|    iterations           | 184         |
|    time_elapsed         | 5623        |
|    total_timesteps      | 376832      |
| train/                  |             |
|    approx_kl            | 0.030448407 |
|    clip_fraction        | 0.363       |
|    clip_range           | 0.2         |
|    entropy_loss         | 0.404       |
|    explained_variance   | 0.833       |
|    learning_rate        | 0.0003      |
|    loss                 | -0.0197     |
|    n_updates            | 1830        |
|    policy_gradient_loss | -0.0081     |
|    std                  | 0.249       |
|    value_loss           | 0.000258    |
-----------------------------------------
-----------------------------------------
| rollout/                |             |
|    ep_len_mean          | 16.6        |
|    ep_rew_mean          | 7.74        |
| time/                   |             |
|    fps                  | 66          |
|    iterations           | 185         |
|    time_elapsed         | 5660        |
|    total_timesteps      | 378880      |
| train/                  |             |
|    approx_kl            | 0.040849805 |
|    clip_fraction        | 0.389       |
|    clip_range           | 0.2         |
|    entropy_loss         | 0.428       |
|    explained_variance   | 0.87        |
|    learning_rate        | 0.0003      |
|    loss                 | 0.00254     |
|    n_updates            | 1840        |
|    policy_gradient_loss | -0.00469    |
|    std                  | 0.248       |
|    value_loss           | 0.000229    |
-----------------------------------------
----------------------------------------
| rollout/                |            |
|    ep_len_mean          | 16.1       |
|    ep_rew_mean          | 7.94       |
| time/                   |            |
|    fps                  | 66         |
|    iterations           | 186        |
|    time_elapsed         | 5697       |
|    total_timesteps      | 380928     |
| train/                  |            |
|    approx_kl            | 0.03125596 |
|    clip_fraction        | 0.368      |
|    clip_range           | 0.2        |
|    entropy_loss         | 0.476      |
|    explained_variance   | 0.855      |
|    learning_rate        | 0.0003     |
|    loss                 | -0.0236    |
|    n_updates            | 1850       |
|    policy_gradient_loss | -0.0118    |
|    std                  | 0.246      |
|    value_loss           | 0.00028    |
----------------------------------------
-----------------------------------------
| rollout/                |             |
|    ep_len_mean          | 16.6        |
|    ep_rew_mean          | 7.83        |
| time/                   |             |
|    fps                  | 66          |
|    iterations           | 187         |
|    time_elapsed         | 5734        |
|    total_timesteps      | 382976      |
| train/                  |             |
|    approx_kl            | 0.032338552 |
|    clip_fraction        | 0.399       |
|    clip_range           | 0.2         |
|    entropy_loss         | 0.521       |
|    explained_variance   | 0.874       |
|    learning_rate        | 0.0003      |
|    loss                 | -0.00628    |
|    n_updates            | 1860        |
|    policy_gradient_loss | 0.00097     |
|    std                  | 0.245       |
|    value_loss           | 0.000241    |
-----------------------------------------
----------------------------------------
| rollout/                |            |
|    ep_len_mean          | 16.5       |
|    ep_rew_mean          | 7.88       |
| time/                   |            |
|    fps                  | 66         |
|    iterations           | 188        |
|    time_elapsed         | 5771       |
|    total_timesteps      | 385024     |
| train/                  |            |
|    approx_kl            | 0.04628891 |
|    clip_fraction        | 0.406      |
|    clip_range           | 0.2        |
|    entropy_loss         | 0.574      |
|    explained_variance   | 0.863      |
|    learning_rate        | 0.0003     |
|    loss                 | -0.0448    |
|    n_updates            | 1870       |
|    policy_gradient_loss | -0.0085    |
|    std                  | 0.243      |
|    value_loss           | 0.000267   |
----------------------------------------
-----------------------------------------
| rollout/                |             |
|    ep_len_mean          | 16.9        |
|    ep_rew_mean          | 7.82        |
| time/                   |             |
|    fps                  | 66          |
|    iterations           | 189         |
|    time_elapsed         | 5808        |
|    total_timesteps      | 387072      |
| train/                  |             |
|    approx_kl            | 0.040893767 |
|    clip_fraction        | 0.411       |
|    clip_range           | 0.2         |
|    entropy_loss         | 0.642       |
|    explained_variance   | 0.882       |
|    learning_rate        | 0.0003      |
|    loss                 | -0.041      |
|    n_updates            | 1880        |
|    policy_gradient_loss | -0.00471    |
|    std                  | 0.24        |
|    value_loss           | 0.000219    |
-----------------------------------------
----------------------------------------
| rollout/                |            |
|    ep_len_mean          | 16.5       |
|    ep_rew_mean          | 7.87       |
| time/                   |            |
|    fps                  | 66         |
|    iterations           | 190        |
|    time_elapsed         | 5845       |
|    total_timesteps      | 389120     |
| train/                  |            |
|    approx_kl            | 0.04011213 |
|    clip_fraction        | 0.381      |
|    clip_range           | 0.2        |
|    entropy_loss         | 0.689      |
|    explained_variance   | 0.86       |
|    learning_rate        | 0.0003     |
|    loss                 | -0.0305    |
|    n_updates            | 1890       |
|    policy_gradient_loss | -0.00492   |
|    std                  | 0.239      |
|    value_loss           | 0.000255   |
----------------------------------------
-----------------------------------------
| rollout/                |             |
|    ep_len_mean          | 16.8        |
|    ep_rew_mean          | 7.87        |
| time/                   |             |
|    fps                  | 66          |
|    iterations           | 191         |
|    time_elapsed         | 5882        |
|    total_timesteps      | 391168      |
| train/                  |             |
|    approx_kl            | 0.041808933 |
|    clip_fraction        | 0.4         |
|    clip_range           | 0.2         |
|    entropy_loss         | 0.718       |
|    explained_variance   | 0.827       |
|    learning_rate        | 0.0003      |
|    loss                 | -0.0138     |
|    n_updates            | 1900        |
|    policy_gradient_loss | -0.00777    |
|    std                  | 0.239       |
|    value_loss           | 0.000335    |
-----------------------------------------
-----------------------------------------
| rollout/                |             |
|    ep_len_mean          | 16.6        |
|    ep_rew_mean          | 7.89        |
| time/                   |             |
|    fps                  | 66          |
|    iterations           | 192         |
|    time_elapsed         | 5919        |
|    total_timesteps      | 393216      |
| train/                  |             |
|    approx_kl            | 0.052228108 |
|    clip_fraction        | 0.397       |
|    clip_range           | 0.2         |
|    entropy_loss         | 0.754       |
|    explained_variance   | 0.662       |
|    learning_rate        | 0.0003      |
|    loss                 | 0.0184      |
|    n_updates            | 1910        |
|    policy_gradient_loss | 0.00446     |
|    std                  | 0.237       |
|    value_loss           | 0.000559    |
-----------------------------------------
----------------------------------------
| rollout/                |            |
|    ep_len_mean          | 16.1       |
|    ep_rew_mean          | 8.03       |
| time/                   |            |
|    fps                  | 66         |
|    iterations           | 193        |
|    time_elapsed         | 5956       |
|    total_timesteps      | 395264     |
| train/                  |            |
|    approx_kl            | 0.03753063 |
|    clip_fraction        | 0.397      |
|    clip_range           | 0.2        |
|    entropy_loss         | 0.778      |
|    explained_variance   | 0.824      |
|    learning_rate        | 0.0003     |
|    loss                 | 0.0162     |
|    n_updates            | 1920       |
|    policy_gradient_loss | -0.00344   |
|    std                  | 0.236      |
|    value_loss           | 0.000264   |
----------------------------------------
----------------------------------------
| rollout/                |            |
|    ep_len_mean          | 16.3       |
|    ep_rew_mean          | 7.92       |
| time/                   |            |
|    fps                  | 66         |
|    iterations           | 194        |
|    time_elapsed         | 5993       |
|    total_timesteps      | 397312     |
| train/                  |            |
|    approx_kl            | 0.02849639 |
|    clip_fraction        | 0.384      |
|    clip_range           | 0.2        |
|    entropy_loss         | 0.804      |
|    explained_variance   | 0.888      |
|    learning_rate        | 0.0003     |
|    loss                 | -0.0155    |
|    n_updates            | 1930       |
|    policy_gradient_loss | -0.00715   |
|    std                  | 0.234      |
|    value_loss           | 0.000216   |
----------------------------------------
-----------------------------------------
| rollout/                |             |
|    ep_len_mean          | 20.2        |
|    ep_rew_mean          | 7.1         |
| time/                   |             |
|    fps                  | 66          |
|    iterations           | 195         |
|    time_elapsed         | 6029        |
|    total_timesteps      | 399360      |
| train/                  |             |
|    approx_kl            | 0.036695693 |
|    clip_fraction        | 0.396       |
|    clip_range           | 0.2         |
|    entropy_loss         | 0.828       |
|    explained_variance   | 0.843       |
|    learning_rate        | 0.0003      |
|    loss                 | 0.0313      |
|    n_updates            | 1940        |
|    policy_gradient_loss | -0.00878    |
|    std                  | 0.234       |
|    value_loss           | 0.000292    |
-----------------------------------------
----------------------------------------
| rollout/                |            |
|    ep_len_mean          | 16.1       |
|    ep_rew_mean          | 8.05       |
| time/                   |            |
|    fps                  | 66         |
|    iterations           | 196        |
|    time_elapsed         | 6066       |
|    total_timesteps      | 401408     |
| train/                  |            |
|    approx_kl            | 0.03295164 |
|    clip_fraction        | 0.382      |
|    clip_range           | 0.2        |
|    entropy_loss         | 0.865      |
|    explained_variance   | 0.701      |
|    learning_rate        | 0.0003     |
|    loss                 | 0.0492     |
|    n_updates            | 1950       |
|    policy_gradient_loss | 0.00558    |
|    std                  | 0.232      |
|    value_loss           | 0.000385   |
----------------------------------------
saved models/C4_seed0.zip and models/C4_seed0_vecnormalize.pkl
