=== training C3_seed0 for 400000 steps ===
    port 5300
--------------------------------------------------------------
[threshold consistency]
  success distance      = 0.030 m
  force at success      = 5.00 N
  comfort / danger      = 6.0 N / 10.0 N
  >>> OK: the success point lies inside the safe band.
--------------------------------------------------------------
Waiting for connections on port: 5301...
Connected successfully
Using cpu device
---------------------------------
| rollout/           |          |
|    ep_len_mean     | 200      |
|    ep_rew_mean     | -890     |
| time/              |          |
|    fps             | 80       |
|    iterations      | 1        |
|    time_elapsed    | 25       |
|    total_timesteps | 2048     |
---------------------------------
-----------------------------------------
| rollout/                |             |
|    ep_len_mean          | 200         |
|    ep_rew_mean          | -950        |
| time/                   |             |
|    fps                  | 78          |
|    iterations           | 2           |
|    time_elapsed         | 52          |
|    total_timesteps      | 4096        |
| train/                  |             |
|    approx_kl            | 0.014193699 |
|    clip_fraction        | 0.135       |
|    clip_range           | 0.2         |
|    entropy_loss         | -9.92       |
|    explained_variance   | -0.499      |
|    learning_rate        | 0.0003      |
|    loss                 | -0.0174     |
|    n_updates            | 10          |
|    policy_gradient_loss | -0.0239     |
|    std                  | 0.997       |
|    value_loss           | 0.384       |
-----------------------------------------
-----------------------------------------
| rollout/                |             |
|    ep_len_mean          | 200         |
|    ep_rew_mean          | -985        |
| time/                   |             |
|    fps                  | 78          |
|    iterations           | 3           |
|    time_elapsed         | 78          |
|    total_timesteps      | 6144        |
| train/                  |             |
|    approx_kl            | 0.013957258 |
|    clip_fraction        | 0.141       |
|    clip_range           | 0.2         |
|    entropy_loss         | -9.92       |
|    explained_variance   | 0.42        |
|    learning_rate        | 0.0003      |
|    loss                 | 0.00485     |
|    n_updates            | 20          |
|    policy_gradient_loss | -0.0264     |
|    std                  | 0.998       |
|    value_loss           | 0.0469      |
-----------------------------------------
-----------------------------------------
| rollout/                |             |
|    ep_len_mean          | 200         |
|    ep_rew_mean          | -941        |
| time/                   |             |
|    fps                  | 77          |
|    iterations           | 4           |
|    time_elapsed         | 105         |
|    total_timesteps      | 8192        |
| train/                  |             |
|    approx_kl            | 0.013777757 |
|    clip_fraction        | 0.16        |
|    clip_range           | 0.2         |
|    entropy_loss         | -9.91       |
|    explained_variance   | 0.437       |
|    learning_rate        | 0.0003      |
|    loss                 | -0.0044     |
|    n_updates            | 30          |
|    policy_gradient_loss | -0.0267     |
|    std                  | 0.997       |
|    value_loss           | 0.037       |
-----------------------------------------
-----------------------------------------
| rollout/                |             |
|    ep_len_mean          | 200         |
|    ep_rew_mean          | -903        |
| time/                   |             |
|    fps                  | 77          |
|    iterations           | 5           |
|    time_elapsed         | 131         |
|    total_timesteps      | 10240       |
| train/                  |             |
|    approx_kl            | 0.014389334 |
|    clip_fraction        | 0.166       |
|    clip_range           | 0.2         |
|    entropy_loss         | -9.92       |
|    explained_variance   | 0.558       |
|    learning_rate        | 0.0003      |
|    loss                 | -0.0272     |
|    n_updates            | 40          |
|    policy_gradient_loss | -0.0301     |
|    std                  | 0.998       |
|    value_loss           | 0.0282      |
-----------------------------------------
-----------------------------------------
| rollout/                |             |
|    ep_len_mean          | 200         |
|    ep_rew_mean          | -858        |
| time/                   |             |
|    fps                  | 77          |
|    iterations           | 6           |
|    time_elapsed         | 158         |
|    total_timesteps      | 12288       |
| train/                  |             |
|    approx_kl            | 0.016166884 |
|    clip_fraction        | 0.172       |
|    clip_range           | 0.2         |
|    entropy_loss         | -9.88       |
|    explained_variance   | 0.522       |
|    learning_rate        | 0.0003      |
|    loss                 | -0.0304     |
|    n_updates            | 50          |
|    policy_gradient_loss | -0.0309     |
|    std                  | 0.99        |
|    value_loss           | 0.0232      |
-----------------------------------------
-----------------------------------------
| rollout/                |             |
|    ep_len_mean          | 200         |
|    ep_rew_mean          | -811        |
| time/                   |             |
|    fps                  | 77          |
|    iterations           | 7           |
|    time_elapsed         | 184         |
|    total_timesteps      | 14336       |
| train/                  |             |
|    approx_kl            | 0.014625566 |
|    clip_fraction        | 0.167       |
|    clip_range           | 0.2         |
|    entropy_loss         | -9.84       |
|    explained_variance   | 0.516       |
|    learning_rate        | 0.0003      |
|    loss                 | -0.0323     |
|    n_updates            | 60          |
|    policy_gradient_loss | -0.0279     |
|    std                  | 0.984       |
|    value_loss           | 0.0208      |
-----------------------------------------
-----------------------------------------
| rollout/                |             |
|    ep_len_mean          | 200         |
|    ep_rew_mean          | -777        |
| time/                   |             |
|    fps                  | 77          |
|    iterations           | 8           |
|    time_elapsed         | 211         |
|    total_timesteps      | 16384       |
| train/                  |             |
|    approx_kl            | 0.016882481 |
|    clip_fraction        | 0.191       |
|    clip_range           | 0.2         |
|    entropy_loss         | -9.81       |
|    explained_variance   | 0.394       |
|    learning_rate        | 0.0003      |
|    loss                 | 0.00962     |
|    n_updates            | 70          |
|    policy_gradient_loss | -0.0325     |
|    std                  | 0.982       |
|    value_loss           | 0.0153      |
-----------------------------------------
-----------------------------------------
| rollout/                |             |
|    ep_len_mean          | 200         |
|    ep_rew_mean          | -738        |
| time/                   |             |
|    fps                  | 77          |
|    iterations           | 9           |
|    time_elapsed         | 237         |
|    total_timesteps      | 18432       |
| train/                  |             |
|    approx_kl            | 0.016013958 |
|    clip_fraction        | 0.179       |
|    clip_range           | 0.2         |
|    entropy_loss         | -9.8        |
|    explained_variance   | 0.27        |
|    learning_rate        | 0.0003      |
|    loss                 | -0.0513     |
|    n_updates            | 80          |
|    policy_gradient_loss | -0.03       |
|    std                  | 0.98        |
|    value_loss           | 0.0117      |
-----------------------------------------
-----------------------------------------
| rollout/                |             |
|    ep_len_mean          | 200         |
|    ep_rew_mean          | -693        |
| time/                   |             |
|    fps                  | 77          |
|    iterations           | 10          |
|    time_elapsed         | 264         |
|    total_timesteps      | 20480       |
| train/                  |             |
|    approx_kl            | 0.016573302 |
|    clip_fraction        | 0.182       |
|    clip_range           | 0.2         |
|    entropy_loss         | -9.79       |
|    explained_variance   | 0.452       |
|    learning_rate        | 0.0003      |
|    loss                 | -0.019      |
|    n_updates            | 90          |
|    policy_gradient_loss | -0.0318     |
|    std                  | 0.98        |
|    value_loss           | 0.00846     |
-----------------------------------------
----------------------------------------
| rollout/                |            |
|    ep_len_mean          | 200        |
|    ep_rew_mean          | -637       |
| time/                   |            |
|    fps                  | 77         |
|    iterations           | 11         |
|    time_elapsed         | 291        |
|    total_timesteps      | 22528      |
| train/                  |            |
|    approx_kl            | 0.01537426 |
|    clip_fraction        | 0.187      |
|    clip_range           | 0.2        |
|    entropy_loss         | -9.8       |
|    explained_variance   | 0.362      |
|    learning_rate        | 0.0003     |
|    loss                 | -0.036     |
|    n_updates            | 100        |
|    policy_gradient_loss | -0.0295    |
|    std                  | 0.982      |
|    value_loss           | 0.00802    |
----------------------------------------
-----------------------------------------
| rollout/                |             |
|    ep_len_mean          | 200         |
|    ep_rew_mean          | -577        |
| time/                   |             |
|    fps                  | 77          |
|    iterations           | 12          |
|    time_elapsed         | 318         |
|    total_timesteps      | 24576       |
| train/                  |             |
|    approx_kl            | 0.017663559 |
|    clip_fraction        | 0.2         |
|    clip_range           | 0.2         |
|    entropy_loss         | -9.76       |
|    explained_variance   | 0.124       |
|    learning_rate        | 0.0003      |
|    loss                 | -0.0519     |
|    n_updates            | 110         |
|    policy_gradient_loss | -0.0332     |
|    std                  | 0.974       |
|    value_loss           | 0.00379     |
-----------------------------------------
-----------------------------------------
| rollout/                |             |
|    ep_len_mean          | 200         |
|    ep_rew_mean          | -506        |
| time/                   |             |
|    fps                  | 76          |
|    iterations           | 13          |
|    time_elapsed         | 346         |
|    total_timesteps      | 26624       |
| train/                  |             |
|    approx_kl            | 0.015250584 |
|    clip_fraction        | 0.188       |
|    clip_range           | 0.2         |
|    entropy_loss         | -9.72       |
|    explained_variance   | -0.207      |
|    learning_rate        | 0.0003      |
|    loss                 | -0.0489     |
|    n_updates            | 120         |
|    policy_gradient_loss | -0.0317     |
|    std                  | 0.967       |
|    value_loss           | 0.00421     |
-----------------------------------------
----------------------------------------
| rollout/                |            |
|    ep_len_mean          | 200        |
|    ep_rew_mean          | -442       |
| time/                   |            |
|    fps                  | 76         |
|    iterations           | 14         |
|    time_elapsed         | 374        |
|    total_timesteps      | 28672      |
| train/                  |            |
|    approx_kl            | 0.01656507 |
|    clip_fraction        | 0.19       |
|    clip_range           | 0.2        |
|    entropy_loss         | -9.69      |
|    explained_variance   | 0.387      |
|    learning_rate        | 0.0003     |
|    loss                 | -0.0557    |
|    n_updates            | 130        |
|    policy_gradient_loss | -0.0353    |
|    std                  | 0.967      |
|    value_loss           | 0.00586    |
----------------------------------------
-----------------------------------------
| rollout/                |             |
|    ep_len_mean          | 200         |
|    ep_rew_mean          | -403        |
| time/                   |             |
|    fps                  | 76          |
|    iterations           | 15          |
|    time_elapsed         | 401         |
|    total_timesteps      | 30720       |
| train/                  |             |
|    approx_kl            | 0.015900379 |
|    clip_fraction        | 0.19        |
|    clip_range           | 0.2         |
|    entropy_loss         | -9.67       |
|    explained_variance   | 0.439       |
|    learning_rate        | 0.0003      |
|    loss                 | -0.0305     |
|    n_updates            | 140         |
|    policy_gradient_loss | -0.034      |
|    std                  | 0.96        |
|    value_loss           | 0.00345     |
-----------------------------------------
-----------------------------------------
| rollout/                |             |
|    ep_len_mean          | 200         |
|    ep_rew_mean          | -363        |
| time/                   |             |
|    fps                  | 76          |
|    iterations           | 16          |
|    time_elapsed         | 428         |
|    total_timesteps      | 32768       |
| train/                  |             |
|    approx_kl            | 0.019198608 |
|    clip_fraction        | 0.228       |
|    clip_range           | 0.2         |
|    entropy_loss         | -9.61       |
|    explained_variance   | 0.375       |
|    learning_rate        | 0.0003      |
|    loss                 | -0.0567     |
|    n_updates            | 150         |
|    policy_gradient_loss | -0.0339     |
|    std                  | 0.952       |
|    value_loss           | 0.00255     |
-----------------------------------------
-----------------------------------------
| rollout/                |             |
|    ep_len_mean          | 200         |
|    ep_rew_mean          | -332        |
| time/                   |             |
|    fps                  | 76          |
|    iterations           | 17          |
|    time_elapsed         | 455         |
|    total_timesteps      | 34816       |
| train/                  |             |
|    approx_kl            | 0.016742399 |
|    clip_fraction        | 0.213       |
|    clip_range           | 0.2         |
|    entropy_loss         | -9.56       |
|    explained_variance   | 0.392       |
|    learning_rate        | 0.0003      |
|    loss                 | -0.0759     |
|    n_updates            | 160         |
|    policy_gradient_loss | -0.035      |
|    std                  | 0.946       |
|    value_loss           | 0.00166     |
-----------------------------------------
-----------------------------------------
| rollout/                |             |
|    ep_len_mean          | 200         |
|    ep_rew_mean          | -300        |
| time/                   |             |
|    fps                  | 76          |
|    iterations           | 18          |
|    time_elapsed         | 483         |
|    total_timesteps      | 36864       |
| train/                  |             |
|    approx_kl            | 0.016729988 |
|    clip_fraction        | 0.201       |
|    clip_range           | 0.2         |
|    entropy_loss         | -9.51       |
|    explained_variance   | 0.509       |
|    learning_rate        | 0.0003      |
|    loss                 | -0.0374     |
|    n_updates            | 170         |
|    policy_gradient_loss | -0.0314     |
|    std                  | 0.938       |
|    value_loss           | 0.00143     |
-----------------------------------------
-----------------------------------------
| rollout/                |             |
|    ep_len_mean          | 200         |
|    ep_rew_mean          | -274        |
| time/                   |             |
|    fps                  | 76          |
|    iterations           | 19          |
|    time_elapsed         | 511         |
|    total_timesteps      | 38912       |
| train/                  |             |
|    approx_kl            | 0.016773485 |
|    clip_fraction        | 0.188       |
|    clip_range           | 0.2         |
|    entropy_loss         | -9.47       |
|    explained_variance   | 0.248       |
|    learning_rate        | 0.0003      |
|    loss                 | -0.0445     |
|    n_updates            | 180         |
|    policy_gradient_loss | -0.0327     |
|    std                  | 0.934       |
|    value_loss           | 0.00177     |
-----------------------------------------
----------------------------------------
| rollout/                |            |
|    ep_len_mean          | 200        |
|    ep_rew_mean          | -253       |
| time/                   |            |
|    fps                  | 75         |
|    iterations           | 20         |
|    time_elapsed         | 538        |
|    total_timesteps      | 40960      |
| train/                  |            |
|    approx_kl            | 0.01681205 |
|    clip_fraction        | 0.198      |
|    clip_range           | 0.2        |
|    entropy_loss         | -9.42      |
|    explained_variance   | 0.584      |
|    learning_rate        | 0.0003     |
|    loss                 | -0.0613    |
|    n_updates            | 190        |
|    policy_gradient_loss | -0.0341    |
|    std                  | 0.925      |
|    value_loss           | 0.00152    |
----------------------------------------
-----------------------------------------
| rollout/                |             |
|    ep_len_mean          | 200         |
|    ep_rew_mean          | -238        |
| time/                   |             |
|    fps                  | 75          |
|    iterations           | 21          |
|    time_elapsed         | 567         |
|    total_timesteps      | 43008       |
| train/                  |             |
|    approx_kl            | 0.017790748 |
|    clip_fraction        | 0.207       |
|    clip_range           | 0.2         |
|    entropy_loss         | -9.36       |
|    explained_variance   | 0.562       |
|    learning_rate        | 0.0003      |
|    loss                 | -0.00281    |
|    n_updates            | 200         |
|    policy_gradient_loss | -0.0326     |
|    std                  | 0.918       |
|    value_loss           | 0.00154     |
-----------------------------------------
----------------------------------------
| rollout/                |            |
|    ep_len_mean          | 200        |
|    ep_rew_mean          | -222       |
| time/                   |            |
|    fps                  | 75         |
|    iterations           | 22         |
|    time_elapsed         | 596        |
|    total_timesteps      | 45056      |
| train/                  |            |
|    approx_kl            | 0.01828912 |
|    clip_fraction        | 0.193      |
|    clip_range           | 0.2        |
|    entropy_loss         | -9.32      |
|    explained_variance   | 0.441      |
|    learning_rate        | 0.0003     |
|    loss                 | -0.0595    |
|    n_updates            | 210        |
|    policy_gradient_loss | -0.0344    |
|    std                  | 0.914      |
|    value_loss           | 0.00151    |
----------------------------------------
-----------------------------------------
| rollout/                |             |
|    ep_len_mean          | 199         |
|    ep_rew_mean          | -204        |
| time/                   |             |
|    fps                  | 75          |
|    iterations           | 23          |
|    time_elapsed         | 624         |
|    total_timesteps      | 47104       |
| train/                  |             |
|    approx_kl            | 0.016472481 |
|    clip_fraction        | 0.183       |
|    clip_range           | 0.2         |
|    entropy_loss         | -9.28       |
|    explained_variance   | 0.157       |
|    learning_rate        | 0.0003      |
|    loss                 | -0.0489     |
|    n_updates            | 220         |
|    policy_gradient_loss | -0.0299     |
|    std                  | 0.909       |
|    value_loss           | 0.00179     |
-----------------------------------------
----------------------------------------
| rollout/                |            |
|    ep_len_mean          | 199        |
|    ep_rew_mean          | -195       |
| time/                   |            |
|    fps                  | 75         |
|    iterations           | 24         |
|    time_elapsed         | 653        |
|    total_timesteps      | 49152      |
| train/                  |            |
|    approx_kl            | 0.01620758 |
|    clip_fraction        | 0.172      |
|    clip_range           | 0.2        |
|    entropy_loss         | -9.24      |
|    explained_variance   | 0.51       |
|    learning_rate        | 0.0003     |
|    loss                 | -0.0674    |
|    n_updates            | 230        |
|    policy_gradient_loss | -0.027     |
|    std                  | 0.904      |
|    value_loss           | 0.00399    |
----------------------------------------
-----------------------------------------
| rollout/                |             |
|    ep_len_mean          | 199         |
|    ep_rew_mean          | -188        |
| time/                   |             |
|    fps                  | 75          |
|    iterations           | 25          |
|    time_elapsed         | 682         |
|    total_timesteps      | 51200       |
| train/                  |             |
|    approx_kl            | 0.016849069 |
|    clip_fraction        | 0.201       |
|    clip_range           | 0.2         |
|    entropy_loss         | -9.2        |
|    explained_variance   | 0.813       |
|    learning_rate        | 0.0003      |
|    loss                 | -0.0553     |
|    n_updates            | 240         |
|    policy_gradient_loss | -0.032      |
|    std                  | 0.899       |
|    value_loss           | 0.00193     |
-----------------------------------------
-----------------------------------------
| rollout/                |             |
|    ep_len_mean          | 198         |
|    ep_rew_mean          | -180        |
| time/                   |             |
|    fps                  | 74          |
|    iterations           | 26          |
|    time_elapsed         | 711         |
|    total_timesteps      | 53248       |
| train/                  |             |
|    approx_kl            | 0.016181499 |
|    clip_fraction        | 0.196       |
|    clip_range           | 0.2         |
|    entropy_loss         | -9.12       |
|    explained_variance   | 0.643       |
|    learning_rate        | 0.0003      |
|    loss                 | -0.0218     |
|    n_updates            | 250         |
|    policy_gradient_loss | -0.03       |
|    std                  | 0.886       |
|    value_loss           | 0.00192     |
-----------------------------------------
-----------------------------------------
| rollout/                |             |
|    ep_len_mean          | 197         |
|    ep_rew_mean          | -169        |
| time/                   |             |
|    fps                  | 74          |
|    iterations           | 27          |
|    time_elapsed         | 740         |
|    total_timesteps      | 55296       |
| train/                  |             |
|    approx_kl            | 0.017424207 |
|    clip_fraction        | 0.205       |
|    clip_range           | 0.2         |
|    entropy_loss         | -9.06       |
|    explained_variance   | 0.524       |
|    learning_rate        | 0.0003      |
|    loss                 | -0.0552     |
|    n_updates            | 260         |
|    policy_gradient_loss | -0.0303     |
|    std                  | 0.881       |
|    value_loss           | 0.00459     |
-----------------------------------------
-----------------------------------------
| rollout/                |             |
|    ep_len_mean          | 196         |
|    ep_rew_mean          | -161        |
| time/                   |             |
|    fps                  | 74          |
|    iterations           | 28          |
|    time_elapsed         | 769         |
|    total_timesteps      | 57344       |
| train/                  |             |
|    approx_kl            | 0.014626289 |
|    clip_fraction        | 0.156       |
|    clip_range           | 0.2         |
|    entropy_loss         | -9          |
|    explained_variance   | 0.107       |
|    learning_rate        | 0.0003      |
|    loss                 | -0.0331     |
|    n_updates            | 270         |
|    policy_gradient_loss | -0.0205     |
|    std                  | 0.872       |
|    value_loss           | 0.00554     |
-----------------------------------------
-----------------------------------------
| rollout/                |             |
|    ep_len_mean          | 195         |
|    ep_rew_mean          | -155        |
| time/                   |             |
|    fps                  | 74          |
|    iterations           | 29          |
|    time_elapsed         | 799         |
|    total_timesteps      | 59392       |
| train/                  |             |
|    approx_kl            | 0.016044522 |
|    clip_fraction        | 0.186       |
|    clip_range           | 0.2         |
|    entropy_loss         | -8.94       |
|    explained_variance   | 0.412       |
|    learning_rate        | 0.0003      |
|    loss                 | -0.0351     |
|    n_updates            | 280         |
|    policy_gradient_loss | -0.0224     |
|    std                  | 0.864       |
|    value_loss           | 0.00344     |
-----------------------------------------
------------------------------------------
| rollout/                |              |
|    ep_len_mean          | 194          |
|    ep_rew_mean          | -148         |
| time/                   |              |
|    fps                  | 74           |
|    iterations           | 30           |
|    time_elapsed         | 828          |
|    total_timesteps      | 61440        |
| train/                  |              |
|    approx_kl            | 0.0126608545 |
|    clip_fraction        | 0.141        |
|    clip_range           | 0.2          |
|    entropy_loss         | -8.89        |
|    explained_variance   | 0.586        |
|    learning_rate        | 0.0003       |
|    loss                 | -0.0104      |
|    n_updates            | 290          |
|    policy_gradient_loss | -0.0223      |
|    std                  | 0.861        |
|    value_loss           | 0.00402      |
------------------------------------------
----------------------------------------
| rollout/                |            |
|    ep_len_mean          | 191        |
|    ep_rew_mean          | -136       |
| time/                   |            |
|    fps                  | 73         |
|    iterations           | 31         |
|    time_elapsed         | 858        |
|    total_timesteps      | 63488      |
| train/                  |            |
|    approx_kl            | 0.01561895 |
|    clip_fraction        | 0.172      |
|    clip_range           | 0.2        |
|    entropy_loss         | -8.84      |
|    explained_variance   | 0.298      |
|    learning_rate        | 0.0003     |
|    loss                 | -0.0155    |
|    n_updates            | 300        |
|    policy_gradient_loss | -0.0232    |
|    std                  | 0.852      |
|    value_loss           | 0.00414    |
----------------------------------------
-----------------------------------------
| rollout/                |             |
|    ep_len_mean          | 190         |
|    ep_rew_mean          | -129        |
| time/                   |             |
|    fps                  | 73          |
|    iterations           | 32          |
|    time_elapsed         | 887         |
|    total_timesteps      | 65536       |
| train/                  |             |
|    approx_kl            | 0.021440018 |
|    clip_fraction        | 0.232       |
|    clip_range           | 0.2         |
|    entropy_loss         | -8.76       |
|    explained_variance   | 0.388       |
|    learning_rate        | 0.0003      |
|    loss                 | -0.0322     |
|    n_updates            | 310         |
|    policy_gradient_loss | -0.0246     |
|    std                  | 0.842       |
|    value_loss           | 0.00614     |
-----------------------------------------
----------------------------------------
| rollout/                |            |
|    ep_len_mean          | 189        |
|    ep_rew_mean          | -122       |
| time/                   |            |
|    fps                  | 73         |
|    iterations           | 33         |
|    time_elapsed         | 917        |
|    total_timesteps      | 67584      |
| train/                  |            |
|    approx_kl            | 0.01511444 |
|    clip_fraction        | 0.168      |
|    clip_range           | 0.2        |
|    entropy_loss         | -8.73      |
|    explained_variance   | 0.196      |
|    learning_rate        | 0.0003     |
|    loss                 | -0.0398    |
|    n_updates            | 320        |
|    policy_gradient_loss | -0.0192    |
|    std                  | 0.844      |
|    value_loss           | 0.0045     |
----------------------------------------
-----------------------------------------
| rollout/                |             |
|    ep_len_mean          | 189         |
|    ep_rew_mean          | -115        |
| time/                   |             |
|    fps                  | 73          |
|    iterations           | 34          |
|    time_elapsed         | 946         |
|    total_timesteps      | 69632       |
| train/                  |             |
|    approx_kl            | 0.016908001 |
|    clip_fraction        | 0.207       |
|    clip_range           | 0.2         |
|    entropy_loss         | -8.71       |
|    explained_variance   | 0.207       |
|    learning_rate        | 0.0003      |
|    loss                 | -0.0438     |
|    n_updates            | 330         |
|    policy_gradient_loss | -0.0223     |
|    std                  | 0.837       |
|    value_loss           | 0.00308     |
-----------------------------------------
----------------------------------------
| rollout/                |            |
|    ep_len_mean          | 189        |
|    ep_rew_mean          | -108       |
| time/                   |            |
|    fps                  | 73         |
|    iterations           | 35         |
|    time_elapsed         | 976        |
|    total_timesteps      | 71680      |
| train/                  |            |
|    approx_kl            | 0.01430285 |
|    clip_fraction        | 0.181      |
|    clip_range           | 0.2        |
|    entropy_loss         | -8.66      |
|    explained_variance   | 0.281      |
|    learning_rate        | 0.0003     |
|    loss                 | -0.0052    |
|    n_updates            | 340        |
|    policy_gradient_loss | -0.0215    |
|    std                  | 0.833      |
|    value_loss           | 0.00305    |
----------------------------------------
----------------------------------------
| rollout/                |            |
|    ep_len_mean          | 188        |
|    ep_rew_mean          | -105       |
| time/                   |            |
|    fps                  | 73         |
|    iterations           | 36         |
|    time_elapsed         | 1006       |
|    total_timesteps      | 73728      |
| train/                  |            |
|    approx_kl            | 0.01713763 |
|    clip_fraction        | 0.208      |
|    clip_range           | 0.2        |
|    entropy_loss         | -8.62      |
|    explained_variance   | 0.193      |
|    learning_rate        | 0.0003     |
|    loss                 | -0.0336    |
|    n_updates            | 350        |
|    policy_gradient_loss | -0.0238    |
|    std                  | 0.827      |
|    value_loss           | 0.00231    |
----------------------------------------
-----------------------------------------
| rollout/                |             |
|    ep_len_mean          | 187         |
|    ep_rew_mean          | -102        |
| time/                   |             |
|    fps                  | 73          |
|    iterations           | 37          |
|    time_elapsed         | 1035        |
|    total_timesteps      | 75776       |
| train/                  |             |
|    approx_kl            | 0.017449386 |
|    clip_fraction        | 0.202       |
|    clip_range           | 0.2         |
|    entropy_loss         | -8.6        |
|    explained_variance   | 0.47        |
|    learning_rate        | 0.0003      |
|    loss                 | -0.0542     |
|    n_updates            | 360         |
|    policy_gradient_loss | -0.0244     |
|    std                  | 0.826       |
|    value_loss           | 0.0046      |
-----------------------------------------
----------------------------------------
| rollout/                |            |
|    ep_len_mean          | 182        |
|    ep_rew_mean          | -91.7      |
| time/                   |            |
|    fps                  | 73         |
|    iterations           | 38         |
|    time_elapsed         | 1065       |
|    total_timesteps      | 77824      |
| train/                  |            |
|    approx_kl            | 0.01482447 |
|    clip_fraction        | 0.171      |
|    clip_range           | 0.2        |
|    entropy_loss         | -8.57      |
|    explained_variance   | 0.44       |
|    learning_rate        | 0.0003     |
|    loss                 | -0.0265    |
|    n_updates            | 370        |
|    policy_gradient_loss | -0.0236    |
|    std                  | 0.822      |
|    value_loss           | 0.00307    |
----------------------------------------
-----------------------------------------
| rollout/                |             |
|    ep_len_mean          | 183         |
|    ep_rew_mean          | -88.7       |
| time/                   |             |
|    fps                  | 72          |
|    iterations           | 39          |
|    time_elapsed         | 1095        |
|    total_timesteps      | 79872       |
| train/                  |             |
|    approx_kl            | 0.015524873 |
|    clip_fraction        | 0.19        |
|    clip_range           | 0.2         |
|    entropy_loss         | -8.54       |
|    explained_variance   | 0.324       |
|    learning_rate        | 0.0003      |
|    loss                 | -0.0436     |
|    n_updates            | 380         |
|    policy_gradient_loss | -0.0231     |
|    std                  | 0.819       |
|    value_loss           | 0.00574     |
-----------------------------------------
-----------------------------------------
| rollout/                |             |
|    ep_len_mean          | 183         |
|    ep_rew_mean          | -85.9       |
| time/                   |             |
|    fps                  | 72          |
|    iterations           | 40          |
|    time_elapsed         | 1125        |
|    total_timesteps      | 81920       |
| train/                  |             |
|    approx_kl            | 0.013524217 |
|    clip_fraction        | 0.178       |
|    clip_range           | 0.2         |
|    entropy_loss         | -8.48       |
|    explained_variance   | 0.251       |
|    learning_rate        | 0.0003      |
|    loss                 | -0.0402     |
|    n_updates            | 390         |
|    policy_gradient_loss | -0.0232     |
|    std                  | 0.81        |
|    value_loss           | 0.00192     |
-----------------------------------------
-----------------------------------------
| rollout/                |             |
|    ep_len_mean          | 182         |
|    ep_rew_mean          | -84         |
| time/                   |             |
|    fps                  | 72          |
|    iterations           | 41          |
|    time_elapsed         | 1155        |
|    total_timesteps      | 83968       |
| train/                  |             |
|    approx_kl            | 0.015818262 |
|    clip_fraction        | 0.183       |
|    clip_range           | 0.2         |
|    entropy_loss         | -8.43       |
|    explained_variance   | 0.426       |
|    learning_rate        | 0.0003      |
|    loss                 | -0.0214     |
|    n_updates            | 400         |
|    policy_gradient_loss | -0.024      |
|    std                  | 0.807       |
|    value_loss           | 0.00493     |
-----------------------------------------
-----------------------------------------
| rollout/                |             |
|    ep_len_mean          | 179         |
|    ep_rew_mean          | -80.7       |
| time/                   |             |
|    fps                  | 72          |
|    iterations           | 42          |
|    time_elapsed         | 1185        |
|    total_timesteps      | 86016       |
| train/                  |             |
|    approx_kl            | 0.015620919 |
|    clip_fraction        | 0.197       |
|    clip_range           | 0.2         |
|    entropy_loss         | -8.42       |
|    explained_variance   | 0.669       |
|    learning_rate        | 0.0003      |
|    loss                 | -0.0192     |
|    n_updates            | 410         |
|    policy_gradient_loss | -0.0218     |
|    std                  | 0.805       |
|    value_loss           | 0.00525     |
-----------------------------------------
-----------------------------------------
| rollout/                |             |
|    ep_len_mean          | 176         |
|    ep_rew_mean          | -76.5       |
| time/                   |             |
|    fps                  | 72          |
|    iterations           | 43          |
|    time_elapsed         | 1214        |
|    total_timesteps      | 88064       |
| train/                  |             |
|    approx_kl            | 0.014622477 |
|    clip_fraction        | 0.175       |
|    clip_range           | 0.2         |
|    entropy_loss         | -8.38       |
|    explained_variance   | 0.436       |
|    learning_rate        | 0.0003      |
|    loss                 | -0.000776   |
|    n_updates            | 420         |
|    policy_gradient_loss | -0.0212     |
|    std                  | 0.799       |
|    value_loss           | 0.00581     |
-----------------------------------------
-----------------------------------------
| rollout/                |             |
|    ep_len_mean          | 173         |
|    ep_rew_mean          | -72.8       |
| time/                   |             |
|    fps                  | 72          |
|    iterations           | 44          |
|    time_elapsed         | 1244        |
|    total_timesteps      | 90112       |
| train/                  |             |
|    approx_kl            | 0.013937269 |
|    clip_fraction        | 0.17        |
|    clip_range           | 0.2         |
|    entropy_loss         | -8.36       |
|    explained_variance   | 0.198       |
|    learning_rate        | 0.0003      |
|    loss                 | -0.0173     |
|    n_updates            | 430         |
|    policy_gradient_loss | -0.0238     |
|    std                  | 0.8         |
|    value_loss           | 0.0041      |
-----------------------------------------
-----------------------------------------
| rollout/                |             |
|    ep_len_mean          | 175         |
|    ep_rew_mean          | -71.4       |
| time/                   |             |
|    fps                  | 72          |
|    iterations           | 45          |
|    time_elapsed         | 1274        |
|    total_timesteps      | 92160       |
| train/                  |             |
|    approx_kl            | 0.014987747 |
|    clip_fraction        | 0.192       |
|    clip_range           | 0.2         |
|    entropy_loss         | -8.35       |
|    explained_variance   | 0.174       |
|    learning_rate        | 0.0003      |
|    loss                 | -0.0494     |
|    n_updates            | 440         |
|    policy_gradient_loss | -0.021      |
|    std                  | 0.797       |
|    value_loss           | 0.00281     |
-----------------------------------------
-----------------------------------------
| rollout/                |             |
|    ep_len_mean          | 174         |
|    ep_rew_mean          | -71.1       |
| time/                   |             |
|    fps                  | 72          |
|    iterations           | 46          |
|    time_elapsed         | 1304        |
|    total_timesteps      | 94208       |
| train/                  |             |
|    approx_kl            | 0.015969854 |
|    clip_fraction        | 0.19        |
|    clip_range           | 0.2         |
|    entropy_loss         | -8.31       |
|    explained_variance   | 0.191       |
|    learning_rate        | 0.0003      |
|    loss                 | -0.0264     |
|    n_updates            | 450         |
|    policy_gradient_loss | -0.022      |
|    std                  | 0.792       |
|    value_loss           | 0.00363     |
-----------------------------------------
-----------------------------------------
| rollout/                |             |
|    ep_len_mean          | 170         |
|    ep_rew_mean          | -67.8       |
| time/                   |             |
|    fps                  | 72          |
|    iterations           | 47          |
|    time_elapsed         | 1334        |
|    total_timesteps      | 96256       |
| train/                  |             |
|    approx_kl            | 0.016454395 |
|    clip_fraction        | 0.193       |
|    clip_range           | 0.2         |
|    entropy_loss         | -8.28       |
|    explained_variance   | 0.55        |
|    learning_rate        | 0.0003      |
|    loss                 | -0.0318     |
|    n_updates            | 460         |
|    policy_gradient_loss | -0.023      |
|    std                  | 0.789       |
|    value_loss           | 0.00452     |
-----------------------------------------
-----------------------------------------
| rollout/                |             |
|    ep_len_mean          | 167         |
|    ep_rew_mean          | -65.3       |
| time/                   |             |
|    fps                  | 72          |
|    iterations           | 48          |
|    time_elapsed         | 1364        |
|    total_timesteps      | 98304       |
| train/                  |             |
|    approx_kl            | 0.016502306 |
|    clip_fraction        | 0.211       |
|    clip_range           | 0.2         |
|    entropy_loss         | -8.25       |
|    explained_variance   | 0.521       |
|    learning_rate        | 0.0003      |
|    loss                 | -0.0481     |
|    n_updates            | 470         |
|    policy_gradient_loss | -0.0223     |
|    std                  | 0.786       |
|    value_loss           | 0.00334     |
-----------------------------------------
----------------------------------------
| rollout/                |            |
|    ep_len_mean          | 166        |
|    ep_rew_mean          | -64.1      |
| time/                   |            |
|    fps                  | 71         |
|    iterations           | 49         |
|    time_elapsed         | 1394       |
|    total_timesteps      | 100352     |
| train/                  |            |
|    approx_kl            | 0.01567173 |
|    clip_fraction        | 0.194      |
|    clip_range           | 0.2        |
|    entropy_loss         | -8.21      |
|    explained_variance   | 0.418      |
|    learning_rate        | 0.0003     |
|    loss                 | -0.0227    |
|    n_updates            | 480        |
|    policy_gradient_loss | -0.0205    |
|    std                  | 0.78       |
|    value_loss           | 0.00368    |
----------------------------------------
-----------------------------------------
| rollout/                |             |
|    ep_len_mean          | 161         |
|    ep_rew_mean          | -59.5       |
| time/                   |             |
|    fps                  | 71          |
|    iterations           | 50          |
|    time_elapsed         | 1424        |
|    total_timesteps      | 102400      |
| train/                  |             |
|    approx_kl            | 0.017745174 |
|    clip_fraction        | 0.185       |
|    clip_range           | 0.2         |
|    entropy_loss         | -8.17       |
|    explained_variance   | 0.67        |
|    learning_rate        | 0.0003      |
|    loss                 | -0.0272     |
|    n_updates            | 490         |
|    policy_gradient_loss | -0.0243     |
|    std                  | 0.777       |
|    value_loss           | 0.00464     |
-----------------------------------------
-----------------------------------------
| rollout/                |             |
|    ep_len_mean          | 158         |
|    ep_rew_mean          | -58.2       |
| time/                   |             |
|    fps                  | 71          |
|    iterations           | 51          |
|    time_elapsed         | 1454        |
|    total_timesteps      | 104448      |
| train/                  |             |
|    approx_kl            | 0.015639555 |
|    clip_fraction        | 0.182       |
|    clip_range           | 0.2         |
|    entropy_loss         | -8.12       |
|    explained_variance   | 0.648       |
|    learning_rate        | 0.0003      |
|    loss                 | -0.0437     |
|    n_updates            | 500         |
|    policy_gradient_loss | -0.0173     |
|    std                  | 0.771       |
|    value_loss           | 0.00508     |
-----------------------------------------
----------------------------------------
| rollout/                |            |
|    ep_len_mean          | 156        |
|    ep_rew_mean          | -56.9      |
| time/                   |            |
|    fps                  | 71         |
|    iterations           | 52         |
|    time_elapsed         | 1483       |
|    total_timesteps      | 106496     |
| train/                  |            |
|    approx_kl            | 0.01588913 |
|    clip_fraction        | 0.192      |
|    clip_range           | 0.2        |
|    entropy_loss         | -8.07      |
|    explained_variance   | 0.464      |
|    learning_rate        | 0.0003     |
|    loss                 | -0.0382    |
|    n_updates            | 510        |
|    policy_gradient_loss | -0.0196    |
|    std                  | 0.764      |
|    value_loss           | 0.00689    |
----------------------------------------
-----------------------------------------
| rollout/                |             |
|    ep_len_mean          | 159         |
|    ep_rew_mean          | -57.6       |
| time/                   |             |
|    fps                  | 71          |
|    iterations           | 53          |
|    time_elapsed         | 1513        |
|    total_timesteps      | 108544      |
| train/                  |             |
|    approx_kl            | 0.017621163 |
|    clip_fraction        | 0.189       |
|    clip_range           | 0.2         |
|    entropy_loss         | -8.04       |
|    explained_variance   | 0.586       |
|    learning_rate        | 0.0003      |
|    loss                 | -0.0469     |
|    n_updates            | 520         |
|    policy_gradient_loss | -0.0245     |
|    std                  | 0.766       |
|    value_loss           | 0.00316     |
-----------------------------------------
-----------------------------------------
| rollout/                |             |
|    ep_len_mean          | 159         |
|    ep_rew_mean          | -56.6       |
| time/                   |             |
|    fps                  | 71          |
|    iterations           | 54          |
|    time_elapsed         | 1543        |
|    total_timesteps      | 110592      |
| train/                  |             |
|    approx_kl            | 0.017805286 |
|    clip_fraction        | 0.193       |
|    clip_range           | 0.2         |
|    entropy_loss         | -8.03       |
|    explained_variance   | 0.634       |
|    learning_rate        | 0.0003      |
|    loss                 | -0.0256     |
|    n_updates            | 530         |
|    policy_gradient_loss | -0.0239     |
|    std                  | 0.761       |
|    value_loss           | 0.00451     |
-----------------------------------------
----------------------------------------
| rollout/                |            |
|    ep_len_mean          | 159        |
|    ep_rew_mean          | -56.7      |
| time/                   |            |
|    fps                  | 71         |
|    iterations           | 55         |
|    time_elapsed         | 1573       |
|    total_timesteps      | 112640     |
| train/                  |            |
|    approx_kl            | 0.01619653 |
|    clip_fraction        | 0.219      |
|    clip_range           | 0.2        |
|    entropy_loss         | -7.98      |
|    explained_variance   | 0.59       |
|    learning_rate        | 0.0003     |
|    loss                 | -0.014     |
|    n_updates            | 540        |
|    policy_gradient_loss | -0.0259    |
|    std                  | 0.755      |
|    value_loss           | 0.00454    |
----------------------------------------
----------------------------------------
| rollout/                |            |
|    ep_len_mean          | 156        |
|    ep_rew_mean          | -52.8      |
| time/                   |            |
|    fps                  | 71         |
|    iterations           | 56         |
|    time_elapsed         | 1603       |
|    total_timesteps      | 114688     |
| train/                  |            |
|    approx_kl            | 0.01831226 |
|    clip_fraction        | 0.233      |
|    clip_range           | 0.2        |
|    entropy_loss         | -7.95      |
|    explained_variance   | 0.784      |
|    learning_rate        | 0.0003     |
|    loss                 | -0.0681    |
|    n_updates            | 550        |
|    policy_gradient_loss | -0.0294    |
|    std                  | 0.754      |
|    value_loss           | 0.0042     |
----------------------------------------
----------------------------------------
| rollout/                |            |
|    ep_len_mean          | 159        |
|    ep_rew_mean          | -53.4      |
| time/                   |            |
|    fps                  | 71         |
|    iterations           | 57         |
|    time_elapsed         | 1633       |
|    total_timesteps      | 116736     |
| train/                  |            |
|    approx_kl            | 0.01586882 |
|    clip_fraction        | 0.192      |
|    clip_range           | 0.2        |
|    entropy_loss         | -7.9       |
|    explained_variance   | 0.568      |
|    learning_rate        | 0.0003     |
|    loss                 | -0.0464    |
|    n_updates            | 560        |
|    policy_gradient_loss | -0.0221    |
|    std                  | 0.748      |
|    value_loss           | 0.00487    |
----------------------------------------
-----------------------------------------
| rollout/                |             |
|    ep_len_mean          | 161         |
|    ep_rew_mean          | -54.4       |
| time/                   |             |
|    fps                  | 71          |
|    iterations           | 58          |
|    time_elapsed         | 1663        |
|    total_timesteps      | 118784      |
| train/                  |             |
|    approx_kl            | 0.014286041 |
|    clip_fraction        | 0.197       |
|    clip_range           | 0.2         |
|    entropy_loss         | -7.89       |
|    explained_variance   | 0.575       |
|    learning_rate        | 0.0003      |
|    loss                 | -0.0345     |
|    n_updates            | 570         |
|    policy_gradient_loss | -0.0211     |
|    std                  | 0.748       |
|    value_loss           | 0.00313     |
-----------------------------------------
-----------------------------------------
| rollout/                |             |
|    ep_len_mean          | 164         |
|    ep_rew_mean          | -57.1       |
| time/                   |             |
|    fps                  | 71          |
|    iterations           | 59          |
|    time_elapsed         | 1693        |
|    total_timesteps      | 120832      |
| train/                  |             |
|    approx_kl            | 0.015900906 |
|    clip_fraction        | 0.189       |
|    clip_range           | 0.2         |
|    entropy_loss         | -7.86       |
|    explained_variance   | 0.754       |
|    learning_rate        | 0.0003      |
|    loss                 | -0.0264     |
|    n_updates            | 580         |
|    policy_gradient_loss | -0.0227     |
|    std                  | 0.742       |
|    value_loss           | 0.00301     |
-----------------------------------------
-----------------------------------------
| rollout/                |             |
|    ep_len_mean          | 163         |
|    ep_rew_mean          | -55.8       |
| time/                   |             |
|    fps                  | 71          |
|    iterations           | 60          |
|    time_elapsed         | 1723        |
|    total_timesteps      | 122880      |
| train/                  |             |
|    approx_kl            | 0.014330337 |
|    clip_fraction        | 0.167       |
|    clip_range           | 0.2         |
|    entropy_loss         | -7.84       |
|    explained_variance   | 0.813       |
|    learning_rate        | 0.0003      |
|    loss                 | -0.0574     |
|    n_updates            | 590         |
|    policy_gradient_loss | -0.0201     |
|    std                  | 0.744       |
|    value_loss           | 0.00289     |
-----------------------------------------
-----------------------------------------
| rollout/                |             |
|    ep_len_mean          | 159         |
|    ep_rew_mean          | -53.4       |
| time/                   |             |
|    fps                  | 71          |
|    iterations           | 61          |
|    time_elapsed         | 1753        |
|    total_timesteps      | 124928      |
| train/                  |             |
|    approx_kl            | 0.016860936 |
|    clip_fraction        | 0.19        |
|    clip_range           | 0.2         |
|    entropy_loss         | -7.83       |
|    explained_variance   | 0.567       |
|    learning_rate        | 0.0003      |
|    loss                 | -0.00157    |
|    n_updates            | 600         |
|    policy_gradient_loss | -0.0191     |
|    std                  | 0.741       |
|    value_loss           | 0.00306     |
-----------------------------------------
-----------------------------------------
| rollout/                |             |
|    ep_len_mean          | 160         |
|    ep_rew_mean          | -53.1       |
| time/                   |             |
|    fps                  | 71          |
|    iterations           | 62          |
|    time_elapsed         | 1783        |
|    total_timesteps      | 126976      |
| train/                  |             |
|    approx_kl            | 0.017412633 |
|    clip_fraction        | 0.212       |
|    clip_range           | 0.2         |
|    entropy_loss         | -7.79       |
|    explained_variance   | 0.724       |
|    learning_rate        | 0.0003      |
|    loss                 | -0.0536     |
|    n_updates            | 610         |
|    policy_gradient_loss | -0.0242     |
|    std                  | 0.736       |
|    value_loss           | 0.00292     |
-----------------------------------------
-----------------------------------------
| rollout/                |             |
|    ep_len_mean          | 155         |
|    ep_rew_mean          | -49.6       |
| time/                   |             |
|    fps                  | 71          |
|    iterations           | 63          |
|    time_elapsed         | 1813        |
|    total_timesteps      | 129024      |
| train/                  |             |
|    approx_kl            | 0.019076753 |
|    clip_fraction        | 0.223       |
|    clip_range           | 0.2         |
|    entropy_loss         | -7.75       |
|    explained_variance   | 0.731       |
|    learning_rate        | 0.0003      |
|    loss                 | -0.0254     |
|    n_updates            | 620         |
|    policy_gradient_loss | -0.0226     |
|    std                  | 0.732       |
|    value_loss           | 0.00209     |
-----------------------------------------
----------------------------------------
| rollout/                |            |
|    ep_len_mean          | 157        |
|    ep_rew_mean          | -51.4      |
| time/                   |            |
|    fps                  | 71         |
|    iterations           | 64         |
|    time_elapsed         | 1843       |
|    total_timesteps      | 131072     |
| train/                  |            |
|    approx_kl            | 0.01462461 |
|    clip_fraction        | 0.18       |
|    clip_range           | 0.2        |
|    entropy_loss         | -7.7       |
|    explained_variance   | 0.754      |
|    learning_rate        | 0.0003     |
|    loss                 | -0.0168    |
|    n_updates            | 630        |
|    policy_gradient_loss | -0.0245    |
|    std                  | 0.725      |
|    value_loss           | 0.00371    |
----------------------------------------
-----------------------------------------
| rollout/                |             |
|    ep_len_mean          | 155         |
|    ep_rew_mean          | -50         |
| time/                   |             |
|    fps                  | 71          |
|    iterations           | 65          |
|    time_elapsed         | 1873        |
|    total_timesteps      | 133120      |
| train/                  |             |
|    approx_kl            | 0.013873379 |
|    clip_fraction        | 0.182       |
|    clip_range           | 0.2         |
|    entropy_loss         | -7.66       |
|    explained_variance   | 0.813       |
|    learning_rate        | 0.0003      |
|    loss                 | -0.0267     |
|    n_updates            | 640         |
|    policy_gradient_loss | -0.0223     |
|    std                  | 0.722       |
|    value_loss           | 0.00402     |
-----------------------------------------
-----------------------------------------
| rollout/                |             |
|    ep_len_mean          | 156         |
|    ep_rew_mean          | -49.8       |
| time/                   |             |
|    fps                  | 71          |
|    iterations           | 66          |
|    time_elapsed         | 1903        |
|    total_timesteps      | 135168      |
| train/                  |             |
|    approx_kl            | 0.018611377 |
|    clip_fraction        | 0.194       |
|    clip_range           | 0.2         |
|    entropy_loss         | -7.65       |
|    explained_variance   | 0.675       |
|    learning_rate        | 0.0003      |
|    loss                 | -0.00502    |
|    n_updates            | 650         |
|    policy_gradient_loss | -0.0193     |
|    std                  | 0.722       |
|    value_loss           | 0.00494     |
-----------------------------------------
-----------------------------------------
| rollout/                |             |
|    ep_len_mean          | 152         |
|    ep_rew_mean          | -47.2       |
| time/                   |             |
|    fps                  | 70          |
|    iterations           | 67          |
|    time_elapsed         | 1933        |
|    total_timesteps      | 137216      |
| train/                  |             |
|    approx_kl            | 0.016184255 |
|    clip_fraction        | 0.197       |
|    clip_range           | 0.2         |
|    entropy_loss         | -7.65       |
|    explained_variance   | 0.735       |
|    learning_rate        | 0.0003      |
|    loss                 | -0.0221     |
|    n_updates            | 660         |
|    policy_gradient_loss | -0.0219     |
|    std                  | 0.723       |
|    value_loss           | 0.00328     |
-----------------------------------------
-----------------------------------------
| rollout/                |             |
|    ep_len_mean          | 154         |
|    ep_rew_mean          | -47.3       |
| time/                   |             |
|    fps                  | 70          |
|    iterations           | 68          |
|    time_elapsed         | 1962        |
|    total_timesteps      | 139264      |
| train/                  |             |
|    approx_kl            | 0.015894283 |
|    clip_fraction        | 0.202       |
|    clip_range           | 0.2         |
|    entropy_loss         | -7.64       |
|    explained_variance   | 0.695       |
|    learning_rate        | 0.0003      |
|    loss                 | -0.0294     |
|    n_updates            | 670         |
|    policy_gradient_loss | -0.0212     |
|    std                  | 0.722       |
|    value_loss           | 0.00321     |
-----------------------------------------
-----------------------------------------
| rollout/                |             |
|    ep_len_mean          | 149         |
|    ep_rew_mean          | -45         |
| time/                   |             |
|    fps                  | 70          |
|    iterations           | 69          |
|    time_elapsed         | 1993        |
|    total_timesteps      | 141312      |
| train/                  |             |
|    approx_kl            | 0.018799644 |
|    clip_fraction        | 0.205       |
|    clip_range           | 0.2         |
|    entropy_loss         | -7.6        |
|    explained_variance   | 0.698       |
|    learning_rate        | 0.0003      |
|    loss                 | -0.0392     |
|    n_updates            | 680         |
|    policy_gradient_loss | -0.0189     |
|    std                  | 0.716       |
|    value_loss           | 0.00285     |
-----------------------------------------
-----------------------------------------
| rollout/                |             |
|    ep_len_mean          | 152         |
|    ep_rew_mean          | -45.6       |
| time/                   |             |
|    fps                  | 70          |
|    iterations           | 70          |
|    time_elapsed         | 2023        |
|    total_timesteps      | 143360      |
| train/                  |             |
|    approx_kl            | 0.017216142 |
|    clip_fraction        | 0.213       |
|    clip_range           | 0.2         |
|    entropy_loss         | -7.55       |
|    explained_variance   | 0.761       |
|    learning_rate        | 0.0003      |
|    loss                 | -0.0305     |
|    n_updates            | 690         |
|    policy_gradient_loss | -0.0255     |
|    std                  | 0.71        |
|    value_loss           | 0.00295     |
-----------------------------------------
----------------------------------------
| rollout/                |            |
|    ep_len_mean          | 149        |
|    ep_rew_mean          | -44.8      |
| time/                   |            |
|    fps                  | 70         |
|    iterations           | 71         |
|    time_elapsed         | 2053       |
|    total_timesteps      | 145408     |
| train/                  |            |
|    approx_kl            | 0.01554892 |
|    clip_fraction        | 0.177      |
|    clip_range           | 0.2        |
|    entropy_loss         | -7.5       |
|    explained_variance   | 0.818      |
|    learning_rate        | 0.0003     |
|    loss                 | -0.0234    |
|    n_updates            | 700        |
|    policy_gradient_loss | -0.021     |
|    std                  | 0.706      |
|    value_loss           | 0.00369    |
----------------------------------------
-----------------------------------------
| rollout/                |             |
|    ep_len_mean          | 149         |
|    ep_rew_mean          | -44.3       |
| time/                   |             |
|    fps                  | 70          |
|    iterations           | 72          |
|    time_elapsed         | 2083        |
|    total_timesteps      | 147456      |
| train/                  |             |
|    approx_kl            | 0.018635485 |
|    clip_fraction        | 0.22        |
|    clip_range           | 0.2         |
|    entropy_loss         | -7.46       |
|    explained_variance   | 0.8         |
|    learning_rate        | 0.0003      |
|    loss                 | -0.0464     |
|    n_updates            | 710         |
|    policy_gradient_loss | -0.0244     |
|    std                  | 0.701       |
|    value_loss           | 0.00374     |
-----------------------------------------
-----------------------------------------
| rollout/                |             |
|    ep_len_mean          | 146         |
|    ep_rew_mean          | -43.1       |
| time/                   |             |
|    fps                  | 70          |
|    iterations           | 73          |
|    time_elapsed         | 2113        |
|    total_timesteps      | 149504      |
| train/                  |             |
|    approx_kl            | 0.017504975 |
|    clip_fraction        | 0.19        |
|    clip_range           | 0.2         |
|    entropy_loss         | -7.44       |
|    explained_variance   | 0.712       |
|    learning_rate        | 0.0003      |
|    loss                 | -0.0107     |
|    n_updates            | 720         |
|    policy_gradient_loss | -0.0222     |
|    std                  | 0.702       |
|    value_loss           | 0.00298     |
-----------------------------------------
-----------------------------------------
| rollout/                |             |
|    ep_len_mean          | 145         |
|    ep_rew_mean          | -42.1       |
| time/                   |             |
|    fps                  | 70          |
|    iterations           | 74          |
|    time_elapsed         | 2143        |
|    total_timesteps      | 151552      |
| train/                  |             |
|    approx_kl            | 0.016771708 |
|    clip_fraction        | 0.206       |
|    clip_range           | 0.2         |
|    entropy_loss         | -7.46       |
|    explained_variance   | 0.714       |
|    learning_rate        | 0.0003      |
|    loss                 | -0.0246     |
|    n_updates            | 730         |
|    policy_gradient_loss | -0.0282     |
|    std                  | 0.706       |
|    value_loss           | 0.00348     |
-----------------------------------------
-----------------------------------------
| rollout/                |             |
|    ep_len_mean          | 143         |
|    ep_rew_mean          | -40.9       |
| time/                   |             |
|    fps                  | 70          |
|    iterations           | 75          |
|    time_elapsed         | 2173        |
|    total_timesteps      | 153600      |
| train/                  |             |
|    approx_kl            | 0.019551424 |
|    clip_fraction        | 0.217       |
|    clip_range           | 0.2         |
|    entropy_loss         | -7.45       |
|    explained_variance   | 0.649       |
|    learning_rate        | 0.0003      |
|    loss                 | -0.0206     |
|    n_updates            | 740         |
|    policy_gradient_loss | -0.0258     |
|    std                  | 0.7         |
|    value_loss           | 0.0027      |
-----------------------------------------
-----------------------------------------
| rollout/                |             |
|    ep_len_mean          | 145         |
|    ep_rew_mean          | -42         |
| time/                   |             |
|    fps                  | 70          |
|    iterations           | 76          |
|    time_elapsed         | 2203        |
|    total_timesteps      | 155648      |
| train/                  |             |
|    approx_kl            | 0.014781894 |
|    clip_fraction        | 0.199       |
|    clip_range           | 0.2         |
|    entropy_loss         | -7.41       |
|    explained_variance   | 0.708       |
|    learning_rate        | 0.0003      |
|    loss                 | -0.0294     |
|    n_updates            | 750         |
|    policy_gradient_loss | -0.0222     |
|    std                  | 0.698       |
|    value_loss           | 0.0029      |
-----------------------------------------
----------------------------------------
| rollout/                |            |
|    ep_len_mean          | 139        |
|    ep_rew_mean          | -37.3      |
| time/                   |            |
|    fps                  | 70         |
|    iterations           | 77         |
|    time_elapsed         | 2233       |
|    total_timesteps      | 157696     |
| train/                  |            |
|    approx_kl            | 0.01620842 |
|    clip_fraction        | 0.198      |
|    clip_range           | 0.2        |
|    entropy_loss         | -7.39      |
|    explained_variance   | 0.687      |
|    learning_rate        | 0.0003     |
|    loss                 | -0.00965   |
|    n_updates            | 760        |
|    policy_gradient_loss | -0.0224    |
|    std                  | 0.696      |
|    value_loss           | 0.00284    |
----------------------------------------
-----------------------------------------
| rollout/                |             |
|    ep_len_mean          | 140         |
|    ep_rew_mean          | -37.5       |
| time/                   |             |
|    fps                  | 70          |
|    iterations           | 78          |
|    time_elapsed         | 2264        |
|    total_timesteps      | 159744      |
| train/                  |             |
|    approx_kl            | 0.016751405 |
|    clip_fraction        | 0.182       |
|    clip_range           | 0.2         |
|    entropy_loss         | -7.37       |
|    explained_variance   | 0.756       |
|    learning_rate        | 0.0003      |
|    loss                 | -0.0323     |
|    n_updates            | 770         |
|    policy_gradient_loss | -0.0212     |
|    std                  | 0.693       |
|    value_loss           | 0.00306     |
-----------------------------------------
-----------------------------------------
| rollout/                |             |
|    ep_len_mean          | 140         |
|    ep_rew_mean          | -36.9       |
| time/                   |             |
|    fps                  | 70          |
|    iterations           | 79          |
|    time_elapsed         | 2294        |
|    total_timesteps      | 161792      |
| train/                  |             |
|    approx_kl            | 0.019839754 |
|    clip_fraction        | 0.25        |
|    clip_range           | 0.2         |
|    entropy_loss         | -7.33       |
|    explained_variance   | 0.569       |
|    learning_rate        | 0.0003      |
|    loss                 | -0.0267     |
|    n_updates            | 780         |
|    policy_gradient_loss | -0.0272     |
|    std                  | 0.689       |
|    value_loss           | 0.00434     |
-----------------------------------------
-----------------------------------------
| rollout/                |             |
|    ep_len_mean          | 136         |
|    ep_rew_mean          | -35.6       |
| time/                   |             |
|    fps                  | 70          |
|    iterations           | 80          |
|    time_elapsed         | 2324        |
|    total_timesteps      | 163840      |
| train/                  |             |
|    approx_kl            | 0.015880799 |
|    clip_fraction        | 0.208       |
|    clip_range           | 0.2         |
|    entropy_loss         | -7.3        |
|    explained_variance   | 0.732       |
|    learning_rate        | 0.0003      |
|    loss                 | -0.0174     |
|    n_updates            | 790         |
|    policy_gradient_loss | -0.0237     |
|    std                  | 0.687       |
|    value_loss           | 0.00347     |
-----------------------------------------
-----------------------------------------
| rollout/                |             |
|    ep_len_mean          | 133         |
|    ep_rew_mean          | -35         |
| time/                   |             |
|    fps                  | 70          |
|    iterations           | 81          |
|    time_elapsed         | 2354        |
|    total_timesteps      | 165888      |
| train/                  |             |
|    approx_kl            | 0.019248784 |
|    clip_fraction        | 0.241       |
|    clip_range           | 0.2         |
|    entropy_loss         | -7.27       |
|    explained_variance   | 0.825       |
|    learning_rate        | 0.0003      |
|    loss                 | -0.0591     |
|    n_updates            | 800         |
|    policy_gradient_loss | -0.0285     |
|    std                  | 0.683       |
|    value_loss           | 0.00263     |
-----------------------------------------
-----------------------------------------
| rollout/                |             |
|    ep_len_mean          | 128         |
|    ep_rew_mean          | -33.2       |
| time/                   |             |
|    fps                  | 70          |
|    iterations           | 82          |
|    time_elapsed         | 2384        |
|    total_timesteps      | 167936      |
| train/                  |             |
|    approx_kl            | 0.016267542 |
|    clip_fraction        | 0.225       |
|    clip_range           | 0.2         |
|    entropy_loss         | -7.23       |
|    explained_variance   | 0.639       |
|    learning_rate        | 0.0003      |
|    loss                 | -0.0318     |
|    n_updates            | 810         |
|    policy_gradient_loss | -0.0257     |
|    std                  | 0.679       |
|    value_loss           | 0.00416     |
-----------------------------------------
-----------------------------------------
| rollout/                |             |
|    ep_len_mean          | 132         |
|    ep_rew_mean          | -35.8       |
| time/                   |             |
|    fps                  | 70          |
|    iterations           | 83          |
|    time_elapsed         | 2415        |
|    total_timesteps      | 169984      |
| train/                  |             |
|    approx_kl            | 0.016625639 |
|    clip_fraction        | 0.218       |
|    clip_range           | 0.2         |
|    entropy_loss         | -7.17       |
|    explained_variance   | 0.686       |
|    learning_rate        | 0.0003      |
|    loss                 | -0.0218     |
|    n_updates            | 820         |
|    policy_gradient_loss | -0.023      |
|    std                  | 0.672       |
|    value_loss           | 0.00283     |
-----------------------------------------
-----------------------------------------
| rollout/                |             |
|    ep_len_mean          | 129         |
|    ep_rew_mean          | -35.6       |
| time/                   |             |
|    fps                  | 70          |
|    iterations           | 84          |
|    time_elapsed         | 2445        |
|    total_timesteps      | 172032      |
| train/                  |             |
|    approx_kl            | 0.016536377 |
|    clip_fraction        | 0.207       |
|    clip_range           | 0.2         |
|    entropy_loss         | -7.12       |
|    explained_variance   | 0.639       |
|    learning_rate        | 0.0003      |
|    loss                 | -0.018      |
|    n_updates            | 830         |
|    policy_gradient_loss | -0.0265     |
|    std                  | 0.669       |
|    value_loss           | 0.0047      |
-----------------------------------------
-----------------------------------------
| rollout/                |             |
|    ep_len_mean          | 120         |
|    ep_rew_mean          | -31.8       |
| time/                   |             |
|    fps                  | 70          |
|    iterations           | 85          |
|    time_elapsed         | 2475        |
|    total_timesteps      | 174080      |
| train/                  |             |
|    approx_kl            | 0.017665153 |
|    clip_fraction        | 0.241       |
|    clip_range           | 0.2         |
|    entropy_loss         | -7.1        |
|    explained_variance   | 0.814       |
|    learning_rate        | 0.0003      |
|    loss                 | -0.0387     |
|    n_updates            | 840         |
|    policy_gradient_loss | -0.0296     |
|    std                  | 0.668       |
|    value_loss           | 0.00494     |
-----------------------------------------
----------------------------------------
| rollout/                |            |
|    ep_len_mean          | 119        |
|    ep_rew_mean          | -31.5      |
| time/                   |            |
|    fps                  | 70         |
|    iterations           | 86         |
|    time_elapsed         | 2506       |
|    total_timesteps      | 176128     |
| train/                  |            |
|    approx_kl            | 0.01931075 |
|    clip_fraction        | 0.225      |
|    clip_range           | 0.2        |
|    entropy_loss         | -7.08      |
|    explained_variance   | 0.655      |
|    learning_rate        | 0.0003     |
|    loss                 | -0.021     |
|    n_updates            | 850        |
|    policy_gradient_loss | -0.0249    |
|    std                  | 0.665      |
|    value_loss           | 0.00561    |
----------------------------------------
----------------------------------------
| rollout/                |            |
|    ep_len_mean          | 117        |
|    ep_rew_mean          | -29.7      |
| time/                   |            |
|    fps                  | 70         |
|    iterations           | 87         |
|    time_elapsed         | 2536       |
|    total_timesteps      | 178176     |
| train/                  |            |
|    approx_kl            | 0.01946152 |
|    clip_fraction        | 0.242      |
|    clip_range           | 0.2        |
|    entropy_loss         | -7.04      |
|    explained_variance   | 0.57       |
|    learning_rate        | 0.0003     |
|    loss                 | -0.048     |
|    n_updates            | 860        |
|    policy_gradient_loss | -0.0301    |
|    std                  | 0.66       |
|    value_loss           | 0.00395    |
----------------------------------------
-----------------------------------------
| rollout/                |             |
|    ep_len_mean          | 112         |
|    ep_rew_mean          | -27.8       |
| time/                   |             |
|    fps                  | 70          |
|    iterations           | 88          |
|    time_elapsed         | 2567        |
|    total_timesteps      | 180224      |
| train/                  |             |
|    approx_kl            | 0.016513662 |
|    clip_fraction        | 0.242       |
|    clip_range           | 0.2         |
|    entropy_loss         | -6.99       |
|    explained_variance   | 0.676       |
|    learning_rate        | 0.0003      |
|    loss                 | -0.0401     |
|    n_updates            | 870         |
|    policy_gradient_loss | -0.0275     |
|    std                  | 0.656       |
|    value_loss           | 0.00345     |
-----------------------------------------
-----------------------------------------
| rollout/                |             |
|    ep_len_mean          | 108         |
|    ep_rew_mean          | -24.8       |
| time/                   |             |
|    fps                  | 70          |
|    iterations           | 89          |
|    time_elapsed         | 2597        |
|    total_timesteps      | 182272      |
| train/                  |             |
|    approx_kl            | 0.016957745 |
|    clip_fraction        | 0.206       |
|    clip_range           | 0.2         |
|    entropy_loss         | -6.96       |
|    explained_variance   | 0.643       |
|    learning_rate        | 0.0003      |
|    loss                 | -0.0427     |
|    n_updates            | 880         |
|    policy_gradient_loss | -0.0263     |
|    std                  | 0.654       |
|    value_loss           | 0.00367     |
-----------------------------------------
-----------------------------------------
| rollout/                |             |
|    ep_len_mean          | 108         |
|    ep_rew_mean          | -25         |
| time/                   |             |
|    fps                  | 70          |
|    iterations           | 90          |
|    time_elapsed         | 2627        |
|    total_timesteps      | 184320      |
| train/                  |             |
|    approx_kl            | 0.016904127 |
|    clip_fraction        | 0.227       |
|    clip_range           | 0.2         |
|    entropy_loss         | -6.93       |
|    explained_variance   | 0.68        |
|    learning_rate        | 0.0003      |
|    loss                 | -0.0225     |
|    n_updates            | 890         |
|    policy_gradient_loss | -0.0255     |
|    std                  | 0.65        |
|    value_loss           | 0.00379     |
-----------------------------------------
-----------------------------------------
| rollout/                |             |
|    ep_len_mean          | 106         |
|    ep_rew_mean          | -24.6       |
| time/                   |             |
|    fps                  | 70          |
|    iterations           | 91          |
|    time_elapsed         | 2658        |
|    total_timesteps      | 186368      |
| train/                  |             |
|    approx_kl            | 0.018483639 |
|    clip_fraction        | 0.227       |
|    clip_range           | 0.2         |
|    entropy_loss         | -6.89       |
|    explained_variance   | 0.678       |
|    learning_rate        | 0.0003      |
|    loss                 | -0.0321     |
|    n_updates            | 900         |
|    policy_gradient_loss | -0.0252     |
|    std                  | 0.648       |
|    value_loss           | 0.00349     |
-----------------------------------------
----------------------------------------
| rollout/                |            |
|    ep_len_mean          | 97.9       |
|    ep_rew_mean          | -21.8      |
| time/                   |            |
|    fps                  | 70         |
|    iterations           | 92         |
|    time_elapsed         | 2689       |
|    total_timesteps      | 188416     |
| train/                  |            |
|    approx_kl            | 0.01544716 |
|    clip_fraction        | 0.205      |
|    clip_range           | 0.2        |
|    entropy_loss         | -6.89      |
|    explained_variance   | 0.565      |
|    learning_rate        | 0.0003     |
|    loss                 | -0.0024    |
|    n_updates            | 910        |
|    policy_gradient_loss | -0.0263    |
|    std                  | 0.649      |
|    value_loss           | 0.00489    |
----------------------------------------
-----------------------------------------
| rollout/                |             |
|    ep_len_mean          | 106         |
|    ep_rew_mean          | -24.6       |
| time/                   |             |
|    fps                  | 70          |
|    iterations           | 93          |
|    time_elapsed         | 2719        |
|    total_timesteps      | 190464      |
| train/                  |             |
|    approx_kl            | 0.014391987 |
|    clip_fraction        | 0.189       |
|    clip_range           | 0.2         |
|    entropy_loss         | -6.88       |
|    explained_variance   | 0.656       |
|    learning_rate        | 0.0003      |
|    loss                 | -0.0285     |
|    n_updates            | 920         |
|    policy_gradient_loss | -0.0239     |
|    std                  | 0.647       |
|    value_loss           | 0.00375     |
-----------------------------------------
-----------------------------------------
| rollout/                |             |
|    ep_len_mean          | 104         |
|    ep_rew_mean          | -25.3       |
| time/                   |             |
|    fps                  | 70          |
|    iterations           | 94          |
|    time_elapsed         | 2749        |
|    total_timesteps      | 192512      |
| train/                  |             |
|    approx_kl            | 0.016913189 |
|    clip_fraction        | 0.234       |
|    clip_range           | 0.2         |
|    entropy_loss         | -6.86       |
|    explained_variance   | 0.649       |
|    learning_rate        | 0.0003      |
|    loss                 | -0.0463     |
|    n_updates            | 930         |
|    policy_gradient_loss | -0.0293     |
|    std                  | 0.646       |
|    value_loss           | 0.0027      |
-----------------------------------------
-----------------------------------------
| rollout/                |             |
|    ep_len_mean          | 101         |
|    ep_rew_mean          | -24         |
| time/                   |             |
|    fps                  | 69          |
|    iterations           | 95          |
|    time_elapsed         | 2780        |
|    total_timesteps      | 194560      |
| train/                  |             |
|    approx_kl            | 0.020377068 |
|    clip_fraction        | 0.246       |
|    clip_range           | 0.2         |
|    entropy_loss         | -6.83       |
|    explained_variance   | 0.718       |
|    learning_rate        | 0.0003      |
|    loss                 | -0.0502     |
|    n_updates            | 940         |
|    policy_gradient_loss | -0.0283     |
|    std                  | 0.641       |
|    value_loss           | 0.0037      |
-----------------------------------------
----------------------------------------
| rollout/                |            |
|    ep_len_mean          | 106        |
|    ep_rew_mean          | -25.2      |
| time/                   |            |
|    fps                  | 69         |
|    iterations           | 96         |
|    time_elapsed         | 2810       |
|    total_timesteps      | 196608     |
| train/                  |            |
|    approx_kl            | 0.01903063 |
|    clip_fraction        | 0.223      |
|    clip_range           | 0.2        |
|    entropy_loss         | -6.8       |
|    explained_variance   | 0.724      |
|    learning_rate        | 0.0003     |
|    loss                 | -0.0551    |
|    n_updates            | 950        |
|    policy_gradient_loss | -0.0289    |
|    std                  | 0.641      |
|    value_loss           | 0.00281    |
----------------------------------------
-----------------------------------------
| rollout/                |             |
|    ep_len_mean          | 108         |
|    ep_rew_mean          | -26.2       |
| time/                   |             |
|    fps                  | 69          |
|    iterations           | 97          |
|    time_elapsed         | 2841        |
|    total_timesteps      | 198656      |
| train/                  |             |
|    approx_kl            | 0.015865501 |
|    clip_fraction        | 0.223       |
|    clip_range           | 0.2         |
|    entropy_loss         | -6.77       |
|    explained_variance   | 0.622       |
|    learning_rate        | 0.0003      |
|    loss                 | -0.0557     |
|    n_updates            | 960         |
|    policy_gradient_loss | -0.0241     |
|    std                  | 0.637       |
|    value_loss           | 0.00411     |
-----------------------------------------
-----------------------------------------
| rollout/                |             |
|    ep_len_mean          | 103         |
|    ep_rew_mean          | -24         |
| time/                   |             |
|    fps                  | 69          |
|    iterations           | 98          |
|    time_elapsed         | 2871        |
|    total_timesteps      | 200704      |
| train/                  |             |
|    approx_kl            | 0.016969457 |
|    clip_fraction        | 0.206       |
|    clip_range           | 0.2         |
|    entropy_loss         | -6.74       |
|    explained_variance   | 0.617       |
|    learning_rate        | 0.0003      |
|    loss                 | -0.0371     |
|    n_updates            | 970         |
|    policy_gradient_loss | -0.0239     |
|    std                  | 0.634       |
|    value_loss           | 0.00423     |
-----------------------------------------
-----------------------------------------
| rollout/                |             |
|    ep_len_mean          | 103         |
|    ep_rew_mean          | -22.5       |
| time/                   |             |
|    fps                  | 69          |
|    iterations           | 99          |
|    time_elapsed         | 2902        |
|    total_timesteps      | 202752      |
| train/                  |             |
|    approx_kl            | 0.018065087 |
|    clip_fraction        | 0.213       |
|    clip_range           | 0.2         |
|    entropy_loss         | -6.7        |
|    explained_variance   | 0.655       |
|    learning_rate        | 0.0003      |
|    loss                 | -0.0371     |
|    n_updates            | 980         |
|    policy_gradient_loss | -0.0246     |
|    std                  | 0.629       |
|    value_loss           | 0.0033      |
-----------------------------------------
-----------------------------------------
| rollout/                |             |
|    ep_len_mean          | 107         |
|    ep_rew_mean          | -24         |
| time/                   |             |
|    fps                  | 69          |
|    iterations           | 100         |
|    time_elapsed         | 2932        |
|    total_timesteps      | 204800      |
| train/                  |             |
|    approx_kl            | 0.017004382 |
|    clip_fraction        | 0.22        |
|    clip_range           | 0.2         |
|    entropy_loss         | -6.66       |
|    explained_variance   | 0.682       |
|    learning_rate        | 0.0003      |
|    loss                 | -0.0331     |
|    n_updates            | 990         |
|    policy_gradient_loss | -0.0247     |
|    std                  | 0.627       |
|    value_loss           | 0.0026      |
-----------------------------------------
-----------------------------------------
| rollout/                |             |
|    ep_len_mean          | 111         |
|    ep_rew_mean          | -25.3       |
| time/                   |             |
|    fps                  | 69          |
|    iterations           | 101         |
|    time_elapsed         | 2962        |
|    total_timesteps      | 206848      |
| train/                  |             |
|    approx_kl            | 0.017699882 |
|    clip_fraction        | 0.209       |
|    clip_range           | 0.2         |
|    entropy_loss         | -6.64       |
|    explained_variance   | 0.686       |
|    learning_rate        | 0.0003      |
|    loss                 | -0.048      |
|    n_updates            | 1000        |
|    policy_gradient_loss | -0.0259     |
|    std                  | 0.626       |
|    value_loss           | 0.00272     |
-----------------------------------------
-----------------------------------------
| rollout/                |             |
|    ep_len_mean          | 115         |
|    ep_rew_mean          | -26.1       |
| time/                   |             |
|    fps                  | 69          |
|    iterations           | 102         |
|    time_elapsed         | 2993        |
|    total_timesteps      | 208896      |
| train/                  |             |
|    approx_kl            | 0.016753288 |
|    clip_fraction        | 0.21        |
|    clip_range           | 0.2         |
|    entropy_loss         | -6.61       |
|    explained_variance   | 0.633       |
|    learning_rate        | 0.0003      |
|    loss                 | -0.0568     |
|    n_updates            | 1010        |
|    policy_gradient_loss | -0.0253     |
|    std                  | 0.623       |
|    value_loss           | 0.00262     |
-----------------------------------------
-----------------------------------------
| rollout/                |             |
|    ep_len_mean          | 109         |
|    ep_rew_mean          | -24.1       |
| time/                   |             |
|    fps                  | 69          |
|    iterations           | 103         |
|    time_elapsed         | 3024        |
|    total_timesteps      | 210944      |
| train/                  |             |
|    approx_kl            | 0.022024632 |
|    clip_fraction        | 0.253       |
|    clip_range           | 0.2         |
|    entropy_loss         | -6.55       |
|    explained_variance   | 0.724       |
|    learning_rate        | 0.0003      |
|    loss                 | -0.0395     |
|    n_updates            | 1020        |
|    policy_gradient_loss | -0.0308     |
|    std                  | 0.617       |
|    value_loss           | 0.00276     |
-----------------------------------------
-----------------------------------------
| rollout/                |             |
|    ep_len_mean          | 103         |
|    ep_rew_mean          | -22.4       |
| time/                   |             |
|    fps                  | 69          |
|    iterations           | 104         |
|    time_elapsed         | 3056        |
|    total_timesteps      | 212992      |
| train/                  |             |
|    approx_kl            | 0.019371308 |
|    clip_fraction        | 0.229       |
|    clip_range           | 0.2         |
|    entropy_loss         | -6.52       |
|    explained_variance   | 0.7         |
|    learning_rate        | 0.0003      |
|    loss                 | -0.0155     |
|    n_updates            | 1030        |
|    policy_gradient_loss | -0.0286     |
|    std                  | 0.616       |
|    value_loss           | 0.00342     |
-----------------------------------------
-----------------------------------------
| rollout/                |             |
|    ep_len_mean          | 102         |
|    ep_rew_mean          | -21.3       |
| time/                   |             |
|    fps                  | 69          |
|    iterations           | 105         |
|    time_elapsed         | 3086        |
|    total_timesteps      | 215040      |
| train/                  |             |
|    approx_kl            | 0.019292664 |
|    clip_fraction        | 0.242       |
|    clip_range           | 0.2         |
|    entropy_loss         | -6.52       |
|    explained_variance   | 0.598       |
|    learning_rate        | 0.0003      |
|    loss                 | -0.0357     |
|    n_updates            | 1040        |
|    policy_gradient_loss | -0.0296     |
|    std                  | 0.615       |
|    value_loss           | 0.00326     |
-----------------------------------------
-----------------------------------------
| rollout/                |             |
|    ep_len_mean          | 89.3        |
|    ep_rew_mean          | -16.8       |
| time/                   |             |
|    fps                  | 69          |
|    iterations           | 106         |
|    time_elapsed         | 3117        |
|    total_timesteps      | 217088      |
| train/                  |             |
|    approx_kl            | 0.017113019 |
|    clip_fraction        | 0.228       |
|    clip_range           | 0.2         |
|    entropy_loss         | -6.48       |
|    explained_variance   | 0.537       |
|    learning_rate        | 0.0003      |
|    loss                 | -0.0468     |
|    n_updates            | 1050        |
|    policy_gradient_loss | -0.0261     |
|    std                  | 0.611       |
|    value_loss           | 0.00307     |
-----------------------------------------
-----------------------------------------
| rollout/                |             |
|    ep_len_mean          | 87.7        |
|    ep_rew_mean          | -16.5       |
| time/                   |             |
|    fps                  | 69          |
|    iterations           | 107         |
|    time_elapsed         | 3147        |
|    total_timesteps      | 219136      |
| train/                  |             |
|    approx_kl            | 0.020611113 |
|    clip_fraction        | 0.226       |
|    clip_range           | 0.2         |
|    entropy_loss         | -6.43       |
|    explained_variance   | 0.594       |
|    learning_rate        | 0.0003      |
|    loss                 | -0.0566     |
|    n_updates            | 1060        |
|    policy_gradient_loss | -0.0274     |
|    std                  | 0.607       |
|    value_loss           | 0.00291     |
-----------------------------------------
-----------------------------------------
| rollout/                |             |
|    ep_len_mean          | 92.1        |
|    ep_rew_mean          | -17.8       |
| time/                   |             |
|    fps                  | 69          |
|    iterations           | 108         |
|    time_elapsed         | 3178        |
|    total_timesteps      | 221184      |
| train/                  |             |
|    approx_kl            | 0.020766959 |
|    clip_fraction        | 0.237       |
|    clip_range           | 0.2         |
|    entropy_loss         | -6.4        |
|    explained_variance   | 0.614       |
|    learning_rate        | 0.0003      |
|    loss                 | -0.0514     |
|    n_updates            | 1070        |
|    policy_gradient_loss | -0.0297     |
|    std                  | 0.604       |
|    value_loss           | 0.0029      |
-----------------------------------------
-----------------------------------------
| rollout/                |             |
|    ep_len_mean          | 92.3        |
|    ep_rew_mean          | -18.6       |
| time/                   |             |
|    fps                  | 69          |
|    iterations           | 109         |
|    time_elapsed         | 3209        |
|    total_timesteps      | 223232      |
| train/                  |             |
|    approx_kl            | 0.020072307 |
|    clip_fraction        | 0.23        |
|    clip_range           | 0.2         |
|    entropy_loss         | -6.41       |
|    explained_variance   | 0.467       |
|    learning_rate        | 0.0003      |
|    loss                 | -0.0525     |
|    n_updates            | 1080        |
|    policy_gradient_loss | -0.0254     |
|    std                  | 0.607       |
|    value_loss           | 0.00357     |
-----------------------------------------
-----------------------------------------
| rollout/                |             |
|    ep_len_mean          | 89          |
|    ep_rew_mean          | -17.8       |
| time/                   |             |
|    fps                  | 69          |
|    iterations           | 110         |
|    time_elapsed         | 3239        |
|    total_timesteps      | 225280      |
| train/                  |             |
|    approx_kl            | 0.021077598 |
|    clip_fraction        | 0.262       |
|    clip_range           | 0.2         |
|    entropy_loss         | -6.41       |
|    explained_variance   | 0.543       |
|    learning_rate        | 0.0003      |
|    loss                 | -0.0493     |
|    n_updates            | 1090        |
|    policy_gradient_loss | -0.0282     |
|    std                  | 0.605       |
|    value_loss           | 0.0038      |
-----------------------------------------
----------------------------------------
| rollout/                |            |
|    ep_len_mean          | 88.5       |
|    ep_rew_mean          | -17.9      |
| time/                   |            |
|    fps                  | 69         |
|    iterations           | 111        |
|    time_elapsed         | 3270       |
|    total_timesteps      | 227328     |
| train/                  |            |
|    approx_kl            | 0.01971454 |
|    clip_fraction        | 0.249      |
|    clip_range           | 0.2        |
|    entropy_loss         | -6.38      |
|    explained_variance   | 0.604      |
|    learning_rate        | 0.0003     |
|    loss                 | -0.0331    |
|    n_updates            | 1100       |
|    policy_gradient_loss | -0.0273    |
|    std                  | 0.604      |
|    value_loss           | 0.00322    |
----------------------------------------
----------------------------------------
| rollout/                |            |
|    ep_len_mean          | 78.8       |
|    ep_rew_mean          | -14.3      |
| time/                   |            |
|    fps                  | 69         |
|    iterations           | 112        |
|    time_elapsed         | 3301       |
|    total_timesteps      | 229376     |
| train/                  |            |
|    approx_kl            | 0.01871809 |
|    clip_fraction        | 0.227      |
|    clip_range           | 0.2        |
|    entropy_loss         | -6.37      |
|    explained_variance   | 0.539      |
|    learning_rate        | 0.0003     |
|    loss                 | -0.0552    |
|    n_updates            | 1110       |
|    policy_gradient_loss | -0.0285    |
|    std                  | 0.601      |
|    value_loss           | 0.00338    |
----------------------------------------
-----------------------------------------
| rollout/                |             |
|    ep_len_mean          | 80.2        |
|    ep_rew_mean          | -14.1       |
| time/                   |             |
|    fps                  | 69          |
|    iterations           | 113         |
|    time_elapsed         | 3332        |
|    total_timesteps      | 231424      |
| train/                  |             |
|    approx_kl            | 0.020056408 |
|    clip_fraction        | 0.247       |
|    clip_range           | 0.2         |
|    entropy_loss         | -6.33       |
|    explained_variance   | 0.544       |
|    learning_rate        | 0.0003      |
|    loss                 | -0.0476     |
|    n_updates            | 1120        |
|    policy_gradient_loss | -0.0329     |
|    std                  | 0.598       |
|    value_loss           | 0.00305     |
-----------------------------------------
----------------------------------------
| rollout/                |            |
|    ep_len_mean          | 77         |
|    ep_rew_mean          | -12.8      |
| time/                   |            |
|    fps                  | 69         |
|    iterations           | 114        |
|    time_elapsed         | 3363       |
|    total_timesteps      | 233472     |
| train/                  |            |
|    approx_kl            | 0.01959804 |
|    clip_fraction        | 0.224      |
|    clip_range           | 0.2        |
|    entropy_loss         | -6.29      |
|    explained_variance   | 0.64       |
|    learning_rate        | 0.0003     |
|    loss                 | -0.0423    |
|    n_updates            | 1130       |
|    policy_gradient_loss | -0.0263    |
|    std                  | 0.594      |
|    value_loss           | 0.00254    |
----------------------------------------
-----------------------------------------
| rollout/                |             |
|    ep_len_mean          | 78.5        |
|    ep_rew_mean          | -13.1       |
| time/                   |             |
|    fps                  | 69          |
|    iterations           | 115         |
|    time_elapsed         | 3394        |
|    total_timesteps      | 235520      |
| train/                  |             |
|    approx_kl            | 0.019050281 |
|    clip_fraction        | 0.225       |
|    clip_range           | 0.2         |
|    entropy_loss         | -6.25       |
|    explained_variance   | 0.624       |
|    learning_rate        | 0.0003      |
|    loss                 | -0.0568     |
|    n_updates            | 1140        |
|    policy_gradient_loss | -0.0245     |
|    std                  | 0.593       |
|    value_loss           | 0.00275     |
-----------------------------------------
-----------------------------------------
| rollout/                |             |
|    ep_len_mean          | 79.1        |
|    ep_rew_mean          | -13.2       |
| time/                   |             |
|    fps                  | 69          |
|    iterations           | 116         |
|    time_elapsed         | 3425        |
|    total_timesteps      | 237568      |
| train/                  |             |
|    approx_kl            | 0.019190306 |
|    clip_fraction        | 0.22        |
|    clip_range           | 0.2         |
|    entropy_loss         | -6.24       |
|    explained_variance   | 0.539       |
|    learning_rate        | 0.0003      |
|    loss                 | -0.0424     |
|    n_updates            | 1150        |
|    policy_gradient_loss | -0.0249     |
|    std                  | 0.591       |
|    value_loss           | 0.00329     |
-----------------------------------------
-----------------------------------------
| rollout/                |             |
|    ep_len_mean          | 74.8        |
|    ep_rew_mean          | -12.1       |
| time/                   |             |
|    fps                  | 69          |
|    iterations           | 117         |
|    time_elapsed         | 3456        |
|    total_timesteps      | 239616      |
| train/                  |             |
|    approx_kl            | 0.019961856 |
|    clip_fraction        | 0.229       |
|    clip_range           | 0.2         |
|    entropy_loss         | -6.21       |
|    explained_variance   | 0.532       |
|    learning_rate        | 0.0003      |
|    loss                 | -0.0389     |
|    n_updates            | 1160        |
|    policy_gradient_loss | -0.0267     |
|    std                  | 0.589       |
|    value_loss           | 0.00375     |
-----------------------------------------
-----------------------------------------
| rollout/                |             |
|    ep_len_mean          | 75.8        |
|    ep_rew_mean          | -12.6       |
| time/                   |             |
|    fps                  | 69          |
|    iterations           | 118         |
|    time_elapsed         | 3487        |
|    total_timesteps      | 241664      |
| train/                  |             |
|    approx_kl            | 0.021219563 |
|    clip_fraction        | 0.244       |
|    clip_range           | 0.2         |
|    entropy_loss         | -6.2        |
|    explained_variance   | 0.55        |
|    learning_rate        | 0.0003      |
|    loss                 | -0.05       |
|    n_updates            | 1170        |
|    policy_gradient_loss | -0.0285     |
|    std                  | 0.589       |
|    value_loss           | 0.00326     |
-----------------------------------------
----------------------------------------
| rollout/                |            |
|    ep_len_mean          | 80.4       |
|    ep_rew_mean          | -14.5      |
| time/                   |            |
|    fps                  | 69         |
|    iterations           | 119        |
|    time_elapsed         | 3517       |
|    total_timesteps      | 243712     |
| train/                  |            |
|    approx_kl            | 0.01845004 |
|    clip_fraction        | 0.214      |
|    clip_range           | 0.2        |
|    entropy_loss         | -6.18      |
|    explained_variance   | 0.529      |
|    learning_rate        | 0.0003     |
|    loss                 | -0.00911   |
|    n_updates            | 1180       |
|    policy_gradient_loss | -0.0284    |
|    std                  | 0.587      |
|    value_loss           | 0.00361    |
----------------------------------------
---------------------------------------
| rollout/                |           |
|    ep_len_mean          | 78.8      |
|    ep_rew_mean          | -13.6     |
| time/                   |           |
|    fps                  | 69        |
|    iterations           | 120       |
|    time_elapsed         | 3548      |
|    total_timesteps      | 245760    |
| train/                  |           |
|    approx_kl            | 0.0214592 |
|    clip_fraction        | 0.25      |
|    clip_range           | 0.2       |
|    entropy_loss         | -6.16     |
|    explained_variance   | 0.614     |
|    learning_rate        | 0.0003    |
|    loss                 | -0.0485   |
|    n_updates            | 1190      |
|    policy_gradient_loss | -0.0288   |
|    std                  | 0.584     |
|    value_loss           | 0.00342   |
---------------------------------------
-----------------------------------------
| rollout/                |             |
|    ep_len_mean          | 79.6        |
|    ep_rew_mean          | -13.8       |
| time/                   |             |
|    fps                  | 69          |
|    iterations           | 121         |
|    time_elapsed         | 3579        |
|    total_timesteps      | 247808      |
| train/                  |             |
|    approx_kl            | 0.019990774 |
|    clip_fraction        | 0.233       |
|    clip_range           | 0.2         |
|    entropy_loss         | -6.1        |
|    explained_variance   | 0.597       |
|    learning_rate        | 0.0003      |
|    loss                 | -0.0767     |
|    n_updates            | 1200        |
|    policy_gradient_loss | -0.0261     |
|    std                  | 0.578       |
|    value_loss           | 0.00306     |
-----------------------------------------
-----------------------------------------
| rollout/                |             |
|    ep_len_mean          | 74.1        |
|    ep_rew_mean          | -11.6       |
| time/                   |             |
|    fps                  | 69          |
|    iterations           | 122         |
|    time_elapsed         | 3611        |
|    total_timesteps      | 249856      |
| train/                  |             |
|    approx_kl            | 0.020677246 |
|    clip_fraction        | 0.245       |
|    clip_range           | 0.2         |
|    entropy_loss         | -6.04       |
|    explained_variance   | 0.546       |
|    learning_rate        | 0.0003      |
|    loss                 | -0.0504     |
|    n_updates            | 1210        |
|    policy_gradient_loss | -0.0256     |
|    std                  | 0.573       |
|    value_loss           | 0.00291     |
-----------------------------------------
-----------------------------------------
| rollout/                |             |
|    ep_len_mean          | 73.2        |
|    ep_rew_mean          | -11.1       |
| time/                   |             |
|    fps                  | 69          |
|    iterations           | 123         |
|    time_elapsed         | 3642        |
|    total_timesteps      | 251904      |
| train/                  |             |
|    approx_kl            | 0.019079765 |
|    clip_fraction        | 0.242       |
|    clip_range           | 0.2         |
|    entropy_loss         | -5.98       |
|    explained_variance   | 0.534       |
|    learning_rate        | 0.0003      |
|    loss                 | -0.0292     |
|    n_updates            | 1220        |
|    policy_gradient_loss | -0.0265     |
|    std                  | 0.569       |
|    value_loss           | 0.00339     |
-----------------------------------------
----------------------------------------
| rollout/                |            |
|    ep_len_mean          | 73         |
|    ep_rew_mean          | -11.7      |
| time/                   |            |
|    fps                  | 69         |
|    iterations           | 124        |
|    time_elapsed         | 3672       |
|    total_timesteps      | 253952     |
| train/                  |            |
|    approx_kl            | 0.02275576 |
|    clip_fraction        | 0.26       |
|    clip_range           | 0.2        |
|    entropy_loss         | -5.95      |
|    explained_variance   | 0.485      |
|    learning_rate        | 0.0003     |
|    loss                 | -0.0619    |
|    n_updates            | 1230       |
|    policy_gradient_loss | -0.0345    |
|    std                  | 0.568      |
|    value_loss           | 0.00437    |
----------------------------------------
-----------------------------------------
| rollout/                |             |
|    ep_len_mean          | 72.2        |
|    ep_rew_mean          | -11.4       |
| time/                   |             |
|    fps                  | 69          |
|    iterations           | 125         |
|    time_elapsed         | 3703        |
|    total_timesteps      | 256000      |
| train/                  |             |
|    approx_kl            | 0.017480213 |
|    clip_fraction        | 0.206       |
|    clip_range           | 0.2         |
|    entropy_loss         | -5.93       |
|    explained_variance   | 0.601       |
|    learning_rate        | 0.0003      |
|    loss                 | -0.0114     |
|    n_updates            | 1240        |
|    policy_gradient_loss | -0.0253     |
|    std                  | 0.566       |
|    value_loss           | 0.00318     |
-----------------------------------------
----------------------------------------
| rollout/                |            |
|    ep_len_mean          | 72.6       |
|    ep_rew_mean          | -11.8      |
| time/                   |            |
|    fps                  | 69         |
|    iterations           | 126        |
|    time_elapsed         | 3735       |
|    total_timesteps      | 258048     |
| train/                  |            |
|    approx_kl            | 0.01957504 |
|    clip_fraction        | 0.244      |
|    clip_range           | 0.2        |
|    entropy_loss         | -5.89      |
|    explained_variance   | 0.636      |
|    learning_rate        | 0.0003     |
|    loss                 | -0.0459    |
|    n_updates            | 1250       |
|    policy_gradient_loss | -0.027     |
|    std                  | 0.563      |
|    value_loss           | 0.00281    |
----------------------------------------
-----------------------------------------
| rollout/                |             |
|    ep_len_mean          | 70.9        |
|    ep_rew_mean          | -10.6       |
| time/                   |             |
|    fps                  | 69          |
|    iterations           | 127         |
|    time_elapsed         | 3766        |
|    total_timesteps      | 260096      |
| train/                  |             |
|    approx_kl            | 0.020259539 |
|    clip_fraction        | 0.259       |
|    clip_range           | 0.2         |
|    entropy_loss         | -5.86       |
|    explained_variance   | 0.535       |
|    learning_rate        | 0.0003      |
|    loss                 | -0.0283     |
|    n_updates            | 1260        |
|    policy_gradient_loss | -0.0301     |
|    std                  | 0.559       |
|    value_loss           | 0.00395     |
-----------------------------------------
-----------------------------------------
| rollout/                |             |
|    ep_len_mean          | 62.1        |
|    ep_rew_mean          | -7.77       |
| time/                   |             |
|    fps                  | 69          |
|    iterations           | 128         |
|    time_elapsed         | 3797        |
|    total_timesteps      | 262144      |
| train/                  |             |
|    approx_kl            | 0.019832598 |
|    clip_fraction        | 0.265       |
|    clip_range           | 0.2         |
|    entropy_loss         | -5.83       |
|    explained_variance   | 0.561       |
|    learning_rate        | 0.0003      |
|    loss                 | -0.0714     |
|    n_updates            | 1270        |
|    policy_gradient_loss | -0.0315     |
|    std                  | 0.559       |
|    value_loss           | 0.00345     |
-----------------------------------------
----------------------------------------
| rollout/                |            |
|    ep_len_mean          | 59.5       |
|    ep_rew_mean          | -6.77      |
| time/                   |            |
|    fps                  | 68         |
|    iterations           | 129        |
|    time_elapsed         | 3829       |
|    total_timesteps      | 264192     |
| train/                  |            |
|    approx_kl            | 0.02111901 |
|    clip_fraction        | 0.253      |
|    clip_range           | 0.2        |
|    entropy_loss         | -5.79      |
|    explained_variance   | 0.575      |
|    learning_rate        | 0.0003     |
|    loss                 | -0.0624    |
|    n_updates            | 1280       |
|    policy_gradient_loss | -0.0306    |
|    std                  | 0.554      |
|    value_loss           | 0.00284    |
----------------------------------------
-----------------------------------------
| rollout/                |             |
|    ep_len_mean          | 57.7        |
|    ep_rew_mean          | -6.71       |
| time/                   |             |
|    fps                  | 68          |
|    iterations           | 130         |
|    time_elapsed         | 3860        |
|    total_timesteps      | 266240      |
| train/                  |             |
|    approx_kl            | 0.023146361 |
|    clip_fraction        | 0.257       |
|    clip_range           | 0.2         |
|    entropy_loss         | -5.75       |
|    explained_variance   | 0.439       |
|    learning_rate        | 0.0003      |
|    loss                 | -0.0342     |
|    n_updates            | 1290        |
|    policy_gradient_loss | -0.0289     |
|    std                  | 0.552       |
|    value_loss           | 0.0029      |
-----------------------------------------
-----------------------------------------
| rollout/                |             |
|    ep_len_mean          | 57.8        |
|    ep_rew_mean          | -7.31       |
| time/                   |             |
|    fps                  | 68          |
|    iterations           | 131         |
|    time_elapsed         | 3892        |
|    total_timesteps      | 268288      |
| train/                  |             |
|    approx_kl            | 0.021133997 |
|    clip_fraction        | 0.251       |
|    clip_range           | 0.2         |
|    entropy_loss         | -5.72       |
|    explained_variance   | 0.517       |
|    learning_rate        | 0.0003      |
|    loss                 | -0.0352     |
|    n_updates            | 1300        |
|    policy_gradient_loss | -0.0311     |
|    std                  | 0.551       |
|    value_loss           | 0.00335     |
-----------------------------------------
-----------------------------------------
| rollout/                |             |
|    ep_len_mean          | 56.4        |
|    ep_rew_mean          | -7.13       |
| time/                   |             |
|    fps                  | 68          |
|    iterations           | 132         |
|    time_elapsed         | 3924        |
|    total_timesteps      | 270336      |
| train/                  |             |
|    approx_kl            | 0.021229686 |
|    clip_fraction        | 0.248       |
|    clip_range           | 0.2         |
|    entropy_loss         | -5.71       |
|    explained_variance   | 0.48        |
|    learning_rate        | 0.0003      |
|    loss                 | -0.0324     |
|    n_updates            | 1310        |
|    policy_gradient_loss | -0.0314     |
|    std                  | 0.549       |
|    value_loss           | 0.00355     |
-----------------------------------------
----------------------------------------
| rollout/                |            |
|    ep_len_mean          | 51.7       |
|    ep_rew_mean          | -5.48      |
| time/                   |            |
|    fps                  | 68         |
|    iterations           | 133        |
|    time_elapsed         | 3956       |
|    total_timesteps      | 272384     |
| train/                  |            |
|    approx_kl            | 0.02258431 |
|    clip_fraction        | 0.244      |
|    clip_range           | 0.2        |
|    entropy_loss         | -5.66      |
|    explained_variance   | 0.468      |
|    learning_rate        | 0.0003     |
|    loss                 | -0.0117    |
|    n_updates            | 1320       |
|    policy_gradient_loss | -0.0305    |
|    std                  | 0.544      |
|    value_loss           | 0.00366    |
----------------------------------------
-----------------------------------------
| rollout/                |             |
|    ep_len_mean          | 50.5        |
|    ep_rew_mean          | -4.68       |
| time/                   |             |
|    fps                  | 68          |
|    iterations           | 134         |
|    time_elapsed         | 3987        |
|    total_timesteps      | 274432      |
| train/                  |             |
|    approx_kl            | 0.023112502 |
|    clip_fraction        | 0.24        |
|    clip_range           | 0.2         |
|    entropy_loss         | -5.6        |
|    explained_variance   | 0.51        |
|    learning_rate        | 0.0003      |
|    loss                 | -0.0493     |
|    n_updates            | 1330        |
|    policy_gradient_loss | -0.034      |
|    std                  | 0.539       |
|    value_loss           | 0.00293     |
-----------------------------------------
----------------------------------------
| rollout/                |            |
|    ep_len_mean          | 55.3       |
|    ep_rew_mean          | -5.77      |
| time/                   |            |
|    fps                  | 68         |
|    iterations           | 135        |
|    time_elapsed         | 4019       |
|    total_timesteps      | 276480     |
| train/                  |            |
|    approx_kl            | 0.02302909 |
|    clip_fraction        | 0.269      |
|    clip_range           | 0.2        |
|    entropy_loss         | -5.55      |
|    explained_variance   | 0.496      |
|    learning_rate        | 0.0003     |
|    loss                 | -0.0112    |
|    n_updates            | 1340       |
|    policy_gradient_loss | -0.0333    |
|    std                  | 0.536      |
|    value_loss           | 0.00305    |
----------------------------------------
-----------------------------------------
| rollout/                |             |
|    ep_len_mean          | 55.2        |
|    ep_rew_mean          | -5.68       |
| time/                   |             |
|    fps                  | 68          |
|    iterations           | 136         |
|    time_elapsed         | 4051        |
|    total_timesteps      | 278528      |
| train/                  |             |
|    approx_kl            | 0.020484682 |
|    clip_fraction        | 0.249       |
|    clip_range           | 0.2         |
|    entropy_loss         | -5.52       |
|    explained_variance   | 0.446       |
|    learning_rate        | 0.0003      |
|    loss                 | -0.0538     |
|    n_updates            | 1350        |
|    policy_gradient_loss | -0.0298     |
|    std                  | 0.534       |
|    value_loss           | 0.00264     |
-----------------------------------------
-----------------------------------------
| rollout/                |             |
|    ep_len_mean          | 54.2        |
|    ep_rew_mean          | -5.26       |
| time/                   |             |
|    fps                  | 68          |
|    iterations           | 137         |
|    time_elapsed         | 4082        |
|    total_timesteps      | 280576      |
| train/                  |             |
|    approx_kl            | 0.023314405 |
|    clip_fraction        | 0.253       |
|    clip_range           | 0.2         |
|    entropy_loss         | -5.5        |
|    explained_variance   | 0.507       |
|    learning_rate        | 0.0003      |
|    loss                 | -0.0352     |
|    n_updates            | 1360        |
|    policy_gradient_loss | -0.0292     |
|    std                  | 0.533       |
|    value_loss           | 0.00236     |
-----------------------------------------
-----------------------------------------
| rollout/                |             |
|    ep_len_mean          | 51.4        |
|    ep_rew_mean          | -4.91       |
| time/                   |             |
|    fps                  | 68          |
|    iterations           | 138         |
|    time_elapsed         | 4114        |
|    total_timesteps      | 282624      |
| train/                  |             |
|    approx_kl            | 0.016826324 |
|    clip_fraction        | 0.225       |
|    clip_range           | 0.2         |
|    entropy_loss         | -5.47       |
|    explained_variance   | 0.465       |
|    learning_rate        | 0.0003      |
|    loss                 | -0.00841    |
|    n_updates            | 1370        |
|    policy_gradient_loss | -0.0272     |
|    std                  | 0.53        |
|    value_loss           | 0.00299     |
-----------------------------------------
-----------------------------------------
| rollout/                |             |
|    ep_len_mean          | 54.7        |
|    ep_rew_mean          | -6.35       |
| time/                   |             |
|    fps                  | 68          |
|    iterations           | 139         |
|    time_elapsed         | 4146        |
|    total_timesteps      | 284672      |
| train/                  |             |
|    approx_kl            | 0.020946868 |
|    clip_fraction        | 0.243       |
|    clip_range           | 0.2         |
|    entropy_loss         | -5.43       |
|    explained_variance   | 0.454       |
|    learning_rate        | 0.0003      |
|    loss                 | -0.0446     |
|    n_updates            | 1380        |
|    policy_gradient_loss | -0.0289     |
|    std                  | 0.527       |
|    value_loss           | 0.00333     |
-----------------------------------------
-----------------------------------------
| rollout/                |             |
|    ep_len_mean          | 56.4        |
|    ep_rew_mean          | -6.93       |
| time/                   |             |
|    fps                  | 68          |
|    iterations           | 140         |
|    time_elapsed         | 4177        |
|    total_timesteps      | 286720      |
| train/                  |             |
|    approx_kl            | 0.019888487 |
|    clip_fraction        | 0.245       |
|    clip_range           | 0.2         |
|    entropy_loss         | -5.42       |
|    explained_variance   | 0.543       |
|    learning_rate        | 0.0003      |
|    loss                 | -0.0268     |
|    n_updates            | 1390        |
|    policy_gradient_loss | -0.0303     |
|    std                  | 0.527       |
|    value_loss           | 0.00284     |
-----------------------------------------
-----------------------------------------
| rollout/                |             |
|    ep_len_mean          | 58.9        |
|    ep_rew_mean          | -7.36       |
| time/                   |             |
|    fps                  | 68          |
|    iterations           | 141         |
|    time_elapsed         | 4209        |
|    total_timesteps      | 288768      |
| train/                  |             |
|    approx_kl            | 0.021260375 |
|    clip_fraction        | 0.251       |
|    clip_range           | 0.2         |
|    entropy_loss         | -5.37       |
|    explained_variance   | 0.394       |
|    learning_rate        | 0.0003      |
|    loss                 | -0.0448     |
|    n_updates            | 1400        |
|    policy_gradient_loss | -0.0296     |
|    std                  | 0.522       |
|    value_loss           | 0.00393     |
-----------------------------------------
-----------------------------------------
| rollout/                |             |
|    ep_len_mean          | 57          |
|    ep_rew_mean          | -6.76       |
| time/                   |             |
|    fps                  | 68          |
|    iterations           | 142         |
|    time_elapsed         | 4240        |
|    total_timesteps      | 290816      |
| train/                  |             |
|    approx_kl            | 0.023297926 |
|    clip_fraction        | 0.254       |
|    clip_range           | 0.2         |
|    entropy_loss         | -5.29       |
|    explained_variance   | 0.468       |
|    learning_rate        | 0.0003      |
|    loss                 | -0.0281     |
|    n_updates            | 1410        |
|    policy_gradient_loss | -0.0338     |
|    std                  | 0.515       |
|    value_loss           | 0.00329     |
-----------------------------------------
-----------------------------------------
| rollout/                |             |
|    ep_len_mean          | 52.5        |
|    ep_rew_mean          | -5.14       |
| time/                   |             |
|    fps                  | 68          |
|    iterations           | 143         |
|    time_elapsed         | 4273        |
|    total_timesteps      | 292864      |
| train/                  |             |
|    approx_kl            | 0.023331843 |
|    clip_fraction        | 0.266       |
|    clip_range           | 0.2         |
|    entropy_loss         | -5.23       |
|    explained_variance   | 0.441       |
|    learning_rate        | 0.0003      |
|    loss                 | -0.0414     |
|    n_updates            | 1420        |
|    policy_gradient_loss | -0.0278     |
|    std                  | 0.511       |
|    value_loss           | 0.00312     |
-----------------------------------------
-----------------------------------------
| rollout/                |             |
|    ep_len_mean          | 46.1        |
|    ep_rew_mean          | -2.79       |
| time/                   |             |
|    fps                  | 68          |
|    iterations           | 144         |
|    time_elapsed         | 4305        |
|    total_timesteps      | 294912      |
| train/                  |             |
|    approx_kl            | 0.025068335 |
|    clip_fraction        | 0.244       |
|    clip_range           | 0.2         |
|    entropy_loss         | -5.19       |
|    explained_variance   | 0.505       |
|    learning_rate        | 0.0003      |
|    loss                 | -0.0292     |
|    n_updates            | 1430        |
|    policy_gradient_loss | -0.0293     |
|    std                  | 0.509       |
|    value_loss           | 0.00236     |
-----------------------------------------
-----------------------------------------
| rollout/                |             |
|    ep_len_mean          | 48.6        |
|    ep_rew_mean          | -4.17       |
| time/                   |             |
|    fps                  | 68          |
|    iterations           | 145         |
|    time_elapsed         | 4337        |
|    total_timesteps      | 296960      |
| train/                  |             |
|    approx_kl            | 0.019891169 |
|    clip_fraction        | 0.225       |
|    clip_range           | 0.2         |
|    entropy_loss         | -5.16       |
|    explained_variance   | 0.578       |
|    learning_rate        | 0.0003      |
|    loss                 | -0.0533     |
|    n_updates            | 1440        |
|    policy_gradient_loss | -0.0312     |
|    std                  | 0.507       |
|    value_loss           | 0.00233     |
-----------------------------------------
-----------------------------------------
| rollout/                |             |
|    ep_len_mean          | 51.9        |
|    ep_rew_mean          | -5.23       |
| time/                   |             |
|    fps                  | 68          |
|    iterations           | 146         |
|    time_elapsed         | 4368        |
|    total_timesteps      | 299008      |
| train/                  |             |
|    approx_kl            | 0.022522325 |
|    clip_fraction        | 0.24        |
|    clip_range           | 0.2         |
|    entropy_loss         | -5.11       |
|    explained_variance   | 0.479       |
|    learning_rate        | 0.0003      |
|    loss                 | -0.0296     |
|    n_updates            | 1450        |
|    policy_gradient_loss | -0.0299     |
|    std                  | 0.503       |
|    value_loss           | 0.00335     |
-----------------------------------------
-----------------------------------------
| rollout/                |             |
|    ep_len_mean          | 53.4        |
|    ep_rew_mean          | -5.44       |
| time/                   |             |
|    fps                  | 68          |
|    iterations           | 147         |
|    time_elapsed         | 4400        |
|    total_timesteps      | 301056      |
| train/                  |             |
|    approx_kl            | 0.022875795 |
|    clip_fraction        | 0.267       |
|    clip_range           | 0.2         |
|    entropy_loss         | -5.08       |
|    explained_variance   | 0.382       |
|    learning_rate        | 0.0003      |
|    loss                 | -0.072      |
|    n_updates            | 1460        |
|    policy_gradient_loss | -0.0314     |
|    std                  | 0.501       |
|    value_loss           | 0.00296     |
-----------------------------------------
----------------------------------------
| rollout/                |            |
|    ep_len_mean          | 52.8       |
|    ep_rew_mean          | -5.03      |
| time/                   |            |
|    fps                  | 68         |
|    iterations           | 148        |
|    time_elapsed         | 4432       |
|    total_timesteps      | 303104     |
| train/                  |            |
|    approx_kl            | 0.02023973 |
|    clip_fraction        | 0.248      |
|    clip_range           | 0.2        |
|    entropy_loss         | -5.06      |
|    explained_variance   | 0.508      |
|    learning_rate        | 0.0003     |
|    loss                 | -0.0193    |
|    n_updates            | 1470       |
|    policy_gradient_loss | -0.0308    |
|    std                  | 0.5        |
|    value_loss           | 0.00329    |
----------------------------------------
-----------------------------------------
| rollout/                |             |
|    ep_len_mean          | 49.9        |
|    ep_rew_mean          | -3.85       |
| time/                   |             |
|    fps                  | 68          |
|    iterations           | 149         |
|    time_elapsed         | 4464        |
|    total_timesteps      | 305152      |
| train/                  |             |
|    approx_kl            | 0.026536051 |
|    clip_fraction        | 0.28        |
|    clip_range           | 0.2         |
|    entropy_loss         | -5.05       |
|    explained_variance   | 0.447       |
|    learning_rate        | 0.0003      |
|    loss                 | -0.0309     |
|    n_updates            | 1480        |
|    policy_gradient_loss | -0.0319     |
|    std                  | 0.5         |
|    value_loss           | 0.00264     |
-----------------------------------------
-----------------------------------------
| rollout/                |             |
|    ep_len_mean          | 48.9        |
|    ep_rew_mean          | -3.71       |
| time/                   |             |
|    fps                  | 68          |
|    iterations           | 150         |
|    time_elapsed         | 4496        |
|    total_timesteps      | 307200      |
| train/                  |             |
|    approx_kl            | 0.023215514 |
|    clip_fraction        | 0.268       |
|    clip_range           | 0.2         |
|    entropy_loss         | -5.06       |
|    explained_variance   | 0.563       |
|    learning_rate        | 0.0003      |
|    loss                 | -0.039      |
|    n_updates            | 1490        |
|    policy_gradient_loss | -0.0318     |
|    std                  | 0.501       |
|    value_loss           | 0.00289     |
-----------------------------------------
----------------------------------------
| rollout/                |            |
|    ep_len_mean          | 46.8       |
|    ep_rew_mean          | -3.12      |
| time/                   |            |
|    fps                  | 68         |
|    iterations           | 151        |
|    time_elapsed         | 4528       |
|    total_timesteps      | 309248     |
| train/                  |            |
|    approx_kl            | 0.02437719 |
|    clip_fraction        | 0.274      |
|    clip_range           | 0.2        |
|    entropy_loss         | -5.04      |
|    explained_variance   | 0.536      |
|    learning_rate        | 0.0003     |
|    loss                 | -0.0483    |
|    n_updates            | 1500       |
|    policy_gradient_loss | -0.0321    |
|    std                  | 0.498      |
|    value_loss           | 0.00329    |
----------------------------------------
-----------------------------------------
| rollout/                |             |
|    ep_len_mean          | 45          |
|    ep_rew_mean          | -2.33       |
| time/                   |             |
|    fps                  | 68          |
|    iterations           | 152         |
|    time_elapsed         | 4560        |
|    total_timesteps      | 311296      |
| train/                  |             |
|    approx_kl            | 0.023558773 |
|    clip_fraction        | 0.283       |
|    clip_range           | 0.2         |
|    entropy_loss         | -5.04       |
|    explained_variance   | 0.447       |
|    learning_rate        | 0.0003      |
|    loss                 | -0.0601     |
|    n_updates            | 1510        |
|    policy_gradient_loss | -0.0324     |
|    std                  | 0.499       |
|    value_loss           | 0.0031      |
-----------------------------------------
-----------------------------------------
| rollout/                |             |
|    ep_len_mean          | 46.8        |
|    ep_rew_mean          | -3.2        |
| time/                   |             |
|    fps                  | 68          |
|    iterations           | 153         |
|    time_elapsed         | 4592        |
|    total_timesteps      | 313344      |
| train/                  |             |
|    approx_kl            | 0.023364967 |
|    clip_fraction        | 0.259       |
|    clip_range           | 0.2         |
|    entropy_loss         | -5.01       |
|    explained_variance   | 0.32        |
|    learning_rate        | 0.0003      |
|    loss                 | -0.0728     |
|    n_updates            | 1520        |
|    policy_gradient_loss | -0.032      |
|    std                  | 0.495       |
|    value_loss           | 0.00209     |
-----------------------------------------
-----------------------------------------
| rollout/                |             |
|    ep_len_mean          | 48.7        |
|    ep_rew_mean          | -3.55       |
| time/                   |             |
|    fps                  | 68          |
|    iterations           | 154         |
|    time_elapsed         | 4624        |
|    total_timesteps      | 315392      |
| train/                  |             |
|    approx_kl            | 0.020538336 |
|    clip_fraction        | 0.257       |
|    clip_range           | 0.2         |
|    entropy_loss         | -4.96       |
|    explained_variance   | 0.467       |
|    learning_rate        | 0.0003      |
|    loss                 | -0.0597     |
|    n_updates            | 1530        |
|    policy_gradient_loss | -0.0334     |
|    std                  | 0.491       |
|    value_loss           | 0.00285     |
-----------------------------------------
-----------------------------------------
| rollout/                |             |
|    ep_len_mean          | 44.4        |
|    ep_rew_mean          | -2.02       |
| time/                   |             |
|    fps                  | 68          |
|    iterations           | 155         |
|    time_elapsed         | 4656        |
|    total_timesteps      | 317440      |
| train/                  |             |
|    approx_kl            | 0.023690322 |
|    clip_fraction        | 0.265       |
|    clip_range           | 0.2         |
|    entropy_loss         | -4.89       |
|    explained_variance   | 0.437       |
|    learning_rate        | 0.0003      |
|    loss                 | -0.0422     |
|    n_updates            | 1540        |
|    policy_gradient_loss | -0.0315     |
|    std                  | 0.486       |
|    value_loss           | 0.00253     |
-----------------------------------------
-----------------------------------------
| rollout/                |             |
|    ep_len_mean          | 39.6        |
|    ep_rew_mean          | -0.853      |
| time/                   |             |
|    fps                  | 68          |
|    iterations           | 156         |
|    time_elapsed         | 4689        |
|    total_timesteps      | 319488      |
| train/                  |             |
|    approx_kl            | 0.025389582 |
|    clip_fraction        | 0.274       |
|    clip_range           | 0.2         |
|    entropy_loss         | -4.85       |
|    explained_variance   | 0.417       |
|    learning_rate        | 0.0003      |
|    loss                 | -0.0479     |
|    n_updates            | 1550        |
|    policy_gradient_loss | -0.034      |
|    std                  | 0.485       |
|    value_loss           | 0.0028      |
-----------------------------------------
-----------------------------------------
| rollout/                |             |
|    ep_len_mean          | 38.2        |
|    ep_rew_mean          | -0.385      |
| time/                   |             |
|    fps                  | 68          |
|    iterations           | 157         |
|    time_elapsed         | 4722        |
|    total_timesteps      | 321536      |
| train/                  |             |
|    approx_kl            | 0.025179215 |
|    clip_fraction        | 0.292       |
|    clip_range           | 0.2         |
|    entropy_loss         | -4.85       |
|    explained_variance   | 0.408       |
|    learning_rate        | 0.0003      |
|    loss                 | -0.0333     |
|    n_updates            | 1560        |
|    policy_gradient_loss | -0.0325     |
|    std                  | 0.486       |
|    value_loss           | 0.00244     |
-----------------------------------------
----------------------------------------
| rollout/                |            |
|    ep_len_mean          | 40.1       |
|    ep_rew_mean          | -0.917     |
| time/                   |            |
|    fps                  | 68         |
|    iterations           | 158        |
|    time_elapsed         | 4754       |
|    total_timesteps      | 323584     |
| train/                  |            |
|    approx_kl            | 0.02489103 |
|    clip_fraction        | 0.276      |
|    clip_range           | 0.2        |
|    entropy_loss         | -4.83      |
|    explained_variance   | 0.416      |
|    learning_rate        | 0.0003     |
|    loss                 | -0.0729    |
|    n_updates            | 1570       |
|    policy_gradient_loss | -0.0319    |
|    std                  | 0.484      |
|    value_loss           | 0.0027     |
----------------------------------------
-----------------------------------------
| rollout/                |             |
|    ep_len_mean          | 43.8        |
|    ep_rew_mean          | -2.17       |
| time/                   |             |
|    fps                  | 68          |
|    iterations           | 159         |
|    time_elapsed         | 4786        |
|    total_timesteps      | 325632      |
| train/                  |             |
|    approx_kl            | 0.023689164 |
|    clip_fraction        | 0.275       |
|    clip_range           | 0.2         |
|    entropy_loss         | -4.81       |
|    explained_variance   | 0.334       |
|    learning_rate        | 0.0003      |
|    loss                 | -0.0205     |
|    n_updates            | 1580        |
|    policy_gradient_loss | -0.0314     |
|    std                  | 0.482       |
|    value_loss           | 0.00273     |
-----------------------------------------
-----------------------------------------
| rollout/                |             |
|    ep_len_mean          | 45.3        |
|    ep_rew_mean          | -2.45       |
| time/                   |             |
|    fps                  | 67          |
|    iterations           | 160         |
|    time_elapsed         | 4819        |
|    total_timesteps      | 327680      |
| train/                  |             |
|    approx_kl            | 0.025012983 |
|    clip_fraction        | 0.275       |
|    clip_range           | 0.2         |
|    entropy_loss         | -4.79       |
|    explained_variance   | 0.429       |
|    learning_rate        | 0.0003      |
|    loss                 | -0.0257     |
|    n_updates            | 1590        |
|    policy_gradient_loss | -0.0329     |
|    std                  | 0.481       |
|    value_loss           | 0.00285     |
-----------------------------------------
-----------------------------------------
| rollout/                |             |
|    ep_len_mean          | 42.1        |
|    ep_rew_mean          | -1.31       |
| time/                   |             |
|    fps                  | 67          |
|    iterations           | 161         |
|    time_elapsed         | 4851        |
|    total_timesteps      | 329728      |
| train/                  |             |
|    approx_kl            | 0.025271261 |
|    clip_fraction        | 0.268       |
|    clip_range           | 0.2         |
|    entropy_loss         | -4.77       |
|    explained_variance   | 0.342       |
|    learning_rate        | 0.0003      |
|    loss                 | -0.049      |
|    n_updates            | 1600        |
|    policy_gradient_loss | -0.0287     |
|    std                  | 0.48        |
|    value_loss           | 0.00262     |
-----------------------------------------
-----------------------------------------
| rollout/                |             |
|    ep_len_mean          | 40.6        |
|    ep_rew_mean          | -1.03       |
| time/                   |             |
|    fps                  | 67          |
|    iterations           | 162         |
|    time_elapsed         | 4884        |
|    total_timesteps      | 331776      |
| train/                  |             |
|    approx_kl            | 0.023802899 |
|    clip_fraction        | 0.272       |
|    clip_range           | 0.2         |
|    entropy_loss         | -4.75       |
|    explained_variance   | 0.423       |
|    learning_rate        | 0.0003      |
|    loss                 | -0.024      |
|    n_updates            | 1610        |
|    policy_gradient_loss | -0.0313     |
|    std                  | 0.477       |
|    value_loss           | 0.00256     |
-----------------------------------------
-----------------------------------------
| rollout/                |             |
|    ep_len_mean          | 42.4        |
|    ep_rew_mean          | -1.7        |
| time/                   |             |
|    fps                  | 67          |
|    iterations           | 163         |
|    time_elapsed         | 4916        |
|    total_timesteps      | 333824      |
| train/                  |             |
|    approx_kl            | 0.025074255 |
|    clip_fraction        | 0.268       |
|    clip_range           | 0.2         |
|    entropy_loss         | -4.72       |
|    explained_variance   | 0.391       |
|    learning_rate        | 0.0003      |
|    loss                 | -0.0292     |
|    n_updates            | 1620        |
|    policy_gradient_loss | -0.03       |
|    std                  | 0.476       |
|    value_loss           | 0.0023      |
-----------------------------------------
-----------------------------------------
| rollout/                |             |
|    ep_len_mean          | 43.8        |
|    ep_rew_mean          | -1.98       |
| time/                   |             |
|    fps                  | 67          |
|    iterations           | 164         |
|    time_elapsed         | 4948        |
|    total_timesteps      | 335872      |
| train/                  |             |
|    approx_kl            | 0.025138563 |
|    clip_fraction        | 0.279       |
|    clip_range           | 0.2         |
|    entropy_loss         | -4.69       |
|    explained_variance   | 0.482       |
|    learning_rate        | 0.0003      |
|    loss                 | -0.052      |
|    n_updates            | 1630        |
|    policy_gradient_loss | -0.0358     |
|    std                  | 0.474       |
|    value_loss           | 0.00256     |
-----------------------------------------
-----------------------------------------
| rollout/                |             |
|    ep_len_mean          | 39.9        |
|    ep_rew_mean          | -0.775      |
| time/                   |             |
|    fps                  | 67          |
|    iterations           | 165         |
|    time_elapsed         | 4981        |
|    total_timesteps      | 337920      |
| train/                  |             |
|    approx_kl            | 0.024889695 |
|    clip_fraction        | 0.277       |
|    clip_range           | 0.2         |
|    entropy_loss         | -4.66       |
|    explained_variance   | 0.434       |
|    learning_rate        | 0.0003      |
|    loss                 | -0.0632     |
|    n_updates            | 1640        |
|    policy_gradient_loss | -0.0346     |
|    std                  | 0.473       |
|    value_loss           | 0.00275     |
-----------------------------------------
-----------------------------------------
| rollout/                |             |
|    ep_len_mean          | 40.9        |
|    ep_rew_mean          | -1.16       |
| time/                   |             |
|    fps                  | 67          |
|    iterations           | 166         |
|    time_elapsed         | 5013        |
|    total_timesteps      | 339968      |
| train/                  |             |
|    approx_kl            | 0.024320303 |
|    clip_fraction        | 0.258       |
|    clip_range           | 0.2         |
|    entropy_loss         | -4.65       |
|    explained_variance   | 0.374       |
|    learning_rate        | 0.0003      |
|    loss                 | -0.0427     |
|    n_updates            | 1650        |
|    policy_gradient_loss | -0.0315     |
|    std                  | 0.472       |
|    value_loss           | 0.00266     |
-----------------------------------------
-----------------------------------------
| rollout/                |             |
|    ep_len_mean          | 42.1        |
|    ep_rew_mean          | -1.26       |
| time/                   |             |
|    fps                  | 67          |
|    iterations           | 167         |
|    time_elapsed         | 5046        |
|    total_timesteps      | 342016      |
| train/                  |             |
|    approx_kl            | 0.026413787 |
|    clip_fraction        | 0.277       |
|    clip_range           | 0.2         |
|    entropy_loss         | -4.62       |
|    explained_variance   | 0.414       |
|    learning_rate        | 0.0003      |
|    loss                 | -0.042      |
|    n_updates            | 1660        |
|    policy_gradient_loss | -0.0347     |
|    std                  | 0.47        |
|    value_loss           | 0.00227     |
-----------------------------------------
-----------------------------------------
| rollout/                |             |
|    ep_len_mean          | 40.4        |
|    ep_rew_mean          | -1.01       |
| time/                   |             |
|    fps                  | 67          |
|    iterations           | 168         |
|    time_elapsed         | 5079        |
|    total_timesteps      | 344064      |
| train/                  |             |
|    approx_kl            | 0.021028131 |
|    clip_fraction        | 0.255       |
|    clip_range           | 0.2         |
|    entropy_loss         | -4.58       |
|    explained_variance   | 0.407       |
|    learning_rate        | 0.0003      |
|    loss                 | -0.0297     |
|    n_updates            | 1670        |
|    policy_gradient_loss | -0.0298     |
|    std                  | 0.467       |
|    value_loss           | 0.00262     |
-----------------------------------------
-----------------------------------------
| rollout/                |             |
|    ep_len_mean          | 43.8        |
|    ep_rew_mean          | -3.39       |
| time/                   |             |
|    fps                  | 67          |
|    iterations           | 169         |
|    time_elapsed         | 5111        |
|    total_timesteps      | 346112      |
| train/                  |             |
|    approx_kl            | 0.023923958 |
|    clip_fraction        | 0.286       |
|    clip_range           | 0.2         |
|    entropy_loss         | -4.56       |
|    explained_variance   | 0.477       |
|    learning_rate        | 0.0003      |
|    loss                 | -0.0456     |
|    n_updates            | 1680        |
|    policy_gradient_loss | -0.0299     |
|    std                  | 0.466       |
|    value_loss           | 0.00266     |
-----------------------------------------
-----------------------------------------
| rollout/                |             |
|    ep_len_mean          | 42          |
|    ep_rew_mean          | -2.75       |
| time/                   |             |
|    fps                  | 67          |
|    iterations           | 170         |
|    time_elapsed         | 5144        |
|    total_timesteps      | 348160      |
| train/                  |             |
|    approx_kl            | 0.027455997 |
|    clip_fraction        | 0.262       |
|    clip_range           | 0.2         |
|    entropy_loss         | -4.53       |
|    explained_variance   | 0.56        |
|    learning_rate        | 0.0003      |
|    loss                 | -0.0473     |
|    n_updates            | 1690        |
|    policy_gradient_loss | -0.0213     |
|    std                  | 0.464       |
|    value_loss           | 0.00338     |
-----------------------------------------
-----------------------------------------
| rollout/                |             |
|    ep_len_mean          | 40.8        |
|    ep_rew_mean          | -0.894      |
| time/                   |             |
|    fps                  | 67          |
|    iterations           | 171         |
|    time_elapsed         | 5176        |
|    total_timesteps      | 350208      |
| train/                  |             |
|    approx_kl            | 0.024506819 |
|    clip_fraction        | 0.285       |
|    clip_range           | 0.2         |
|    entropy_loss         | -4.48       |
|    explained_variance   | 0.366       |
|    learning_rate        | 0.0003      |
|    loss                 | -0.0749     |
|    n_updates            | 1700        |
|    policy_gradient_loss | -0.0336     |
|    std                  | 0.459       |
|    value_loss           | 0.0025      |
-----------------------------------------
-----------------------------------------
| rollout/                |             |
|    ep_len_mean          | 42          |
|    ep_rew_mean          | -1.27       |
| time/                   |             |
|    fps                  | 67          |
|    iterations           | 172         |
|    time_elapsed         | 5208        |
|    total_timesteps      | 352256      |
| train/                  |             |
|    approx_kl            | 0.023690397 |
|    clip_fraction        | 0.291       |
|    clip_range           | 0.2         |
|    entropy_loss         | -4.43       |
|    explained_variance   | 0.408       |
|    learning_rate        | 0.0003      |
|    loss                 | -0.038      |
|    n_updates            | 1710        |
|    policy_gradient_loss | -0.0294     |
|    std                  | 0.457       |
|    value_loss           | 0.00214     |
-----------------------------------------
-----------------------------------------
| rollout/                |             |
|    ep_len_mean          | 40.3        |
|    ep_rew_mean          | -2.16       |
| time/                   |             |
|    fps                  | 67          |
|    iterations           | 173         |
|    time_elapsed         | 5241        |
|    total_timesteps      | 354304      |
| train/                  |             |
|    approx_kl            | 0.027182853 |
|    clip_fraction        | 0.287       |
|    clip_range           | 0.2         |
|    entropy_loss         | -4.38       |
|    explained_variance   | 0.454       |
|    learning_rate        | 0.0003      |
|    loss                 | -0.0523     |
|    n_updates            | 1720        |
|    policy_gradient_loss | -0.0312     |
|    std                  | 0.453       |
|    value_loss           | 0.00294     |
-----------------------------------------
---------------------------------------
| rollout/                |           |
|    ep_len_mean          | 41.2      |
|    ep_rew_mean          | -2.64     |
| time/                   |           |
|    fps                  | 67        |
|    iterations           | 174       |
|    time_elapsed         | 5273      |
|    total_timesteps      | 356352    |
| train/                  |           |
|    approx_kl            | 0.0280389 |
|    clip_fraction        | 0.281     |
|    clip_range           | 0.2       |
|    entropy_loss         | -4.32     |
|    explained_variance   | 0.626     |
|    learning_rate        | 0.0003    |
|    loss                 | -0.0744   |
|    n_updates            | 1730      |
|    policy_gradient_loss | -0.0331   |
|    std                  | 0.449     |
|    value_loss           | 0.00425   |
---------------------------------------
-----------------------------------------
| rollout/                |             |
|    ep_len_mean          | 41.7        |
|    ep_rew_mean          | -1.74       |
| time/                   |             |
|    fps                  | 67          |
|    iterations           | 175         |
|    time_elapsed         | 5306        |
|    total_timesteps      | 358400      |
| train/                  |             |
|    approx_kl            | 0.028092176 |
|    clip_fraction        | 0.281       |
|    clip_range           | 0.2         |
|    entropy_loss         | -4.28       |
|    explained_variance   | 0.566       |
|    learning_rate        | 0.0003      |
|    loss                 | -0.0407     |
|    n_updates            | 1740        |
|    policy_gradient_loss | -0.0323     |
|    std                  | 0.448       |
|    value_loss           | 0.00413     |
-----------------------------------------
-----------------------------------------
| rollout/                |             |
|    ep_len_mean          | 39.9        |
|    ep_rew_mean          | -0.699      |
| time/                   |             |
|    fps                  | 67          |
|    iterations           | 176         |
|    time_elapsed         | 5339        |
|    total_timesteps      | 360448      |
| train/                  |             |
|    approx_kl            | 0.030885313 |
|    clip_fraction        | 0.306       |
|    clip_range           | 0.2         |
|    entropy_loss         | -4.29       |
|    explained_variance   | 0.357       |
|    learning_rate        | 0.0003      |
|    loss                 | -0.0693     |
|    n_updates            | 1750        |
|    policy_gradient_loss | -0.0358     |
|    std                  | 0.45        |
|    value_loss           | 0.00276     |
-----------------------------------------
-----------------------------------------
| rollout/                |             |
|    ep_len_mean          | 39.8        |
|    ep_rew_mean          | -0.384      |
| time/                   |             |
|    fps                  | 67          |
|    iterations           | 177         |
|    time_elapsed         | 5371        |
|    total_timesteps      | 362496      |
| train/                  |             |
|    approx_kl            | 0.026794862 |
|    clip_fraction        | 0.286       |
|    clip_range           | 0.2         |
|    entropy_loss         | -4.3        |
|    explained_variance   | 0.316       |
|    learning_rate        | 0.0003      |
|    loss                 | -0.0872     |
|    n_updates            | 1760        |
|    policy_gradient_loss | -0.0301     |
|    std                  | 0.45        |
|    value_loss           | 0.00267     |
-----------------------------------------
---------------------------------------
| rollout/                |           |
|    ep_len_mean          | 37.7      |
|    ep_rew_mean          | 0.0427    |
| time/                   |           |
|    fps                  | 67        |
|    iterations           | 178       |
|    time_elapsed         | 5404      |
|    total_timesteps      | 364544    |
| train/                  |           |
|    approx_kl            | 0.0259302 |
|    clip_fraction        | 0.308     |
|    clip_range           | 0.2       |
|    entropy_loss         | -4.29     |
|    explained_variance   | 0.444     |
|    learning_rate        | 0.0003    |
|    loss                 | -0.0631   |
|    n_updates            | 1770      |
|    policy_gradient_loss | -0.0356   |
|    std                  | 0.448     |
|    value_loss           | 0.00251   |
---------------------------------------
-----------------------------------------
| rollout/                |             |
|    ep_len_mean          | 42.6        |
|    ep_rew_mean          | -1.92       |
| time/                   |             |
|    fps                  | 67          |
|    iterations           | 179         |
|    time_elapsed         | 5436        |
|    total_timesteps      | 366592      |
| train/                  |             |
|    approx_kl            | 0.029098563 |
|    clip_fraction        | 0.296       |
|    clip_range           | 0.2         |
|    entropy_loss         | -4.26       |
|    explained_variance   | 0.35        |
|    learning_rate        | 0.0003      |
|    loss                 | -0.0332     |
|    n_updates            | 1780        |
|    policy_gradient_loss | -0.0333     |
|    std                  | 0.446       |
|    value_loss           | 0.00282     |
-----------------------------------------
---------------------------------------
| rollout/                |           |
|    ep_len_mean          | 43.8      |
|    ep_rew_mean          | -2.28     |
| time/                   |           |
|    fps                  | 67        |
|    iterations           | 180       |
|    time_elapsed         | 5469      |
|    total_timesteps      | 368640    |
| train/                  |           |
|    approx_kl            | 0.0268816 |
|    clip_fraction        | 0.279     |
|    clip_range           | 0.2       |
|    entropy_loss         | -4.23     |
|    explained_variance   | 0.524     |
|    learning_rate        | 0.0003    |
|    loss                 | -0.0476   |
|    n_updates            | 1790      |
|    policy_gradient_loss | -0.0333   |
|    std                  | 0.444     |
|    value_loss           | 0.00403   |
---------------------------------------
-----------------------------------------
| rollout/                |             |
|    ep_len_mean          | 38.4        |
|    ep_rew_mean          | -0.22       |
| time/                   |             |
|    fps                  | 67          |
|    iterations           | 181         |
|    time_elapsed         | 5502        |
|    total_timesteps      | 370688      |
| train/                  |             |
|    approx_kl            | 0.025838539 |
|    clip_fraction        | 0.281       |
|    clip_range           | 0.2         |
|    entropy_loss         | -4.21       |
|    explained_variance   | 0.437       |
|    learning_rate        | 0.0003      |
|    loss                 | -0.03       |
|    n_updates            | 1800        |
|    policy_gradient_loss | -0.0329     |
|    std                  | 0.444       |
|    value_loss           | 0.00275     |
-----------------------------------------
-----------------------------------------
| rollout/                |             |
|    ep_len_mean          | 37.2        |
|    ep_rew_mean          | 0.242       |
| time/                   |             |
|    fps                  | 67          |
|    iterations           | 182         |
|    time_elapsed         | 5534        |
|    total_timesteps      | 372736      |
| train/                  |             |
|    approx_kl            | 0.026302662 |
|    clip_fraction        | 0.282       |
|    clip_range           | 0.2         |
|    entropy_loss         | -4.21       |
|    explained_variance   | 0.371       |
|    learning_rate        | 0.0003      |
|    loss                 | -0.0184     |
|    n_updates            | 1810        |
|    policy_gradient_loss | -0.0313     |
|    std                  | 0.443       |
|    value_loss           | 0.00251     |
-----------------------------------------
----------------------------------------
| rollout/                |            |
|    ep_len_mean          | 39.1       |
|    ep_rew_mean          | -0.677     |
| time/                   |            |
|    fps                  | 67         |
|    iterations           | 183        |
|    time_elapsed         | 5567       |
|    total_timesteps      | 374784     |
| train/                  |            |
|    approx_kl            | 0.02679719 |
|    clip_fraction        | 0.298      |
|    clip_range           | 0.2        |
|    entropy_loss         | -4.2       |
|    explained_variance   | 0.305      |
|    learning_rate        | 0.0003     |
|    loss                 | -0.0288    |
|    n_updates            | 1820       |
|    policy_gradient_loss | -0.0319    |
|    std                  | 0.443      |
|    value_loss           | 0.00244    |
----------------------------------------
-----------------------------------------
| rollout/                |             |
|    ep_len_mean          | 35.6        |
|    ep_rew_mean          | 0.333       |
| time/                   |             |
|    fps                  | 67          |
|    iterations           | 184         |
|    time_elapsed         | 5600        |
|    total_timesteps      | 376832      |
| train/                  |             |
|    approx_kl            | 0.027866958 |
|    clip_fraction        | 0.298       |
|    clip_range           | 0.2         |
|    entropy_loss         | -4.17       |
|    explained_variance   | 0.4         |
|    learning_rate        | 0.0003      |
|    loss                 | -0.0472     |
|    n_updates            | 1830        |
|    policy_gradient_loss | -0.0396     |
|    std                  | 0.44        |
|    value_loss           | 0.00273     |
-----------------------------------------
-----------------------------------------
| rollout/                |             |
|    ep_len_mean          | 37.2        |
|    ep_rew_mean          | 0.249       |
| time/                   |             |
|    fps                  | 67          |
|    iterations           | 185         |
|    time_elapsed         | 5632        |
|    total_timesteps      | 378880      |
| train/                  |             |
|    approx_kl            | 0.026651647 |
|    clip_fraction        | 0.3         |
|    clip_range           | 0.2         |
|    entropy_loss         | -4.13       |
|    explained_variance   | 0.484       |
|    learning_rate        | 0.0003      |
|    loss                 | -0.0411     |
|    n_updates            | 1840        |
|    policy_gradient_loss | -0.0314     |
|    std                  | 0.437       |
|    value_loss           | 0.00276     |
-----------------------------------------
-----------------------------------------
| rollout/                |             |
|    ep_len_mean          | 39.1        |
|    ep_rew_mean          | -0.355      |
| time/                   |             |
|    fps                  | 67          |
|    iterations           | 186         |
|    time_elapsed         | 5665        |
|    total_timesteps      | 380928      |
| train/                  |             |
|    approx_kl            | 0.029162895 |
|    clip_fraction        | 0.299       |
|    clip_range           | 0.2         |
|    entropy_loss         | -4.08       |
|    explained_variance   | 0.507       |
|    learning_rate        | 0.0003      |
|    loss                 | -0.0722     |
|    n_updates            | 1850        |
|    policy_gradient_loss | -0.0363     |
|    std                  | 0.434       |
|    value_loss           | 0.00187     |
-----------------------------------------
-----------------------------------------
| rollout/                |             |
|    ep_len_mean          | 39.4        |
|    ep_rew_mean          | -0.719      |
| time/                   |             |
|    fps                  | 67          |
|    iterations           | 187         |
|    time_elapsed         | 5698        |
|    total_timesteps      | 382976      |
| train/                  |             |
|    approx_kl            | 0.031857155 |
|    clip_fraction        | 0.331       |
|    clip_range           | 0.2         |
|    entropy_loss         | -4.04       |
|    explained_variance   | 0.377       |
|    learning_rate        | 0.0003      |
|    loss                 | -0.0452     |
|    n_updates            | 1860        |
|    policy_gradient_loss | -0.0385     |
|    std                  | 0.432       |
|    value_loss           | 0.00245     |
-----------------------------------------
-----------------------------------------
| rollout/                |             |
|    ep_len_mean          | 40.4        |
|    ep_rew_mean          | -0.928      |
| time/                   |             |
|    fps                  | 67          |
|    iterations           | 188         |
|    time_elapsed         | 5730        |
|    total_timesteps      | 385024      |
| train/                  |             |
|    approx_kl            | 0.025817495 |
|    clip_fraction        | 0.305       |
|    clip_range           | 0.2         |
|    entropy_loss         | -4.02       |
|    explained_variance   | 0.424       |
|    learning_rate        | 0.0003      |
|    loss                 | -0.0623     |
|    n_updates            | 1870        |
|    policy_gradient_loss | -0.0326     |
|    std                  | 0.431       |
|    value_loss           | 0.00276     |
-----------------------------------------
----------------------------------------
| rollout/                |            |
|    ep_len_mean          | 41.5       |
|    ep_rew_mean          | -1.43      |
| time/                   |            |
|    fps                  | 67         |
|    iterations           | 189        |
|    time_elapsed         | 5762       |
|    total_timesteps      | 387072     |
| train/                  |            |
|    approx_kl            | 0.02694688 |
|    clip_fraction        | 0.289      |
|    clip_range           | 0.2        |
|    entropy_loss         | -3.97      |
|    explained_variance   | 0.363      |
|    learning_rate        | 0.0003     |
|    loss                 | -0.0474    |
|    n_updates            | 1880       |
|    policy_gradient_loss | -0.034     |
|    std                  | 0.427      |
|    value_loss           | 0.003      |
----------------------------------------
-----------------------------------------
| rollout/                |             |
|    ep_len_mean          | 43.6        |
|    ep_rew_mean          | -1.82       |
| time/                   |             |
|    fps                  | 67          |
|    iterations           | 190         |
|    time_elapsed         | 5795        |
|    total_timesteps      | 389120      |
| train/                  |             |
|    approx_kl            | 0.030873429 |
|    clip_fraction        | 0.309       |
|    clip_range           | 0.2         |
|    entropy_loss         | -3.9        |
|    explained_variance   | 0.532       |
|    learning_rate        | 0.0003      |
|    loss                 | -0.0537     |
|    n_updates            | 1890        |
|    policy_gradient_loss | -0.0333     |
|    std                  | 0.422       |
|    value_loss           | 0.00297     |
-----------------------------------------
----------------------------------------
| rollout/                |            |
|    ep_len_mean          | 42         |
|    ep_rew_mean          | -1.16      |
| time/                   |            |
|    fps                  | 67         |
|    iterations           | 191        |
|    time_elapsed         | 5827       |
|    total_timesteps      | 391168     |
| train/                  |            |
|    approx_kl            | 0.02934527 |
|    clip_fraction        | 0.309      |
|    clip_range           | 0.2        |
|    entropy_loss         | -3.83      |
|    explained_variance   | 0.449      |
|    learning_rate        | 0.0003     |
|    loss                 | -0.0686    |
|    n_updates            | 1900       |
|    policy_gradient_loss | -0.0279    |
|    std                  | 0.419      |
|    value_loss           | 0.00324    |
----------------------------------------
-----------------------------------------
| rollout/                |             |
|    ep_len_mean          | 40          |
|    ep_rew_mean          | -0.59       |
| time/                   |             |
|    fps                  | 67          |
|    iterations           | 192         |
|    time_elapsed         | 5860        |
|    total_timesteps      | 393216      |
| train/                  |             |
|    approx_kl            | 0.026244208 |
|    clip_fraction        | 0.299       |
|    clip_range           | 0.2         |
|    entropy_loss         | -3.79       |
|    explained_variance   | 0.402       |
|    learning_rate        | 0.0003      |
|    loss                 | -0.0468     |
|    n_updates            | 1910        |
|    policy_gradient_loss | -0.0306     |
|    std                  | 0.417       |
|    value_loss           | 0.00335     |
-----------------------------------------
-----------------------------------------
| rollout/                |             |
|    ep_len_mean          | 39.7        |
|    ep_rew_mean          | -0.707      |
| time/                   |             |
|    fps                  | 67          |
|    iterations           | 193         |
|    time_elapsed         | 5892        |
|    total_timesteps      | 395264      |
| train/                  |             |
|    approx_kl            | 0.028036121 |
|    clip_fraction        | 0.296       |
|    clip_range           | 0.2         |
|    entropy_loss         | -3.75       |
|    explained_variance   | 0.443       |
|    learning_rate        | 0.0003      |
|    loss                 | -0.0492     |
|    n_updates            | 1920        |
|    policy_gradient_loss | -0.0323     |
|    std                  | 0.413       |
|    value_loss           | 0.00269     |
-----------------------------------------
----------------------------------------
| rollout/                |            |
|    ep_len_mean          | 43.4       |
|    ep_rew_mean          | -1.67      |
| time/                   |            |
|    fps                  | 67         |
|    iterations           | 194        |
|    time_elapsed         | 5924       |
|    total_timesteps      | 397312     |
| train/                  |            |
|    approx_kl            | 0.03215032 |
|    clip_fraction        | 0.333      |
|    clip_range           | 0.2        |
|    entropy_loss         | -3.72      |
|    explained_variance   | 0.373      |
|    learning_rate        | 0.0003     |
|    loss                 | -0.0461    |
|    n_updates            | 1930       |
|    policy_gradient_loss | -0.0377    |
|    std                  | 0.413      |
|    value_loss           | 0.00298    |
----------------------------------------
----------------------------------------
| rollout/                |            |
|    ep_len_mean          | 43         |
|    ep_rew_mean          | -1.47      |
| time/                   |            |
|    fps                  | 67         |
|    iterations           | 195        |
|    time_elapsed         | 5957       |
|    total_timesteps      | 399360     |
| train/                  |            |
|    approx_kl            | 0.03308799 |
|    clip_fraction        | 0.297      |
|    clip_range           | 0.2        |
|    entropy_loss         | -3.69      |
|    explained_variance   | 0.391      |
|    learning_rate        | 0.0003     |
|    loss                 | -0.0454    |
|    n_updates            | 1940       |
|    policy_gradient_loss | -0.0296    |
|    std                  | 0.41       |
|    value_loss           | 0.0023     |
----------------------------------------
----------------------------------------
| rollout/                |            |
|    ep_len_mean          | 37.5       |
|    ep_rew_mean          | -0.0921    |
| time/                   |            |
|    fps                  | 67         |
|    iterations           | 196        |
|    time_elapsed         | 5990       |
|    total_timesteps      | 401408     |
| train/                  |            |
|    approx_kl            | 0.03286185 |
|    clip_fraction        | 0.311      |
|    clip_range           | 0.2        |
|    entropy_loss         | -3.65      |
|    explained_variance   | 0.464      |
|    learning_rate        | 0.0003     |
|    loss                 | -0.0481    |
|    n_updates            | 1950       |
|    policy_gradient_loss | -0.0346    |
|    std                  | 0.407      |
|    value_loss           | 0.00288    |
----------------------------------------
saved models/C3_seed0.zip and models/C3_seed0_vecnormalize.pkl
